[Radio] Initializing ... success!
Connected to RF power monitor: Rohde&Schwarz,FPC1500,1328.6660K03/205785,V1.80
Connected to DC power monitor: radiolib-org,DCpowerMon,070dd3d
setCurrentLimit skipped

Set [dBm/2],paDutyCycle,paSlc,Measured [dBm],Bus voltage[V],Voltage[mV],Current[mA],Power [mW],Efficiency [%]
        -18,          1,    1,        -22.21,          3.30,       0.89,       8.93,     29.45,          0.41
        -18,          1,    2,        -20.69,          3.30,       0.93,       9.27,     30.58,          0.33
        -18,          1,    3,        -19.16,          3.30,       0.96,       9.63,     31.76,          0.32
        -18,          1,    4,        -18.04,          3.30,       0.99,       9.94,     32.82,          0.32
        -18,          1,    5,        -17.22,          3.30,       1.02,      10.24,     33.79,          0.33
        -18,          1,    6,        -16.40,          3.30,       1.05,      10.52,     34.73,          0.34
        -18,          1,    7,        -15.66,          3.30,       1.08,      10.82,     35.69,          0.35
        -18,          2,    1,        -20.07,          3.30,       0.92,       9.17,     30.25,          0.83
        -18,          2,    2,        -18.40,          3.30,       0.96,       9.57,     31.59,          0.57
        -18,          2,    3,        -17.21,          3.30,       0.99,       9.94,     32.81,          0.51
        -18,          2,    4,        -16.17,          3.30,       1.03,      10.27,     33.87,          0.50
        -18,          2,    5,        -15.32,          3.30,       1.06,      10.61,     35.01,          0.49
        -18,          2,    6,        -14.69,          3.30,       1.09,      10.94,     36.11,          0.48
        -18,          2,    7,        -14.11,          3.30,       1.13,      11.29,     37.26,          0.47
        -18,          3,    1,        -17.29,          3.30,       0.96,       9.61,     31.72,          1.00
        -18,          3,    2,        -15.80,          3.30,       1.01,      10.05,     33.16,          0.79
        -18,          3,    3,        -14.82,          3.30,       1.04,      10.41,     34.34,          0.73
        -18,          3,    4,        -13.95,          3.30,       1.08,      10.79,     35.60,          0.70
        -18,          3,    5,        -13.36,          3.30,       1.12,      11.19,     36.94,          0.65
        -18,          3,    6,        -12.71,          3.30,       1.15,      11.53,     38.03,          0.65
        -18,          3,    7,        -12.41,          3.30,       1.18,      11.82,     39.00,          0.63
        -18,          4,    1,        -15.36,          3.30,       1.00,      10.01,     33.04,          1.37
        -18,          4,    2,        -14.04,          3.30,       1.05,      10.48,     34.58,          1.07
        -18,          4,    3,        -13.16,          3.30,       1.09,      10.95,     36.16,          0.92
        -18,          4,    4,        -12.49,          3.30,       1.14,      11.36,     37.47,          0.86
        -18,          4,    5,        -11.90,          3.30,       1.17,      11.68,     38.55,          0.84
        -18,          4,    6,        -11.41,          3.30,       1.20,      12.04,     39.73,          0.82
        -18,          4,    7,        -11.08,          3.30,       1.24,      12.38,     40.85,          0.78
        -18,          5,    1,        -13.28,          3.30,       1.06,      10.57,     34.88,          1.77
        -18,          5,    2,        -12.14,          3.30,       1.12,      11.17,     36.86,          1.32
        -18,          5,    3,        -11.33,          3.30,       1.16,      11.63,     38.37,          1.20
        -18,          5,    4,        -10.77,          3.30,       1.21,      12.03,     39.70,          1.12
        -18,          5,    5,        -10.37,          3.30,       1.24,      12.38,     40.86,          1.06
        -18,          5,    6,        -10.03,          3.30,       1.28,      12.76,     42.12,          1.00
        -18,          5,    7,         -9.76,          3.30,       1.31,      13.08,     43.17,          0.97
        -18,          6,    1,        -11.92,          3.30,       1.12,      11.15,     36.78,          2.15
        -18,          6,    2,        -10.91,          3.30,       1.17,      11.70,     38.62,          1.68
        -18,          6,    3,        -10.31,          3.30,       1.22,      12.19,     40.24,          1.44
        -18,          6,    4,         -9.80,          3.30,       1.26,      12.63,     41.68,          1.33
        -18,          6,    5,         -9.42,          3.30,       1.30,      13.04,     43.03,          1.24
        -18,          6,    6,         -9.12,          3.30,       1.34,      13.36,     44.10,          1.19
        -18,          6,    7,         -8.87,          3.30,       1.37,      13.71,     45.24,          1.13
        -18,          7,    1,        -10.85,          3.30,       1.17,      11.67,     38.50,          2.39
        -18,          7,    2,         -9.89,          3.30,       1.23,      12.30,     40.58,          1.86
        -18,          7,    3,         -9.24,          3.30,       1.28,      12.86,     42.44,          1.62
        -18,          7,    4,         -8.81,          3.30,       1.33,      13.31,     43.92,          1.48
        -18,          7,    5,         -8.50,          3.30,       1.37,      13.70,     45.22,          1.39
        -18,          7,    6,         -8.21,          3.30,       1.41,      14.10,     46.52,          1.32
        -18,          7,    7,         -8.05,          3.30,       1.45,      14.47,     47.74,          1.24
        -17,          1,    1,        -21.96,          3.30,       0.90,       8.92,     29.44,          0.48
        -17,          1,    2,        -20.15,          3.30,       0.93,       9.31,     30.72,          0.37
        -17,          1,    3,        -18.80,          3.30,       0.97,       9.68,     31.94,          0.34
        -17,          1,    4,        -17.71,          3.30,       1.00,      10.00,     33.00,          0.35
        -17,          1,    5,        -16.83,          3.30,       1.03,      10.28,     33.92,          0.36
        -17,          1,    6,        -15.96,          3.30,       1.06,      10.57,     34.88,          0.37
        -17,          1,    7,        -15.38,          3.30,       1.09,      10.88,     35.91,          0.37
        -17,          2,    1,        -19.55,          3.30,       0.92,       9.22,     30.44,          0.86
        -17,          2,    2,        -18.18,          3.30,       0.96,       9.63,     31.78,          0.58
        -17,          2,    3,        -16.79,          3.30,       1.00,      10.02,     33.08,          0.53
        -17,          2,    4,        -15.74,          3.30,       1.04,      10.37,     34.20,          0.53
        -17,          2,    5,        -15.02,          3.30,       1.07,      10.70,     35.32,          0.51
        -17,          2,    6,        -14.30,          3.30,       1.10,      11.03,     36.41,          0.51
        -17,          2,    7,        -13.78,          3.30,       1.14,      11.38,     37.55,          0.50
        -17,          3,    1,        -16.88,          3.30,       0.97,       9.72,     32.06,          1.04
        -17,          3,    2,        -15.45,          3.30,       1.02,      10.12,     33.41,          0.86
        -17,          3,    3,        -14.43,          3.30,       1.05,      10.52,     34.72,          0.78
        -17,          3,    4,        -13.57,          3.30,       1.09,      10.91,     36.01,          0.74
        -17,          3,    5,        -12.94,          3.30,       1.13,      11.34,     37.43,          0.69
        -17,          3,    6,        -12.41,          3.30,       1.16,      11.63,     38.36,          0.69
        -17,          3,    7,        -11.96,          3.30,       1.19,      11.96,     39.48,          0.68
        -17,          4,    1,        -14.90,          3.30,       1.01,      10.14,     33.45,          1.45
        -17,          4,    2,        -13.68,          3.30,       1.06,      10.60,     34.99,          1.13
        -17,          4,    3,        -12.68,          3.30,       1.11,      11.10,     36.64,          0.99
        -17,          4,    4,        -12.07,          3.30,       1.15,      11.51,     37.99,          0.91
        -17,          4,    5,        -11.48,          3.30,       1.19,      11.85,     39.11,          0.90
        -17,          4,    6,        -11.05,          3.30,       1.22,      12.17,     40.16,          0.88
        -17,          4,    7,        -10.70,          3.30,       1.25,      12.52,     41.30,          0.84
        -17,          5,    1,        -12.80,          3.30,       1.08,      10.72,     35.36,          1.87
        -17,          5,    2,        -11.68,          3.30,       1.13,      11.33,     37.41,          1.40
        -17,          5,    3,        -10.94,          3.30,       1.18,      11.80,     38.93,          1.26
        -17,          5,    4,        -10.35,          3.30,       1.22,      12.22,     40.32,          1.19
        -17,          5,    5,         -9.95,          3.30,       1.26,      12.60,     41.58,          1.12
        -17,          5,    6,         -9.62,          3.30,       1.30,      12.96,     42.75,          1.07
        -17,          5,    7,         -9.34,          3.30,       1.33,      13.32,     43.95,          1.02
        -17,          6,    1,        -11.46,          3.30,       1.14,      11.32,     37.35,          2.30
        -17,          6,    2,        -10.49,          3.30,       1.19,      11.90,     39.28,          1.77
        -17,          6,    3,         -9.82,          3.30,       1.24,      12.42,     40.99,          1.55
        -17,          6,    4,         -9.35,          3.30,       1.29,      12.87,     42.46,          1.41
        -17,          6,    5,         -8.99,          3.30,       1.33,      13.24,     43.68,          1.34
        -17,          6,    6,         -8.74,          3.30,       1.37,      13.66,     45.07,          1.23
        -17,          6,    7,         -8.42,          3.30,       1.40,      13.97,     46.08,          1.22
        -17,          7,    1,        -10.38,          3.30,       1.19,      11.91,     39.29,          2.52
        -17,          7,    2,         -9.39,          3.30,       1.25,      12.55,     41.40,          2.01
        -17,          7,    3,         -8.75,          3.30,       1.32,      13.12,     43.29,          1.75
        -17,          7,    4,         -8.40,          3.30,       1.36,      13.56,     44.76,          1.59
        -17,          7,    5,         -8.04,          3.30,       1.40,      13.97,     46.12,          1.50
        -17,          7,    6,         -7.78,          3.30,       1.44,      14.43,     47.61,          1.40
        -17,          7,    7,         -7.58,          3.30,       1.48,      14.77,     48.74,          1.33
        -16,          1,    1,        -21.60,          3.30,       0.90,       8.99,     29.66,          0.46
        -16,          1,    2,        -19.77,          3.30,       0.94,       9.35,     30.87,          0.39
        -16,          1,    3,        -18.54,          3.30,       0.98,       9.74,     32.16,          0.35
        -16,          1,    4,        -17.35,          3.30,       1.01,      10.05,     33.18,          0.37
        -16,          1,    5,        -16.48,          3.30,       1.04,      10.33,     34.09,          0.38
        -16,          1,    6,        -15.65,          3.30,       1.07,      10.68,     35.24,          0.38
        -16,          1,    7,        -15.09,          3.30,       1.10,      11.01,     36.33,          0.38
        -16,          2,    1,        -19.28,          3.30,       0.93,       9.27,     30.59,          0.89
        -16,          2,    2,        -17.68,          3.30,       0.97,       9.71,     32.05,          0.61
        -16,          2,    3,        -16.39,          3.30,       1.01,      10.10,     33.35,          0.56
        -16,          2,    4,        -15.43,          3.30,       1.04,      10.41,     34.34,          0.57
        -16,          2,    5,        -14.58,          3.30,       1.08,      10.78,     35.57,          0.55
        -16,          2,    6,        -13.94,          3.30,       1.11,      11.15,     36.79,          0.54
        -16,          2,    7,        -13.39,          3.30,       1.15,      11.48,     37.86,          0.53
        -16,          3,    1,        -16.56,          3.30,       0.98,       9.81,     32.38,          1.10
        -16,          3,    2,        -15.05,          3.30,       1.02,      10.22,     33.71,          0.94
        -16,          3,    3,        -14.05,          3.30,       1.06,      10.65,     35.13,          0.83
        -16,          3,    4,        -13.26,          3.30,       1.10,      11.03,     36.40,          0.78
        -16,          3,    5,        -12.59,          3.30,       1.14,      11.44,     37.76,          0.75
        -16,          3,    6,        -12.05,          3.30,       1.18,      11.77,     38.85,          0.74
        -16,          3,    7,        -11.59,          3.30,       1.21,      12.09,     39.90,          0.73
        -16,          4,    1,        -14.45,          3.30,       1.02,      10.23,     33.76,          1.53
        -16,          4,    2,        -13.24,          3.30,       1.07,      10.73,     35.39,          1.20
        -16,          4,    3,        -12.32,          3.30,       1.12,      11.21,     37.00,          1.05
        -16,          4,    4,        -11.57,          3.30,       1.16,      11.63,     38.37,          1.00
        -16,          4,    5,        -11.14,          3.30,       1.20,      12.03,     39.69,          0.93
        -16,          4,    6,        -10.71,          3.30,       1.23,      12.33,     40.69,          0.92
        -16,          4,    7,        -10.32,          3.30,       1.27,      12.72,     41.96,          0.88
        -16,          5,    1,        -12.40,          3.30,       1.09,      10.89,     35.91,          1.89
        -16,          5,    2,        -11.30,          3.30,       1.15,      11.51,     37.99,          1.45
        -16,          5,    3,        -10.51,          3.30,       1.20,      11.98,     39.53,          1.34
        -16,          5,    4,        -10.02,          3.30,       1.24,      12.41,     40.95,          1.23
        -16,          5,    5,         -9.51,          3.30,       1.28,      12.80,     42.25,          1.19
        -16,          5,    6,         -9.23,          3.30,       1.32,      13.18,     43.49,          1.12
        -16,          5,    7,         -8.98,          3.30,       1.35,      13.51,     44.59,          1.08
        -16,          6,    1,        -11.02,          3.30,       1.15,      11.49,     37.92,          2.43
        -16,          6,    2,        -10.04,          3.30,       1.21,      12.12,     39.99,          1.86
        -16,          6,    3,         -9.41,          3.30,       1.26,      12.65,     41.74,          1.62
        -16,          6,    4,         -8.95,          3.30,       1.31,      13.09,     43.19,          1.50
        -16,          6,    5,         -8.59,          3.30,       1.35,      13.49,     44.51,          1.41
        -16,          6,    6,         -8.32,          3.30,       1.38,      13.83,     45.65,          1.34
        -16,          6,    7,         -8.05,          3.30,       1.42,      14.22,     46.90,          1.28
        -16,          7,    1,         -9.95,          3.30,       1.21,      12.12,     39.99,          2.70
        -16,          7,    2,         -8.98,          3.30,       1.28,      12.82,     42.29,          2.09
        -16,          7,    3,         -8.36,          3.30,       1.34,      13.39,     44.20,          1.83
        -16,          7,    4,         -7.94,          3.30,       1.38,      13.81,     45.56,          1.73
        -16,          7,    5,         -7.57,          3.30,       1.43,      14.25,     47.01,          1.63
        -16,          7,    6,         -7.34,          3.30,       1.47,      14.67,     48.39,          1.52
        -16,          7,    7,         -7.10,          3.30,       1.51,      15.06,     49.68,          1.45
        -15,          1,    1,        -21.09,          3.30,       0.91,       9.11,     30.08,          0.50
        -15,          1,    2,        -19.45,          3.30,       0.95,       9.49,     31.32,          0.41
        -15,          1,    3,        -17.89,          3.30,       0.98,       9.83,     32.45,          0.41
        -15,          1,    4,        -16.94,          3.30,       1.02,      10.16,     33.52,          0.40
        -15,          1,    5,        -16.01,          3.30,       1.05,      10.45,     34.50,          0.42
        -15,          1,    6,        -15.24,          3.30,       1.08,      10.81,     35.66,          0.42
        -15,          1,    7,        -14.58,          3.30,       1.12,      11.15,     36.78,          0.42
        -15,          2,    1,        -18.80,          3.30,       0.94,       9.44,     31.16,          0.90
        -15,          2,    2,        -17.19,          3.30,       0.98,       9.84,     32.47,          0.69
        -15,          2,    3,        -15.81,          3.30,       1.02,      10.21,     33.70,          0.66
        -15,          2,    4,        -14.92,          3.30,       1.06,      10.55,     34.81,          0.63
        -15,          2,    5,        -14.13,          3.30,       1.09,      10.93,     36.08,          0.61
        -15,          2,    6,        -13.52,          3.30,       1.13,      11.32,     37.35,          0.58
        -15,          2,    7,        -12.81,          3.30,       1.16,      11.64,     38.41,          0.60
        -15,          3,    1,        -15.94,          3.30,       0.99,       9.92,     32.74,          1.26
        -15,          3,    2,        -14.58,          3.30,       1.04,      10.35,     34.17,          1.01
        -15,          3,    3,        -13.53,          3.30,       1.08,      10.81,     35.66,          0.90
        -15,          3,    4,        -12.65,          3.30,       1.13,      11.26,     37.16,          0.84
        -15,          3,    5,        -11.95,          3.30,       1.16,      11.63,     38.38,          0.83
        -15,          3,    6,        -11.51,          3.30,       1.20,      11.98,     39.52,          0.80
        -15,          3,    7,        -11.12,          3.30,       1.23,      12.28,     40.51,          0.79
        -15,          4,    1,        -13.88,          3.30,       1.04,      10.40,     34.34,          1.59
        -15,          4,    2,        -12.65,          3.30,       1.09,      10.94,     36.10,          1.26
        -15,          4,    3,        -11.69,          3.30,       1.14,      11.42,     37.70,          1.14
        -15,          4,    4,        -11.08,          3.30,       1.19,      11.85,     39.09,          1.06
        -15,          4,    5,        -10.61,          3.30,       1.23,      12.25,     40.42,          1.01
        -15,          4,    6,        -10.20,          3.30,       1.26,      12.62,     41.63,          0.97
        -15,          4,    7,         -9.80,          3.30,       1.30,      12.98,     42.85,          0.94
        -15,          5,    1,        -11.77,          3.30,       1.11,      11.17,     36.87,          1.95
        -15,          5,    2,        -10.69,          3.30,       1.18,      11.74,     38.74,          1.61
        -15,          5,    3,         -9.93,          3.30,       1.23,      12.26,     40.46,          1.45
        -15,          5,    4,         -9.40,          3.30,       1.27,      12.70,     41.92,          1.35
        -15,          5,    5,         -8.98,          3.30,       1.31,      13.13,     43.31,          1.28
        -15,          5,    6,         -8.64,          3.30,       1.35,      13.47,     44.43,          1.25
        -15,          5,    7,         -8.36,          3.30,       1.39,      13.86,     45.73,          1.19
        -15,          6,    1,        -10.45,          3.30,       1.18,      11.77,     38.84,          2.63
        -15,          6,    2,         -9.44,          3.30,       1.24,      12.38,     40.84,          2.10
        -15,          6,    3,         -8.85,          3.30,       1.30,      12.99,     42.85,          1.75
        -15,          6,    4,         -8.39,          3.30,       1.34,      13.42,     44.29,          1.63
        -15,          6,    5,         -7.93,          3.30,       1.38,      13.83,     45.64,          1.57
        -15,          6,    6,         -7.65,          3.30,       1.42,      14.21,     46.88,          1.50
        -15,          6,    7,         -7.39,          3.30,       1.46,      14.62,     48.23,          1.42
        -15,          7,    1,         -9.35,          3.30,       1.24,      12.45,     41.08,          2.99
        -15,          7,    2,         -8.40,          3.30,       1.32,      13.16,     43.42,          2.32
        -15,          7,    3,         -7.73,          3.30,       1.37,      13.72,     45.26,          2.09
        -15,          7,    4,         -7.36,          3.30,       1.42,      14.24,     46.98,          1.88
        -15,          7,    5,         -6.94,          3.30,       1.47,      14.72,     48.55,          1.78
        -15,          7,    6,         -6.72,          3.30,       1.51,      15.12,     49.87,          1.68
        -15,          7,    7,         -6.54,          3.30,       1.55,      15.49,     51.11,          1.59
        -14,          1,    1,        -20.93,          3.30,       0.91,       9.14,     30.17,          0.52
        -14,          1,    2,        -19.20,          3.30,       0.96,       9.54,     31.49,          0.42
        -14,          1,    3,        -17.61,          3.30,       0.99,       9.89,     32.63,          0.43
        -14,          1,    4,        -16.51,          3.30,       1.02,      10.23,     33.75,          0.44
        -14,          1,    5,        -15.66,          3.30,       1.06,      10.56,     34.86,          0.44
        -14,          1,    6,        -14.94,          3.30,       1.09,      10.89,     35.95,          0.44
        -14,          1,    7,        -14.33,          3.30,       1.13,      11.22,     37.04,          0.44
        -14,          2,    1,        -18.50,          3.30,       0.95,       9.49,     31.31,          0.97
        -14,          2,    2,        -16.78,          3.30,       0.99,       9.89,     32.62,          0.76
        -14,          2,    3,        -15.40,          3.30,       1.03,      10.29,     33.95,          0.70
        -14,          2,    4,        -14.57,          3.30,       1.07,      10.64,     35.12,          0.66
        -14,          2,    5,        -13.83,          3.30,       1.10,      11.03,     36.39,          0.63
        -14,          2,    6,        -13.09,          3.30,       1.14,      11.41,     37.66,          0.63
        -14,          2,    7,        -12.57,          3.30,       1.17,      11.71,     38.65,          0.63
        -14,          3,    1,        -15.55,          3.30,       1.00,      10.00,     32.99,          1.41
        -14,          3,    2,        -14.22,          3.30,       1.04,      10.45,     34.46,          1.10
        -14,          3,    3,        -13.19,          3.30,       1.09,      10.91,     36.00,          0.96
        -14,          3,    4,        -12.25,          3.30,       1.14,      11.36,     37.49,          0.92
        -14,          3,    5,        -11.67,          3.30,       1.17,      11.73,     38.70,          0.88
        -14,          3,    6,        -11.11,          3.30,       1.21,      12.10,     39.94,          0.87
        -14,          3,    7,        -10.76,          3.30,       1.24,      12.45,     41.08,          0.83
        -14,          4,    1,        -13.54,          3.30,       1.05,      10.51,     34.69,          1.80
        -14,          4,    2,        -12.33,          3.30,       1.11,      11.10,     36.62,          1.33
        -14,          4,    3,        -11.40,          3.30,       1.16,      11.61,     38.30,          1.20
        -14,          4,    4,        -10.73,          3.30,       1.20,      12.00,     39.59,          1.15
        -14,          4,    5,        -10.18,          3.30,       1.24,      12.38,     40.84,          1.12
        -14,          4,    6,         -9.79,          3.30,       1.28,      12.78,     42.17,          1.06
        -14,          4,    7,         -9.47,          3.30,       1.31,      13.15,     43.40,          1.01
        -14,          5,    1,        -11.45,          3.30,       1.13,      11.29,     37.24,          2.08
        -14,          5,    2,        -10.32,          3.30,       1.19,      11.89,     39.21,          1.72
        -14,          5,    3,         -9.62,          3.30,       1.24,      12.44,     41.04,          1.51
        -14,          5,    4,         -9.12,          3.30,       1.29,      12.90,     42.58,          1.39
        -14,          5,    5,         -8.64,          3.30,       1.33,      13.28,     43.80,          1.37
        -14,          5,    6,         -8.29,          3.30,       1.37,      13.68,     45.14,          1.31
        -14,          5,    7,         -8.02,          3.30,       1.40,      14.04,     46.31,          1.26
        -14,          6,    1,        -10.02,          3.30,       1.20,      11.94,     39.38,          2.88
        -14,          6,    2,         -9.09,          3.30,       1.26,      12.60,     41.60,          2.17
        -14,          6,    3,         -8.45,          3.30,       1.32,      13.18,     43.48,          1.89
        -14,          6,    4,         -7.92,          3.30,       1.36,      13.61,     44.89,          1.80
        -14,          6,    5,         -7.57,          3.30,       1.40,      14.07,     46.41,          1.67
        -14,          6,    6,         -7.26,          3.30,       1.45,      14.47,     47.74,          1.59
        -14,          6,    7,         -7.09,          3.30,       1.48,      14.86,     49.03,          1.49
        -14,          7,    1,         -9.02,          3.30,       1.26,      12.62,     41.65,          3.16
        -14,          7,    2,         -7.95,          3.30,       1.34,      13.39,     44.18,          2.47
        -14,          7,    3,         -7.35,          3.30,       1.40,      13.99,     46.17,          2.17
        -14,          7,    4,         -6.91,          3.30,       1.45,      14.54,     47.98,          1.98
        -14,          7,    5,         -6.62,          3.30,       1.50,      14.96,     49.36,          1.87
        -14,          7,    6,         -6.34,          3.30,       1.54,      15.39,     50.76,          1.78
        -14,          7,    7,         -6.14,          3.30,       1.57,      15.76,     52.01,          1.70
        -13,          1,    1,        -20.37,          3.30,       0.92,       9.23,     30.44,          0.55
        -13,          1,    2,        -18.54,          3.30,       0.96,       9.60,     31.69,          0.48
        -13,          1,    3,        -17.16,          3.30,       1.00,       9.99,     32.96,          0.46
        -13,          1,    4,        -16.08,          3.30,       1.03,      10.33,     34.08,          0.46
        -13,          1,    5,        -15.22,          3.30,       1.07,      10.67,     35.22,          0.47
        -13,          1,    6,        -14.53,          3.30,       1.10,      11.01,     36.34,          0.47
        -13,          1,    7,        -13.83,          3.30,       1.13,      11.33,     37.39,          0.48
        -13,          2,    1,        -17.96,          3.30,       0.96,       9.57,     31.59,          1.03
        -13,          2,    2,        -16.33,          3.30,       1.00,       9.99,     32.97,          0.79
        -13,          2,    3,        -15.01,          3.30,       1.04,      10.40,     34.33,          0.73
        -13,          2,    4,        -14.12,          3.30,       1.08,      10.79,     35.61,          0.69
        -13,          2,    5,        -13.27,          3.30,       1.12,      11.18,     36.88,          0.69
        -13,          2,    6,        -12.67,          3.30,       1.15,      11.56,     38.16,          0.67
        -13,          2,    7,        -12.14,          3.30,       1.19,      11.89,     39.23,          0.66
        -13,          3,    1,        -14.98,          3.30,       1.02,      10.14,     33.46,          1.57
        -13,          3,    2,        -13.61,          3.30,       1.06,      10.61,     35.02,          1.22
        -13,          3,    3,        -12.64,          3.30,       1.11,      11.09,     36.59,          1.06
        -13,          3,    4,        -11.73,          3.30,       1.15,      11.50,     37.95,          1.03
        -13,          3,    5,        -11.22,          3.30,       1.19,      11.94,     39.38,          0.95
        -13,          3,    6,        -10.73,          3.30,       1.23,      12.29,     40.56,          0.93
        -13,          3,    7,        -10.32,          3.30,       1.26,      12.64,     41.70,          0.91
        -13,          4,    1,        -12.99,          3.30,       1.07,      10.68,     35.23,          1.92
        -13,          4,    2,        -11.76,          3.30,       1.13,      11.30,     37.30,          1.42
        -13,          4,    3,        -10.94,          3.30,       1.18,      11.79,     38.89,          1.29
        -13,          4,    4,        -10.26,          3.30,       1.22,      12.22,     40.30,          1.23
        -13,          4,    5,         -9.69,          3.30,       1.26,      12.64,     41.70,          1.18
        -13,          4,    6,         -9.28,          3.30,       1.30,      13.01,     42.91,          1.15
        -13,          4,    7,         -8.90,          3.30,       1.34,      13.39,     44.17,          1.11
        -13,          5,    1,        -10.86,          3.30,       1.15,      11.53,     38.05,          2.23
        -13,          5,    2,         -9.86,          3.30,       1.22,      12.15,     40.09,          1.81
        -13,          5,    3,         -9.01,          3.30,       1.27,      12.68,     41.84,          1.68
        -13,          5,    4,         -8.50,          3.30,       1.32,      13.20,     43.54,          1.54
        -13,          5,    5,         -8.10,          3.30,       1.36,      13.59,     44.85,          1.48
        -13,          5,    6,         -7.74,          3.30,       1.40,      13.95,     46.02,          1.44
        -13,          5,    7,         -7.46,          3.30,       1.44,      14.35,     47.36,          1.38
        -13,          6,    1,         -9.52,          3.30,       1.22,      12.22,     40.33,          2.99
        -13,          6,    2,         -8.56,          3.30,       1.29,      12.90,     42.58,          2.33
        -13,          6,    3,         -7.87,          3.30,       1.35,      13.46,     44.40,          2.09
        -13,          6,    4,         -7.41,          3.30,       1.39,      13.95,     46.01,          1.93
        -13,          6,    5,         -6.99,          3.30,       1.44,      14.45,     47.66,          1.81
        -13,          6,    6,         -6.75,          3.30,       1.48,      14.82,     48.89,          1.72
        -13,          6,    7,         -6.51,          3.30,       1.52,      15.23,     50.25,          1.63
        -13,          7,    1,         -8.38,          3.30,       1.30,      12.97,     42.79,          3.44
        -13,          7,    2,         -7.34,          3.30,       1.37,      13.73,     45.31,          2.74
        -13,          7,    3,         -6.72,          3.30,       1.44,      14.36,     47.40,          2.41
        -13,          7,    4,         -6.35,          3.30,       1.49,      14.89,     49.12,          2.20
        -13,          7,    5,         -6.04,          3.30,       1.53,      15.37,     50.70,          2.05
        -13,          7,    6,         -5.79,          3.30,       1.58,      15.82,     52.19,          1.94
        -13,          7,    7,         -5.64,          3.30,       1.62,      16.21,     53.47,          1.83
        -12,          1,    1,        -19.96,          3.30,       0.93,       9.29,     30.66,          0.62
        -12,          1,    2,        -18.08,          3.30,       0.97,       9.73,     32.10,          0.51
        -12,          1,    3,        -16.68,          3.30,       1.00,      10.07,     33.23,          0.51
        -12,          1,    4,        -15.59,          3.30,       1.04,      10.41,     34.34,          0.52
        -12,          1,    5,        -14.79,          3.30,       1.07,      10.74,     35.44,          0.52
        -12,          1,    6,        -14.05,          3.30,       1.12,      11.17,     36.86,          0.50
        -12,          1,    7,        -13.53,          3.30,       1.14,      11.46,     37.83,          0.50
        -12,          2,    1,        -17.45,          3.30,       0.97,       9.66,     31.89,          1.24
        -12,          2,    2,        -15.79,          3.30,       1.01,      10.11,     33.35,          0.91
        -12,          2,    3,        -14.62,          3.30,       1.05,      10.51,     34.67,          0.82
        -12,          2,    4,        -13.63,          3.30,       1.10,      10.95,     36.12,          0.76
        -12,          2,    5,        -12.89,          3.30,       1.14,      11.36,     37.49,          0.73
        -12,          2,    6,        -12.17,          3.30,       1.17,      11.73,     38.69,          0.74
        -12,          2,    7,        -11.59,          3.30,       1.21,      12.05,     39.77,          0.74
        -12,          3,    1,        -14.51,          3.30,       1.02,      10.25,     33.82,          1.71
        -12,          3,    2,        -13.16,          3.30,       1.07,      10.73,     35.40,          1.32
        -12,          3,    3,        -12.09,          3.30,       1.13,      11.30,     37.27,          1.12
        -12,          3,    4,        -11.31,          3.30,       1.17,      11.73,     38.72,          1.06
        -12,          3,    5,        -10.72,          3.30,       1.21,      12.10,     39.94,          1.03
        -12,          3,    6,        -10.31,          3.30,       1.25,      12.50,     41.23,          0.98
        -12,          3,    7,         -9.81,          3.30,       1.29,      12.87,     42.47,          0.97
        -12,          4,    1,        -12.47,          3.30,       1.09,      10.86,     35.85,          2.00
        -12,          4,    2,        -11.22,          3.30,       1.15,      11.47,     37.86,          1.56
        -12,          4,    3,        -10.40,          3.30,       1.20,      11.98,     39.52,          1.40
        -12,          4,    4,         -9.80,          3.30,       1.24,      12.41,     40.96,          1.32
        -12,          4,    5,         -9.19,          3.30,       1.29,      12.85,     42.40,          1.28
        -12,          4,    6,         -8.83,          3.30,       1.32,      13.25,     43.70,          1.22
        -12,          4,    7,         -8.42,          3.30,       1.36,      13.62,     44.93,          1.21
        -12,          5,    1,        -10.34,          3.30,       1.17,      11.73,     38.71,          2.38
        -12,          5,    2,         -9.32,          3.30,       1.24,      12.38,     40.85,          1.94
        -12,          5,    3,         -8.49,          3.30,       1.30,      12.97,     42.78,          1.78
        -12,          5,    4,         -7.97,          3.30,       1.34,      13.42,     44.28,          1.69
        -12,          5,    5,         -7.57,          3.30,       1.39,      13.88,     45.80,          1.60
        -12,          5,    6,         -7.22,          3.30,       1.43,      14.27,     47.08,          1.55
        -12,          5,    7,         -6.92,          3.30,       1.47,      14.69,     48.44,          1.49
        -12,          6,    1,         -9.00,          3.30,       1.25,      12.49,     41.21,          3.28
        -12,          6,    2,         -7.99,          3.30,       1.32,      13.19,     43.52,          2.58
        -12,          6,    3,         -7.26,          3.30,       1.38,      13.81,     45.54,          2.30
        -12,          6,    4,         -6.83,          3.30,       1.43,      14.28,     47.12,          2.13
        -12,          6,    5,         -6.45,          3.30,       1.48,      14.76,     48.69,          2.00
        -12,          6,    6,         -6.22,          3.30,       1.52,      15.20,     50.15,          1.87
        -12,          6,    7,         -5.97,          3.30,       1.56,      15.59,     51.42,          1.80
        -12,          7,    1,         -7.80,          3.30,       1.33,      13.28,     43.84,          3.66
        -12,          7,    2,         -6.83,          3.30,       1.41,      14.06,     46.40,          2.93
        -12,          7,    3,         -6.19,          3.30,       1.48,      14.78,     48.78,          2.54
        -12,          7,    4,         -5.82,          3.30,       1.53,      15.31,     50.51,          2.34
        -12,          7,    5,         -5.48,          3.30,       1.58,      15.77,     52.04,          2.23
        -12,          7,    6,         -5.26,          3.30,       1.63,      16.26,     53.64,          2.08
        -12,          7,    7,         -5.07,          3.30,       1.66,      16.63,     54.88,          2.00
        -11,          1,    1,        -19.35,          3.30,       0.94,       9.40,     31.01,          0.65
        -11,          1,    2,        -17.66,          3.30,       0.98,       9.79,     32.29,          0.56
        -11,          1,    3,        -16.20,          3.30,       1.02,      10.14,     33.46,          0.56
        -11,          1,    4,        -15.13,          3.30,       1.05,      10.54,     34.78,          0.55
        -11,          1,    5,        -14.29,          3.30,       1.09,      10.90,     35.95,          0.55
        -11,          1,    6,        -13.67,          3.30,       1.13,      11.28,     37.22,          0.54
        -11,          1,    7,        -13.09,          3.30,       1.16,      11.57,     38.18,          0.55
        -11,          2,    1,        -16.94,          3.30,       0.98,       9.80,     32.34,          1.24
        -11,          2,    2,        -15.39,          3.30,       1.02,      10.24,     33.77,          0.94
        -11,          2,    3,        -14.16,          3.30,       1.06,      10.66,     35.18,          0.86
        -11,          2,    4,        -13.17,          3.30,       1.11,      11.13,     36.71,          0.80
        -11,          2,    5,        -12.38,          3.30,       1.15,      11.47,     37.84,          0.81
        -11,          2,    6,        -11.73,          3.30,       1.19,      11.86,     39.14,          0.80
        -11,          2,    7,        -11.20,          3.30,       1.22,      12.19,     40.24,          0.80
        -11,          3,    1,        -14.03,          3.30,       1.04,      10.38,     34.24,          1.84
        -11,          3,    2,        -12.68,          3.30,       1.09,      10.91,     36.00,          1.38
        -11,          3,    3,        -11.60,          3.30,       1.15,      11.43,     37.72,          1.23
        -11,          3,    4,        -10.87,          3.30,       1.18,      11.86,     39.14,          1.16
        -11,          3,    5,        -10.33,          3.30,       1.23,      12.29,     40.53,          1.10
        -11,          3,    6,         -9.82,          3.30,       1.27,      12.69,     41.87,          1.06
        -11,          3,    7,         -9.39,          3.30,       1.31,      13.06,     43.10,          1.05
        -11,          4,    1,        -11.93,          3.30,       1.10,      11.02,     36.38,          2.22
        -11,          4,    2,        -10.76,          3.30,       1.16,      11.64,     38.42,          1.70
        -11,          4,    3,         -9.92,          3.30,       1.22,      12.17,     40.15,          1.53
        -11,          4,    4,         -9.27,          3.30,       1.27,      12.66,     41.78,          1.43
        -11,          4,    5,         -8.77,          3.30,       1.31,      13.12,     43.27,          1.36
        -11,          4,    6,         -8.35,          3.30,       1.35,      13.47,     44.46,          1.33
        -11,          4,    7,         -8.00,          3.30,       1.39,      13.86,     45.74,          1.29
        -11,          5,    1,         -9.87,          3.30,       1.20,      11.97,     39.49,          2.55
        -11,          5,    2,         -8.79,          3.30,       1.26,      12.61,     41.63,          2.14
        -11,          5,    3,         -8.01,          3.30,       1.32,      13.24,     43.70,          1.92
        -11,          5,    4,         -7.53,          3.30,       1.37,      13.72,     45.28,          1.80
        -11,          5,    5,         -7.06,          3.30,       1.42,      14.15,     46.69,          1.75
        -11,          5,    6,         -6.71,          3.30,       1.46,      14.61,     48.21,          1.67
        -11,          5,    7,         -6.46,          3.30,       1.50,      15.01,     49.50,          1.61
        -11,          6,    1,         -8.46,          3.30,       1.27,      12.76,     42.11,          3.61
        -11,          6,    2,         -7.48,          3.30,       1.35,      13.51,     44.58,          2.78
        -11,          6,    3,         -6.80,          3.30,       1.41,      14.10,     46.53,          2.50
        -11,          6,    4,         -6.35,          3.30,       1.46,      14.64,     48.30,          2.29
        -11,          6,    5,         -6.01,          3.30,       1.51,      15.10,     49.82,          2.15
        -11,          6,    6,         -5.74,          3.30,       1.55,      15.53,     51.21,          2.04
        -11,          6,    7,         -5.52,          3.30,       1.59,      15.95,     52.61,          1.94
        -11,          7,    1,         -7.35,          3.30,       1.36,      13.58,     44.80,          3.94
        -11,          7,    2,         -6.32,          3.30,       1.45,      14.48,     47.79,          3.04
        -11,          7,    3,         -5.74,          3.30,       1.51,      15.12,     49.90,          2.73
        -11,          7,    4,         -5.33,          3.30,       1.57,      15.67,     51.70,          2.53
        -11,          7,    5,         -5.02,          3.30,       1.62,      16.18,     53.39,          2.37
        -11,          7,    6,         -4.81,          3.30,       1.66,      16.65,     54.92,          2.23
        -11,          7,    7,         -4.56,          3.30,       1.70,      17.02,     56.15,          2.18
        -10,          1,    1,        -18.87,          3.30,       0.95,       9.55,     31.52,          0.66
        -10,          1,    2,        -17.25,          3.30,       0.99,       9.93,     32.76,          0.59
        -10,          1,    3,        -15.80,          3.30,       1.03,      10.29,     33.95,          0.60
        -10,          1,    4,        -14.76,          3.30,       1.07,      10.66,     35.17,          0.60
        -10,          1,    5,        -13.97,          3.30,       1.11,      11.09,     36.58,          0.57
        -10,          1,    6,        -13.22,          3.30,       1.14,      11.45,     37.77,          0.58
        -10,          1,    7,        -12.68,          3.30,       1.18,      11.75,     38.78,          0.59
        -10,          2,    1,        -16.52,          3.30,       0.99,       9.92,     32.74,          1.41
        -10,          2,    2,        -14.96,          3.30,       1.04,      10.37,     34.22,          1.04
        -10,          2,    3,        -13.67,          3.30,       1.08,      10.83,     35.72,          0.94
        -10,          2,    4,        -12.74,          3.30,       1.13,      11.30,     37.28,          0.87
        -10,          2,    5,        -12.01,          3.30,       1.17,      11.66,     38.49,          0.86
        -10,          2,    6,        -11.34,          3.30,       1.20,      12.05,     39.75,          0.86
        -10,          2,    7,        -10.84,          3.30,       1.24,      12.42,     41.00,          0.84
        -10,          3,    1,        -13.61,          3.30,       1.05,      10.54,     34.76,          2.02
        -10,          3,    2,        -12.27,          3.30,       1.11,      11.15,     36.78,          1.42
        -10,          3,    3,        -11.21,          3.30,       1.17,      11.65,     38.45,          1.29
        -10,          3,    4,        -10.48,          3.30,       1.21,      12.09,     39.89,          1.23
        -10,          3,    5,         -9.83,          3.30,       1.25,      12.51,     41.27,          1.20
        -10,          3,    6,         -9.39,          3.30,       1.29,      12.93,     42.66,          1.15
        -10,          3,    7,         -8.99,          3.30,       1.33,      13.32,     43.95,          1.11
        -10,          4,    1,        -11.52,          3.30,       1.13,      11.29,     37.26,          2.12
        -10,          4,    2,        -10.38,          3.30,       1.19,      11.88,     39.20,          1.74
        -10,          4,    3,         -9.53,          3.30,       1.25,      12.44,     41.03,          1.57
        -10,          4,    4,         -8.88,          3.30,       1.30,      12.95,     42.74,          1.47
        -10,          4,    5,         -8.35,          3.30,       1.34,      13.37,     44.11,          1.44
        -10,          4,    6,         -7.90,          3.30,       1.38,      13.79,     45.49,          1.40
        -10,          4,    7,         -7.53,          3.30,       1.42,      14.17,     46.75,          1.38
        -10,          5,    1,         -9.46,          3.30,       1.22,      12.22,     40.32,          2.81
        -10,          5,    2,         -8.37,          3.30,       1.30,      12.96,     42.76,          2.25
        -10,          5,    3,         -7.61,          3.30,       1.35,      13.50,     44.55,          2.10
        -10,          5,    4,         -7.02,          3.30,       1.40,      14.02,     46.27,          1.99
        -10,          5,    5,         -6.62,          3.30,       1.45,      14.53,     47.95,          1.87
        -10,          5,    6,         -6.28,          3.30,       1.49,      14.96,     49.35,          1.81
        -10,          5,    7,         -6.06,          3.30,       1.53,      15.35,     50.65,          1.72
        -10,          6,    1,         -8.02,          3.30,       1.31,      13.07,     43.11,          3.78
        -10,          6,    2,         -7.03,          3.30,       1.38,      13.83,     45.63,          2.96
        -10,          6,    3,         -6.38,          3.30,       1.45,      14.52,     47.89,          2.57
        -10,          6,    4,         -5.92,          3.30,       1.51,      15.05,     49.64,          2.39
        -10,          6,    5,         -5.59,          3.30,       1.55,      15.47,     51.04,          2.28
        -10,          6,    6,         -5.32,          3.30,       1.60,      15.96,     52.66,          2.14
        -10,          6,    7,         -5.05,          3.30,       1.64,      16.41,     54.12,          2.06
        -10,          7,    1,         -6.86,          3.30,       1.40,      13.93,     45.98,          4.40
        -10,          7,    2,         -5.85,          3.30,       1.49,      14.86,     49.03,          3.36
        -10,          7,    3,         -5.28,          3.30,       1.55,      15.55,     51.31,          2.96
        -10,          7,    4,         -4.86,          3.30,       1.61,      16.14,     53.24,          2.73
        -10,          7,    5,         -4.56,          3.30,       1.66,      16.62,     54.84,          2.59
        -10,          7,    6,         -4.32,          3.30,       1.71,      17.07,     56.30,          2.46
        -10,          7,    7,         -4.11,          3.30,       1.75,      17.55,     57.87,          2.34
         -9,          1,    1,        -18.66,          3.30,       0.96,       9.62,     31.74,          0.69
         -9,          1,    2,        -16.93,          3.30,       1.00,      10.03,     33.09,          0.61
         -9,          1,    3,        -15.51,          3.30,       1.04,      10.42,     34.37,          0.61
         -9,          1,    4,        -14.43,          3.30,       1.08,      10.77,     35.54,          0.62
         -9,          1,    5,        -13.65,          3.30,       1.12,      11.21,     36.98,          0.60
         -9,          1,    6,        -12.93,          3.30,       1.16,      11.54,     38.09,          0.61
         -9,          1,    7,        -12.30,          3.30,       1.19,      11.92,     39.32,          0.62
         -9,          2,    1,        -16.08,          3.30,       1.00,      10.00,     32.98,          1.65
         -9,          2,    2,        -14.58,          3.30,       1.05,      10.49,     34.61,          1.11
         -9,          2,    3,        -13.39,          3.30,       1.10,      10.96,     36.15,          0.98
         -9,          2,    4,        -12.34,          3.30,       1.14,      11.41,     37.68,          0.94
         -9,          2,    5,        -11.56,          3.30,       1.18,      11.79,     38.90,          0.94
         -9,          2,    6,        -10.96,          3.30,       1.22,      12.19,     40.23,          0.92
         -9,          2,    7,        -10.50,          3.30,       1.26,      12.56,     41.45,          0.89
         -9,          3,    1,        -13.18,          3.30,       1.07,      10.66,     35.19,          2.22
         -9,          3,    2,        -11.87,          3.30,       1.13,      11.29,     37.25,          1.54
         -9,          3,    3,        -10.82,          3.30,       1.18,      11.81,     38.96,          1.39
         -9,          3,    4,        -10.10,          3.30,       1.23,      12.22,     40.32,          1.34
         -9,          3,    5,         -9.50,          3.30,       1.27,      12.69,     41.87,          1.27
         -9,          3,    6,         -9.02,          3.30,       1.31,      13.09,     43.20,          1.23
         -9,          3,    7,         -8.61,          3.30,       1.35,      13.49,     44.50,          1.20
         -9,          4,    1,        -11.08,          3.30,       1.15,      11.48,     37.89,          2.26
         -9,          4,    2,         -9.98,          3.30,       1.20,      12.02,     39.65,          1.93
         -9,          4,    3,         -9.15,          3.30,       1.27,      12.62,     41.65,          1.69
         -9,          4,    4,         -8.45,          3.30,       1.32,      13.15,     43.38,          1.60
         -9,          4,    5,         -7.96,          3.30,       1.36,      13.61,     44.91,          1.53
         -9,          4,    6,         -7.51,          3.30,       1.40,      14.02,     46.25,          1.50
         -9,          4,    7,         -7.16,          3.30,       1.44,      14.40,     47.51,          1.47
         -9,          5,    1,         -9.03,          3.30,       1.24,      12.40,     40.91,          3.02
         -9,          5,    2,         -7.94,          3.30,       1.32,      13.16,     43.42,          2.42
         -9,          5,    3,         -7.16,          3.30,       1.38,      13.76,     45.40,          2.23
         -9,          5,    4,         -6.66,          3.30,       1.43,      14.33,     47.28,          2.06
         -9,          5,    5,         -6.24,          3.30,       1.48,      14.80,     48.84,          1.97
         -9,          5,    6,         -5.92,          3.30,       1.52,      15.22,     50.22,          1.90
         -9,          5,    7,         -5.61,          3.30,       1.56,      15.62,     51.52,          1.87
         -9,          6,    1,         -7.61,          3.30,       1.33,      13.32,     43.93,          3.98
         -9,          6,    2,         -6.61,          3.30,       1.41,      14.12,     46.59,          3.11
         -9,          6,    3,         -5.96,          3.30,       1.48,      14.77,     48.73,          2.77
         -9,          6,    4,         -5.51,          3.30,       1.54,      15.36,     50.67,          2.53
         -9,          6,    5,         -5.15,          3.30,       1.58,      15.84,     52.24,          2.41
         -9,          6,    6,         -4.85,          3.30,       1.63,      16.34,     53.92,          2.28
         -9,          6,    7,         -4.63,          3.30,       1.67,      16.72,     55.17,          2.21
         -9,          7,    1,         -6.41,          3.30,       1.42,      14.25,     47.02,          4.59
         -9,          7,    2,         -5.46,          3.30,       1.52,      15.19,     50.12,          3.52
         -9,          7,    3,         -4.83,          3.30,       1.59,      15.91,     52.48,          3.15
         -9,          7,    4,         -4.48,          3.30,       1.65,      16.51,     54.45,          2.87
         -9,          7,    5,         -4.15,          3.30,       1.70,      17.02,     56.15,          2.72
         -9,          7,    6,         -3.90,          3.30,       1.75,      17.48,     57.69,          2.60
         -9,          7,    7,         -3.69,          3.30,       1.79,      17.95,     59.22,          2.49
         -8,          1,    1,        -18.17,          3.30,       0.97,       9.68,     31.95,          0.78
         -8,          1,    2,        -16.41,          3.30,       1.01,      10.12,     33.40,          0.67
         -8,          1,    3,        -14.94,          3.30,       1.05,      10.50,     34.66,          0.69
         -8,          1,    4,        -13.86,          3.30,       1.10,      10.94,     36.08,          0.67
         -8,          1,    5,        -13.19,          3.30,       1.13,      11.33,     37.37,          0.65
         -8,          1,    6,        -12.44,          3.30,       1.17,      11.69,     38.59,          0.66
         -8,          1,    7,        -11.82,          3.30,       1.20,      11.99,     39.57,          0.69
         -8,          2,    1,        -15.61,          3.30,       1.01,      10.13,     33.43,          1.70
         -8,          2,    2,        -14.06,          3.30,       1.06,      10.62,     35.05,          1.21
         -8,          2,    3,        -12.83,          3.30,       1.11,      11.09,     36.60,          1.09
         -8,          2,    4,        -11.85,          3.30,       1.16,      11.57,     38.19,          1.02
         -8,          2,    5,        -11.14,          3.30,       1.20,      11.95,     39.42,          1.01
         -8,          2,    6,        -10.52,          3.30,       1.24,      12.39,     40.86,          0.98
         -8,          2,    7,        -10.07,          3.30,       1.27,      12.77,     42.15,          0.95
         -8,          3,    1,        -12.68,          3.30,       1.09,      10.90,     35.98,          2.12
         -8,          3,    2,        -11.30,          3.30,       1.15,      11.48,     37.88,          1.67
         -8,          3,    3,        -10.32,          3.30,       1.20,      11.99,     39.56,          1.51
         -8,          3,    4,         -9.59,          3.30,       1.25,      12.49,     41.22,          1.41
         -8,          3,    5,         -9.03,          3.30,       1.30,      12.97,     42.79,          1.33
         -8,          3,    6,         -8.46,          3.30,       1.34,      13.40,     44.20,          1.32
         -8,          3,    7,         -8.12,          3.30,       1.37,      13.73,     45.30,          1.30
         -8,          4,    1,        -10.62,          3.30,       1.17,      11.68,     38.53,          2.45
         -8,          4,    2,         -9.50,          3.30,       1.23,      12.29,     40.55,          2.02
         -8,          4,    3,         -8.58,          3.30,       1.29,      12.93,     42.67,          1.81
         -8,          4,    4,         -7.93,          3.30,       1.34,      13.39,     44.19,          1.75
         -8,          4,    5,         -7.41,          3.30,       1.39,      13.85,     45.71,          1.69
         -8,          4,    6,         -6.98,          3.30,       1.43,      14.31,     47.20,          1.64
         -8,          4,    7,         -6.60,          3.30,       1.48,      14.76,     48.68,          1.60
         -8,          5,    1,         -8.54,          3.30,       1.27,      12.73,     41.99,          3.17
         -8,          5,    2,         -7.42,          3.30,       1.35,      13.49,     44.51,          2.61
         -8,          5,    3,         -6.59,          3.30,       1.42,      14.16,     46.72,          2.40
         -8,          5,    4,         -6.10,          3.30,       1.47,      14.74,     48.63,          2.22
         -8,          5,    5,         -5.71,          3.30,       1.52,      15.21,     50.18,          2.13
         -8,          5,    6,         -5.38,          3.30,       1.56,      15.63,     51.56,          2.07
         -8,          5,    7,         -5.12,          3.30,       1.61,      16.07,     53.02,          1.99
         -8,          6,    1,         -7.03,          3.30,       1.37,      13.68,     45.15,          4.35
         -8,          6,    2,         -6.02,          3.30,       1.45,      14.54,     47.96,          3.39
         -8,          6,    3,         -5.36,          3.30,       1.52,      15.22,     50.20,          3.03
         -8,          6,    4,         -4.95,          3.30,       1.58,      15.77,     52.03,          2.80
         -8,          6,    5,         -4.59,          3.30,       1.63,      16.29,     53.73,          2.64
         -8,          6,    6,         -4.37,          3.30,       1.68,      16.75,     55.25,          2.50
         -8,          6,    7,         -4.11,          3.30,       1.72,      17.16,     56.60,          2.43
         -8,          7,    1,         -5.86,          3.30,       1.47,      14.71,     48.52,          4.76
         -8,          7,    2,         -4.90,          3.30,       1.56,      15.64,     51.58,          3.80
         -8,          7,    3,         -4.29,          3.30,       1.64,      16.43,     54.22,          3.34
         -8,          7,    4,         -3.89,          3.30,       1.70,      16.96,     55.96,          3.16
         -8,          7,    5,         -3.61,          3.30,       1.76,      17.53,     57.81,          2.96
         -8,          7,    6,         -3.36,          3.30,       1.81,      18.09,     59.66,          2.78
         -8,          7,    7,         -3.16,          3.30,       1.85,      18.52,     61.08,          2.68
         -7,          1,    1,        -17.81,          3.30,       0.98,       9.74,     32.14,          0.85
         -7,          1,    2,        -15.96,          3.30,       1.02,      10.17,     33.58,          0.75
         -7,          1,    3,        -14.72,          3.30,       1.06,      10.63,     35.06,          0.69
         -7,          1,    4,        -13.59,          3.30,       1.11,      11.06,     36.49,          0.69
         -7,          1,    5,        -12.85,          3.30,       1.15,      11.46,     37.83,          0.68
         -7,          1,    6,        -12.12,          3.30,       1.18,      11.79,     38.92,          0.70
         -7,          1,    7,        -11.46,          3.30,       1.22,      12.13,     40.03,          0.73
         -7,          2,    1,        -15.24,          3.30,       1.02,      10.21,     33.69,          1.86
         -7,          2,    2,        -13.76,          3.30,       1.07,      10.71,     35.33,          1.29
         -7,          2,    3,        -12.48,          3.30,       1.13,      11.27,     37.18,          1.11
         -7,          2,    4,        -11.57,          3.30,       1.17,      11.72,     38.69,          1.05
         -7,          2,    5,        -10.82,          3.30,       1.21,      12.13,     40.03,          1.04
         -7,          2,    6,        -10.16,          3.30,       1.25,      12.55,     41.42,          1.03
         -7,          2,    7,         -9.69,          3.30,       1.29,      12.92,     42.63,          1.02
         -7,          3,    1,        -12.34,          3.30,       1.10,      10.99,     36.27,          2.31
         -7,          3,    2,        -10.97,          3.30,       1.16,      11.65,     38.45,          1.70
         -7,          3,    3,        -10.01,          3.30,       1.22,      12.16,     40.12,          1.56
         -7,          3,    4,         -9.24,          3.30,       1.26,      12.66,     41.78,          1.48
         -7,          3,    5,         -8.65,          3.30,       1.31,      13.11,     43.26,          1.43
         -7,          3,    6,         -8.13,          3.30,       1.35,      13.58,     44.80,          1.39
         -7,          3,    7,         -7.73,          3.30,       1.40,      13.95,     46.04,          1.37
         -7,          4,    1,        -10.26,          3.30,       1.18,      11.82,     38.99,          2.62
         -7,          4,    2,         -9.11,          3.30,       1.25,      12.47,     41.14,          2.14
         -7,          4,    3,         -8.22,          3.30,       1.31,      13.09,     43.18,          1.94
         -7,          4,    4,         -7.55,          3.30,       1.36,      13.60,     44.88,          1.85
         -7,          4,    5,         -7.06,          3.30,       1.41,      14.08,     46.45,          1.78
         -7,          4,    6,         -6.59,          3.30,       1.46,      14.57,     48.06,          1.73
         -7,          4,    7,         -6.21,          3.30,       1.50,      14.99,     49.47,          1.70
         -7,          5,    1,         -8.11,          3.30,       1.30,      12.96,     42.75,          3.27
         -7,          5,    2,         -7.01,          3.30,       1.38,      13.74,     45.33,          2.72
         -7,          5,    3,         -6.26,          3.30,       1.44,      14.42,     47.56,          2.48
         -7,          5,    4,         -5.74,          3.30,       1.50,      14.95,     49.33,          2.36
         -7,          5,    5,         -5.33,          3.30,       1.55,      15.50,     51.11,          2.24
         -7,          5,    6,         -4.99,          3.30,       1.59,      15.91,     52.50,          2.19
         -7,          5,    7,         -4.75,          3.30,       1.64,      16.38,     54.04,          2.09
         -7,          6,    1,         -6.63,          3.30,       1.39,      13.95,     46.04,          4.48
         -7,          6,    2,         -5.70,          3.30,       1.48,      14.82,     48.90,          3.49
         -7,          6,    3,         -5.04,          3.30,       1.55,      15.50,     51.14,          3.15
         -7,          6,    4,         -4.56,          3.30,       1.61,      16.08,     53.05,          2.95
         -7,          6,    5,         -4.26,          3.30,       1.66,      16.64,     54.89,          2.74
         -7,          6,    6,         -3.97,          3.30,       1.71,      17.11,     56.43,          2.63
         -7,          6,    7,         -3.74,          3.30,       1.75,      17.53,     57.82,          2.54
         -7,          7,    1,         -5.49,          3.30,       1.50,      15.00,     49.47,          5.03
         -7,          7,    2,         -4.54,          3.30,       1.60,      15.99,     52.75,          3.95
         -7,          7,    3,         -3.89,          3.30,       1.67,      16.74,     55.22,          3.59
         -7,          7,    4,         -3.52,          3.30,       1.73,      17.36,     57.26,          3.31
         -7,          7,    5,         -3.21,          3.30,       1.80,      17.97,     59.27,          3.09
         -7,          7,    6,         -3.00,          3.30,       1.85,      18.47,     60.93,          2.94
         -7,          7,    7,         -2.76,          3.30,       1.89,      18.93,     62.45,          2.85
         -6,          1,    1,        -17.36,          3.30,       0.98,       9.83,     32.44,          0.97
         -6,          1,    2,        -15.64,          3.30,       1.03,      10.27,     33.88,          0.82
         -6,          1,    3,        -14.31,          3.30,       1.07,      10.73,     35.40,          0.76
         -6,          1,    4,        -13.27,          3.30,       1.12,      11.19,     36.92,          0.74
         -6,          1,    5,        -12.42,          3.30,       1.16,      11.55,     38.10,          0.76
         -6,          1,    6,        -11.68,          3.30,       1.19,      11.89,     39.24,          0.78
         -6,          1,    7,        -11.15,          3.30,       1.23,      12.29,     40.55,          0.77
         -6,          2,    1,        -14.83,          3.30,       1.03,      10.33,     34.10,          2.04
         -6,          2,    2,        -13.30,          3.30,       1.08,      10.85,     35.81,          1.41
         -6,          2,    3,        -12.04,          3.30,       1.14,      11.44,     37.73,          1.19
         -6,          2,    4,        -11.11,          3.30,       1.18,      11.84,     39.06,          1.18
         -6,          2,    5,        -10.40,          3.30,       1.23,      12.30,     40.58,          1.13
         -6,          2,    6,         -9.81,          3.30,       1.27,      12.69,     41.87,          1.11
         -6,          2,    7,         -9.24,          3.30,       1.31,      13.10,     43.23,          1.11
         -6,          3,    1,        -11.84,          3.30,       1.12,      11.23,     37.06,          2.31
         -6,          3,    2,        -10.58,          3.30,       1.18,      11.79,     38.91,          1.87
         -6,          3,    3,         -9.62,          3.30,       1.24,      12.37,     40.83,          1.65
         -6,          3,    4,         -8.83,          3.30,       1.29,      12.90,     42.57,          1.57
         -6,          3,    5,         -8.22,          3.30,       1.34,      13.37,     44.12,          1.52
         -6,          3,    6,         -7.74,          3.30,       1.38,      13.77,     45.44,          1.50
         -6,          3,    7,         -7.30,          3.30,       1.42,      14.20,     46.87,          1.47
         -6,          4,    1,         -9.82,          3.30,       1.20,      12.01,     39.64,          2.85
         -6,          4,    2,         -8.65,          3.30,       1.27,      12.74,     42.04,          2.25
         -6,          4,    3,         -7.78,          3.30,       1.33,      13.33,     43.98,          2.08
         -6,          4,    4,         -7.11,          3.30,       1.39,      13.87,     45.78,          1.98
         -6,          4,    5,         -6.59,          3.30,       1.44,      14.36,     47.39,          1.92
         -6,          4,    6,         -6.16,          3.30,       1.49,      14.87,     49.06,          1.85
         -6,          4,    7,         -5.84,          3.30,       1.53,      15.33,     50.59,          1.78
         -6,          5,    1,         -7.64,          3.30,       1.32,      13.21,     43.58,          3.49
         -6,          5,    2,         -6.56,          3.30,       1.40,      14.02,     46.26,          2.90
         -6,          5,    3,         -5.82,          3.30,       1.48,      14.73,     48.58,          2.63
         -6,          5,    4,         -5.30,          3.30,       1.53,      15.29,     50.46,          2.50
         -6,          5,    5,         -4.88,          3.30,       1.58,      15.78,     52.04,          2.43
         -6,          5,    6,         -4.58,          3.30,       1.63,      16.33,     53.86,          2.29
         -6,          5,    7,         -4.31,          3.30,       1.67,      16.71,     55.14,          2.25
         -6,          6,    1,         -6.18,          3.30,       1.43,      14.26,     47.06,          4.97
         -6,          6,    2,         -5.22,          3.30,       1.52,      15.17,     50.03,          3.85
         -6,          6,    3,         -4.59,          3.30,       1.59,      15.89,     52.41,          3.41
         -6,          6,    4,         -4.15,          3.30,       1.65,      16.51,     54.47,          3.14
         -6,          6,    5,         -3.79,          3.30,       1.70,      17.00,     56.09,          3.01
         -6,          6,    6,         -3.50,          3.30,       1.75,      17.48,     57.66,          2.89
         -6,          6,    7,         -3.26,          3.30,       1.80,      18.02,     59.43,          2.74
         -6,          7,    1,         -5.01,          3.30,       1.54,      15.36,     50.68,          5.36
         -6,          7,    2,         -4.04,          3.30,       1.64,      16.44,     54.22,          4.19
         -6,          7,    3,         -3.45,          3.30,       1.72,      17.25,     56.91,          3.73
         -6,          7,    4,         -3.05,          3.30,       1.79,      17.91,     59.08,          3.47
         -6,          7,    5,         -2.75,          3.30,       1.85,      18.49,     60.98,          3.28
         -6,          7,    6,         -2.52,          3.30,       1.90,      18.97,     62.57,          3.15
         -6,          7,    7,         -2.32,          3.30,       1.95,      19.48,     64.27,          3.01
         -5,          1,    1,        -16.83,          3.30,       0.99,       9.95,     32.83,          1.09
         -5,          1,    2,        -15.19,          3.30,       1.04,      10.42,     34.38,          0.88
         -5,          1,    3,        -13.82,          3.30,       1.09,      10.89,     35.92,          0.83
         -5,          1,    4,        -12.67,          3.30,       1.14,      11.37,     37.51,          0.82
         -5,          1,    5,        -11.94,          3.30,       1.17,      11.73,     38.70,          0.82
         -5,          1,    6,        -11.22,          3.30,       1.21,      12.13,     40.03,          0.83
         -5,          1,    7,        -10.66,          3.30,       1.25,      12.48,     41.19,          0.84
         -5,          2,    1,        -14.26,          3.30,       1.05,      10.44,     34.44,          2.42
         -5,          2,    2,        -12.74,          3.30,       1.11,      11.07,     36.52,          1.47
         -5,          2,    3,        -11.51,          3.30,       1.16,      11.61,     38.29,          1.31
         -5,          2,    4,        -10.64,          3.30,       1.20,      12.04,     39.75,          1.26
         -5,          2,    5,         -9.89,          3.30,       1.25,      12.51,     41.27,          1.22
         -5,          2,    6,         -9.33,          3.30,       1.30,      12.94,     42.68,          1.19
         -5,          2,    7,         -8.78,          3.30,       1.34,      13.34,     44.02,          1.19
         -5,          3,    1,        -11.37,          3.30,       1.14,      11.38,     37.56,          2.46
         -5,          3,    2,        -10.08,          3.30,       1.20,      12.01,     39.63,          1.95
         -5,          3,    3,         -9.05,          3.30,       1.26,      12.61,     41.62,          1.77
         -5,          3,    4,         -8.30,          3.30,       1.32,      13.20,     43.54,          1.66
         -5,          3,    5,         -7.70,          3.30,       1.36,      13.62,     44.96,          1.64
         -5,          3,    6,         -7.17,          3.30,       1.41,      14.10,     46.52,          1.61
         -5,          3,    7,         -6.75,          3.30,       1.45,      14.52,     47.92,          1.59
         -5,          4,    1,         -9.30,          3.30,       1.23,      12.29,     40.54,          3.06
         -5,          4,    2,         -8.11,          3.30,       1.30,      13.04,     43.03,          2.44
         -5,          4,    3,         -7.21,          3.30,       1.37,      13.65,     45.04,          2.28
         -5,          4,    4,         -6.53,          3.30,       1.42,      14.25,     47.03,          2.15
         -5,          4,    5,         -6.03,          3.30,       1.48,      14.78,     48.79,          2.06
         -5,          4,    6,         -5.67,          3.30,       1.52,      15.26,     50.34,          1.99
         -5,          4,    7,         -5.25,          3.30,       1.57,      15.68,     51.73,          1.99
         -5,          5,    1,         -7.09,          3.30,       1.35,      13.55,     44.70,          3.85
         -5,          5,    2,         -5.98,          3.30,       1.44,      14.43,     47.62,          3.15
         -5,          5,    3,         -5.27,          3.30,       1.51,      15.14,     49.95,          2.88
         -5,          5,    4,         -4.73,          3.30,       1.57,      15.74,     51.93,          2.73
         -5,          5,    5,         -4.33,          3.30,       1.63,      16.29,     53.73,          2.61
         -5,          5,    6,         -4.03,          3.30,       1.68,      16.76,     55.27,          2.53
         -5,          5,    7,         -3.74,          3.30,       1.72,      17.20,     56.75,          2.47
         -5,          6,    1,         -5.63,          3.30,       1.47,      14.73,     48.61,          5.07
         -5,          6,    2,         -4.63,          3.30,       1.56,      15.62,     51.53,          4.14
         -5,          6,    3,         -4.03,          3.30,       1.64,      16.42,     54.19,          3.60
         -5,          6,    4,         -3.54,          3.30,       1.70,      17.00,     56.10,          3.44
         -5,          6,    5,         -3.22,          3.30,       1.76,      17.55,     57.91,          3.24
         -5,          6,    6,         -2.95,          3.30,       1.81,      18.13,     59.80,          3.06
         -5,          6,    7,         -2.69,          3.30,       1.86,      18.59,     61.34,          2.97
         -5,          7,    1,         -4.44,          3.30,       1.59,      15.86,     52.30,          5.83
         -5,          7,    2,         -3.46,          3.30,       1.69,      16.92,     55.82,          4.65
         -5,          7,    3,         -2.86,          3.30,       1.78,      17.82,     58.76,          4.10
         -5,          7,    4,         -2.44,          3.30,       1.85,      18.50,     61.03,          3.83
         -5,          7,    5,         -2.16,          3.30,       1.91,      19.14,     63.14,          3.57
         -5,          7,    6,         -1.96,          3.30,       1.97,      19.68,     64.90,          3.39
         -5,          7,    7,         -1.75,          3.30,       2.02,      20.20,     66.61,          3.26
         -4,          1,    1,        -16.45,          3.30,       1.01,      10.05,     33.16,          1.12
         -4,          1,    2,        -14.76,          3.30,       1.05,      10.52,     34.69,          0.94
         -4,          1,    3,        -13.44,          3.30,       1.10,      11.01,     36.31,          0.87
         -4,          1,    4,        -12.31,          3.30,       1.14,      11.47,     37.84,          0.88
         -4,          1,    5,        -11.51,          3.30,       1.19,      11.85,     39.10,          0.89
         -4,          1,    6,        -10.85,          3.30,       1.22,      12.22,     40.32,          0.90
         -4,          1,    7,        -10.27,          3.30,       1.27,      12.65,     41.72,          0.89
         -4,          2,    1,        -13.86,          3.30,       1.06,      10.60,     34.98,          2.33
         -4,          2,    2,        -12.39,          3.30,       1.12,      11.18,     36.90,          1.56
         -4,          2,    3,        -11.08,          3.30,       1.17,      11.75,     38.76,          1.41
         -4,          2,    4,        -10.26,          3.30,       1.22,      12.23,     40.34,          1.32
         -4,          2,    5,         -9.52,          3.30,       1.27,      12.70,     41.89,          1.29
         -4,          2,    6,         -8.86,          3.30,       1.31,      13.13,     43.32,          1.28
         -4,          2,    7,         -8.38,          3.30,       1.36,      13.56,     44.75,          1.26
         -4,          3,    1,        -10.97,          3.30,       1.16,      11.58,     38.20,          2.52
         -4,          3,    2,         -9.67,          3.30,       1.22,      12.20,     40.27,          2.06
         -4,          3,    3,         -8.62,          3.30,       1.28,      12.84,     42.38,          1.87
         -4,          3,    4,         -7.88,          3.30,       1.34,      13.39,     44.17,          1.78
         -4,          3,    5,         -7.29,          3.30,       1.39,      13.87,     45.77,          1.74
         -4,          3,    6,         -6.77,          3.30,       1.43,      14.34,     47.30,          1.71
         -4,          3,    7,         -6.34,          3.30,       1.48,      14.79,     48.79,          1.69
         -4,          4,    1,         -8.86,          3.30,       1.25,      12.47,     41.16,          3.36
         -4,          4,    2,         -7.65,          3.30,       1.33,      13.28,     43.82,          2.63
         -4,          4,    3,         -6.77,          3.30,       1.39,      13.91,     45.91,          2.44
         -4,          4,    4,         -6.15,          3.30,       1.45,      14.54,     47.98,          2.27
         -4,          4,    5,         -5.66,          3.30,       1.51,      15.09,     49.79,          2.17
         -4,          4,    6,         -5.21,          3.30,       1.55,      15.56,     51.31,          2.15
         -4,          4,    7,         -4.85,          3.30,       1.60,      16.05,     52.97,          2.09
         -4,          5,    1,         -6.62,          3.30,       1.38,      13.83,     45.63,          4.07
         -4,          5,    2,         -5.58,          3.30,       1.47,      14.74,     48.63,          3.32
         -4,          5,    3,         -4.82,          3.30,       1.55,      15.50,     51.13,          3.04
         -4,          5,    4,         -4.31,          3.30,       1.61,      16.11,     53.15,          2.88
         -4,          5,    5,         -3.90,          3.30,       1.67,      16.66,     54.95,          2.78
         -4,          5,    6,         -3.60,          3.30,       1.71,      17.15,     56.57,          2.68
         -4,          5,    7,         -3.35,          3.30,       1.76,      17.63,     58.16,          2.59
         -4,          6,    1,         -5.17,          3.30,       1.51,      15.05,     49.67,          5.48
         -4,          6,    2,         -4.21,          3.30,       1.60,      16.02,     52.86,          4.34
         -4,          6,    3,         -3.55,          3.30,       1.68,      16.80,     55.42,          3.91
         -4,          6,    4,         -3.12,          3.30,       1.74,      17.43,     57.50,          3.65
         -4,          6,    5,         -2.79,          3.30,       1.81,      18.08,     59.64,          3.39
         -4,          6,    6,         -2.50,          3.30,       1.86,      18.60,     61.37,          3.26
         -4,          6,    7,         -2.30,          3.30,       1.91,      19.08,     62.94,          3.13
         -4,          7,    1,         -4.00,          3.30,       1.63,      16.30,     53.79,          6.13
         -4,          7,    2,         -3.03,          3.30,       1.74,      17.41,     57.43,          4.91
         -4,          7,    3,         -2.45,          3.30,       1.83,      18.32,     60.45,          4.32
         -4,          7,    4,         -2.02,          3.30,       1.91,      19.06,     62.87,          4.03
         -4,          7,    5,         -1.75,          3.30,       1.97,      19.71,     65.03,          3.77
         -4,          7,    6,         -1.50,          3.30,       2.02,      20.19,     66.60,          3.67
         -4,          7,    7,         -1.32,          3.30,       2.07,      20.70,     68.28,          3.51
         -3,          1,    1,        -16.01,          3.30,       1.02,      10.17,     33.56,          1.18
         -3,          1,    2,        -14.28,          3.30,       1.06,      10.65,     35.15,          1.01
         -3,          1,    3,        -12.92,          3.30,       1.11,      11.17,     36.87,          0.94
         -3,          1,    4,        -11.87,          3.30,       1.16,      11.59,     38.25,          0.95
         -3,          1,    5,        -11.07,          3.30,       1.20,      12.06,     39.80,          0.93
         -3,          1,    6,        -10.40,          3.30,       1.24,      12.46,     41.11,          0.94
         -3,          1,    7,         -9.83,          3.30,       1.29,      12.85,     42.42,          0.95
         -3,          2,    1,        -13.45,          3.30,       1.07,      10.75,     35.46,          2.52
         -3,          2,    2,        -11.86,          3.30,       1.14,      11.39,     37.58,          1.67
         -3,          2,    3,        -10.71,          3.30,       1.19,      11.91,     39.29,          1.51
         -3,          2,    4,         -9.80,          3.30,       1.25,      12.45,     41.08,          1.41
         -3,          2,    5,         -9.05,          3.30,       1.29,      12.95,     42.74,          1.37
         -3,          2,    6,         -8.44,          3.30,       1.33,      13.36,     44.07,          1.38
         -3,          2,    7,         -7.92,          3.30,       1.38,      13.77,     45.43,          1.37
         -3,          3,    1,        -10.47,          3.30,       1.17,      11.72,     38.68,          3.04
         -3,          3,    2,         -9.20,          3.30,       1.24,      12.43,     41.03,          2.27
         -3,          3,    3,         -8.18,          3.30,       1.31,      13.10,     43.23,          2.03
         -3,          3,    4,         -7.38,          3.30,       1.36,      13.66,     45.06,          1.96
         -3,          3,    5,         -6.76,          3.30,       1.42,      14.18,     46.78,          1.91
         -3,          3,    6,         -6.28,          3.30,       1.46,      14.66,     48.38,          1.86
         -3,          3,    7,         -5.91,          3.30,       1.51,      15.13,     49.90,          1.81
         -3,          4,    1,         -8.39,          3.30,       1.28,      12.78,     42.17,          3.41
         -3,          4,    2,         -7.15,          3.30,       1.36,      13.57,     44.76,          2.81
         -3,          4,    3,         -6.29,          3.30,       1.42,      14.23,     46.93,          2.61
         -3,          4,    4,         -5.65,          3.30,       1.49,      14.87,     49.05,          2.44
         -3,          4,    5,         -5.17,          3.30,       1.54,      15.42,     50.86,          2.35
         -3,          4,    6,         -4.72,          3.30,       1.60,      15.95,     52.63,          2.29
         -3,          4,    7,         -4.39,          3.30,       1.64,      16.43,     54.21,          2.23
         -3,          5,    1,         -6.13,          3.30,       1.42,      14.20,     46.84,          4.31
         -3,          5,    2,         -5.05,          3.30,       1.51,      15.11,     49.88,          3.60
         -3,          5,    3,         -4.34,          3.30,       1.59,      15.92,     52.51,          3.25
         -3,          5,    4,         -3.79,          3.30,       1.66,      16.54,     54.56,          3.12
         -3,          5,    5,         -3.40,          3.30,       1.71,      17.10,     56.42,          3.00
         -3,          5,    6,         -3.09,          3.30,       1.76,      17.64,     58.20,          2.89
         -3,          5,    7,         -2.81,          3.30,       1.81,      18.13,     59.81,          2.81
         -3,          6,    1,         -4.70,          3.30,       1.55,      15.44,     50.96,          5.93
         -3,          6,    2,         -3.69,          3.30,       1.65,      16.48,     54.39,          4.67
         -3,          6,    3,         -3.07,          3.30,       1.73,      17.28,     56.99,          4.20
         -3,          6,    4,         -2.60,          3.30,       1.80,      18.02,     59.45,          3.87
         -3,          6,    5,         -2.27,          3.30,       1.86,      18.61,     61.40,          3.67
         -3,          6,    6,         -1.99,          3.30,       1.92,      19.18,     63.27,          3.51
         -3,          6,    7,         -1.77,          3.30,       1.97,      19.71,     65.00,          3.37
         -3,          7,    1,         -3.48,          3.30,       1.68,      16.78,     55.36,          6.67
         -3,          7,    2,         -2.51,          3.30,       1.80,      17.98,     59.29,          5.27
         -3,          7,    3,         -1.91,          3.30,       1.89,      18.96,     62.57,          4.62
         -3,          7,    4,         -1.53,          3.30,       1.97,      19.67,     64.88,          4.33
         -3,          7,    5,         -1.22,          3.30,       2.03,      20.29,     66.92,          4.13
         -3,          7,    6,         -1.00,          3.30,       2.09,      20.87,     68.83,          3.94
         -3,          7,    7,         -0.80,          3.30,       2.15,      21.45,     70.74,          3.77
         -2,          1,    1,        -15.52,          3.30,       1.04,      10.33,     34.10,          1.26
         -2,          1,    2,        -13.79,          3.30,       1.08,      10.82,     35.72,          1.09
         -2,          1,    3,        -12.50,          3.30,       1.14,      11.36,     37.50,          1.00
         -2,          1,    4,        -11.41,          3.30,       1.18,      11.83,     39.05,          1.01
         -2,          1,    5,        -10.62,          3.30,       1.22,      12.23,     40.36,          1.02
         -2,          1,    6,        -10.02,          3.30,       1.26,      12.68,     41.83,          1.00
         -2,          1,    7,         -9.47,          3.30,       1.31,      13.10,     43.22,          1.00
         -2,          2,    1,        -13.01,          3.30,       1.10,      10.96,     36.16,          2.65
         -2,          2,    2,        -11.43,          3.30,       1.16,      11.59,     38.25,          1.81
         -2,          2,    3,        -10.27,          3.30,       1.22,      12.13,     40.02,          1.63
         -2,          2,    4,         -9.37,          3.30,       1.27,      12.66,     41.76,          1.54
         -2,          2,    5,         -8.63,          3.30,       1.32,      13.19,     43.52,          1.48
         -2,          2,    6,         -7.96,          3.30,       1.37,      13.65,     45.02,          1.49
         -2,          2,    7,         -7.47,          3.30,       1.41,      14.08,     46.48,          1.47
         -2,          3,    1,        -10.03,          3.30,       1.20,      11.98,     39.54,          3.31
         -2,          3,    2,         -8.72,          3.30,       1.27,      12.71,     41.92,          2.50
         -2,          3,    3,         -7.69,          3.30,       1.34,      13.39,     44.19,          2.23
         -2,          3,    4,         -6.95,          3.30,       1.40,      13.93,     45.96,          2.14
         -2,          3,    5,         -6.30,          3.30,       1.45,      14.54,     47.98,          2.05
         -2,          3,    6,         -5.85,          3.30,       1.50,      15.01,     49.54,          2.00
         -2,          3,    7,         -5.42,          3.30,       1.54,      15.45,     50.97,          1.99
         -2,          4,    1,         -7.91,          3.30,       1.31,      13.10,     43.23,          3.66
         -2,          4,    2,         -6.71,          3.30,       1.39,      13.91,     45.90,          3.01
         -2,          4,    3,         -5.80,          3.30,       1.47,      14.65,     48.35,          2.75
         -2,          4,    4,         -5.19,          3.30,       1.53,      15.28,     50.41,          2.61
         -2,          4,    5,         -4.69,          3.30,       1.59,      15.86,     52.32,          2.51
         -2,          4,    6,         -4.26,          3.30,       1.64,      16.37,     54.01,          2.47
         -2,          4,    7,         -3.94,          3.30,       1.68,      16.80,     55.44,          2.43
         -2,          5,    1,         -5.66,          3.30,       1.46,      14.61,     48.19,          4.52
         -2,          5,    2,         -4.59,          3.30,       1.56,      15.55,     51.29,          3.81
         -2,          5,    3,         -3.84,          3.30,       1.64,      16.42,     54.16,          3.45
         -2,          5,    4,         -3.35,          3.30,       1.70,      17.03,     56.19,          3.30
         -2,          5,    5,         -2.96,          3.30,       1.76,      17.60,     58.07,          3.18
         -2,          5,    6,         -2.60,          3.30,       1.82,      18.19,     59.99,          3.09
         -2,          5,    7,         -2.35,          3.30,       1.87,      18.70,     61.70,          2.98
         -2,          6,    1,         -4.23,          3.30,       1.59,      15.92,     52.52,          6.28
         -2,          6,    2,         -3.21,          3.30,       1.70,      16.99,     56.04,          5.00
         -2,          6,    3,         -2.58,          3.30,       1.79,      17.84,     58.85,          4.47
         -2,          6,    4,         -2.12,          3.30,       1.86,      18.59,     61.31,          4.14
         -2,          6,    5,         -1.80,          3.30,       1.92,      19.22,     63.41,          3.91
         -2,          6,    6,         -1.52,          3.30,       1.98,      19.80,     65.32,          3.74
         -2,          6,    7,         -1.29,          3.30,       2.03,      20.30,     66.94,          3.63
         -2,          7,    1,         -2.98,          3.30,       1.73,      17.31,     57.12,          7.08
         -2,          7,    2,         -2.03,          3.30,       1.86,      18.56,     61.23,          5.58
         -2,          7,    3,         -1.42,          3.30,       1.96,      19.62,     64.72,          4.90
         -2,          7,    4,         -1.03,          3.30,       2.03,      20.35,     67.12,          4.61
         -2,          7,    5,         -0.72,          3.30,       2.10,      21.00,     69.26,          4.40
         -2,          7,    6,         -0.53,          3.30,       2.16,      21.60,     71.24,          4.17
         -2,          7,    7,         -0.31,          3.30,       2.22,      22.17,     73.12,          4.03
         -1,          1,    1,        -15.06,          3.30,       1.04,      10.40,     34.34,          1.42
         -1,          1,    2,        -13.43,          3.30,       1.09,      10.96,     36.18,          1.13
         -1,          1,    3,        -12.08,          3.30,       1.15,      11.52,     38.02,          1.06
         -1,          1,    4,        -11.01,          3.30,       1.20,      11.98,     39.52,          1.07
         -1,          1,    5,        -10.25,          3.30,       1.25,      12.41,     40.94,          1.07
         -1,          1,    6,         -9.59,          3.30,       1.29,      12.90,     42.56,          1.05
         -1,          1,    7,         -9.04,          3.30,       1.33,      13.26,     43.75,          1.08
         -1,          2,    1,        -12.57,          3.30,       1.11,      11.11,     36.67,          2.66
         -1,          2,    2,        -11.04,          3.30,       1.17,      11.74,     38.76,          1.89
         -1,          2,    3,         -9.83,          3.30,       1.23,      12.34,     40.71,          1.70
         -1,          2,    4,         -8.90,          3.30,       1.29,      12.87,     42.44,          1.64
         -1,          2,    5,         -8.15,          3.30,       1.34,      13.38,     44.14,          1.60
         -1,          2,    6,         -7.59,          3.30,       1.39,      13.88,     45.80,          1.55
         -1,          2,    7,         -7.01,          3.30,       1.43,      14.31,     47.21,          1.58
         -1,          3,    1,         -9.61,          3.30,       1.22,      12.19,     40.21,          3.45
         -1,          3,    2,         -8.31,          3.30,       1.30,      12.97,     42.79,          2.57
         -1,          3,    3,         -7.27,          3.30,       1.36,      13.63,     44.97,          2.37
         -1,          3,    4,         -6.48,          3.30,       1.42,      14.19,     46.83,          2.30
         -1,          3,    5,         -5.90,          3.30,       1.48,      14.82,     48.90,          2.17
         -1,          3,    6,         -5.43,          3.30,       1.53,      15.29,     50.44,          2.14
         -1,          3,    7,         -5.04,          3.30,       1.58,      15.79,     52.09,          2.08
         -1,          4,    1,         -7.46,          3.30,       1.34,      13.33,     43.99,          3.87
         -1,          4,    2,         -6.27,          3.30,       1.42,      14.20,     46.83,          3.16
         -1,          4,    3,         -5.40,          3.30,       1.50,      14.95,     49.34,          2.89
         -1,          4,    4,         -4.78,          3.30,       1.56,      15.62,     51.54,          2.73
         -1,          4,    5,         -4.25,          3.30,       1.62,      16.22,     53.53,          2.65
         -1,          4,    6,         -3.83,          3.30,       1.67,      16.72,     55.17,          2.62
         -1,          4,    7,         -3.49,          3.30,       1.72,      17.18,     56.68,          2.58
         -1,          5,    1,         -5.23,          3.30,       1.49,      14.94,     49.30,          4.79
         -1,          5,    2,         -4.16,          3.30,       1.59,      15.91,     52.50,          4.05
         -1,          5,    3,         -3.37,          3.30,       1.68,      16.78,     55.37,          3.73
         -1,          5,    4,         -2.89,          3.30,       1.74,      17.43,     57.49,          3.55
         -1,          5,    5,         -2.48,          3.30,       1.81,      18.11,     59.76,          3.38
         -1,          5,    6,         -2.16,          3.30,       1.87,      18.66,     61.56,          3.29
         -1,          5,    7,         -1.93,          3.30,       1.92,      19.17,     63.24,          3.17
         -1,          6,    1,         -3.71,          3.30,       1.64,      16.35,     53.93,          6.85
         -1,          6,    2,         -2.75,          3.30,       1.75,      17.48,     57.65,          5.34
         -1,          6,    3,         -2.13,          3.30,       1.84,      18.38,     60.62,          4.75
         -1,          6,    4,         -1.67,          3.30,       1.91,      19.09,     62.97,          4.46
         -1,          6,    5,         -1.34,          3.30,       1.98,      19.75,     65.15,          4.21
         -1,          6,    6,         -1.07,          3.30,       2.03,      20.34,     67.10,          4.04
         -1,          6,    7,         -0.84,          3.30,       2.09,      20.84,     68.74,          3.92
         -1,          7,    1,         -2.52,          3.30,       1.78,      17.82,     58.80,          7.44
         -1,          7,    2,         -1.58,          3.30,       1.91,      19.15,     63.16,          5.85
         -1,          7,    3,         -0.98,          3.30,       2.01,      20.16,     66.48,          5.25
         -1,          7,    4,         -0.59,          3.30,       2.09,      20.91,     68.95,          4.94
         -1,          7,    5,         -0.29,          3.30,       2.17,      21.67,     71.46,          4.64
         -1,          7,    6,         -0.05,          3.30,       2.23,      22.26,     73.41,          4.47
         -1,          7,    7,          0.14,          3.30,       2.29,      22.86,     75.39,          4.28
          0,          1,    1,        -14.70,          3.30,       1.05,      10.51,     34.70,          1.55
          0,          1,    2,        -12.94,          3.30,       1.11,      11.12,     36.70,          1.22
          0,          1,    3,        -11.59,          3.30,       1.16,      11.64,     38.40,          1.18
          0,          1,    4,        -10.58,          3.30,       1.22,      12.16,     40.10,          1.16
          0,          1,    5,         -9.85,          3.30,       1.26,      12.58,     41.51,          1.15
          0,          1,    6,         -9.18,          3.30,       1.30,      13.04,     43.02,          1.15
          0,          1,    7,         -8.55,          3.30,       1.35,      13.49,     44.50,          1.17
          0,          2,    1,        -12.05,          3.30,       1.13,      11.28,     37.23,          2.81
          0,          2,    2,        -10.57,          3.30,       1.19,      11.92,     39.35,          2.02
          0,          2,    3,         -9.38,          3.30,       1.25,      12.55,     41.43,          1.80
          0,          2,    4,         -8.45,          3.30,       1.31,      13.12,     43.29,          1.73
          0,          2,    5,         -7.68,          3.30,       1.36,      13.63,     44.98,          1.71
          0,          2,    6,         -7.09,          3.30,       1.41,      14.12,     46.60,          1.69
          0,          2,    7,         -6.57,          3.30,       1.47,      14.64,     48.32,          1.66
          0,          3,    1,         -9.12,          3.30,       1.24,      12.43,     41.02,          3.58
          0,          3,    2,         -7.78,          3.30,       1.32,      13.18,     43.51,          2.82
          0,          3,    3,         -6.75,          3.30,       1.39,      13.92,     45.91,          2.54
          0,          3,    4,         -6.03,          3.30,       1.46,      14.58,     48.11,          2.37
          0,          3,    5,         -5.41,          3.30,       1.52,      15.16,     50.02,          2.32
          0,          3,    6,         -4.93,          3.30,       1.56,      15.62,     51.53,          2.31
          0,          3,    7,         -4.51,          3.30,       1.62,      16.14,     53.25,          2.26
          0,          4,    1,         -6.95,          3.30,       1.36,      13.63,     44.97,          4.15
          0,          4,    2,         -5.76,          3.30,       1.46,      14.57,     48.09,          3.33
          0,          4,    3,         -4.90,          3.30,       1.53,      15.31,     50.50,          3.12
          0,          4,    4,         -4.25,          3.30,       1.60,      15.98,     52.73,          2.98
          0,          4,    5,         -3.74,          3.30,       1.66,      16.61,     54.81,          2.87
          0,          4,    6,         -3.35,          3.30,       1.71,      17.15,     56.57,          2.81
          0,          4,    7,         -2.98,          3.30,       1.77,      17.70,     58.37,          2.76
          0,          5,    1,         -4.71,          3.30,       1.53,      15.34,     50.59,          5.10
          0,          5,    2,         -3.65,          3.30,       1.64,      16.40,     54.13,          4.25
          0,          5,    3,         -2.92,          3.30,       1.72,      17.23,     56.83,          3.97
          0,          5,    4,         -2.38,          3.30,       1.80,      17.98,     59.32,          3.76
          0,          5,    5,         -1.99,          3.30,       1.86,      18.66,     61.54,          3.60
          0,          5,    6,         -1.65,          3.30,       1.92,      19.20,     63.33,          3.53
          0,          5,    7,         -1.41,          3.30,       1.98,      19.74,     65.11,          3.42
          0,          6,    1,         -3.23,          3.30,       1.68,      16.79,     55.40,          7.43
          0,          6,    2,         -2.24,          3.30,       1.81,      18.03,     59.48,          5.70
          0,          6,    3,         -1.62,          3.30,       1.90,      18.97,     62.55,          5.08
          0,          6,    4,         -1.18,          3.30,       1.97,      19.73,     65.06,          4.75
          0,          6,    5,         -0.84,          3.30,       2.04,      20.35,     67.12,          4.55
          0,          6,    6,         -0.54,          3.30,       2.10,      21.02,     69.32,          4.34
          0,          6,    7,         -0.33,          3.30,       2.15,      21.55,     71.06,          4.20
          0,          7,    1,         -2.04,          3.30,       1.84,      18.40,     60.68,          7.99
          0,          7,    2,         -1.06,          3.30,       1.98,      19.82,     65.36,          6.27
          0,          7,    3,         -0.44,          3.30,       2.09,      20.85,     68.76,          5.68
          0,          7,    4,         -0.05,          3.30,       2.17,      21.67,     71.47,          5.31
          0,          7,    5,          0.23,          3.30,       2.24,      22.43,     73.99,          4.99
          0,          7,    6,          0.46,          3.30,       2.31,      23.11,     76.21,          4.77
          0,          7,    7,          0.64,          3.30,       2.37,      23.65,     77.96,          4.62
          1,          1,    1,        -14.19,          3.30,       0.97,       9.72,     32.07,          1.45
          1,          1,    2,        -12.55,          3.30,       1.02,      10.25,     33.83,          1.27
          1,          1,    3,        -11.17,          3.30,       1.08,      10.76,     35.49,          1.26
          1,          1,    4,        -10.12,          3.30,       1.13,      11.36,     37.47,          1.21
          1,          1,    5,         -9.43,          3.30,       1.18,      11.81,     38.98,          1.20
          1,          1,    6,         -8.69,          3.30,       1.22,      12.22,     40.34,          1.24
          1,          1,    7,         -8.11,          3.30,       1.27,      12.68,     41.82,          1.25
          1,          2,    1,        -11.62,          3.30,       1.04,      10.40,     34.31,          3.28
          1,          2,    2,        -10.14,          3.30,       1.11,      11.09,     36.58,          2.21
          1,          2,    3,         -8.90,          3.30,       1.17,      11.76,     38.80,          1.95
          1,          2,    4,         -8.02,          3.30,       1.23,      12.32,     40.66,          1.87
          1,          2,    5,         -7.26,          3.30,       1.29,      12.92,     42.62,          1.81
          1,          2,    6,         -6.62,          3.30,       1.34,      13.44,     44.36,          1.79
          1,          2,    7,         -6.11,          3.30,       1.39,      13.89,     45.81,          1.80
          1,          3,    1,         -8.69,          3.30,       1.17,      11.68,     38.54,          3.63
          1,          3,    2,         -7.33,          3.30,       1.25,      12.47,     41.13,          2.93
          1,          3,    3,         -6.31,          3.30,       1.32,      13.23,     43.65,          2.64
          1,          3,    4,         -5.56,          3.30,       1.38,      13.83,     45.65,          2.57
          1,          3,    5,         -4.97,          3.30,       1.44,      14.45,     47.69,          2.47
          1,          3,    6,         -4.45,          3.30,       1.50,      14.99,     49.44,          2.45
          1,          3,    7,         -4.08,          3.30,       1.55,      15.49,     51.11,          2.40
          1,          4,    1,         -6.46,          3.30,       1.30,      12.97,     42.81,          4.40
          1,          4,    2,         -5.31,          3.30,       1.38,      13.83,     45.64,          3.70
          1,          4,    3,         -4.44,          3.30,       1.47,      14.70,     48.51,          3.32
          1,          4,    4,         -3.78,          3.30,       1.54,      15.38,     50.75,          3.20
          1,          4,    5,         -3.29,          3.30,       1.61,      16.01,     52.82,          3.09
          1,          4,    6,         -2.87,          3.30,       1.66,      16.62,     54.82,          3.01
          1,          4,    7,         -2.52,          3.30,       1.71,      17.12,     56.48,          2.98
          1,          5,    1,         -4.26,          3.30,       1.47,      14.74,     48.63,          5.31
          1,          5,    2,         -3.17,          3.30,       1.58,      15.81,     52.16,          4.56
          1,          5,    3,         -2.41,          3.30,       1.67,      16.71,     55.13,          4.23
          1,          5,    4,         -1.92,          3.30,       1.75,      17.49,     57.69,          3.99
          1,          5,    5,         -1.50,          3.30,       1.82,      18.17,     59.93,          3.86
          1,          5,    6,         -1.21,          3.30,       1.88,      18.76,     61.89,          3.73
          1,          5,    7,         -0.93,          3.30,       1.93,      19.35,     63.81,          3.63
          1,          6,    1,         -2.76,          3.30,       1.63,      16.33,     53.88,          7.47
          1,          6,    2,         -1.77,          3.30,       1.75,      17.54,     57.86,          6.01
          1,          6,    3,         -1.13,          3.30,       1.85,      18.52,     61.10,          5.39
          1,          6,    4,         -0.69,          3.30,       1.94,      19.33,     63.77,          5.02
          1,          6,    5,         -0.36,          3.30,       2.01,      20.06,     66.16,          4.75
          1,          6,    6,         -0.08,          3.30,       2.07,      20.63,     68.04,          4.62
          1,          6,    7,          0.15,          3.30,       2.12,      21.25,     70.10,          4.44
          1,          7,    1,         -1.53,          3.30,       1.80,      17.98,     59.32,          8.38
          1,          7,    2,         -0.59,          3.30,       1.95,      19.45,     64.16,          6.60
          1,          7,    3,          0.05,          3.30,       2.05,      20.53,     67.70,          6.03
          1,          7,    4,          0.42,          3.30,       2.15,      21.43,     70.67,          5.58
          1,          7,    5,          0.71,          3.30,       2.22,      22.18,     73.15,          5.30
          1,          7,    6,          0.95,          3.30,       2.29,      22.85,     75.35,          5.09
          1,          7,    7,          1.13,          3.30,       2.35,      23.47,     77.39,          4.91
          2,          1,    1,        -13.81,          3.30,       0.98,       9.77,     32.26,          1.59
          2,          1,    2,        -12.07,          3.30,       1.04,      10.35,     34.14,          1.38
          2,          1,    3,        -10.76,          3.30,       1.09,      10.91,     35.99,          1.32
          2,          1,    4,         -9.77,          3.30,       1.15,      11.45,     37.79,          1.30
          2,          1,    5,         -8.97,          3.30,       1.19,      11.93,     39.36,          1.31
          2,          1,    6,         -8.27,          3.30,       1.24,      12.42,     40.99,          1.31
          2,          1,    7,         -7.72,          3.30,       1.28,      12.85,     42.40,          1.33
          2,          2,    1,        -11.23,          3.30,       1.05,      10.54,     34.78,          3.45
          2,          2,    2,         -9.68,          3.30,       1.12,      11.26,     37.15,          2.36
          2,          2,    3,         -8.47,          3.30,       1.20,      11.96,     39.48,          2.07
          2,          2,    4,         -7.57,          3.30,       1.25,      12.55,     41.40,          1.99
          2,          2,    5,         -6.80,          3.30,       1.31,      13.13,     43.33,          1.95
          2,          2,    6,         -6.19,          3.30,       1.36,      13.62,     44.94,          1.95
          2,          2,    7,         -5.71,          3.30,       1.41,      14.14,     46.66,          1.91
          2,          3,    1,         -8.26,          3.30,       1.19,      11.84,     39.07,          4.04
          2,          3,    2,         -6.87,          3.30,       1.27,      12.68,     41.83,          3.18
          2,          3,    3,         -5.87,          3.30,       1.35,      13.46,     44.40,          2.86
          2,          3,    4,         -5.12,          3.30,       1.41,      14.11,     46.54,          2.75
          2,          3,    5,         -4.55,          3.30,       1.48,      14.77,     48.73,          2.63
          2,          3,    6,         -4.06,          3.30,       1.53,      15.30,     50.47,          2.60
          2,          3,    7,         -3.67,          3.30,       1.58,      15.82,     52.17,          2.56
          2,          4,    1,         -6.04,          3.30,       1.32,      13.22,     43.60,          4.68
          2,          4,    2,         -4.84,          3.30,       1.42,      14.15,     46.69,          3.90
          2,          4,    3,         -4.01,          3.30,       1.50,      15.02,     49.53,          3.53
          2,          4,    4,         -3.34,          3.30,       1.58,      15.75,     51.95,          3.39
          2,          4,    5,         -2.86,          3.30,       1.64,      16.41,     54.14,          3.26
          2,          4,    6,         -2.40,          3.30,       1.70,      16.99,     56.06,          3.24
          2,          4,    7,         -2.09,          3.30,       1.75,      17.52,     57.81,          3.17
          2,          5,    1,         -3.79,          3.30,       1.51,      15.06,     49.69,          5.85
          2,          5,    2,         -2.72,          3.30,       1.62,      16.24,     53.59,          4.85
          2,          5,    3,         -1.97,          3.30,       1.72,      17.17,     56.63,          4.51
          2,          5,    4,         -1.46,          3.30,       1.80,      17.99,     59.34,          4.26
          2,          5,    5,         -1.05,          3.30,       1.87,      18.68,     61.62,          4.12
          2,          5,    6,         -0.74,          3.30,       1.93,      19.29,     63.63,          4.00
          2,          5,    7,         -0.47,          3.30,       1.99,      19.91,     65.68,          3.88
          2,          6,    1,         -2.29,          3.30,       1.68,      16.74,     55.22,          8.14
          2,          6,    2,         -1.30,          3.30,       1.81,      18.05,     59.54,          6.40
          2,          6,    3,         -0.66,          3.30,       1.91,      19.08,     62.92,          5.74
          2,          6,    4,         -0.22,          3.30,       1.99,      19.95,     65.81,          5.33
          2,          6,    5,          0.11,          3.30,       2.06,      20.62,     68.00,          5.12
          2,          6,    6,          0.39,          3.30,       2.13,      21.33,     70.33,          4.89
          2,          6,    7,          0.59,          3.30,       2.19,      21.87,     72.12,          4.74
          2,          7,    1,         -1.08,          3.30,       1.85,      18.54,     61.16,          8.81
          2,          7,    2,         -0.12,          3.30,       2.01,      20.04,     66.11,          7.04
          2,          7,    3,          0.49,          3.30,       2.12,      21.24,     70.05,          6.31
          2,          7,    4,          0.89,          3.30,       2.21,      22.13,     72.97,          5.93
          2,          7,    5,          1.18,          3.30,       2.30,      22.94,     75.66,          5.62
          2,          7,    6,          1.41,          3.30,       2.36,      23.63,     77.90,          5.41
          2,          7,    7,          1.60,          3.30,       2.43,      24.30,     80.13,          5.20
          3,          1,    1,        -13.31,          3.30,       0.99,       9.86,     32.53,          1.69
          3,          1,    2,        -11.62,          3.30,       1.04,      10.46,     34.52,          1.45
          3,          1,    3,        -10.35,          3.30,       1.11,      11.09,     36.58,          1.35
          3,          1,    4,         -9.31,          3.30,       1.16,      11.64,     38.42,          1.35
          3,          1,    5,         -8.51,          3.30,       1.21,      12.12,     40.00,          1.38
          3,          1,    6,         -7.82,          3.30,       1.26,      12.57,     41.49,          1.41
          3,          1,    7,         -7.24,          3.30,       1.31,      13.08,     43.15,          1.41
          3,          2,    1,        -10.73,          3.30,       1.07,      10.67,     35.22,          3.84
          3,          2,    2,         -9.26,          3.30,       1.14,      11.45,     37.78,          2.49
          3,          2,    3,         -8.02,          3.30,       1.21,      12.10,     39.94,          2.28
          3,          2,    4,         -7.07,          3.30,       1.27,      12.76,     42.13,          2.16
          3,          2,    5,         -6.34,          3.30,       1.34,      13.33,     43.99,          2.12
          3,          2,    6,         -5.72,          3.30,       1.39,      13.87,     45.76,          2.10
          3,          2,    7,         -5.24,          3.30,       1.44,      14.41,     47.56,          2.06
          3,          3,    1,         -7.74,          3.30,       1.21,      12.05,     39.76,          4.38
          3,          3,    2,         -6.38,          3.30,       1.30,      12.97,     42.81,          3.34
          3,          3,    3,         -5.40,          3.30,       1.38,      13.77,     45.43,          3.04
          3,          3,    4,         -4.64,          3.30,       1.45,      14.48,     47.75,          2.91
          3,          3,    5,         -4.07,          3.30,       1.51,      15.12,     49.89,          2.81
          3,          3,    6,         -3.57,          3.30,       1.57,      15.64,     51.62,          2.80
          3,          3,    7,         -3.15,          3.30,       1.62,      16.23,     53.56,          2.75
          3,          4,    1,         -5.58,          3.30,       1.35,      13.49,     44.49,          5.01
          3,          4,    2,         -4.37,          3.30,       1.45,      14.52,     47.90,          4.10
          3,          4,    3,         -3.49,          3.30,       1.54,      15.44,     50.92,          3.74
          3,          4,    4,         -2.87,          3.30,       1.62,      16.18,     53.39,          3.58
          3,          4,    5,         -2.36,          3.30,       1.68,      16.82,     55.50,          3.51
          3,          4,    6,         -1.95,          3.30,       1.74,      17.44,     57.53,          3.44
          3,          4,    7,         -1.60,          3.30,       1.81,      18.05,     59.54,          3.36
          3,          5,    1,         -3.31,          3.30,       1.55,      15.48,     51.06,          6.23
          3,          5,    2,         -2.22,          3.30,       1.67,      16.67,     54.99,          5.25
          3,          5,    3,         -1.47,          3.30,       1.77,      17.69,     58.35,          4.82
          3,          5,    4,         -0.95,          3.30,       1.85,      18.54,     61.17,          4.56
          3,          5,    5,         -0.55,          3.30,       1.93,      19.27,     63.57,          4.40
          3,          5,    6,         -0.26,          3.30,       1.99,      19.95,     65.80,          4.24
          3,          5,    7,          0.02,          3.30,       2.05,      20.48,     67.54,          4.19
          3,          6,    1,         -1.80,          3.30,       1.73,      17.25,     56.91,          8.75
          3,          6,    2,         -0.82,          3.30,       1.87,      18.69,     61.64,          6.73
          3,          6,    3,         -0.16,          3.30,       1.98,      19.75,     65.16,          6.09
          3,          6,    4,          0.27,          3.30,       2.06,      20.58,     67.89,          5.74
          3,          6,    5,          0.61,          3.30,       2.14,      21.39,     70.54,          5.44
          3,          6,    6,          0.88,          3.30,       2.20,      22.01,     72.58,          5.27
          3,          6,    7,          1.11,          3.30,       2.27,      22.64,     74.66,          5.10
          3,          7,    1,         -0.59,          3.30,       1.92,      19.18,     63.26,          9.39
          3,          7,    2,          0.41,          3.30,       2.08,      20.75,     68.45,          7.58
          3,          7,    3,          1.00,          3.30,       2.20,      21.99,     72.52,          6.79
          3,          7,    4,          1.39,          3.30,       2.30,      22.95,     75.69,          6.33
          3,          7,    5,          1.72,          3.30,       2.38,      23.76,     78.36,          6.08
          3,          7,    6,          1.93,          3.30,       2.45,      24.49,     80.75,          5.82
          3,          7,    7,          2.11,          3.30,       2.52,      25.22,     83.15,          5.57
          4,          1,    1,        -12.91,          3.30,       1.00,       9.99,     32.97,          1.80
          4,          1,    2,        -11.19,          3.30,       1.06,      10.60,     34.96,          1.58
          4,          1,    3,         -9.92,          3.30,       1.12,      11.22,     37.04,          1.47
          4,          1,    4,         -8.86,          3.30,       1.18,      11.81,     38.96,          1.47
          4,          1,    5,         -8.09,          3.30,       1.23,      12.27,     40.49,          1.50
          4,          1,    6,         -7.39,          3.30,       1.28,      12.80,     42.22,          1.51
          4,          1,    7,         -6.77,          3.30,       1.33,      13.29,     43.84,          1.53
          4,          2,    1,        -10.32,          3.30,       1.08,      10.85,     35.80,          3.92
          4,          2,    2,         -8.81,          3.30,       1.16,      11.61,     38.32,          2.69
          4,          2,    3,         -7.53,          3.30,       1.23,      12.32,     40.65,          2.44
          4,          2,    4,         -6.62,          3.30,       1.30,      12.97,     42.79,          2.33
          4,          2,    5,         -5.90,          3.30,       1.36,      13.58,     44.80,          2.26
          4,          2,    6,         -5.28,          3.30,       1.42,      14.14,     46.67,          2.24
          4,          2,    7,         -4.78,          3.30,       1.48,      14.74,     48.64,          2.19
          4,          3,    1,         -7.28,          3.30,       1.23,      12.33,     40.68,          4.53
          4,          3,    2,         -5.94,          3.30,       1.33,      13.28,     43.80,          3.51
          4,          3,    3,         -4.93,          3.30,       1.41,      14.02,     46.28,          3.30
          4,          3,    4,         -4.18,          3.30,       1.48,      14.81,     48.86,          3.10
          4,          3,    5,         -3.59,          3.30,       1.54,      15.43,     50.91,          3.05
          4,          3,    6,         -3.11,          3.30,       1.61,      16.07,     53.04,          2.96
          4,          3,    7,         -2.69,          3.30,       1.66,      16.60,     54.77,          2.96
          4,          4,    1,         -5.11,          3.30,       1.38,      13.79,     45.51,          5.31
          4,          4,    2,         -3.96,          3.30,       1.49,      14.85,     48.99,          4.33
          4,          4,    3,         -3.05,          3.30,       1.58,      15.77,     52.05,          4.01
          4,          4,    4,         -2.40,          3.30,       1.66,      16.60,     54.76,          3.82
          4,          4,    5,         -1.90,          3.30,       1.73,      17.28,     57.00,          3.73
          4,          4,    6,         -1.47,          3.30,       1.80,      17.99,     59.35,          3.63
          4,          4,    7,         -1.14,          3.30,       1.86,      18.57,     61.27,          3.56
          4,          5,    1,         -2.84,          3.30,       1.59,      15.89,     52.43,          6.58
          4,          5,    2,         -1.76,          3.30,       1.72,      17.14,     56.55,          5.54
          4,          5,    3,         -1.03,          3.30,       1.82,      18.28,     60.29,          5.00
          4,          5,    4,         -0.49,          3.30,       1.91,      19.12,     63.05,          4.82
          4,          5,    5,         -0.10,          3.30,       1.99,      19.90,     65.63,          4.63
          4,          5,    6,          0.23,          3.30,       2.05,      20.49,     67.58,          4.57
          4,          5,    7,          0.47,          3.30,       2.12,      21.16,     69.78,          4.41
          4,          6,    1,         -1.33,          3.30,       1.78,      17.79,     58.69,          9.11
          4,          6,    2,         -0.34,          3.30,       1.92,      19.25,     63.48,          7.18
          4,          6,    3,          0.31,          3.30,       2.03,      20.36,     67.15,          6.49
          4,          6,    4,          0.74,          3.30,       2.13,      21.28,     70.17,          6.06
          4,          6,    5,          1.08,          3.30,       2.21,      22.05,     72.71,          5.80
          4,          6,    6,          1.36,          3.30,       2.28,      22.75,     75.03,          5.60
          4,          6,    7,          1.57,          3.30,       2.35,      23.44,     77.30,          5.38
          4,          7,    1,         -0.11,          3.30,       1.98,      19.82,     65.38,          9.87
          4,          7,    2,          0.86,          3.30,       2.15,      21.46,     70.78,          7.97
          4,          7,    3,          1.48,          3.30,       2.28,      22.78,     75.12,          7.16
          4,          7,    4,          1.89,          3.30,       2.38,      23.76,     78.36,          6.75
          4,          7,    5,          2.18,          3.30,       2.47,      24.69,     81.40,          6.37
          4,          7,    6,          2.41,          3.30,       2.54,      25.41,     83.79,          6.16
          4,          7,    7,          2.60,          3.30,       2.61,      26.11,     86.08,          5.94
          5,          1,    1,        -12.58,          3.30,       1.01,      10.08,     33.27,          1.87
          5,          1,    2,        -10.79,          3.30,       1.07,      10.71,     35.35,          1.66
          5,          1,    3,         -9.51,          3.30,       1.14,      11.40,     37.60,          1.54
          5,          1,    4,         -8.48,          3.30,       1.19,      11.97,     39.49,          1.55
          5,          1,    5,         -7.72,          3.30,       1.25,      12.47,     41.15,          1.56
          5,          1,    6,         -6.97,          3.30,       1.30,      13.00,     42.90,          1.60
          5,          1,    7,         -6.42,          3.30,       1.35,      13.44,     44.35,          1.62
          5,          2,    1,         -9.97,          3.30,       1.10,      10.97,     36.20,          4.01
          5,          2,    2,         -8.43,          3.30,       1.18,      11.75,     38.78,          2.82
          5,          2,    3,         -7.20,          3.30,       1.25,      12.51,     41.29,          2.51
          5,          2,    4,         -6.22,          3.30,       1.32,      13.18,     43.50,          2.43
          5,          2,    5,         -5.52,          3.30,       1.38,      13.79,     45.52,          2.37
          5,          2,    6,         -4.92,          3.30,       1.44,      14.43,     47.62,          2.31
          5,          2,    7,         -4.39,          3.30,       1.50,      14.97,     49.36,          2.32
          5,          3,    1,         -6.92,          3.30,       1.25,      12.49,     41.22,          4.93
          5,          3,    2,         -5.57,          3.30,       1.35,      13.42,     44.26,          3.88
          5,          3,    3,         -4.55,          3.30,       1.44,      14.31,     47.22,          3.47
          5,          3,    4,         -3.78,          3.30,       1.51,      15.10,     49.81,          3.30
          5,          3,    5,         -3.21,          3.30,       1.58,      15.76,     51.98,          3.21
          5,          3,    6,         -2.71,          3.30,       1.64,      16.40,     54.11,          3.15
          5,          3,    7,         -2.31,          3.30,       1.69,      16.91,     55.79,          3.14
          5,          4,    1,         -4.70,          3.30,       1.40,      14.05,     46.35,          5.49
          5,          4,    2,         -3.52,          3.30,       1.52,      15.15,     50.01,          4.53
          5,          4,    3,         -2.63,          3.30,       1.61,      16.16,     53.31,          4.16
          5,          4,    4,         -2.01,          3.30,       1.69,      16.95,     55.91,          4.00
          5,          4,    5,         -1.50,          3.30,       1.77,      17.67,     58.30,          3.91
          5,          4,    6,         -1.06,          3.30,       1.84,      18.41,     60.73,          3.81
          5,          4,    7,         -0.73,          3.30,       1.90,      19.01,     62.71,          3.75
          5,          5,    1,         -2.43,          3.30,       1.63,      16.28,     53.72,          6.83
          5,          5,    2,         -1.34,          3.30,       1.76,      17.58,     57.99,          5.82
          5,          5,    3,         -0.61,          3.30,       1.87,      18.73,     61.78,          5.30
          5,          5,    4,         -0.09,          3.30,       1.96,      19.60,     64.65,          5.08
          5,          5,    5,          0.32,          3.30,       2.04,      20.38,     67.21,          4.93
          5,          5,    6,          0.64,          3.30,       2.11,      21.10,     69.57,          4.79
          5,          5,    7,          0.90,          3.30,       2.17,      21.75,     71.73,          4.67
          5,          6,    1,         -0.92,          3.30,       1.83,      18.31,     60.40,          9.32
          5,          6,    2,          0.09,          3.30,       1.98,      19.79,     65.29,          7.52
          5,          6,    3,          0.72,          3.30,       2.09,      20.93,     69.02,          6.83
          5,          6,    4,          1.17,          3.30,       2.19,      21.88,     72.14,          6.41
          5,          6,    5,          1.51,          3.30,       2.27,      22.68,     74.77,          6.15
          5,          6,    6,          1.78,          3.30,       2.35,      23.47,     77.39,          5.87
          5,          6,    7,          1.98,          3.30,       2.41,      24.10,     79.46,          5.70
          5,          7,    1,          0.32,          3.30,       2.04,      20.37,     67.19,         10.56
          5,          7,    2,          1.29,          3.30,       2.21,      22.11,     72.91,          8.46
          5,          7,    3,          1.90,          3.30,       2.35,      23.47,     77.38,          7.60
          5,          7,    4,          2.31,          3.30,       2.45,      24.51,     80.83,          7.13
          5,          7,    5,          2.61,          3.30,       2.54,      25.43,     83.85,          6.79
          5,          7,    6,          2.84,          3.30,       2.63,      26.25,     86.53,          6.52
          5,          7,    7,          3.02,          3.30,       2.70,      26.96,     88.86,          6.29
          6,          1,    1,        -12.03,          3.30,       1.03,      10.29,     33.94,          2.08
          6,          1,    2,        -10.44,          3.30,       1.09,      10.96,     36.17,          1.72
          6,          1,    3,         -9.10,          3.30,       1.16,      11.64,     38.40,          1.65
          6,          1,    4,         -8.03,          3.30,       1.22,      12.19,     40.21,          1.70
          6,          1,    5,         -7.21,          3.30,       1.28,      12.75,     42.07,          1.71
          6,          1,    6,         -6.52,          3.30,       1.33,      13.30,     43.89,          1.72
          6,          1,    7,         -5.98,          3.30,       1.38,      13.79,     45.49,          1.73
          6,          2,    1,         -9.50,          3.30,       1.12,      11.24,     37.08,          4.11
          6,          2,    2,         -8.00,          3.30,       1.21,      12.07,     39.83,          2.90
          6,          2,    3,         -6.70,          3.30,       1.28,      12.84,     42.39,          2.66
          6,          2,    4,         -5.81,          3.30,       1.35,      13.50,     44.55,          2.57
          6,          2,    5,         -5.06,          3.30,       1.42,      14.17,     46.73,          2.52
          6,          2,    6,         -4.44,          3.30,       1.48,      14.77,     48.74,          2.50
          6,          2,    7,         -3.93,          3.30,       1.54,      15.41,     50.84,          2.45
          6,          3,    1,         -6.45,          3.30,       1.28,      12.82,     42.31,          5.14
          6,          3,    2,         -5.09,          3.30,       1.38,      13.81,     45.57,          4.04
          6,          3,    3,         -4.10,          3.30,       1.48,      14.78,     48.77,          3.58
          6,          3,    4,         -3.32,          3.30,       1.56,      15.57,     51.37,          3.46
          6,          3,    5,         -2.72,          3.30,       1.63,      16.27,     53.67,          3.39
          6,          3,    6,         -2.25,          3.30,       1.68,      16.83,     55.52,          3.38
          6,          3,    7,         -1.85,          3.30,       1.74,      17.43,     57.48,          3.34
          6,          4,    1,         -4.26,          3.30,       1.45,      14.53,     47.94,          5.68
          6,          4,    2,         -3.04,          3.30,       1.57,      15.65,     51.61,          4.84
          6,          4,    3,         -2.18,          3.30,       1.67,      16.64,     54.89,          4.47
          6,          4,    4,         -1.52,          3.30,       1.75,      17.46,     57.59,          4.34
          6,          4,    5,         -1.03,          3.30,       1.83,      18.29,     60.34,          4.16
          6,          4,    6,         -0.62,          3.30,       1.90,      18.98,     62.60,          4.08
          6,          4,    7,         -0.26,          3.30,       1.97,      19.71,     65.01,          3.98
          6,          5,    1,         -1.96,          3.30,       1.68,      16.79,     55.38,          7.48
          6,          5,    2,         -0.88,          3.30,       1.82,      18.25,     60.19,          6.12
          6,          5,    3,         -0.12,          3.30,       1.94,      19.41,     64.03,          5.67
          6,          5,    4,          0.40,          3.30,       2.03,      20.35,     67.11,          5.42
          6,          5,    5,          0.80,          3.30,       2.11,      21.12,     69.65,          5.27
          6,          5,    6,          1.12,          3.30,       2.18,      21.85,     72.06,          5.13
          6,          5,    7,          1.38,          3.30,       2.25,      22.49,     74.17,          5.03
          6,          6,    1,         -0.43,          3.30,       1.90,      18.98,     62.59,         10.09
          6,          6,    2,          0.55,          3.30,       2.06,      20.55,     67.78,          8.02
          6,          6,    3,          1.20,          3.30,       2.17,      21.75,     71.71,          7.30
          6,          6,    4,          1.66,          3.30,       2.27,      22.72,     74.90,          6.88
          6,          6,    5,          2.00,          3.30,       2.36,      23.61,     77.84,          6.54
          6,          6,    6,          2.27,          3.30,       2.44,      24.40,     80.45,          6.28
          6,          6,    7,          2.50,          3.30,       2.51,      25.14,     82.89,          6.07
          6,          7,    1,          0.80,          3.30,       2.12,      21.15,     69.76,         11.13
          6,          7,    2,          1.78,          3.30,       2.30,      23.01,     75.88,          8.91
          6,          7,    3,          2.39,          3.30,       2.45,      24.47,     80.70,          7.97
          6,          7,    4,          2.80,          3.30,       2.56,      25.56,     84.27,          7.52
          6,          7,    5,          3.10,          3.30,       2.66,      26.55,     87.53,          7.15
          6,          7,    6,          3.31,          3.30,       2.73,      27.29,     89.98,          6.90
          6,          7,    7,          3.50,          3.30,       2.81,      28.10,     92.63,          6.65
          7,          1,    1,        -11.69,          3.30,       1.04,      10.38,     34.26,          2.17
          7,          1,    2,         -9.95,          3.30,       1.11,      11.14,     36.75,          1.80
          7,          1,    3,         -8.68,          3.30,       1.18,      11.79,     38.91,          1.74
          7,          1,    4,         -7.66,          3.30,       1.24,      12.36,     40.79,          1.77
          7,          1,    5,         -6.76,          3.30,       1.30,      12.95,     42.71,          1.82
          7,          1,    6,         -6.11,          3.30,       1.35,      13.53,     44.65,          1.81
          7,          1,    7,         -5.55,          3.30,       1.40,      13.98,     46.14,          1.86
          7,          2,    1,         -9.11,          3.30,       1.14,      11.40,     37.62,          4.29
          7,          2,    2,         -7.55,          3.30,       1.22,      12.25,     40.41,          3.11
          7,          2,    3,         -6.32,          3.30,       1.31,      13.08,     43.17,          2.77
          7,          2,    4,         -5.36,          3.30,       1.38,      13.74,     45.31,          2.76
          7,          2,    5,         -4.64,          3.30,       1.45,      14.52,     47.92,          2.61
          7,          2,    6,         -4.03,          3.30,       1.51,      15.08,     49.74,          2.64
          7,          2,    7,         -3.49,          3.30,       1.57,      15.71,     51.84,          2.62
          7,          3,    1,         -6.03,          3.30,       1.31,      13.06,     43.11,          5.35
          7,          3,    2,         -4.69,          3.30,       1.41,      14.12,     46.59,          4.18
          7,          3,    3,         -3.63,          3.30,       1.51,      15.09,     49.79,          3.82
          7,          3,    4,         -2.87,          3.30,       1.59,      15.89,     52.42,          3.70
          7,          3,    5,         -2.27,          3.30,       1.66,      16.60,     54.77,          3.63
          7,          3,    6,         -1.80,          3.30,       1.73,      17.27,     56.99,          3.56
          7,          3,    7,         -1.42,          3.30,       1.80,      17.95,     59.20,          3.48
          7,          4,    1,         -3.81,          3.30,       1.48,      14.82,     48.91,          6.26
          7,          4,    2,         -2.60,          3.30,       1.60,      16.01,     52.83,          5.20
          7,          4,    3,         -1.73,          3.30,       1.71,      17.10,     56.42,          4.75
          7,          4,    4,         -1.09,          3.30,       1.80,      18.04,     59.51,          4.51
          7,          4,    5,         -0.57,          3.30,       1.88,      18.80,     62.02,          4.44
          7,          4,    6,         -0.16,          3.30,       1.96,      19.56,     64.50,          4.34
          7,          4,    7,          0.19,          3.30,       2.02,      20.23,     66.70,          4.28
          7,          5,    1,         -1.52,          3.30,       1.73,      17.31,     57.09,          7.80
          7,          5,    2,         -0.42,          3.30,       1.88,      18.79,     61.97,          6.53
          7,          5,    3,          0.32,          3.30,       2.00,      20.02,     66.03,          5.99
          7,          5,    4,          0.84,          3.30,       2.09,      20.90,     68.92,          5.81
          7,          5,    5,          1.25,          3.30,       2.18,      21.74,     71.70,          5.64
          7,          5,    6,          1.58,          3.30,       2.26,      22.57,     74.44,          5.45
          7,          5,    7,          1.84,          3.30,       2.32,      23.23,     76.60,          5.35
          7,          6,    1,          0.00,          3.30,       1.95,      19.57,     64.53,         10.49
          7,          6,    2,          1.00,          3.30,       2.12,      21.19,     69.87,          8.46
          7,          6,    3,          1.67,          3.30,       2.25,      22.49,     74.15,          7.66
          7,          6,    4,          2.12,          3.30,       2.35,      23.47,     77.39,          7.28
          7,          6,    5,          2.46,          3.30,       2.44,      24.40,     80.46,          6.92
          7,          6,    6,          2.73,          3.30,       2.52,      25.19,     83.06,          6.68
          7,          6,    7,          2.96,          3.30,       2.60,      25.99,     85.66,          6.44
          7,          7,    1,          1.26,          3.30,       2.19,      21.88,     72.13,         11.87
          7,          7,    2,          2.25,          3.30,       2.38,      23.82,     78.55,          9.50
          7,          7,    3,          2.87,          3.30,       2.54,      25.35,     83.57,          8.53
          7,          7,    4,          3.26,          3.30,       2.65,      26.52,     87.42,          7.98
          7,          7,    5,          3.55,          3.30,       2.75,      27.46,     90.53,          7.64
          7,          7,    6,          3.78,          3.30,       2.84,      28.38,     93.56,          7.30
          7,          7,    7,          3.98,          3.30,       2.91,      29.14,     96.05,          7.10
          8,          1,    1,        -11.23,          3.30,       1.05,      10.51,     34.69,          2.38
          8,          1,    2,         -9.56,          3.30,       1.13,      11.30,     37.29,          1.92
          8,          1,    3,         -8.22,          3.30,       1.20,      11.97,     39.51,          1.89
          8,          1,    4,         -7.15,          3.30,       1.26,      12.63,     41.66,          1.90
          8,          1,    5,         -6.34,          3.30,       1.32,      13.18,     43.49,          1.94
          8,          1,    6,         -5.64,          3.30,       1.38,      13.79,     45.51,          1.95
          8,          1,    7,         -5.07,          3.30,       1.44,      14.34,     47.32,          1.97
          8,          2,    1,         -8.62,          3.30,       1.16,      11.56,     38.17,          4.77
          8,          2,    2,         -7.08,          3.30,       1.24,      12.46,     41.10,          3.37
          8,          2,    3,         -5.83,          3.30,       1.33,      13.31,     43.93,          3.02
          8,          2,    4,         -4.92,          3.30,       1.41,      14.09,     46.48,          2.88
          8,          2,    5,         -4.15,          3.30,       1.49,      14.83,     48.92,          2.82
          8,          2,    6,         -3.54,          3.30,       1.54,      15.44,     50.93,          2.83
          8,          2,    7,         -3.05,          3.30,       1.61,      16.06,     52.99,          2.80
          8,          3,    1,         -5.55,          3.30,       1.33,      13.34,     44.00,          5.98
          8,          3,    2,         -4.21,          3.30,       1.44,      14.43,     47.61,          4.58
          8,          3,    3,         -3.17,          3.30,       1.54,      15.43,     50.89,          4.18
          8,          3,    4,         -2.40,          3.30,       1.64,      16.37,     54.00,          3.92
          8,          3,    5,         -1.83,          3.30,       1.70,      17.04,     56.22,          3.89
          8,          3,    6,         -1.31,          3.30,       1.78,      17.80,     58.73,          3.81
          8,          3,    7,         -0.93,          3.30,       1.85,      18.46,     60.90,          3.74
          8,          4,    1,         -3.33,          3.30,       1.53,      15.24,     50.29,          6.60
          8,          4,    2,         -2.14,          3.30,       1.65,      16.51,     54.48,          5.45
          8,          4,    3,         -1.26,          3.30,       1.76,      17.60,     58.05,          5.06
          8,          4,    4,         -0.60,          3.30,       1.86,      18.56,     61.21,          4.86
          8,          4,    5,         -0.11,          3.30,       1.94,      19.37,     63.89,          4.73
          8,          4,    6,          0.32,          3.30,       2.01,      20.14,     66.42,          4.65
          8,          4,    7,          0.66,          3.30,       2.09,      20.86,     68.77,          4.56
          8,          5,    1,         -1.05,          3.30,       1.78,      17.79,     58.69,          8.16
          8,          5,    2,          0.07,          3.30,       1.94,      19.42,     64.04,          6.78
          8,          5,    3,          0.81,          3.30,       2.07,      20.64,     68.07,          6.34
          8,          5,    4,          1.34,          3.30,       2.16,      21.63,     71.32,          6.11
          8,          5,    5,          1.74,          3.30,       2.26,      22.55,     74.36,          5.90
          8,          5,    6,          2.06,          3.30,       2.33,      23.34,     76.97,          5.76
          8,          5,    7,          2.33,          3.30,       2.40,      24.03,     79.22,          5.68
          8,          6,    1,          0.50,          3.30,       2.02,      20.22,     66.68,         11.04
          8,          6,    2,          1.50,          3.30,       2.19,      21.95,     72.39,          8.91
          8,          6,    3,          2.17,          3.30,       2.33,      23.29,     76.80,          8.13
          8,          6,    4,          2.62,          3.30,       2.44,      24.40,     80.45,          7.64
          8,          6,    5,          2.95,          3.30,       2.54,      25.34,     83.53,          7.30
          8,          6,    6,          3.21,          3.30,       2.62,      26.21,     86.41,          7.01
          8,          6,    7,          3.45,          3.30,       2.70,      27.00,     88.99,          6.82
          8,          7,    1,          1.76,          3.30,       2.27,      22.67,     74.77,         12.54
          8,          7,    2,          2.74,          3.30,       2.48,      24.76,     81.65,          9.98
          8,          7,    3,          3.35,          3.30,       2.64,      26.37,     86.96,          8.96
          8,          7,    4,          3.76,          3.30,       2.75,      27.48,     90.58,          8.57
          8,          7,    5,          4.07,          3.30,       2.86,      28.60,     94.27,          8.11
          8,          7,    6,          4.28,          3.30,       2.95,      29.47,     97.15,          7.81
          8,          7,    7,          4.47,          3.30,       3.03,      30.33,     99.99,          7.53
          9,          1,    1,        -10.83,          3.30,       1.06,      10.60,     35.00,          2.61
          9,          1,    2,         -9.14,          3.30,       1.14,      11.45,     37.78,          2.05
          9,          1,    3,         -7.75,          3.30,       1.21,      12.11,     39.97,          2.06
          9,          1,    4,         -6.69,          3.30,       1.28,      12.80,     42.23,          2.06
          9,          1,    5,         -5.90,          3.30,       1.35,      13.45,     44.39,          2.05
          9,          1,    6,         -5.22,          3.30,       1.40,      13.98,     46.12,          2.11
          9,          1,    7,         -4.67,          3.30,       1.46,      14.58,     48.11,          2.10
          9,          2,    1,         -8.19,          3.30,       1.18,      11.79,     38.93,          4.94
          9,          2,    2,         -6.63,          3.30,       1.27,      12.72,     41.97,          3.56
          9,          2,    3,         -5.41,          3.30,       1.35,      13.55,     44.69,          3.26
          9,          2,    4,         -4.48,          3.30,       1.44,      14.38,     47.45,          3.07
          9,          2,    5,         -3.73,          3.30,       1.51,      15.13,     49.91,          3.01
          9,          2,    6,         -3.12,          3.30,       1.57,      15.72,     51.87,          3.05
          9,          2,    7,         -2.59,          3.30,       1.65,      16.46,     54.31,          2.98
          9,          3,    1,         -5.10,          3.30,       1.36,      13.64,     45.02,          5.91
          9,          3,    2,         -3.76,          3.30,       1.48,      14.78,     48.76,          4.69
          9,          3,    3,         -2.73,          3.30,       1.59,      15.82,     52.20,          4.30
          9,          3,    4,         -1.95,          3.30,       1.67,      16.74,     55.21,          4.14
          9,          3,    5,         -1.40,          3.30,       1.75,      17.50,     57.74,          4.04
          9,          3,    6,         -0.89,          3.30,       1.82,      18.24,     60.16,          4.00
          9,          3,    7,         -0.49,          3.30,       1.89,      18.92,     62.41,          3.95
          9,          4,    1,         -2.91,          3.30,       1.56,      15.62,     51.52,          6.92
          9,          4,    2,         -1.71,          3.30,       1.69,      16.88,     55.67,          5.84
          9,          4,    3,         -0.81,          3.30,       1.81,      18.07,     59.62,          5.36
          9,          4,    4,         -0.16,          3.30,       1.91,      19.07,     62.91,          5.14
          9,          4,    5,          0.35,          3.30,       2.00,      19.98,     65.91,          4.98
          9,          4,    6,          0.77,          3.30,       2.07,      20.74,     68.41,          4.92
          9,          4,    7,          1.10,          3.30,       2.15,      21.48,     70.85,          4.82
          9,          5,    1,         -0.59,          3.30,       1.84,      18.37,     60.62,          8.59
          9,          5,    2,          0.49,          3.30,       2.00,      19.96,     65.86,          7.27
          9,          5,    3,          1.26,          3.30,       2.13,      21.34,     70.39,          6.70
          9,          5,    4,          1.80,          3.30,       2.24,      22.39,     73.83,          6.48
          9,          5,    5,          2.21,          3.30,       2.33,      23.31,     76.87,          6.30
          9,          5,    6,          2.52,          3.30,       2.41,      24.08,     79.41,          6.17
          9,          5,    7,          2.78,          3.30,       2.49,      24.86,     81.96,          6.02
          9,          6,    1,          0.96,          3.30,       2.08,      20.81,     68.65,         12.06
          9,          6,    2,          1.97,          3.30,       2.26,      22.65,     74.70,          9.61
          9,          6,    3,          2.62,          3.30,       2.41,      24.12,     79.52,          8.61
          9,          6,    4,          3.08,          3.30,       2.53,      25.28,     83.35,          8.12
          9,          6,    5,          3.41,          3.30,       2.63,      26.29,     86.69,          7.74
          9,          6,    6,          3.69,          3.30,       2.71,      27.09,     89.32,          7.54
          9,          6,    7,          3.90,          3.30,       2.80,      27.98,     92.24,          7.24
          9,          7,    1,          2.21,          3.30,       2.34,      23.43,     77.26,         13.35
          9,          7,    2,          3.19,          3.30,       2.57,      25.63,     84.51,         10.57
          9,          7,    3,          3.81,          3.30,       2.73,      27.32,     90.06,          9.53
          9,          7,    4,          4.22,          3.30,       2.86,      28.61,     94.32,          8.95
          9,          7,    5,          4.52,          3.30,       2.97,      29.70,     97.91,          8.56
          9,          7,    6,          4.75,          3.30,       3.06,      30.56,    100.72,          8.32
          9,          7,    7,          4.94,          3.30,       3.15,      31.51,    103.87,          7.98
         10,          1,    1,        -10.37,          3.30,       1.08,      10.79,     35.61,          2.62
         10,          1,    2,         -8.67,          3.30,       1.16,      11.61,     38.32,          2.18
         10,          1,    3,         -7.30,          3.30,       1.23,      12.37,     40.81,          2.14
         10,          1,    4,         -6.26,          3.30,       1.31,      13.02,     42.95,          2.18
         10,          1,    5,         -5.47,          3.30,       1.37,      13.65,     45.04,          2.20
         10,          1,    6,         -4.76,          3.30,       1.43,      14.34,     47.31,          2.20
         10,          1,    7,         -4.22,          3.30,       1.49,      14.89,     49.14,          2.22
         10,          2,    1,         -7.80,          3.30,       1.19,      11.94,     39.40,          5.71
         10,          2,    2,         -6.15,          3.30,       1.29,      12.92,     42.62,          3.96
         10,          2,    3,         -4.96,          3.30,       1.39,      13.86,     45.73,          3.45
         10,          2,    4,         -4.03,          3.30,       1.47,      14.68,     48.45,          3.31
         10,          2,    5,         -3.26,          3.30,       1.54,      15.42,     50.87,          3.28
         10,          2,    6,         -2.64,          3.30,       1.62,      16.21,     53.49,          3.20
         10,          2,    7,         -2.15,          3.30,       1.68,      16.78,     55.36,          3.23
         10,          3,    1,         -4.68,          3.30,       1.40,      13.93,     45.94,          6.45
         10,          3,    2,         -3.31,          3.30,       1.51,      15.18,     50.08,          4.95
         10,          3,    3,         -2.27,          3.30,       1.62,      16.24,     53.57,          4.59
         10,          3,    4,         -1.49,          3.30,       1.71,      17.13,     56.52,          4.47
         10,          3,    5,         -0.92,          3.30,       1.80,      18.01,     59.42,          4.31
         10,          3,    6,         -0.42,          3.30,       1.88,      18.78,     61.95,          4.27
         10,          3,    7,         -0.02,          3.30,       1.94,      19.43,     64.08,          4.25
         10,          4,    1,         -2.42,          3.30,       1.60,      15.98,     52.73,          7.33
         10,          4,    2,         -1.23,          3.30,       1.74,      17.40,     57.38,          6.05
         10,          4,    3,         -0.36,          3.30,       1.86,      18.65,     61.49,          5.55
         10,          4,    4,          0.33,          3.30,       1.97,      19.71,     65.01,          5.36
         10,          4,    5,          0.81,          3.30,       2.05,      20.51,     67.67,          5.30
         10,          4,    6,          1.23,          3.30,       2.14,      21.36,     70.44,          5.20
         10,          4,    7,          1.60,          3.30,       2.22,      22.17,     73.10,          5.13
         10,          5,    1,         -0.14,          3.30,       1.89,      18.93,     62.44,          9.04
         10,          5,    2,          0.97,          3.30,       2.06,      20.56,     67.79,          7.77
         10,          5,    3,          1.74,          3.30,       2.20,      22.04,     72.68,          7.12
         10,          5,    4,          2.29,          3.30,       2.31,      23.14,     76.32,          6.89
         10,          5,    5,          2.68,          3.30,       2.41,      24.06,     79.34,          6.70
         10,          5,    6,          3.02,          3.30,       2.50,      25.05,     82.58,          6.50
         10,          5,    7,          3.27,          3.30,       2.58,      25.82,     85.13,          6.35
         10,          6,    1,          1.41,          3.30,       2.16,      21.59,     71.20,         12.46
         10,          6,    2,          2.45,          3.30,       2.35,      23.48,     77.42,         10.15
         10,          6,    3,          3.11,          3.30,       2.50,      25.02,     82.48,          9.14
         10,          6,    4,          3.56,          3.30,       2.62,      26.20,     86.36,          8.65
         10,          6,    5,          3.90,          3.30,       2.72,      27.22,     89.73,          8.29
         10,          6,    6,          4.17,          3.30,       2.82,      28.22,     93.02,          7.94
         10,          6,    7,          4.39,          3.30,       2.90,      29.01,     95.63,          7.74
         10,          7,    1,          2.68,          3.30,       2.43,      24.28,     80.06,         13.92
         10,          7,    2,          3.68,          3.30,       2.67,      26.68,     87.95,         11.01
         10,          7,    3,          4.30,          3.30,       2.84,      28.40,     93.61,         10.03
         10,          7,    4,          4.71,          3.30,       2.98,      29.75,     98.07,          9.44
         10,          7,    5,          5.00,          3.30,       3.09,      30.88,    101.78,          9.04
         10,          7,    6,          5.24,          3.30,       3.18,      31.85,    104.99,          8.74
         10,          7,    7,          5.42,          3.30,       3.28,      32.73,    107.88,          8.47
         11,          1,    1,         -9.93,          3.30,       1.09,      10.97,     36.21,          2.61
         11,          1,    2,         -8.21,          3.30,       1.18,      11.76,     38.80,          2.33
         11,          1,    3,         -6.82,          3.30,       1.26,      12.60,     41.57,          2.25
         11,          1,    4,         -5.81,          3.30,       1.33,      13.28,     43.81,          2.28
         11,          1,    5,         -4.98,          3.30,       1.40,      13.97,     46.09,          2.31
         11,          1,    6,         -4.33,          3.30,       1.46,      14.61,     48.21,          2.32
         11,          1,    7,         -3.74,          3.30,       1.52,      15.22,     50.22,          2.36
         11,          2,    1,         -7.29,          3.30,       1.22,      12.15,     40.10,          5.88
         11,          2,    2,         -5.75,          3.30,       1.32,      13.21,     43.59,          3.99
         11,          2,    3,         -4.50,          3.30,       1.42,      14.16,     46.71,          3.63
         11,          2,    4,         -3.55,          3.30,       1.50,      15.00,     49.50,          3.51
         11,          2,    5,         -2.80,          3.30,       1.58,      15.87,     52.35,          3.40
         11,          2,    6,         -2.17,          3.30,       1.66,      16.60,     54.77,          3.40
         11,          2,    7,         -1.67,          3.30,       1.72,      17.23,     56.85,          3.42
         11,          3,    1,         -4.18,          3.30,       1.43,      14.24,     47.00,          6.88
         11,          3,    2,         -2.82,          3.30,       1.56,      15.59,     51.43,          5.23
         11,          3,    3,         -1.78,          3.30,       1.67,      16.68,     55.02,          4.89
         11,          3,    4,         -1.00,          3.30,       1.76,      17.64,     58.19,          4.74
         11,          3,    5,         -0.42,          3.30,       1.86,      18.52,     61.09,          4.62
         11,          3,    6,          0.06,          3.30,       1.94,      19.35,     63.84,          4.53
         11,          3,    7,          0.45,          3.30,       2.01,      20.09,     66.25,          4.48
         11,          4,    1,         -1.97,          3.30,       1.64,      16.43,     54.21,          7.85
         11,          4,    2,         -0.75,          3.30,       1.79,      17.93,     59.18,          6.45
         11,          4,    3,          0.14,          3.30,       1.92,      19.22,     63.41,          5.98
         11,          4,    4,          0.79,          3.30,       2.02,      20.27,     66.84,          5.79
         11,          4,    5,          1.32,          3.30,       2.12,      21.24,     70.06,          5.66
         11,          4,    6,          1.75,          3.30,       2.21,      22.12,     72.95,          5.58
         11,          4,    7,          2.09,          3.30,       2.29,      22.91,     75.53,          5.50
         11,          5,    1,          0.34,          3.30,       1.96,      19.58,     64.57,          9.46
         11,          5,    2,          1.46,          3.30,       2.13,      21.34,     70.37,          8.12
         11,          5,    3,          2.23,          3.30,       2.29,      22.85,     75.35,          7.52
         11,          5,    4,          2.76,          3.30,       2.40,      23.95,     78.97,          7.30
         11,          5,    5,          3.18,          3.30,       2.51,      25.08,     82.67,          7.05
         11,          5,    6,          3.51,          3.30,       2.59,      25.92,     85.47,          6.95
         11,          5,    7,          3.77,          3.30,       2.68,      26.82,     88.41,          6.76
         11,          6,    1,          1.92,          3.30,       2.23,      22.30,     73.54,         13.55
         11,          6,    2,          2.93,          3.30,       2.44,      24.41,     80.49,         10.66
         11,          6,    3,          3.60,          3.30,       2.60,      26.01,     85.76,          9.67
         11,          6,    4,          4.05,          3.30,       2.73,      27.26,     89.88,          9.14
         11,          6,    5,          4.40,          3.30,       2.84,      28.39,     93.60,          8.74
         11,          6,    6,          4.67,          3.30,       2.94,      29.35,     96.75,          8.45
         11,          6,    7,          4.90,          3.30,       3.02,      30.16,     99.43,          8.27
         11,          7,    1,          3.17,          3.30,       2.53,      25.27,     83.32,         14.58
         11,          7,    2,          4.17,          3.30,       2.77,      27.69,     91.30,         11.76
         11,          7,    3,          4.80,          3.30,       2.96,      29.59,     97.53,         10.63
         11,          7,    4,          5.20,          3.30,       3.09,      30.93,    101.95,         10.08
         11,          7,    5,          5.50,          3.30,       3.22,      32.21,    106.16,          9.57
         11,          7,    6,          5.75,          3.30,       3.32,      33.22,    109.50,          9.29
         11,          7,    7,          5.93,          3.30,       3.42,      34.19,    112.69,          8.99
         12,          1,    1,         -9.57,          3.30,       1.11,      11.10,     36.62,          2.71
         12,          1,    2,         -7.87,          3.30,       1.20,      11.92,     39.34,          2.40
         12,          1,    3,         -6.48,          3.30,       1.28,      12.75,     42.07,          2.37
         12,          1,    4,         -5.46,          3.30,       1.35,      13.50,     44.56,          2.37
         12,          1,    5,         -4.63,          3.30,       1.41,      14.12,     46.57,          2.46
         12,          1,    6,         -3.94,          3.30,       1.49,      14.90,     49.17,          2.43
         12,          1,    7,         -3.36,          3.30,       1.54,      15.43,     50.90,          2.51
         12,          2,    1,         -6.93,          3.30,       1.23,      12.33,     40.68,          6.60
         12,          2,    2,         -5.39,          3.30,       1.34,      13.37,     44.11,          4.45
         12,          2,    3,         -4.11,          3.30,       1.44,      14.39,     47.47,          3.94
         12,          2,    4,         -3.18,          3.30,       1.53,      15.33,     50.57,          3.71
         12,          2,    5,         -2.44,          3.30,       1.62,      16.16,     53.31,          3.63
         12,          2,    6,         -1.82,          3.30,       1.68,      16.82,     55.50,          3.68
         12,          2,    7,         -1.30,          3.30,       1.75,      17.54,     57.88,          3.66
         12,          3,    1,         -3.84,          3.30,       1.46,      14.58,     48.09,          6.74
         12,          3,    2,         -2.48,          3.30,       1.58,      15.84,     52.28,          5.48
         12,          3,    3,         -1.41,          3.30,       1.70,      16.98,     56.02,          5.14
         12,          3,    4,         -0.65,          3.30,       1.80,      18.04,     59.52,          4.91
         12,          3,    5,         -0.05,          3.30,       1.90,      18.98,     62.62,          4.78
         12,          3,    6,          0.44,          3.30,       1.98,      19.85,     65.45,          4.71
         12,          3,    7,          0.83,          3.30,       2.05,      20.51,     67.63,          4.71
         12,          4,    1,         -1.61,          3.30,       1.68,      16.82,     55.48,          8.01
         12,          4,    2,         -0.37,          3.30,       1.84,      18.35,     60.56,          6.70
         12,          4,    3,          0.52,          3.30,       1.97,      19.70,     64.97,          6.22
         12,          4,    4,          1.19,          3.30,       2.08,      20.79,     68.56,          6.05
         12,          4,    5,          1.69,          3.30,       2.18,      21.80,     71.88,          5.90
         12,          4,    6,          2.12,          3.30,       2.27,      22.71,     74.87,          5.81
         12,          4,    7,          2.47,          3.30,       2.35,      23.47,     77.40,          5.78
         12,          5,    1,          0.71,          3.30,       2.01,      20.06,     66.15,          9.90
         12,          5,    2,          1.85,          3.30,       2.19,      21.92,     72.30,          8.49
         12,          5,    3,          2.62,          3.30,       2.35,      23.46,     77.37,          7.91
         12,          5,    4,          3.15,          3.30,       2.47,      24.73,     81.52,          7.58
         12,          5,    5,          3.57,          3.30,       2.57,      25.76,     84.92,          7.43
         12,          5,    6,          3.90,          3.30,       2.68,      26.75,     88.17,          7.24
         12,          5,    7,          4.16,          3.30,       2.75,      27.53,     90.74,          7.14
         12,          6,    1,          2.29,          3.30,       2.29,      22.94,     75.66,         14.03
         12,          6,    2,          3.32,          3.30,       2.51,      25.15,     82.93,         11.10
         12,          6,    3,          3.98,          3.30,       2.68,      26.76,     88.21,         10.15
         12,          6,    4,          4.44,          3.30,       2.81,      28.10,     92.62,          9.57
         12,          6,    5,          4.78,          3.30,       2.93,      29.26,     96.45,          9.14
         12,          6,    6,          5.06,          3.30,       3.03,      30.25,     99.72,          8.88
         12,          6,    7,          5.28,          3.30,       3.11,      31.12,    102.56,          8.65
         12,          7,    1,          3.55,          3.30,       2.61,      26.07,     85.94,         15.13
         12,          7,    2,          4.56,          3.30,       2.86,      28.62,     94.34,         12.24
         12,          7,    3,          5.19,          3.30,       3.05,      30.54,    100.66,         11.12
         12,          7,    4,          5.60,          3.30,       3.20,      31.96,    105.33,         10.57
         12,          7,    5,          5.91,          3.30,       3.33,      33.25,    109.59,         10.10
         12,          7,    6,          6.13,          3.30,       3.43,      34.27,    112.95,          9.77
         12,          7,    7,          6.32,          3.30,       3.53,      35.27,    116.24,          9.46
         13,          1,    1,         -9.13,          3.30,       1.12,      11.21,     37.00,          3.01
         13,          1,    2,         -7.39,          3.30,       1.21,      12.08,     39.88,          2.63
         13,          1,    3,         -6.00,          3.30,       1.30,      13.03,     43.00,          2.50
         13,          1,    4,         -4.97,          3.30,       1.37,      13.74,     45.34,          2.57
         13,          1,    5,         -4.17,          3.30,       1.45,      14.51,     47.87,          2.56
         13,          1,    6,         -3.48,          3.30,       1.52,      15.19,     50.14,          2.61
         13,          1,    7,         -2.92,          3.30,       1.58,      15.78,     52.06,          2.67
         13,          2,    1,         -6.47,          3.30,       1.25,      12.54,     41.37,          7.07
         13,          2,    2,         -4.95,          3.30,       1.36,      13.64,     44.99,          4.70
         13,          2,    3,         -3.66,          3.30,       1.48,      14.78,     48.76,          4.07
         13,          2,    4,         -2.70,          3.30,       1.57,      15.70,     51.78,          3.95
         13,          2,    5,         -1.98,          3.30,       1.65,      16.56,     54.62,          3.86
         13,          2,    6,         -1.35,          3.30,       1.73,      17.30,     57.04,          3.88
         13,          2,    7,         -0.84,          3.30,       1.81,      18.11,     59.74,          3.82
         13,          3,    1,         -3.39,          3.30,       1.49,      14.86,     49.02,          7.47
         13,          3,    2,         -2.00,          3.30,       1.63,      16.29,     53.75,          5.80
         13,          3,    3,         -0.96,          3.30,       1.75,      17.45,     57.54,          5.47
         13,          3,    4,         -0.19,          3.30,       1.86,      18.60,     61.36,          5.18
         13,          3,    5,          0.41,          3.30,       1.95,      19.51,     64.35,          5.12
         13,          3,    6,          0.91,          3.30,       2.03,      20.32,     67.02,          5.11
         13,          3,    7,          1.31,          3.30,       2.11,      21.08,     69.53,          5.07
         13,          4,    1,         -1.14,          3.30,       1.72,      17.24,     56.88,          8.88
         13,          4,    2,          0.09,          3.30,       1.89,      18.89,     62.33,          7.24
         13,          4,    3,          0.97,          3.30,       2.03,      20.23,     66.74,          6.74
         13,          4,    4,          1.65,          3.30,       2.14,      21.45,     70.74,          6.49
         13,          4,    5,          2.17,          3.30,       2.25,      22.46,     74.07,          6.38
         13,          4,    6,          2.59,          3.30,       2.35,      23.49,     77.47,          6.21
         13,          4,    7,          2.94,          3.30,       2.43,      24.35,     80.26,          6.15
         13,          5,    1,          1.17,          3.30,       2.07,      20.68,     68.20,         10.57
         13,          5,    2,          2.31,          3.30,       2.26,      22.63,     74.63,          9.05
         13,          5,    3,          3.10,          3.30,       2.43,      24.24,     79.91,          8.48
         13,          5,    4,          3.64,          3.30,       2.56,      25.60,     84.40,          8.09
         13,          5,    5,          4.05,          3.30,       2.67,      26.71,     88.04,          7.89
         13,          5,    6,          4.38,          3.30,       2.77,      27.74,     91.45,          7.70
         13,          5,    7,          4.64,          3.30,       2.86,      28.63,     94.37,          7.55
         13,          6,    1,          2.76,          3.30,       2.38,      23.79,     78.42,         14.82
         13,          6,    2,          3.81,          3.30,       2.60,      26.03,     85.82,         11.93
         13,          6,    3,          4.46,          3.30,       2.78,      27.79,     91.60,         10.79
         13,          6,    4,          4.93,          3.30,       2.92,      29.19,     96.22,         10.20
         13,          6,    5,          5.27,          3.30,       3.04,      30.40,    100.20,          9.75
         13,          6,    6,          5.54,          3.30,       3.15,      31.46,    103.68,          9.43
         13,          6,    7,          5.77,          3.30,       3.25,      32.46,    107.00,          9.15
         13,          7,    1,          4.02,          3.30,       2.71,      27.06,     89.23,         15.89
         13,          7,    2,          5.05,          3.30,       2.97,      29.73,     98.03,         12.95
         13,          7,    3,          5.68,          3.30,       3.18,      31.83,    104.91,         11.71
         13,          7,    4,          6.09,          3.30,       3.34,      33.36,    109.95,         11.11
         13,          7,    5,          6.40,          3.30,       3.46,      34.63,    114.15,         10.69
         13,          7,    6,          6.62,          3.30,       3.57,      35.75,    117.82,         10.32
         13,          7,    7,          6.82,          3.30,       3.68,      36.79,    121.25,         10.03
         14,          1,    1,         -8.71,          3.30,       1.15,      11.45,     37.78,          3.09
         14,          1,    2,         -7.00,          3.30,       1.24,      12.37,     40.81,          2.70
         14,          1,    3,         -5.62,          3.30,       1.32,      13.27,     43.79,          2.65
         14,          1,    4,         -4.57,          3.30,       1.41,      14.06,     46.37,          2.70
         14,          1,    5,         -3.73,          3.30,       1.49,      14.87,     49.06,          2.71
         14,          1,    6,         -3.04,          3.30,       1.55,      15.51,     51.19,          2.80
         14,          1,    7,         -2.48,          3.30,       1.62,      16.19,     53.42,          2.82
         14,          2,    1,         -6.09,          3.30,       1.29,      12.85,     42.41,          6.83
         14,          2,    2,         -4.51,          3.30,       1.40,      14.02,     46.25,          4.75
         14,          2,    3,         -3.24,          3.30,       1.51,      15.07,     49.73,          4.35
         14,          2,    4,         -2.28,          3.30,       1.61,      16.12,     53.19,          4.12
         14,          2,    5,         -1.53,          3.30,       1.70,      16.97,     55.98,          4.10
         14,          2,    6,         -0.91,          3.30,       1.78,      17.79,     58.69,          4.08
         14,          2,    7,         -0.40,          3.30,       1.86,      18.60,     61.34,          4.05
         14,          3,    1,         -2.97,          3.30,       1.53,      15.28,     50.42,          7.75
         14,          3,    2,         -1.57,          3.30,       1.67,      16.70,     55.08,          6.23
         14,          3,    3,         -0.52,          3.30,       1.81,      18.05,     59.55,          5.67
         14,          3,    4,          0.27,          3.30,       1.91,      19.14,     63.13,          5.54
         14,          3,    5,          0.85,          3.30,       2.01,      20.12,     66.34,          5.42
         14,          3,    6,          1.35,          3.30,       2.10,      20.97,     69.17,          5.40
         14,          3,    7,          1.76,          3.30,       2.18,      21.79,     71.85,          5.37
         14,          4,    1,         -0.70,          3.30,       1.78,      17.77,     58.61,          9.22
         14,          4,    2,          0.52,          3.30,       1.95,      19.53,     64.41,          7.51
         14,          4,    3,          1.43,          3.30,       2.09,      20.91,     68.97,          7.10
         14,          4,    4,          2.11,          3.30,       2.22,      22.19,     73.20,          6.82
         14,          4,    5,          2.62,          3.30,       2.33,      23.27,     76.74,          6.68
         14,          4,    6,          3.05,          3.30,       2.42,      24.25,     79.95,          6.61
         14,          4,    7,          3.39,          3.30,       2.52,      25.20,     83.10,          6.47
         14,          5,    1,          1.60,          3.30,       2.14,      21.36,     70.45,         11.06
         14,          5,    2,          2.76,          3.30,       2.35,      23.47,     77.40,          9.43
         14,          5,    3,          3.55,          3.30,       2.52,      25.23,     83.17,          8.77
         14,          5,    4,          4.10,          3.30,       2.66,      26.61,     87.73,          8.46
         14,          5,    5,          4.50,          3.30,       2.78,      27.76,     91.51,          8.27
         14,          5,    6,          4.83,          3.30,       2.88,      28.83,     95.04,          8.08
         14,          5,    7,          5.09,          3.30,       2.97,      29.74,     98.03,          7.95
         14,          6,    1,          3.20,          3.30,       2.47,      24.69,     81.41,         15.26
         14,          6,    2,          4.26,          3.30,       2.71,      27.09,     89.32,         12.35
         14,          6,    3,          4.93,          3.30,       2.89,      28.93,     95.37,         11.25
         14,          6,    4,          5.38,          3.30,       3.04,      30.38,    100.12,         10.65
         14,          6,    5,          5.73,          3.30,       3.17,      31.67,    104.40,         10.20
         14,          6,    6,          6.02,          3.30,       3.28,      32.74,    107.92,          9.95
         14,          6,    7,          6.23,          3.30,       3.37,      33.74,    111.21,          9.66
         14,          7,    1,          4.47,          3.30,       2.82,      28.16,     92.82,         16.62
         14,          7,    2,          5.49,          3.30,       3.09,      30.96,    102.04,         13.59
         14,          7,    3,          6.13,          3.30,       3.31,      33.16,    109.29,         12.32
         14,          7,    4,          6.55,          3.30,       3.47,      34.73,    114.49,         11.73
         14,          7,    5,          6.85,          3.30,       3.61,      36.05,    118.83,         11.29
         14,          7,    6,          7.08,          3.30,       3.73,      37.30,    122.92,         10.87
         14,          7,    7,          7.27,          3.30,       3.84,      38.43,    126.66,         10.53
         15,          1,    1,         -4.14,          3.30,       1.37,      13.70,     45.21,          4.40
         15,          1,    2,         -2.23,          3.30,       1.53,      15.28,     50.42,          4.28
         15,          1,    3,         -0.97,          3.30,       1.67,      16.73,     55.20,          4.26
         15,          1,    4,         -0.04,          3.30,       1.80,      18.01,     59.42,          4.31
         15,          1,    5,          0.62,          3.30,       1.91,      19.11,     63.03,          4.34
         15,          1,    6,          1.18,          3.30,       2.02,      20.17,     66.54,          4.36
         15,          1,    7,          1.63,          3.30,       2.12,      21.20,     69.93,          4.35
         15,          2,    1,         -2.25,          3.30,       1.54,      15.36,     50.68,          8.45
         15,          2,    2,         -0.52,          3.30,       1.72,      17.21,     56.79,          6.75
         15,          2,    3,          0.67,          3.30,       1.90,      18.96,     62.53,          6.17
         15,          2,    4,          1.51,          3.30,       2.03,      20.33,     67.05,          6.05
         15,          2,    5,          2.14,          3.30,       2.17,      21.68,     71.48,          5.88
         15,          2,    6,          2.64,          3.30,       2.29,      22.86,     75.38,          5.78
         15,          2,    7,          3.04,          3.30,       2.40,      23.98,     79.06,          5.68
         15,          3,    1,          0.09,          3.30,       1.82,      18.21,     60.06,         11.78
         15,          3,    2,          1.59,          3.30,       2.04,      20.41,     67.32,          9.05
         15,          3,    3,          2.59,          3.30,       2.23,      22.30,     73.54,          8.20
         15,          3,    4,          3.29,          3.30,       2.38,      23.80,     78.47,          7.88
         15,          3,    5,          3.79,          3.30,       2.53,      25.28,     83.35,          7.48
         15,          3,    6,          4.17,          3.30,       2.67,      26.62,     87.77,          7.19
         15,          3,    7,          4.50,          3.30,       2.78,      27.81,     91.66,          7.00
         15,          4,    1,          1.76,          3.30,       2.09,      20.86,     68.80,         12.93
         15,          4,    2,          3.09,          3.30,       2.34,      23.35,     77.00,         10.29
         15,          4,    3,          3.94,          3.30,       2.55,      25.44,     83.87,          9.29
         15,          4,    4,          4.55,          3.30,       2.72,      27.15,     89.49,          8.82
         15,          4,    5,          4.97,          3.30,       2.88,      28.79,     94.91,          8.33
         15,          4,    6,          5.31,          3.30,       3.01,      30.12,     99.28,          8.07
         15,          4,    7,          5.58,          3.30,       3.16,      31.56,    104.04,          7.72
         15,          5,    1,          3.44,          3.30,       2.44,      24.38,     80.38,         13.64
         15,          5,    2,          4.63,          3.30,       2.73,      27.30,     90.01,         11.25
         15,          5,    3,          5.35,          3.30,       2.97,      29.68,     97.83,         10.20
         15,          5,    4,          5.85,          3.30,       3.15,      31.54,    103.97,          9.67
         15,          5,    5,          6.19,          3.30,       3.32,      33.23,    109.52,          9.19
         15,          5,    6,          6.48,          3.30,       3.48,      34.79,    114.67,          8.82
         15,          5,    7,          6.69,          3.30,       3.63,      36.28,    119.58,          8.43
         15,          6,    1,          4.61,          3.30,       2.77,      27.70,     91.31,         15.80
         15,          6,    2,          5.69,          3.30,       3.09,      30.88,    101.77,         12.90
         15,          6,    3,          6.32,          3.30,       3.34,      33.41,    110.12,         11.54
         15,          6,    4,          6.75,          3.30,       3.54,      35.41,    116.72,         10.81
         15,          6,    5,          7.05,          3.30,       3.73,      37.35,    123.10,         10.12
         15,          6,    6,          7.29,          3.30,       3.90,      39.03,    128.64,          9.62
         15,          6,    7,          7.48,          3.30,       4.08,      40.77,    134.37,          9.12
         15,          7,    1,          5.54,          3.30,       3.10,      31.05,    102.34,         17.49
         15,          7,    2,          6.56,          3.30,       3.46,      34.63,    114.13,         14.04
         15,          7,    3,          7.15,          3.30,       3.75,      37.48,    123.54,         12.47
         15,          7,    4,          7.53,          3.30,       3.98,      39.84,    131.32,         11.44
         15,          7,    5,          7.82,          3.30,       4.21,      42.06,    138.63,         10.66
         15,          7,    6,          8.02,          3.30,       4.40,      44.02,    145.10,         10.03
         15,          7,    7,          8.19,          3.30,       4.60,      46.00,    151.61,          9.46
         16,          1,    1,         -3.72,          3.30,       1.39,      13.92,     45.93,          4.80
         16,          1,    2,         -1.81,          3.30,       1.57,      15.67,     51.70,          4.50
         16,          1,    3,         -0.51,          3.30,       1.72,      17.14,     56.55,          4.57
         16,          1,    4,          0.41,          3.30,       1.85,      18.45,     60.87,          4.62
         16,          1,    5,          1.11,          3.30,       1.97,      19.73,     65.09,          4.61
         16,          1,    6,          1.66,          3.30,       2.08,      20.78,     68.54,          4.66
         16,          1,    7,          2.10,          3.30,       2.19,      21.86,     72.08,          4.63
         16,          2,    1,         -1.77,          3.30,       1.58,      15.78,     52.06,          8.80
         16,          2,    2,         -0.06,          3.30,       1.77,      17.70,     58.39,          7.10
         16,          2,    3,          1.11,          3.30,       1.95,      19.52,     64.38,          6.49
         16,          2,    4,          1.97,          3.30,       2.10,      20.94,     69.06,          6.40
         16,          2,    5,          2.60,          3.30,       2.24,      22.37,     73.78,          6.22
         16,          2,    6,          3.10,          3.30,       2.36,      23.63,     77.93,          6.10
         16,          2,    7,          3.50,          3.30,       2.49,      24.89,     82.06,          5.96
         16,          3,    1,          0.52,          3.30,       1.87,      18.67,     61.59,         12.63
         16,          3,    2,          2.07,          3.30,       2.10,      21.01,     69.27,          9.69
         16,          3,    3,          3.05,          3.30,       2.30,      23.02,     75.91,          8.69
         16,          3,    4,          3.74,          3.30,       2.47,      24.73,     81.53,          8.19
         16,          3,    5,          4.26,          3.30,       2.62,      26.22,     86.45,          7.89
         16,          3,    6,          4.66,          3.30,       2.75,      27.51,     90.69,          7.69
         16,          3,    7,          4.97,          3.30,       2.89,      28.82,     95.02,          7.41
         16,          4,    1,          2.20,          3.30,       2.16,      21.52,     70.96,         13.68
         16,          4,    2,          3.55,          3.30,       2.42,      24.14,     79.58,         10.92
         16,          4,    3,          4.40,          3.30,       2.63,      26.30,     86.70,          9.89
         16,          4,    4,          5.00,          3.30,       2.82,      28.16,     92.81,          9.32
         16,          4,    5,          5.43,          3.30,       2.99,      29.85,     98.41,          8.83
         16,          4,    6,          5.80,          3.30,       3.13,      31.34,    103.31,          8.54
         16,          4,    7,          6.07,          3.30,       3.27,      32.73,    107.89,          8.24
         16,          5,    1,          3.89,          3.30,       2.53,      25.33,     83.51,         14.11
         16,          5,    2,          5.08,          3.30,       2.83,      28.32,     93.36,         11.85
         16,          5,    3,          5.82,          3.30,       3.07,      30.74,    101.33,         10.86
         16,          5,    4,          6.31,          3.30,       3.28,      32.78,    108.05,         10.20
         16,          5,    5,          6.67,          3.30,       3.45,      34.51,    113.75,          9.76
         16,          5,    6,          6.95,          3.30,       3.62,      36.18,    119.27,          9.32
         16,          5,    7,          7.17,          3.30,       3.77,      37.71,    124.29,          8.97
         16,          6,    1,          5.09,          3.30,       2.88,      28.86,     95.12,         16.51
         16,          6,    2,          6.17,          3.30,       3.22,      32.18,    106.07,         13.57
         16,          6,    3,          6.80,          3.30,       3.47,      34.74,    114.51,         12.30
         16,          6,    4,          7.22,          3.30,       3.69,      36.93,    121.72,         11.42
         16,          6,    5,          7.52,          3.30,       3.89,      38.87,    128.11,         10.76
         16,          6,    6,          7.77,          3.30,       4.07,      40.71,    134.17,         10.20
         16,          6,    7,          7.96,          3.30,       4.25,      42.47,    139.99,          9.70
         16,          7,    1,          6.01,          3.30,       3.23,      32.33,    106.57,         18.45
         16,          7,    2,          7.04,          3.30,       3.61,      36.08,    118.93,         14.89
         16,          7,    3,          7.63,          3.30,       3.91,      39.16,    129.08,         13.12
         16,          7,    4,          8.01,          3.30,       4.16,      41.59,    137.07,         12.13
         16,          7,    5,          8.29,          3.30,       4.39,      43.87,    144.60,         11.31
         16,          7,    6,          8.51,          3.30,       4.59,      45.96,    151.48,         10.65
         16,          7,    7,          8.68,          3.30,       4.79,      47.92,    157.94,         10.11
         17,          1,    1,         -3.30,          3.30,       1.42,      14.21,     46.90,          5.01
         17,          1,    2,         -1.38,          3.30,       1.60,      15.99,     52.75,          4.79
         17,          1,    3,         -0.08,          3.30,       1.75,      17.58,     58.00,          4.80
         17,          1,    4,          0.83,          3.30,       1.90,      19.00,     62.70,          4.82
         17,          1,    5,          1.54,          3.30,       2.02,      20.21,     66.67,          4.90
         17,          1,    6,          2.10,          3.30,       2.14,      21.37,     70.50,          4.92
         17,          1,    7,          2.54,          3.30,       2.24,      22.45,     74.04,          4.92
         17,          2,    1,         -1.39,          3.30,       1.61,      16.12,     53.16,          9.20
         17,          2,    2,          0.34,          3.30,       1.82,      18.18,     59.96,          7.36
         17,          2,    3,          1.54,          3.30,       2.00,      20.06,     66.16,          6.83
         17,          2,    4,          2.41,          3.30,       2.16,      21.62,     71.31,          6.68
         17,          2,    5,          3.04,          3.30,       2.31,      23.11,     76.20,          6.51
         17,          2,    6,          3.54,          3.30,       2.44,      24.40,     80.45,          6.42
         17,          2,    7,          3.94,          3.30,       2.56,      25.61,     84.45,          6.33
         17,          3,    1,          0.93,          3.30,       1.92,      19.16,     63.22,         13.24
         17,          3,    2,          2.48,          3.30,       2.17,      21.67,     71.47,         10.05
         17,          3,    3,          3.49,          3.30,       2.38,      23.77,     78.38,          9.11
         17,          3,    4,          4.19,          3.30,       2.56,      25.54,     84.22,          8.65
         17,          3,    5,          4.70,          3.30,       2.71,      27.07,     89.22,          8.36
         17,          3,    6,          5.09,          3.30,       2.86,      28.57,     94.18,          8.01
         17,          3,    7,          5.41,          3.30,       2.99,      29.93,     98.65,          7.77
         17,          4,    1,          2.62,          3.30,       2.21,      22.13,     72.98,         14.57
         17,          4,    2,          3.96,          3.30,       2.50,      24.95,     82.27,         11.40
         17,          4,    3,          4.83,          3.30,       2.72,      27.23,     89.76,         10.38
         17,          4,    4,          5.43,          3.30,       2.91,      29.15,     96.08,          9.80
         17,          4,    5,          5.89,          3.30,       3.09,      30.90,    101.86,          9.36
         17,          4,    6,          6.23,          3.30,       3.25,      32.52,    107.20,          8.97
         17,          4,    7,          6.51,          3.30,       3.39,      33.95,    111.90,          8.70
         17,          5,    1,          4.32,          3.30,       2.61,      26.10,     86.04,         14.92
         17,          5,    2,          5.51,          3.30,       2.93,      29.31,     96.61,         12.40
         17,          5,    3,          6.26,          3.30,       3.19,      31.90,    105.15,         11.37
         17,          5,    4,          6.76,          3.30,       3.40,      34.02,    112.13,         10.72
         17,          5,    5,          7.12,          3.30,       3.58,      35.84,    118.12,         10.27
         17,          5,    6,          7.39,          3.30,       3.76,      37.61,    123.97,          9.79
         17,          5,    7,          7.62,          3.30,       3.92,      39.25,    129.38,          9.41
         17,          6,    1,          5.52,          3.30,       2.99,      29.87,     98.47,         17.34
         17,          6,    2,          6.61,          3.30,       3.34,      33.36,    109.97,         14.29
         17,          6,    3,          7.24,          3.30,       3.61,      36.07,    118.90,         12.94
         17,          6,    4,          7.67,          3.30,       3.84,      38.36,    126.45,         12.05
         17,          6,    5,          7.98,          3.30,       4.05,      40.49,    133.46,         11.30
         17,          6,    6,          8.22,          3.30,       4.24,      42.34,    139.54,         10.77
         17,          6,    7,          8.41,          3.30,       4.42,      44.18,    145.61,         10.25
         17,          7,    1,          6.46,          3.30,       3.35,      33.49,    110.37,         19.68
         17,          7,    2,          7.49,          3.30,       3.75,      37.51,    123.63,         15.71
         17,          7,    3,          8.08,          3.30,       4.07,      40.69,    134.13,         13.91
         17,          7,    4,          8.46,          3.30,       4.33,      43.27,    142.63,         12.81
         17,          7,    5,          8.75,          3.30,       4.57,      45.67,    150.51,         11.97
         17,          7,    6,          8.96,          3.30,       4.78,      47.77,    157.44,         11.31
         17,          7,    7,          9.12,          3.30,       4.99,      49.91,    164.46,         10.68
         18,          1,    1,         -2.86,          3.30,       1.46,      14.60,     48.18,          5.10
         18,          1,    2,         -0.95,          3.30,       1.64,      16.45,     54.25,          4.95
         18,          1,    3,          0.36,          3.30,       1.82,      18.14,     59.84,          4.98
         18,          1,    4,          1.30,          3.30,       1.96,      19.53,     64.44,          5.11
         18,          1,    5,          2.02,          3.30,       2.09,      20.85,     68.77,          5.18
         18,          1,    6,          2.58,          3.30,       2.21,      22.07,     72.76,          5.21
         18,          1,    7,          3.02,          3.30,       2.32,      23.19,     76.48,          5.22
         18,          2,    1,         -0.99,          3.30,       1.65,      16.50,     54.44,          9.77
         18,          2,    2,          0.77,          3.30,       1.87,      18.68,     61.62,          7.78
         18,          2,    3,          1.99,          3.30,       2.06,      20.57,     67.85,          7.33
         18,          2,    4,          2.85,          3.30,       2.23,      22.27,     73.44,          7.10
         18,          2,    5,          3.50,          3.30,       2.38,      23.81,     78.51,          6.95
         18,          2,    6,          4.01,          3.30,       2.52,      25.25,     83.26,          6.81
         18,          2,    7,          4.41,          3.30,       2.66,      26.60,     87.70,          6.67
         18,          3,    1,          1.34,          3.30,       1.98,      19.75,     65.15,         13.56
         18,          3,    2,          2.90,          3.30,       2.23,      22.29,     73.51,         10.60
         18,          3,    3,          3.94,          3.30,       2.46,      24.58,     81.05,          9.55
         18,          3,    4,          4.65,          3.30,       2.64,      26.40,     87.02,          9.15
         18,          3,    5,          5.16,          3.30,       2.81,      28.13,     92.75,          8.72
         18,          3,    6,          5.57,          3.30,       2.96,      29.62,     97.64,          8.47
         18,          3,    7,          5.90,          3.30,       3.10,      31.04,    102.30,          8.24
         18,          4,    1,          3.04,          3.30,       2.29,      22.87,     75.43,         15.26
         18,          4,    2,          4.42,          3.30,       2.58,      25.75,     84.92,         12.18
         18,          4,    3,          5.28,          3.30,       2.82,      28.22,     93.03,         10.94
         18,          4,    4,          5.90,          3.30,       3.02,      30.20,     99.53,         10.43
         18,          4,    5,          6.35,          3.30,       3.21,      32.10,    105.82,          9.90
         18,          4,    6,          6.70,          3.30,       3.37,      33.70,    111.07,          9.58
         18,          4,    7,          6.98,          3.30,       3.53,      35.32,    116.44,          9.21
         18,          5,    1,          4.76,          3.30,       2.71,      27.09,     89.28,         15.68
         18,          5,    2,          5.98,          3.30,       3.04,      30.43,    100.29,         13.18
         18,          5,    3,          6.72,          3.30,       3.32,      33.16,    109.30,         12.02
         18,          5,    4,          7.23,          3.30,       3.54,      35.38,    116.61,         11.38
         18,          5,    5,          7.59,          3.30,       3.74,      37.36,    123.15,         10.84
         18,          5,    6,          7.87,          3.30,       3.92,      39.17,    129.09,         10.41
         18,          5,    7,          8.10,          3.30,       4.09,      40.87,    134.70,         10.01
         18,          6,    1,          5.99,          3.30,       3.10,      30.95,    102.04,         18.70
         18,          6,    2,          7.08,          3.30,       3.47,      34.69,    114.33,         15.23
         18,          6,    3,          7.72,          3.30,       3.76,      37.57,    123.84,         13.73
         18,          6,    4,          8.14,          3.30,       4.00,      39.98,    131.79,         12.78
         18,          6,    5,          8.45,          3.30,       4.22,      42.20,    139.08,         12.01
         18,          6,    6,          8.70,          3.30,       4.41,      44.13,    145.43,         11.47
         18,          6,    7,          8.89,          3.30,       4.61,      46.07,    151.82,         10.91
         18,          7,    1,          6.93,          3.30,       3.49,      34.88,    114.98,         20.59
         18,          7,    2,          7.97,          3.30,       3.92,      39.20,    129.20,         16.42
         18,          7,    3,          8.56,          3.30,       4.25,      42.49,    140.05,         14.64
         18,          7,    4,          8.94,          3.30,       4.52,      45.20,    148.96,         13.54
         18,          7,    5,          9.23,          3.30,       4.76,      47.60,    156.90,         12.70
         18,          7,    6,          9.44,          3.30,       4.98,      49.82,    164.17,         12.03
         18,          7,    7,          9.60,          3.30,       5.21,      52.04,    171.49,         11.35
         19,          1,    1,         -2.41,          3.30,       1.50,      14.94,     49.28,          5.41
         19,          1,    2,         -0.48,          3.30,       1.69,      16.86,     55.64,          5.28
         19,          1,    3,          0.84,          3.30,       1.86,      18.64,     61.50,          5.32
         19,          1,    4,          1.79,          3.30,       2.02,      20.16,     66.48,          5.43
         19,          1,    5,          2.50,          3.30,       2.15,      21.59,     71.20,          5.46
         19,          1,    6,          3.07,          3.30,       2.28,      22.86,     75.38,          5.53
         19,          1,    7,          3.52,          3.30,       2.40,      23.98,     79.06,          5.57
         19,          2,    1,         -0.55,          3.30,       1.69,      16.90,     55.77,         10.30
         19,          2,    2,          1.23,          3.30,       1.92,      19.22,     63.38,          8.22
         19,          2,    3,          2.45,          3.30,       2.12,      21.22,     69.99,          7.72
         19,          2,    4,          3.32,          3.30,       2.30,      23.01,     75.87,          7.50
         19,          2,    5,          3.97,          3.30,       2.47,      24.66,     81.32,          7.32
         19,          2,    6,          4.48,          3.30,       2.61,      26.09,     86.01,          7.24
         19,          2,    7,          4.91,          3.30,       2.75,      27.50,     90.67,          7.13
         19,          3,    1,          1.80,          3.30,       2.03,      20.28,     66.89,         14.65
         19,          3,    2,          3.37,          3.30,       2.30,      23.05,     76.00,         11.16
         19,          3,    3,          4.41,          3.30,       2.54,      25.42,     83.81,         10.13
         19,          3,    4,          5.12,          3.30,       2.74,      27.35,     90.18,          9.67
         19,          3,    5,          5.65,          3.30,       2.91,      29.11,     95.97,          9.32
         19,          3,    6,          6.07,          3.30,       3.08,      30.76,    101.40,          9.03
         19,          3,    7,          6.39,          3.30,       3.23,      32.30,    106.46,          8.73
         19,          4,    1,          3.50,          3.30,       2.36,      23.61,     77.84,         16.28
         19,          4,    2,          4.87,          3.30,       2.67,      26.68,     87.96,         12.85
         19,          4,    3,          5.76,          3.30,       2.93,      29.29,     96.55,         11.59
         19,          4,    4,          6.37,          3.30,       3.14,      31.42,    103.57,         10.99
         19,          4,    5,          6.83,          3.30,       3.33,      33.32,    109.82,         10.53
         19,          4,    6,          7.18,          3.30,       3.50,      35.03,    115.47,         10.18
         19,          4,    7,          7.47,          3.30,       3.67,      36.74,    121.09,          9.81
         19,          5,    1,          5.23,          3.30,       2.81,      28.09,     92.58,         16.61
         19,          5,    2,          6.46,          3.30,       3.17,      31.69,    104.45,         13.85
         19,          5,    3,          7.21,          3.30,       3.45,      34.47,    113.60,         12.80
         19,          5,    4,          7.71,          3.30,       3.68,      36.87,    121.51,         12.06
         19,          5,    5,          8.09,          3.30,       3.90,      38.97,    128.45,         11.51
         19,          5,    6,          8.37,          3.30,       4.08,      40.83,    134.59,         11.06
         19,          5,    7,          8.60,          3.30,       4.27,      42.70,    140.73,         10.61
         19,          6,    1,          6.48,          3.30,       3.23,      32.30,    106.47,         19.66
         19,          6,    2,          7.57,          3.30,       3.62,      36.16,    119.17,         16.18
         19,          6,    3,          8.21,          3.30,       3.93,      39.25,    129.36,         14.56
         19,          6,    4,          8.65,          3.30,       4.18,      41.77,    137.68,         13.62
         19,          6,    5,          8.95,          3.30,       4.40,      44.03,    145.13,         12.83
         19,          6,    6,          9.20,          3.30,       4.61,      46.11,    151.98,         12.22
         19,          6,    7,          9.39,          3.30,       4.81,      48.05,    158.35,         11.68
         19,          7,    1,          7.42,          3.30,       3.65,      36.43,    120.07,         21.99
         19,          7,    2,          8.47,          3.30,       4.10,      40.97,    135.04,         17.55
         19,          7,    3,          9.07,          3.30,       4.44,      44.42,    146.40,         15.70
         19,          7,    4,          9.45,          3.30,       4.72,      47.20,    155.54,         14.56
         19,          7,    5,          9.73,          3.30,       4.98,      49.77,    164.03,         13.62
         19,          7,    6,          9.95,          3.29,       5.21,      52.14,    171.79,         12.86
         19,          7,    7,         10.12,          3.29,       5.43,      54.31,    178.94,         12.25
         20,          1,    1,         -2.02,          3.30,       1.52,      15.19,     50.13,          5.71
         20,          1,    2,         -0.07,          3.30,       1.73,      17.27,     56.97,          5.51
         20,          1,    3,          1.26,          3.30,       1.91,      19.12,     63.08,          5.58
         20,          1,    4,          2.24,          3.30,       2.07,      20.68,     68.20,          5.76
         20,          1,    5,          2.95,          3.30,       2.22,      22.18,     73.15,          5.80
         20,          1,    6,          3.51,          3.30,       2.35,      23.53,     77.58,          5.84
         20,          1,    7,          3.98,          3.30,       2.49,      24.86,     81.98,          5.83
         20,          2,    1,         -0.16,          3.30,       1.72,      17.25,     56.90,         11.14
         20,          2,    2,          1.63,          3.30,       1.97,      19.70,     64.99,          8.69
         20,          2,    3,          2.86,          3.30,       2.18,      21.84,     72.04,          8.12
         20,          2,    4,          3.74,          3.30,       2.37,      23.66,     78.04,          7.94
         20,          2,    5,          4.41,          3.30,       2.54,      25.41,     83.79,          7.76
         20,          2,    6,          4.94,          3.30,       2.69,      26.93,     88.78,          7.69
         20,          2,    7,          5.35,          3.30,       2.85,      28.48,     93.89,          7.51
         20,          3,    1,          2.20,          3.30,       2.09,      20.86,     68.79,         15.01
         20,          3,    2,          3.78,          3.30,       2.37,      23.71,     78.16,         11.69
         20,          3,    3,          4.83,          3.30,       2.63,      26.27,     86.61,         10.53
         20,          3,    4,          5.55,          3.30,       2.83,      28.32,     93.36,         10.08
         20,          3,    5,          6.09,          3.30,       3.02,      30.15,     99.38,          9.76
         20,          3,    6,          6.51,          3.30,       3.18,      31.80,    104.82,          9.50
         20,          3,    7,          6.84,          3.30,       3.34,      33.40,    110.08,          9.23
         20,          4,    1,          3.92,          3.30,       2.44,      24.35,     80.29,         16.99
         20,          4,    2,          5.29,          3.30,       2.76,      27.60,     90.99,         13.41
         20,          4,    3,          6.18,          3.30,       3.02,      30.18,     99.50,         12.32
         20,          4,    4,          6.81,          3.30,       3.25,      32.49,    107.10,         11.62
         20,          4,    5,          7.27,          3.30,       3.45,      34.45,    113.53,         11.18
         20,          4,    6,          7.63,          3.30,       3.63,      36.32,    119.70,         10.76
         20,          4,    7,          7.92,          3.30,       3.81,      38.07,    125.47,         10.39
         20,          5,    1,          5.66,          3.30,       2.91,      29.11,     95.95,         17.45
         20,          5,    2,          6.89,          3.30,       3.28,      32.84,    108.24,         14.63
         20,          5,    3,          7.66,          3.30,       3.58,      35.81,    118.04,         13.51
         20,          5,    4,          8.17,          3.30,       3.83,      38.28,    126.17,         12.78
         20,          5,    5,          8.55,          3.30,       4.05,      40.50,    133.49,         12.22
         20,          5,    6,          8.84,          3.30,       4.25,      42.49,    140.04,         11.75
         20,          5,    7,          9.06,          3.30,       4.43,      44.32,    146.06,         11.30
         20,          6,    1,          6.92,          3.30,       3.35,      33.55,    110.57,         20.77
         20,          6,    2,          8.02,          3.30,       3.76,      37.65,    124.10,         17.04
         20,          6,    3,          8.67,          3.30,       4.08,      40.81,    134.51,         15.46
         20,          6,    4,          9.10,          3.30,       4.35,      43.49,    143.33,         14.41
         20,          6,    5,          9.42,          3.30,       4.59,      45.83,    151.05,         13.64
         20,          6,    6,          9.66,          3.30,       4.79,      47.90,    157.86,         13.03
         20,          6,    7,          9.86,          3.30,       5.00,      50.01,    164.79,         12.42
         20,          7,    1,          7.88,          3.30,       3.80,      37.96,    125.09,         23.13
         20,          7,    2,          8.94,          3.30,       4.27,      42.73,    140.84,         18.51
         20,          7,    3,          9.53,          3.30,       4.64,      46.36,    152.80,         16.55
         20,          7,    4,          9.93,          3.30,       4.93,      49.26,    162.34,         15.41
         20,          7,    5,         10.21,          3.30,       5.19,      51.96,    171.20,         14.45
         20,          7,    6,         10.43,          3.29,       5.43,      54.31,    178.91,         13.73
         20,          7,    7,         10.60,          3.29,       5.66,      56.56,    186.31,         13.07
         21,          1,    1,         -1.69,          3.30,       1.55,      15.50,     51.17,          5.96
         21,          1,    2,          0.29,          3.30,       1.76,      17.59,     58.03,          5.86
         21,          1,    3,          1.64,          3.30,       1.96,      19.59,     64.61,          5.88
         21,          1,    4,          2.61,          3.30,       2.13,      21.24,     70.08,          6.02
         21,          1,    5,          3.33,          3.30,       2.28,      22.78,     75.13,          6.09
         21,          1,    6,          3.90,          3.30,       2.42,      24.20,     79.79,          6.14
         21,          1,    7,          4.37,          3.30,       2.55,      25.50,     84.08,          6.17
         21,          2,    1,          0.17,          3.30,       1.76,      17.64,     58.21,         11.04
         21,          2,    2,          1.98,          3.30,       2.01,      20.15,     66.47,          8.92
         21,          2,    3,          3.22,          3.30,       2.23,      22.34,     73.67,          8.43
         21,          2,    4,          4.10,          3.30,       2.43,      24.29,     80.07,          8.23
         21,          2,    5,          4.77,          3.30,       2.61,      26.08,     86.00,          8.07
         21,          2,    6,          5.30,          3.30,       2.77,      27.73,     91.42,          7.95
         21,          2,    7,          5.73,          3.30,       2.93,      29.30,     96.60,          7.84
         21,          3,    1,          2.54,          3.30,       2.14,      21.37,     70.49,         16.01
         21,          3,    2,          4.14,          3.30,       2.43,      24.30,     80.13,         12.44
         21,          3,    3,          5.20,          3.30,       2.70,      27.00,     89.02,         11.15
         21,          3,    4,          5.94,          3.30,       2.91,      29.10,     95.93,         10.71
         21,          3,    5,          6.48,          3.30,       3.10,      31.03,    102.30,         10.34
         21,          3,    6,          6.90,          3.30,       3.28,      32.80,    108.11,         10.02
         21,          3,    7,          7.23,          3.30,       3.44,      34.41,    113.41,          9.77
         21,          4,    1,          4.28,          3.30,       2.51,      25.05,     82.61,         17.58
         21,          4,    2,          5.66,          3.30,       2.84,      28.39,     93.59,         14.06
         21,          4,    3,          6.57,          3.30,       3.12,      31.15,    102.69,         12.85
         21,          4,    4,          7.19,          3.30,       3.35,      33.47,    110.34,         12.20
         21,          4,    5,          7.65,          3.30,       3.56,      35.58,    117.29,         11.66
         21,          4,    6,          8.01,          3.30,       3.75,      37.43,    123.37,         11.31
         21,          4,    7,          8.31,          3.30,       3.93,      39.34,    129.66,         10.88
         21,          5,    1,          6.04,          3.30,       3.00,      29.98,     98.83,         18.30
         21,          5,    2,          7.28,          3.30,       3.39,      33.86,    111.60,         15.39
         21,          5,    3,          8.05,          3.30,       3.70,      37.05,    122.11,         14.11
         21,          5,    4,          8.57,          3.30,       3.96,      39.56,    130.39,         13.44
         21,          5,    5,          8.95,          3.30,       4.19,      41.90,    138.09,         12.81
         21,          5,    6,          9.23,          3.30,       4.39,      43.86,    144.54,         12.38
         21,          5,    7,          9.46,          3.30,       4.59,      45.89,    151.26,         11.87
         21,          6,    1,          7.31,          3.30,       3.47,      34.69,    114.36,         21.73
         21,          6,    2,          8.43,          3.30,       3.90,      39.02,    128.62,         17.82
         21,          6,    3,          9.07,          3.30,       4.23,      42.33,    139.50,         16.18
         21,          6,    4,          9.52,          3.30,       4.51,      45.06,    148.50,         15.18
         21,          6,    5,          9.83,          3.30,       4.74,      47.44,    156.34,         14.40
         21,          6,    6,         10.07,          3.30,       4.96,      49.63,    163.54,         13.75
         21,          6,    7,         10.26,          3.30,       5.17,      51.72,    170.43,         13.14
         21,          7,    1,          8.29,          3.30,       3.93,      39.34,    129.65,         24.00
         21,          7,    2,          9.35,          3.30,       4.43,      44.25,    145.85,         19.43
         21,          7,    3,          9.95,          3.30,       4.81,      48.03,    158.30,         17.42
         21,          7,    4,         10.35,          3.30,       5.10,      51.04,    168.18,         16.27
         21,          7,    5,         10.64,          3.29,       5.38,      53.82,    177.34,         15.28
         21,          7,    6,         10.85,          3.29,       5.63,      56.28,    185.39,         14.49
         21,          7,    7,         11.03,          3.29,       5.87,      58.68,    193.27,         13.81
         22,          1,    1,         -1.32,          3.30,       1.59,      15.83,     52.24,          6.16
         22,          1,    2,          0.64,          3.30,       1.81,      18.09,     59.67,          5.98
         22,          1,    3,          2.03,          3.30,       2.01,      20.10,     66.30,          6.13
         22,          1,    4,          3.00,          3.30,       2.18,      21.85,     72.05,          6.28
         22,          1,    5,          3.75,          3.30,       2.35,      23.45,     77.34,          6.39
         22,          1,    6,          4.33,          3.30,       2.49,      24.93,     82.20,          6.46
         22,          1,    7,          4.80,          3.30,       2.64,      26.38,     86.97,          6.47
         22,          2,    1,          0.51,          3.30,       1.81,      18.09,     59.68,         11.51
         22,          2,    2,          2.34,          3.30,       2.06,      20.62,     67.99,          9.48
         22,          2,    3,          3.58,          3.30,       2.30,      22.98,     75.79,          8.82
         22,          2,    4,          4.49,          3.30,       2.50,      24.96,     82.30,          8.67
         22,          2,    5,          5.16,          3.30,       2.68,      26.82,     88.43,          8.52
         22,          2,    6,          5.70,          3.30,       2.86,      28.54,     94.09,          8.41
         22,          2,    7,          6.14,          3.30,       3.02,      30.17,     99.45,          8.29
         22,          3,    1,          2.91,          3.30,       2.19,      21.91,     72.25,         16.90
         22,          3,    2,          4.50,          3.30,       2.51,      25.11,     82.79,         12.76
         22,          3,    3,          5.60,          3.30,       2.78,      27.78,     91.56,         11.76
         22,          3,    4,          6.34,          3.30,       3.00,      30.04,     99.03,         11.24
         22,          3,    5,          6.88,          3.30,       3.21,      32.06,    105.68,         10.85
         22,          3,    6,          7.31,          3.30,       3.39,      33.85,    111.57,         10.59
         22,          3,    7,          7.66,          3.30,       3.56,      35.57,    117.25,         10.31
         22,          4,    1,          4.66,          3.30,       2.58,      25.85,     85.21,         18.36
         22,          4,    2,          6.07,          3.30,       2.93,      29.30,     96.59,         14.81
         22,          4,    3,          6.97,          3.30,       3.22,      32.21,    106.18,         13.48
         22,          4,    4,          7.60,          3.30,       3.46,      34.58,    113.99,         12.88
         22,          4,    5,          8.07,          3.30,       3.68,      36.78,    121.22,         12.35
         22,          4,    6,          8.43,          3.30,       3.88,      38.84,    128.01,         11.87
         22,          4,    7,          8.73,          3.30,       4.07,      40.68,    134.06,         11.53
         22,          5,    1,          6.45,          3.30,       3.10,      31.00,    102.20,         19.23
         22,          5,    2,          7.70,          3.30,       3.51,      35.11,    115.71,         16.13
         22,          5,    3,          8.49,          3.30,       3.85,      38.50,    126.92,         14.80
         22,          5,    4,          9.00,          3.30,       4.11,      41.08,    135.41,         14.14
         22,          5,    5,          9.38,          3.30,       4.35,      43.45,    143.21,         13.56
         22,          5,    6,          9.67,          3.30,       4.56,      45.62,    150.36,         13.04
         22,          5,    7,          9.91,          3.30,       4.75,      47.56,    156.74,         12.65
         22,          6,    1,          7.75,          3.30,       3.61,      36.04,    118.78,         23.10
         22,          6,    2,          8.86,          3.30,       4.06,      40.56,    133.69,         18.91
         22,          6,    3,          9.52,          3.30,       4.40,      43.99,    144.98,         17.22
         22,          6,    4,          9.96,          3.30,       4.68,      46.82,    154.31,         16.17
         22,          6,    5,         10.29,          3.30,       4.93,      49.28,    162.42,         15.39
         22,          6,    6,         10.53,          3.30,       5.16,      51.62,    170.10,         14.64
         22,          6,    7,         10.72,          3.29,       5.38,      53.78,    177.17,         14.03
         22,          7,    1,          8.74,          3.30,       4.10,      40.97,    135.05,         25.52
         22,          7,    2,          9.80,          3.30,       4.62,      46.20,    152.27,         20.55
         22,          7,    3,         10.41,          3.30,       5.02,      50.17,    165.34,         18.46
         22,          7,    4,         10.81,          3.30,       5.33,      53.27,    175.52,         17.28
         22,          7,    5,         11.10,          3.29,       5.61,      56.08,    184.75,         16.32
         22,          7,    6,         11.32,          3.29,       5.86,      58.60,    193.02,         15.54
         22,          7,    7,         11.50,          3.29,       6.10,      60.94,    200.71,         14.89
         23,          1,    1,         -1.02,          3.30,       1.61,      16.12,     53.18,          6.38
         23,          1,    2,          1.01,          3.30,       1.85,      18.49,     60.99,          6.24
         23,          1,    3,          2.41,          3.30,       2.05,      20.52,     67.68,          6.47
         23,          1,    4,          3.39,          3.30,       2.24,      22.37,     73.77,          6.62
         23,          1,    5,          4.13,          3.30,       2.40,      24.00,     79.16,          6.74
         23,          1,    6,          4.74,          3.30,       2.56,      25.61,     84.44,          6.81
         23,          1,    7,          5.20,          3.30,       2.71,      27.06,     89.20,          6.85
         23,          2,    1,          0.83,          3.30,       1.84,      18.43,     60.79,         12.27
         23,          2,    2,          2.69,          3.30,       2.11,      21.13,     69.70,          9.88
         23,          2,    3,          3.96,          3.30,       2.35,      23.51,     77.52,          9.35
         23,          2,    4,          4.87,          3.30,       2.57,      25.66,     84.58,          9.11
         23,          2,    5,          5.55,          3.30,       2.76,      27.57,     90.87,          8.99
         23,          2,    6,          6.10,          3.30,       2.93,      29.34,     96.70,          8.90
         23,          2,    7,          6.53,          3.30,       3.10,      31.01,    102.21,          8.78
         23,          3,    1,          3.25,          3.30,       2.25,      22.47,     74.11,         17.61
         23,          3,    2,          4.88,          3.30,       2.58,      25.74,     84.87,         13.52
         23,          3,    3,          5.99,          3.30,       2.86,      28.65,     94.45,         12.27
         23,          3,    4,          6.74,          3.30,       3.09,      30.94,    101.99,         11.83
         23,          3,    5,          7.30,          3.30,       3.31,      33.12,    109.14,         11.41
         23,          3,    6,          7.74,          3.30,       3.50,      34.97,    115.25,         11.17
         23,          3,    7,          8.08,          3.30,       3.68,      36.78,    121.21,         10.88
         23,          4,    1,          5.04,          3.30,       2.66,      26.62,     87.76,         19.33
         23,          4,    2,          6.46,          3.30,       3.02,      30.21,     99.57,         15.62
         23,          4,    3,          7.38,          3.30,       3.33,      33.26,    109.64,         14.23
         23,          4,    4,          8.02,          3.30,       3.58,      35.76,    117.87,         13.61
         23,          4,    5,          8.49,          3.30,       3.80,      38.04,    125.37,         13.06
         23,          4,    6,          8.87,          3.30,       4.01,      40.15,    132.34,         12.63
         23,          4,    7,          9.16,          3.30,       4.21,      42.13,    138.86,         12.20
         23,          5,    1,          6.85,          3.30,       3.21,      32.14,    105.93,         20.07
         23,          5,    2,          8.11,          3.30,       3.64,      36.35,    119.83,         17.03
         23,          5,    3,          8.91,          3.30,       4.00,      39.93,    131.61,         15.62
         23,          5,    4,          9.44,          3.30,       4.27,      42.69,    140.69,         14.93
         23,          5,    5,          9.83,          3.30,       4.51,      45.14,    148.77,         14.37
         23,          5,    6,         10.12,          3.30,       4.73,      47.29,    155.85,         13.89
         23,          5,    7,         10.37,          3.30,       4.93,      49.34,    162.62,         13.47
         23,          6,    1,          8.19,          3.30,       3.74,      37.45,    123.45,         24.18
         23,          6,    2,          9.31,          3.30,       4.22,      42.20,    139.09,         19.90
         23,          6,    3,          9.97,          3.30,       4.59,      45.87,    151.18,         18.06
         23,          6,    4,         10.42,          3.30,       4.87,      48.71,    160.53,         17.12
         23,          6,    5,         10.74,          3.30,       5.13,      51.32,    169.09,         16.28
         23,          6,    6,         11.00,          3.29,       5.37,      53.66,    176.82,         15.60
         23,          6,    7,         11.20,          3.29,       5.59,      55.87,    184.08,         14.99
         23,          7,    1,          9.20,          3.30,       4.27,      42.74,    140.87,         26.75
         23,          7,    2,         10.27,          3.30,       4.82,      48.18,    158.78,         21.72
         23,          7,    3,         10.89,          3.30,       5.23,      52.34,    172.46,         19.59
         23,          7,    4,         11.29,          3.29,       5.56,      55.61,    183.22,         18.34
         23,          7,    5,         11.59,          3.29,       5.86,      58.55,    192.86,         17.36
         23,          7,    6,         11.81,          3.29,       6.10,      61.04,    201.03,         16.65
         23,          7,    7,         12.01,          3.29,       6.36,      63.63,    209.53,         15.92
         24,          1,    1,         -0.73,          3.30,       1.64,      16.39,     54.08,          6.59
         24,          1,    2,          1.29,          3.30,       1.88,      18.80,     62.00,          6.49
         24,          1,    3,          2.72,          3.30,       2.09,      20.93,     69.04,          6.74
         24,          1,    4,          3.72,          3.30,       2.29,      22.84,     75.31,          6.91
         24,          1,    5,          4.48,          3.30,       2.46,      24.63,     81.22,          7.02
         24,          1,    6,          5.09,          3.30,       2.63,      26.24,     86.49,          7.14
         24,          1,    7,          5.56,          3.30,       2.78,      27.79,     91.62,          7.15
         24,          2,    1,          1.11,          3.30,       1.88,      18.75,     61.85,         12.49
         24,          2,    2,          2.98,          3.30,       2.15,      21.51,     70.95,         10.21
         24,          2,    3,          4.25,          3.30,       2.40,      23.97,     79.04,          9.67
         24,          2,    4,          5.19,          3.30,       2.63,      26.26,     86.58,          9.41
         24,          2,    5,          5.90,          3.30,       2.83,      28.22,     93.04,          9.36
         24,          2,    6,          6.45,          3.30,       3.01,      30.05,     99.07,          9.29
         24,          2,    7,          6.90,          3.30,       3.19,      31.86,    105.01,          9.16
         24,          3,    1,          3.56,          3.30,       2.30,      23.03,     75.95,         17.92
         24,          3,    2,          5.19,          3.30,       2.64,      26.40,     87.02,         13.90
         24,          3,    3,          6.32,          3.30,       2.94,      29.38,     96.87,         12.75
         24,          3,    4,          7.09,          3.30,       3.19,      31.82,    104.89,         12.29
         24,          3,    5,          7.66,          3.30,       3.40,      33.97,    111.96,         11.98
         24,          3,    6,          8.11,          3.30,       3.60,      35.95,    118.48,         11.71
         24,          3,    7,          8.47,          3.30,       3.78,      37.80,    124.57,         11.47
         24,          4,    1,          5.37,          3.30,       2.73,      27.32,     90.07,         20.10
         24,          4,    2,          6.79,          3.30,       3.11,      31.08,    102.47,         16.18
         24,          4,    3,          7.72,          3.30,       3.42,      34.20,    112.74,         14.86
         24,          4,    4,          8.38,          3.30,       3.68,      36.84,    121.44,         14.20
         24,          4,    5,          8.87,          3.30,       3.92,      39.23,    129.29,         13.69
         24,          4,    6,          9.25,          3.30,       4.14,      41.35,    136.27,         13.28
         24,          4,    7,          9.56,          3.30,       4.34,      43.38,    142.99,         12.90
         24,          5,    1,          7.22,          3.30,       3.32,      33.20,    109.42,         20.85
         24,          5,    2,          8.49,          3.30,       3.76,      37.58,    123.88,         17.78
         24,          5,    3,          9.30,          3.30,       4.13,      41.28,    136.08,         16.38
         24,          5,    4,          9.84,          3.30,       4.41,      44.11,    145.38,         15.74
         24,          5,    5,         10.23,          3.30,       4.67,      46.68,    153.85,         15.14
         24,          5,    6,         10.54,          3.30,       4.89,      48.92,    161.22,         14.68
         24,          5,    7,         10.78,          3.30,       5.11,      51.09,    168.37,         14.22
         24,          6,    1,          8.58,          3.30,       3.88,      38.81,    127.92,         25.20
         24,          6,    2,          9.72,          3.30,       4.38,      43.77,    144.27,         20.84
         24,          6,    3,         10.39,          3.30,       4.75,      47.52,    156.63,         19.06
         24,          6,    4,         10.84,          3.30,       5.06,      50.56,    166.59,         18.04
         24,          6,    5,         11.17,          3.30,       5.33,      53.28,    175.56,         17.17
         24,          6,    6,         11.43,          3.29,       5.57,      55.66,    183.40,         16.53
         24,          6,    7,         11.64,          3.29,       5.79,      57.92,    190.78,         15.95
         24,          7,    1,          9.62,          3.30,       4.44,      44.39,    146.29,         28.11
         24,          7,    2,         10.70,          3.30,       5.02,      50.16,    165.32,         22.77
         24,          7,    3,         11.33,          3.29,       5.45,      54.46,    179.44,         20.64
         24,          7,    4,         11.75,          3.29,       5.79,      57.84,    190.52,         19.48
         24,          7,    5,         12.05,          3.29,       6.09,      60.91,    200.60,         18.46
         24,          7,    6,         12.29,          3.29,       6.36,      63.64,    209.57,         17.68
         24,          7,    7,         12.49,          3.29,       6.63,      66.25,    218.13,         16.99
         25,          1,    1,         -0.53,          3.30,       1.66,      16.56,     54.64,          6.80
         25,          1,    2,          1.52,          3.30,       1.91,      19.05,     62.86,          6.67
         25,          1,    3,          2.97,          3.30,       2.14,      21.33,     70.35,          6.89
         25,          1,    4,          4.01,          3.30,       2.33,      23.33,     76.96,          7.12
         25,          1,    5,          4.78,          3.30,       2.51,      25.13,     82.85,          7.29
         25,          1,    6,          5.40,          3.30,       2.68,      26.79,     88.30,          7.42
         25,          1,    7,          5.89,          3.30,       2.84,      28.40,     93.63,          7.47
         25,          2,    1,          1.33,          3.30,       1.91,      19.07,     62.90,         12.95
         25,          2,    2,          3.19,          3.30,       2.19,      21.89,     72.19,         10.56
         25,          2,    3,          4.50,          3.30,       2.45,      24.46,     80.65,          9.99
         25,          2,    4,          5.46,          3.30,       2.67,      26.74,     88.16,          9.84
         25,          2,    5,          6.17,          3.30,       2.89,      28.86,     95.16,          9.69
         25,          2,    6,          6.76,          3.30,       3.07,      30.69,    101.17,          9.72
         25,          2,    7,          7.21,          3.30,       3.26,      32.56,    107.33,          9.58
         25,          3,    1,          3.83,          3.30,       2.34,      23.45,     77.33,         18.79
         25,          3,    2,          5.47,          3.30,       2.70,      26.98,     88.94,         14.41
         25,          3,    3,          6.61,          3.30,       3.01,      30.07,     99.13,         13.22
         25,          3,    4,          7.38,          3.30,       3.26,      32.59,    107.43,         12.75
         25,          3,    5,          7.97,          3.30,       3.48,      34.84,    114.84,         12.45
         25,          3,    6,          8.43,          3.30,       3.69,      36.95,    121.78,         12.16
         25,          3,    7,          8.80,          3.30,       3.89,      38.86,    128.07,         11.93
         25,          4,    1,          5.68,          3.30,       2.80,      28.03,     92.40,         20.87
         25,          4,    2,          7.11,          3.30,       3.19,      31.94,    105.28,         16.79
         25,          4,    3,          8.03,          3.30,       3.52,      35.14,    115.82,         15.42
         25,          4,    4,          8.70,          3.30,       3.79,      37.85,    124.75,         14.80
         25,          4,    5,          9.20,          3.30,       4.03,      40.34,    132.95,         14.26
         25,          4,    6,          9.60,          3.30,       4.26,      42.58,    140.32,         13.89
         25,          4,    7,          9.92,          3.30,       4.46,      44.64,    147.12,         13.55
         25,          5,    1,          7.56,          3.30,       3.41,      34.11,    112.41,         22.08
         25,          5,    2,          8.84,          3.30,       3.88,      38.81,    127.92,         18.53
         25,          5,    3,          9.66,          3.30,       4.26,      42.65,    140.58,         17.12
         25,          5,    4,         10.20,          3.30,       4.56,      45.60,    150.28,         16.47
         25,          5,    5,         10.61,          3.30,       4.82,      48.21,    158.87,         15.94
         25,          5,    6,         10.92,          3.30,       5.05,      50.54,    166.53,         15.46
         25,          5,    7,         11.18,          3.30,       5.28,      52.76,    173.86,         15.03
         25,          6,    1,          8.96,          3.30,       4.02,      40.21,    132.52,         26.16
         25,          6,    2,         10.11,          3.30,       4.54,      45.36,    149.51,         21.76
         25,          6,    3,         10.78,          3.30,       4.92,      49.25,    162.31,         19.97
         25,          6,    4,         11.24,          3.30,       5.24,      52.41,    172.71,         18.92
         25,          6,    5,         11.57,          3.29,       5.53,      55.22,    181.95,         18.05
         25,          6,    6,         11.85,          3.29,       5.76,      57.62,    189.81,         17.50
         25,          6,    7,         12.06,          3.29,       6.00,      59.98,    197.53,         16.91
         25,          7,    1,         10.02,          3.30,       4.61,      46.07,    151.83,         29.36
         25,          7,    2,         11.11,          3.30,       5.21,      52.11,    171.71,         23.91
         25,          7,    3,         11.75,          3.29,       5.66,      56.63,    186.53,         21.73
         25,          7,    4,         12.18,          3.29,       6.02,      60.20,    198.26,         20.49
         25,          7,    5,         12.50,          3.29,       6.34,      63.35,    208.61,         19.55
         25,          7,    6,         12.76,          3.29,       6.62,      66.20,    217.97,         18.80
         25,          7,    7,         12.96,          3.29,       6.89,      68.84,    226.64,         18.13
         26,          1,    1,         -0.33,          3.30,       1.68,      16.77,     55.34,          6.97
         26,          1,    2,          1.74,          3.30,       1.93,      19.31,     63.72,          6.88
         26,          1,    3,          3.20,          3.30,       2.16,      21.65,     71.39,          7.13
         26,          1,    4,          4.25,          3.30,       2.37,      23.65,     77.98,          7.40
         26,          1,    5,          5.05,          3.30,       2.56,      25.57,     84.30,          7.56
         26,          1,    6,          5.68,          3.30,       2.73,      27.31,     90.05,          7.71
         26,          1,    7,          6.20,          3.30,       2.89,      28.97,     95.50,          7.79
         26,          2,    1,          1.57,          3.30,       1.94,      19.36,     63.86,         13.49
         26,          2,    2,          3.43,          3.30,       2.22,      22.24,     73.37,         10.93
         26,          2,    3,          4.75,          3.30,       2.49,      24.90,     82.10,         10.33
         26,          2,    4,          5.72,          3.30,       2.73,      27.28,     89.94,         10.16
         26,          2,    5,          6.45,          3.30,       2.94,      29.44,     97.07,         10.07
         26,          2,    6,          7.04,          3.30,       3.14,      31.42,    103.58,         10.03
         26,          2,    7,          7.52,          3.30,       3.33,      33.27,    109.67,         10.01
         26,          3,    1,          4.11,          3.30,       2.40,      23.94,     78.95,         19.66
         26,          3,    2,          5.76,          3.30,       2.76,      27.61,     91.02,         14.98
         26,          3,    3,          6.91,          3.30,       3.08,      30.79,    101.50,         13.76
         26,          3,    4,          7.70,          3.30,       3.34,      33.43,    110.19,         13.27
         26,          3,    5,          8.30,          3.30,       3.58,      35.76,    117.86,         12.99
         26,          3,    6,          8.77,          3.30,       3.79,      37.94,    125.04,         12.74
         26,          3,    7,          9.15,          3.30,       4.00,      39.96,    131.70,         12.49
         26,          4,    1,          6.01,          3.30,       2.88,      28.78,     94.87,         21.85
         26,          4,    2,          7.43,          3.30,       3.29,      32.82,    108.18,         17.53
         26,          4,    3,          8.36,          3.30,       3.62,      36.12,    119.06,         16.12
         26,          4,    4,          9.05,          3.30,       3.90,      38.98,    128.48,         15.47
         26,          4,    5,          9.56,          3.30,       4.15,      41.51,    136.79,         15.00
         26,          4,    6,          9.96,          3.30,       4.38,      43.82,    144.42,         14.61
         26,          4,    7,         10.30,          3.30,       4.60,      45.99,    151.59,         14.27
         26,          5,    1,          7.92,          3.30,       3.52,      35.24,    116.18,         22.97
         26,          5,    2,          9.22,          3.30,       4.01,      40.11,    132.19,         19.43
         26,          5,    3,         10.05,          3.30,       4.41,      44.11,    145.39,         17.99
         26,          5,    4,         10.61,          3.30,       4.72,      47.20,    155.57,         17.32
         26,          5,    5,         11.02,          3.30,       5.00,      49.93,    164.55,         16.79
         26,          5,    6,         11.34,          3.30,       5.24,      52.42,    172.72,         16.31
         26,          5,    7,         11.60,          3.29,       5.47,      54.69,    180.18,         15.90
         26,          6,    1,          9.38,          3.30,       4.17,      41.74,    137.58,         27.55
         26,          6,    2,         10.52,          3.30,       4.71,      47.11,    155.25,         22.97
         26,          6,    3,         11.20,          3.30,       5.12,      51.17,    168.64,         21.12
         26,          6,    4,         11.68,          3.29,       5.45,      54.50,    179.55,         20.05
         26,          6,    5,         12.02,          3.29,       5.74,      57.38,    189.02,         19.23
         26,          6,    6,         12.30,          3.29,       6.00,      59.96,    197.48,         18.59
         26,          6,    7,         12.52,          3.29,       6.24,      62.44,    205.61,         17.97
         26,          7,    1,         10.46,          3.30,       4.79,      47.94,    158.00,         30.90
         26,          7,    2,         11.57,          3.29,       5.43,      54.33,    179.01,         25.17
         26,          7,    3,         12.22,          3.29,       5.92,      59.20,    194.99,         22.84
         26,          7,    4,         12.66,          3.29,       6.29,      62.84,    206.96,         21.70
         26,          7,    5,         12.99,          3.29,       6.63,      66.25,    218.12,         20.73
         26,          7,    6,         13.26,          3.29,       6.92,      69.20,    227.83,         20.00
         26,          7,    7,         13.48,          3.29,       7.19,      71.94,    236.82,         19.41
         27,          1,    1,         -0.17,          3.30,       1.70,      16.97,     55.98,          7.11
         27,          1,    2,          1.92,          3.30,       1.96,      19.55,     64.48,          7.07
         27,          1,    3,          3.38,          3.30,       2.19,      21.94,     72.36,          7.29
         27,          1,    4,          4.45,          3.30,       2.40,      24.00,     79.13,          7.60
         27,          1,    5,          5.26,          3.30,       2.60,      25.99,     85.69,          7.76
         27,          1,    6,          5.92,          3.30,       2.78,      27.80,     91.66,          7.94
         27,          1,    7,          6.45,          3.30,       2.95,      29.52,     97.31,          8.05
         27,          2,    1,          1.78,          3.30,       1.96,      19.64,     64.79,         13.74
         27,          2,    2,          3.64,          3.30,       2.25,      22.51,     74.26,         11.30
         27,          2,    3,          4.95,          3.30,       2.53,      25.29,     83.37,         10.57
         27,          2,    4,          5.93,          3.30,       2.77,      27.67,     91.21,         10.48
         27,          2,    5,          6.69,          3.30,       3.00,      29.95,     98.72,         10.39
         27,          2,    6,          7.29,          3.30,       3.20,      31.98,    105.40,         10.38
         27,          2,    7,          7.80,          3.30,       3.39,      33.92,    111.80,         10.38
         27,          3,    1,          4.36,          3.30,       2.44,      24.41,     80.47,         20.08
         27,          3,    2,          6.01,          3.30,       2.82,      28.20,     92.96,         15.32
         27,          3,    3,          7.18,          3.30,       3.15,      31.54,    103.96,         14.08
         27,          3,    4,          7.98,          3.30,       3.42,      34.23,    112.83,         13.66
         27,          3,    5,          8.58,          3.30,       3.67,      36.63,    120.74,         13.39
         27,          3,    6,          9.07,          3.30,       3.89,      38.89,    128.17,         13.16
         27,          3,    7,          9.46,          3.30,       4.09,      40.89,    134.79,         13.01
         27,          4,    1,          6.30,          3.30,       2.95,      29.55,     97.42,         22.43
         27,          4,    2,          7.73,          3.30,       3.37,      33.64,    110.88,         18.27
         27,          4,    3,          8.67,          3.30,       3.71,      37.07,    122.16,         16.81
         27,          4,    4,          9.35,          3.30,       4.00,      40.02,    131.92,         16.10
         27,          4,    5,          9.87,          3.30,       4.27,      42.72,    140.79,         15.56
         27,          4,    6,         10.29,          3.30,       4.51,      45.07,    148.53,         15.25
         27,          4,    7,         10.64,          3.30,       4.73,      47.26,    155.74,         14.97
         27,          5,    1,          8.26,          3.30,       3.63,      36.30,    119.64,         24.00
         27,          5,    2,          9.56,          3.30,       4.14,      41.41,    136.47,         20.22
         27,          5,    3,         10.40,          3.30,       4.55,      45.56,    150.15,         18.77
         27,          5,    4,         10.97,          3.30,       4.88,      48.78,    160.75,         18.12
         27,          5,    5,         11.40,          3.30,       5.17,      51.71,    170.40,         17.57
         27,          5,    6,         11.73,          3.29,       5.43,      54.24,    178.69,         17.14
         27,          5,    7,         12.01,          3.29,       5.67,      56.63,    186.58,         16.74
         27,          6,    1,          9.75,          3.30,       4.32,      43.16,    142.25,         28.94
         27,          6,    2,         10.91,          3.30,       4.89,      48.85,    160.99,         24.03
         27,          6,    3,         11.60,          3.30,       5.32,      53.18,    175.25,         22.05
         27,          6,    4,         12.08,          3.29,       5.66,      56.55,    186.30,         21.07
         27,          6,    5,         12.44,          3.29,       5.96,      59.58,    196.22,         20.23
         27,          6,    6,         12.73,          3.29,       6.23,      62.25,    205.01,         19.64
         27,          6,    7,         12.97,          3.29,       6.48,      64.83,    213.47,         19.06
         27,          7,    1,         10.87,          3.30,       4.98,      49.84,    164.24,         32.31
         27,          7,    2,         12.00,          3.29,       5.66,      56.56,    186.32,         26.44
         27,          7,    3,         12.65,          3.29,       6.15,      61.53,    202.62,         24.19
         27,          7,    4,         13.10,          3.29,       6.55,      65.54,    215.81,         22.84
         27,          7,    5,         13.46,          3.29,       6.91,      69.06,    227.38,         21.96
         27,          7,    6,         13.73,          3.29,       7.21,      72.06,    237.22,         21.31
         27,          7,    7,         13.96,          3.29,       7.48,      74.76,    246.12,         20.79
         28,          1,    1,          0.00,          3.30,       1.71,      17.14,     56.53,          7.37
         28,          1,    2,          2.08,          3.30,       1.98,      19.79,     65.28,          7.22
         28,          1,    3,          3.55,          3.30,       2.22,      22.20,     73.22,          7.49
         28,          1,    4,          4.62,          3.30,       2.43,      24.33,     80.24,          7.77
         28,          1,    5,          5.45,          3.30,       2.64,      26.37,     86.94,          7.96
         28,          1,    6,          6.12,          3.30,       2.82,      28.24,     93.08,          8.17
         28,          1,    7,          6.65,          3.30,       2.99,      29.95,     98.72,          8.30
         28,          2,    1,          1.97,          3.30,       1.99,      19.94,     65.78,         14.01
         28,          2,    2,          3.82,          3.30,       2.29,      22.90,     75.53,         11.49
         28,          2,    3,          5.13,          3.30,       2.57,      25.65,     84.57,         10.86
         28,          2,    4,          6.13,          3.30,       2.81,      28.14,     92.77,         10.74
         28,          2,    5,          6.89,          3.30,       3.04,      30.38,    100.15,         10.72
         28,          2,    6,          7.51,          3.30,       3.25,      32.51,    107.17,         10.72
         28,          2,    7,          8.03,          3.30,       3.45,      34.48,    113.67,         10.74
         28,          3,    1,          4.60,          3.30,       2.49,      24.92,     82.18,         20.74
         28,          3,    2,          6.27,          3.30,       2.88,      28.78,     94.88,         15.91
         28,          3,    3,          7.42,          3.30,       3.22,      32.20,    106.14,         14.58
         28,          3,    4,          8.25,          3.30,       3.50,      34.96,    115.22,         14.22
         28,          3,    5,          8.86,          3.30,       3.75,      37.46,    123.48,         13.94
         28,          3,    6,          9.36,          3.30,       3.98,      39.82,    131.23,         13.71
         28,          3,    7,          9.76,          3.30,       4.20,      41.94,    138.24,         13.54
         28,          4,    1,          6.60,          3.30,       3.03,      30.25,     99.71,         23.32
         28,          4,    2,          8.03,          3.30,       3.45,      34.52,    113.78,         18.88
         28,          4,    3,          8.97,          3.30,       3.81,      38.09,    125.55,         17.34
         28,          4,    4,          9.66,          3.30,       4.12,      41.14,    135.61,         16.66
         28,          4,    5,         10.18,          3.30,       4.38,      43.86,    144.56,         16.17
         28,          4,    6,         10.62,          3.30,       4.63,      46.30,    152.60,         15.90
         28,          4,    7,         10.98,          3.30,       4.86,      48.65,    160.34,         15.60
         28,          5,    1,          8.60,          3.30,       3.74,      37.42,    123.35,         24.95
         28,          5,    2,          9.91,          3.30,       4.27,      42.73,    140.82,         21.07
         28,          5,    3,         10.75,          3.30,       4.70,      47.03,    154.99,         19.60
         28,          5,    4,         11.33,          3.30,       5.04,      50.42,    166.18,         18.91
         28,          5,    5,         11.78,          3.29,       5.34,      53.43,    176.05,         18.42
         28,          5,    6,         12.12,          3.29,       5.61,      56.10,    184.80,         18.02
         28,          5,    7,         12.40,          3.29,       5.86,      58.60,    193.00,         17.61
         28,          6,    1,         10.13,          3.30,       4.47,      44.71,    147.35,         29.96
         28,          6,    2,         11.31,          3.30,       5.07,      50.68,    167.01,         25.03
         28,          6,    3,         12.00,          3.29,       5.52,      55.23,    181.96,         23.00
         28,          6,    4,         12.49,          3.29,       5.88,      58.78,    193.66,         22.00
         28,          6,    5,         12.86,          3.29,       6.18,      61.84,    203.66,         21.29
         28,          6,    6,         13.15,          3.29,       6.47,      64.65,    212.89,         20.67
         28,          6,    7,         13.40,          3.29,       6.75,      67.45,    222.07,         20.07
         28,          7,    1,         11.28,          3.30,       5.19,      51.87,    170.93,         33.43
         28,          7,    2,         12.41,          3.29,       5.89,      58.90,    194.00,         27.57
         28,          7,    3,         13.09,          3.29,       6.42,      64.18,    211.33,         25.27
         28,          7,    4,         13.55,          3.29,       6.84,      68.34,    225.00,         24.05
         28,          7,    5,         13.92,          3.29,       7.20,      72.01,    237.05,         23.19
         28,          7,    6,         14.20,          3.29,       7.50,      75.01,    246.92,         22.65
         28,          7,    7,         14.44,          3.29,       7.80,      78.00,    256.77,         22.07
         29,          1,    1,          0.14,          3.30,       1.73,      17.29,     57.02,          7.55
         29,          1,    2,          2.21,          3.30,       2.00,      20.01,     66.00,          7.34
         29,          1,    3,          3.70,          3.30,       2.24,      22.44,     74.01,          7.64
         29,          1,    4,          4.77,          3.30,       2.47,      24.70,     81.45,          7.87
         29,          1,    5,          5.61,          3.30,       2.67,      26.68,     87.96,          8.15
         29,          1,    6,          6.30,          3.30,       2.86,      28.63,     94.38,          8.35
         29,          1,    7,          6.84,          3.30,       3.03,      30.35,    100.05,          8.51
         29,          2,    1,          2.15,          3.30,       2.01,      20.15,     66.45,         14.58
         29,          2,    2,          4.00,          3.30,       2.32,      23.21,     76.56,         11.75
         29,          2,    3,          5.30,          3.30,       2.60,      25.95,     85.57,         11.15
         29,          2,    4,          6.30,          3.30,       2.85,      28.52,     94.02,         10.98
         29,          2,    5,          7.07,          3.30,       3.08,      30.85,    101.70,         10.94
         29,          2,    6,          7.70,          3.30,       3.30,      33.00,    108.78,         10.99
         29,          2,    7,          8.23,          3.30,       3.50,      35.04,    115.51,         11.04
         29,          3,    1,          4.84,          3.30,       2.54,      25.38,     83.66,         21.23
         29,          3,    2,          6.49,          3.30,       2.93,      29.33,     96.69,         16.30
         29,          3,    3,          7.66,          3.30,       3.29,      32.85,    108.29,         14.99
         29,          3,    4,          8.49,          3.30,       3.58,      35.75,    117.84,         14.56
         29,          3,    5,          9.12,          3.30,       3.83,      38.34,    126.36,         14.32
         29,          3,    6,          9.62,          3.30,       4.07,      40.70,    134.15,         14.15
         29,          3,    7,         10.04,          3.30,       4.29,      42.90,    141.38,         14.01
         29,          4,    1,          6.87,          3.30,       3.10,      30.97,    102.08,         24.38
         29,          4,    2,          8.31,          3.30,       3.54,      35.37,    116.58,         19.64
         29,          4,    3,          9.25,          3.30,       3.90,      39.02,    128.60,         18.08
         29,          4,    4,          9.94,          3.30,       4.22,      42.16,    138.97,         17.35
         29,          4,    5,         10.48,          3.30,       4.50,      45.00,    148.32,         16.86
         29,          4,    6,         10.91,          3.30,       4.75,      47.46,    156.41,         16.58
         29,          4,    7,         11.28,          3.30,       4.99,      49.85,    164.29,         16.33
         29,          5,    1,          8.91,          3.30,       3.85,      38.50,    126.89,         25.90
         29,          5,    2,         10.23,          3.30,       4.40,      44.03,    145.12,         21.83
         29,          5,    3,         11.08,          3.30,       4.85,      48.48,    159.79,         20.38
         29,          5,    4,         11.68,          3.30,       5.20,      52.00,    171.36,         19.73
         29,          5,    5,         12.12,          3.29,       5.52,      55.22,    181.94,         19.15
         29,          5,    6,         12.48,          3.29,       5.79,      57.91,    190.76,         18.84
         29,          5,    7,         12.78,          3.29,       6.05,      60.52,    199.33,         18.51
         29,          6,    1,         10.48,          3.30,       4.63,      46.22,    152.33,         30.98
         29,          6,    2,         11.67,          3.30,       5.25,      52.49,    172.98,         25.92
         29,          6,    3,         12.38,          3.29,       5.72,      57.15,    188.26,         24.02
         29,          6,    4,         12.88,          3.29,       6.08,      60.83,    200.34,         23.07
         29,          6,    5,         13.26,          3.29,       6.41,      64.12,    211.13,         22.31
         29,          6,    6,         13.55,          3.29,       6.71,      67.09,    220.90,         21.66
         29,          6,    7,         13.81,          3.29,       7.00,      69.97,    230.37,         21.08
         29,          7,    1,         11.66,          3.30,       5.38,      53.80,    177.28,         34.65
         29,          7,    2,         12.82,          3.29,       6.11,      61.11,    201.25,         28.86
         29,          7,    3,         13.50,          3.29,       6.68,      66.81,    219.96,         26.34
         29,          7,    4,         13.98,          3.29,       7.11,      71.09,    234.04,         25.22
         29,          7,    5,         14.35,          3.29,       7.48,      74.83,    246.33,         24.46
         29,          7,    6,         14.64,          3.29,       7.81,      78.10,    257.09,         23.84
         29,          7,    7,         14.89,          3.29,       8.11,      81.12,    267.04,         23.32
         30,          1,    1,          0.27,          3.30,       1.75,      17.52,     57.80,          7.61
         30,          1,    2,          2.35,          3.30,       2.02,      20.24,     66.74,          7.49
         30,          1,    3,          3.84,          3.30,       2.28,      22.75,     75.03,          7.76
         30,          1,    4,          4.93,          3.30,       2.50,      25.02,     82.52,          8.04
         30,          1,    5,          5.76,          3.30,       2.71,      27.09,     89.31,          8.28
         30,          1,    6,          6.46,          3.30,       2.90,      29.03,     95.70,          8.53
         30,          1,    7,          7.03,          3.30,       3.08,      30.82,    101.60,          8.73
         30,          2,    1,          2.34,          3.30,       2.05,      20.45,     67.45,         14.96
         30,          2,    2,          4.16,          3.30,       2.36,      23.58,     77.75,         11.99
         30,          2,    3,          5.48,          3.30,       2.64,      26.39,     87.00,         11.38
         30,          2,    4,          6.47,          3.30,       2.91,      29.13,     96.02,         11.09
         30,          2,    5,          7.25,          3.30,       3.14,      31.37,    103.42,         11.21
         30,          2,    6,          7.90,          3.30,       3.36,      33.57,    110.63,         11.29
         30,          2,    7,          8.44,          3.30,       3.57,      35.67,    117.57,         11.35
         30,          3,    1,          5.06,          3.30,       2.59,      25.92,     85.49,         21.88
         30,          3,    2,          6.72,          3.30,       3.00,      29.97,     98.82,         16.79
         30,          3,    3,          7.91,          3.30,       3.36,      33.59,    110.73,         15.49
         30,          3,    4,          8.75,          3.30,       3.66,      36.55,    120.47,         15.09
         30,          3,    5,          9.39,          3.30,       3.93,      39.28,    129.46,         14.80
         30,          3,    6,          9.91,          3.30,       4.18,      41.78,    137.71,         14.64
         30,          3,    7,         10.34,          3.30,       4.40,      43.99,    144.99,         14.57
         30,          4,    1,          7.17,          3.30,       3.19,      31.83,    104.93,         25.04
         30,          4,    2,          8.60,          3.30,       3.64,      36.40,    119.96,         20.22
         30,          4,    3,          9.54,          3.30,       4.02,      40.16,    132.38,         18.63
         30,          4,    4,         10.24,          3.30,       4.34,      43.38,    142.97,         17.97
         30,          4,    5,         10.78,          3.30,       4.62,      46.21,    152.32,         17.57
         30,          4,    6,         11.23,          3.30,       4.89,      48.85,    160.99,         17.27
         30,          4,    7,         11.60,          3.30,       5.13,      51.32,    169.10,         17.02
         30,          5,    1,          9.25,          3.30,       3.98,      39.74,    130.98,         26.75
         30,          5,    2,         10.58,          3.30,       4.55,      45.50,    149.99,         22.65
         30,          5,    3,         11.44,          3.30,       5.02,      50.14,    165.23,         21.21
         30,          5,    4,         12.03,          3.30,       5.38,      53.81,    177.31,         20.52
         30,          5,    5,         12.49,          3.29,       5.71,      57.13,    188.21,         20.02
         30,          5,    6,         12.86,          3.29,       6.00,      59.93,    197.42,         19.75
         30,          5,    7,         13.17,          3.29,       6.27,      62.71,    206.53,         19.39
         30,          6,    1,         10.93,          3.30,       4.79,      47.90,    157.88,         32.94
         30,          6,    2,         12.13,          3.29,       5.45,      54.55,    179.74,         27.46
         30,          6,    3,         12.78,          3.29,       5.95,      59.45,    195.79,         25.13
         30,          6,    4,         13.28,          3.29,       6.33,      63.25,    208.28,         24.21
         30,          6,    5,         13.67,          3.29,       6.67,      66.73,    219.70,         23.42
         30,          6,    6,         13.98,          3.29,       6.98,      69.77,    229.71,         22.85
         30,          6,    7,         14.26,          3.29,       7.28,      72.85,    239.81,         22.28
         30,          7,    1,         12.07,          3.30,       5.60,      56.02,    184.58,         35.90
         30,          7,    2,         13.25,          3.29,       6.38,      63.81,    210.13,         29.97
         30,          7,    3,         13.95,          3.29,       6.97,      69.67,    229.39,         27.66
         30,          7,    4,         14.43,          3.29,       7.42,      74.17,    244.18,         26.52
         30,          7,    5,         14.87,          3.29,       7.82,      78.15,    257.26,         26.10
         30,          7,    6,         15.10,          3.29,       8.16,      81.55,    268.45,         25.16
         30,          7,    7,         15.36,          3.29,       8.47,      84.72,    278.87,         24.69
         31,          1,    1,          0.38,          3.30,       1.77,      17.72,     58.49,          7.77
         31,          1,    2,          2.52,          3.30,       2.04,      20.46,     67.48,          7.74
         31,          1,    3,          3.95,          3.30,       2.30,      23.01,     75.89,          7.89
         31,          1,    4,          5.11,          3.30,       2.53,      25.32,     83.48,          8.31
         31,          1,    5,          5.97,          3.30,       2.74,      27.41,     90.36,          8.60
         31,          1,    6,          6.61,          3.30,       2.94,      29.41,     96.95,          8.72
         31,          1,    7,          7.18,          3.30,       3.12,      31.26,    103.05,          8.91
         31,          2,    1,          2.51,          3.30,       2.08,      20.77,     68.53,         15.10
         31,          2,    2,          4.31,          3.30,       2.39,      23.89,     78.78,         12.25
         31,          2,    3,          5.63,          3.30,       2.68,      26.82,     88.44,         11.53
         31,          2,    4,          6.62,          3.30,       2.94,      29.39,     96.89,         11.44
         31,          2,    5,          7.42,          3.30,       3.18,      31.82,    104.89,         11.46
         31,          2,    6,          8.13,          3.30,       3.41,      34.05,    112.25,         11.72
         31,          2,    7,          8.62,          3.30,       3.62,      36.26,    119.53,         11.60
         31,          3,    1,          5.28,          3.30,       2.65,      26.49,     87.38,         22.04
         31,          3,    2,          7.00,          3.30,       3.06,      30.58,    100.80,         17.47
         31,          3,    3,          8.13,          3.30,       3.43,      34.27,    112.96,         15.91
         31,          3,    4,          8.97,          3.30,       3.74,      37.34,    123.07,         15.48
         31,          3,    5,          9.69,          3.30,       4.02,      40.21,    132.52,         15.39
         31,          3,    6,         10.22,          3.30,       4.27,      42.71,    140.77,         15.31
         31,          3,    7,         10.67,          3.30,       4.51,      45.08,    148.58,         15.24
         31,          4,    1,          7.44,          3.30,       3.26,      32.63,    107.56,         25.80
         31,          4,    2,          8.93,          3.30,       3.73,      37.28,    122.89,         21.24
         31,          4,    3,          9.81,          3.30,       4.12,      41.17,    135.71,         19.29
         31,          4,    4,         10.58,          3.30,       4.45,      44.46,    146.53,         18.92
         31,          4,    5,         11.07,          3.30,       4.74,      47.41,    156.23,         18.24
         31,          4,    6,         11.59,          3.30,       5.02,      50.18,    165.37,         18.18
         31,          4,    7,         11.97,          3.30,       5.27,      52.71,    173.70,         17.96
         31,          5,    1,          9.62,          3.30,       4.09,      40.92,    134.88,         28.11
         31,          5,    2,         10.90,          3.30,       4.69,      46.94,    154.70,         23.46
         31,          5,    3,         11.77,          3.30,       5.18,      51.76,    170.57,         22.01
         31,          5,    4,         12.43,          3.29,       5.56,      55.58,    183.13,         21.63
         31,          5,    5,         12.90,          3.29,       5.90,      59.01,    194.37,         21.18
         31,          5,    6,         13.27,          3.29,       6.20,      62.01,    204.26,         20.85
         31,          5,    7,         13.54,          3.29,       6.48,      64.86,    213.56,         20.30
         31,          6,    1,         11.28,          3.30,       4.96,      49.61,    163.49,         33.69
         31,          6,    2,         12.49,          3.29,       5.66,      56.56,    186.32,         28.32
         31,          6,    3,         13.21,          3.29,       6.16,      61.58,    202.79,         26.47
         31,          6,    4,         13.73,          3.29,       6.57,      65.71,    216.34,         25.46
         31,          6,    5,         14.12,          3.29,       6.93,      69.29,    228.13,         24.72
         31,          6,    6,         14.44,          3.29,       7.25,      72.52,    238.73,         24.13
         31,          6,    7,         14.66,          3.29,       7.56,      75.55,    248.71,         23.39
         31,          7,    1,         12.45,          3.29,       5.82,      58.17,    191.60,         36.96
         31,          7,    2,         13.65,          3.29,       6.64,      66.43,    218.74,         31.00
         31,          7,    3,         14.42,          3.29,       7.26,      72.64,    239.13,         29.10
         31,          7,    4,         14.86,          3.29,       7.73,      77.31,    254.51,         27.68
         31,          7,    5,         15.30,          3.29,       8.15,      81.46,    268.15,         27.32
         31,          7,    6,         15.60,          3.29,       8.49,      84.94,    279.60,         26.79
         31,          7,    7,         15.86,          3.29,       8.82,      88.20,    290.26,         26.38
         32,          1,    1,          0.57,          3.30,       1.79,      17.92,     59.12,          8.06
         32,          1,    2,          2.61,          3.30,       2.06,      20.64,     68.09,          7.90
         32,          1,    3,          4.08,          3.30,       2.33,      23.28,     76.75,          8.05
         32,          1,    4,          5.18,          3.30,       2.56,      25.59,     84.39,          8.37
         32,          1,    5,          6.06,          3.30,       2.77,      27.73,     91.44,          8.68
         32,          1,    6,          6.82,          3.30,       2.98,      29.80,     98.23,          9.03
         32,          1,    7,          7.35,          3.30,       3.17,      31.71,    104.52,          9.13
         32,          2,    1,          2.75,          3.30,       2.11,      21.12,     69.66,         15.64
         32,          2,    2,          4.49,          3.30,       2.42,      24.24,     79.94,         12.59
         32,          2,    3,          5.79,          3.30,       2.72,      27.16,     89.55,         11.88
         32,          2,    4,          6.79,          3.30,       2.99,      29.82,     98.32,         11.73
         32,          2,    5,          7.59,          3.30,       3.23,      32.29,    106.42,         11.76
         32,          2,    6,          8.31,          3.30,       3.46,      34.56,    113.92,         12.02
         32,          2,    7,          8.82,          3.30,       3.68,      36.81,    121.33,         11.95
         32,          3,    1,          5.57,          3.30,       2.70,      27.02,     89.08,         22.97
         32,          3,    2,          7.17,          3.30,       3.12,      31.21,    102.87,         17.66
         32,          3,    3,          8.42,          3.30,       3.51,      35.05,    115.54,         16.50
         32,          3,    4,          9.28,          3.30,       3.82,      38.21,    125.94,         16.10
         32,          3,    5,          9.94,          3.30,       4.10,      41.07,    135.37,         15.91
         32,          3,    6,         10.48,          3.30,       4.37,      43.68,    143.96,         15.84
         32,          3,    7,         10.94,          3.30,       4.62,      46.15,    152.10,         15.76
         32,          4,    1,          7.78,          3.30,       3.35,      33.48,    110.35,         27.00
         32,          4,    2,          9.22,          3.30,       3.83,      38.35,    126.40,         21.82
         32,          4,    3,         10.11,          3.30,       4.24,      42.34,    139.55,         19.93
         32,          4,    4,         10.88,          3.30,       4.57,      45.74,    150.75,         19.56
         32,          4,    5,         11.44,          3.30,       4.87,      48.74,    160.62,         19.22
         32,          4,    6,         11.84,          3.30,       5.16,      51.58,    169.99,         18.66
         32,          4,    7,         12.28,          3.30,       5.42,      54.21,    178.62,         18.68
         32,          5,    1,          9.89,          3.30,       4.23,      42.26,    139.27,         28.68
         32,          5,    2,         11.30,          3.30,       4.85,      48.48,    159.79,         24.74
         32,          5,    3,         12.18,          3.29,       5.35,      53.53,    176.38,         23.20
         32,          5,    4,         12.78,          3.29,       5.75,      57.46,    189.30,         22.60
         32,          5,    5,         13.26,          3.29,       6.10,      61.01,    200.94,         22.15
         32,          5,    6,         13.58,          3.29,       6.42,      64.16,    211.26,         21.52
         32,          5,    7,         13.92,          3.29,       6.72,      67.19,    221.24,         21.25
         32,          6,    1,         11.65,          3.30,       5.15,      51.48,    169.64,         34.84
         32,          6,    2,         12.89,          3.29,       5.88,      58.79,    193.65,         29.46
         32,          6,    3,         13.61,          3.29,       6.41,      64.04,    210.88,         27.62
         32,          6,    4,         14.13,          3.29,       6.84,      68.41,    225.22,         26.55
         32,          6,    5,         14.53,          3.29,       7.21,      72.04,    237.15,         25.93
         32,          6,    6,         14.86,          3.29,       7.54,      75.37,    248.12,         25.41
         32,          6,    7,         15.15,          3.29,       7.86,      78.61,    258.77,         24.98
         32,          7,    1,         12.92,          3.29,       6.05,      60.52,    199.34,         38.91
         32,          7,    2,         14.14,          3.29,       6.93,      69.27,    228.07,         32.75
         32,          7,    3,         14.85,          3.29,       7.58,      75.76,    249.39,         30.45
         32,          7,    4,         15.36,          3.29,       8.07,      80.71,    265.69,         29.43
         32,          7,    5,         15.76,          3.29,       8.51,      85.03,    279.89,         28.74
         32,          7,    6,         16.06,          3.29,       8.87,      88.68,    291.83,         28.22
         32,          7,    7,         16.32,          3.29,       9.22,      92.16,    303.23,         27.79
         33,          1,    1,          0.67,          3.30,       1.81,      18.07,     59.61,          8.21
         33,          1,    2,          2.71,          3.30,       2.08,      20.80,     68.60,          8.05
         33,          1,    3,          4.24,          3.30,       2.35,      23.48,     77.44,          8.29
         33,          1,    4,          5.36,          3.30,       2.58,      25.81,     85.13,          8.64
         33,          1,    5,          6.23,          3.30,       2.80,      28.04,     92.46,          8.93
         33,          1,    6,          6.96,          3.30,       3.01,      30.10,     99.21,          9.23
         33,          1,    7,          7.55,          3.30,       3.21,      32.05,    105.66,          9.45
         33,          2,    1,          2.91,          3.30,       2.14,      21.40,     70.57,         16.04
         33,          2,    2,          4.71,          3.30,       2.46,      24.57,     81.01,         13.06
         33,          2,    3,          6.00,          3.30,       2.75,      27.48,     90.60,         12.36
         33,          2,    4,          7.00,          3.30,       3.02,      30.17,     99.44,         12.21
         33,          2,    5,          7.80,          3.30,       3.27,      32.67,    107.70,         12.22
         33,          2,    6,          8.47,          3.30,       3.50,      35.02,    115.44,         12.32
         33,          2,    7,          9.03,          3.30,       3.73,      37.30,    122.95,         12.40
         33,          3,    1,          5.78,          3.30,       2.75,      27.46,     90.56,         23.56
         33,          3,    2,          7.44,          3.30,       3.18,      31.80,    104.84,         18.26
         33,          3,    3,          8.65,          3.30,       3.57,      35.72,    117.75,         16.95
         33,          3,    4,          9.44,          3.30,       3.90,      38.99,    128.50,         16.27
         33,          3,    5,         10.12,          3.30,       4.20,      41.97,    138.33,         16.10
         33,          3,    6,         10.73,          3.30,       4.46,      44.58,    146.93,         16.31
         33,          3,    7,         11.19,          3.30,       4.71,      47.13,    155.32,         16.28
         33,          4,    1,          8.05,          3.30,       3.43,      34.31,    113.08,         27.65
         33,          4,    2,          9.49,          3.30,       3.93,      39.32,    129.60,         22.45
         33,          4,    3,         10.44,          3.30,       4.34,      43.38,    142.99,         20.90
         33,          4,    4,         11.16,          3.30,       4.69,      46.88,    154.51,         20.26
         33,          4,    5,         11.72,          3.30,       5.00,      49.99,    164.74,         19.88
         33,          4,    6,         12.18,          3.30,       5.29,      52.87,    174.23,         19.62
         33,          4,    7,         12.58,          3.29,       5.57,      55.69,    183.46,         19.37
         33,          5,    1,         10.26,          3.30,       4.35,      43.45,    143.19,         30.04
         33,          5,    2,         11.62,          3.30,       5.00,      49.96,    164.65,         25.59
         33,          5,    3,         12.50,          3.29,       5.53,      55.26,    182.07,         23.98
         33,          5,    4,         13.13,          3.29,       5.94,      59.41,    195.69,         23.38
         33,          5,    5,         13.60,          3.29,       6.30,      63.03,    207.56,         22.99
         33,          5,    6,         13.99,          3.29,       6.63,      66.29,    218.29,         22.68
         33,          5,    7,         14.33,          3.29,       6.94,      69.41,    228.50,         22.48
         33,          6,    1,         12.00,          3.30,       5.33,      53.26,    175.50,         35.73
         33,          6,    2,         13.25,          3.29,       6.09,      60.89,    200.55,         30.46
         33,          6,    3,         13.99,          3.29,       6.65,      66.47,    218.85,         28.55
         33,          6,    4,         14.51,          3.29,       7.09,      70.82,    233.16,         27.68
         33,          6,    5,         14.92,          3.29,       7.47,      74.66,    245.78,         27.05
         33,          6,    6,         15.25,          3.29,       7.82,      78.22,    257.51,         26.48
         33,          6,    7,         15.55,          3.29,       8.16,      81.59,    268.57,         26.10
         33,          7,    1,         13.30,          3.29,       6.29,      62.85,    206.97,         39.31
         33,          7,    2,         14.53,          3.29,       7.21,      72.07,    237.24,         33.57
         33,          7,    3,         15.27,          3.29,       7.89,      78.88,    259.65,         31.41
         33,          7,    4,         15.77,          3.29,       8.40,      84.01,    276.52,         30.50
         33,          7,    5,         16.18,          3.29,       8.85,      88.52,    291.33,         29.91
         33,          7,    6,         16.49,          3.29,       9.24,      92.35,    303.84,         29.44
         33,          7,    7,         16.76,          3.29,       9.60,      95.97,    315.72,         29.06
         34,          1,    1,          0.78,          3.30,       1.82,      18.19,     60.02,          8.45
         34,          1,    2,          2.81,          3.30,       2.10,      20.96,     69.16,          8.20
         34,          1,    3,          4.34,          3.30,       2.37,      23.66,     78.03,          8.45
         34,          1,    4,          5.46,          3.30,       2.60,      26.03,     85.83,          8.80
         34,          1,    5,          6.35,          3.30,       2.83,      28.31,     93.35,          9.09
         34,          1,    6,          7.08,          3.30,       3.04,      30.39,    100.18,          9.40
         34,          1,    7,          7.70,          3.30,       3.24,      32.40,    106.79,          9.67
         34,          2,    1,          3.06,          3.30,       2.16,      21.61,     71.29,         16.48
         34,          2,    2,          4.84,          3.30,       2.48,      24.88,     82.04,         13.23
         34,          2,    3,          6.15,          3.30,       2.78,      27.82,     91.74,         12.58
         34,          2,    4,          7.14,          3.30,       3.05,      30.54,    100.67,         12.43
         34,          2,    5,          7.95,          3.30,       3.31,      33.08,    109.04,         12.47
         34,          2,    6,          8.63,          3.30,       3.55,      35.45,    116.86,         12.60
         34,          2,    7,          9.20,          3.30,       3.78,      37.76,    124.47,         12.71
         34,          3,    1,          6.00,          3.30,       2.80,      27.98,     92.24,         24.13
         34,          3,    2,          7.65,          3.30,       3.24,      32.41,    106.83,         18.74
         34,          3,    3,          8.87,          3.30,       3.65,      36.45,    120.15,         17.36
         34,          3,    4,          9.73,          3.30,       3.98,      39.82,    131.25,         16.93
         34,          3,    5,         10.41,          3.30,       4.28,      42.81,    141.08,         16.81
         34,          3,    6,         10.97,          3.30,       4.56,      45.61,    150.32,         16.75
         34,          3,    7,         11.44,          3.30,       4.81,      48.11,    158.54,         16.82
         34,          4,    1,          8.32,          3.30,       3.52,      35.14,    115.82,         28.27
         34,          4,    2,          9.77,          3.30,       4.03,      40.34,    132.97,         23.03
         34,          4,    3,         10.72,          3.30,       4.45,      44.48,    146.62,         21.51
         34,          4,    4,         11.44,          3.30,       4.81,      48.07,    158.43,         20.92
         34,          4,    5,         12.00,          3.30,       5.13,      51.29,    169.03,         20.52
         34,          4,    6,         12.48,          3.29,       5.43,      54.28,    178.83,         20.33
         34,          4,    7,         12.87,          3.29,       5.71,      57.12,    188.16,         20.10
         34,          5,    1,         10.58,          3.30,       4.48,      44.76,    147.52,         30.79
         34,          5,    2,         11.95,          3.30,       5.16,      51.59,    170.02,         26.28
         34,          5,    3,         12.84,          3.29,       5.71,      57.06,    187.99,         24.82
         34,          5,    4,         13.46,          3.29,       6.13,      61.26,    201.75,         24.27
         34,          5,    5,         13.95,          3.29,       6.52,      65.21,    214.73,         23.81
         34,          5,    6,         14.34,          3.29,       6.86,      68.58,    225.79,         23.55
         34,          5,    7,         14.69,          3.29,       7.17,      71.73,    236.14,         23.41
         34,          6,    1,         12.35,          3.29,       5.51,      55.14,    181.68,         36.53
         34,          6,    2,         13.62,          3.29,       6.31,      63.12,    207.86,         31.46
         34,          6,    3,         14.36,          3.29,       6.90,      69.01,    227.21,         29.50
         34,          6,    4,         14.89,          3.29,       7.36,      73.56,    242.16,         28.68
         34,          6,    5,         15.30,          3.29,       7.76,      77.55,    255.29,         28.08
         34,          6,    6,         15.64,          3.29,       8.14,      81.35,    267.80,         27.50
         34,          6,    7,         15.94,          3.29,       8.47,      84.71,    278.85,         27.25
         34,          7,    1,         13.67,          3.29,       6.51,      65.15,    214.55,         40.10
         34,          7,    2,         14.93,          3.29,       7.49,      74.92,    246.66,         34.53
         34,          7,    3,         15.68,          3.29,       8.23,      82.24,    270.72,         32.39
         34,          7,    4,         16.19,          3.29,       8.75,      87.50,    287.99,         31.63
         34,          7,    5,         16.60,          3.29,       9.23,      92.29,    303.68,         31.06
         34,          7,    6,         16.91,          3.29,       9.62,      96.19,    316.45,         30.67
         34,          7,    7,         17.18,          3.29,       9.99,      99.92,    328.59,         30.34
         35,          1,    1,          0.86,          3.30,       1.84,      18.39,     60.67,          8.58
         35,          1,    2,          2.90,          3.30,       2.11,      21.15,     69.77,          8.37
         35,          1,    3,          4.44,          3.30,       2.39,      23.96,     79.02,          8.53
         35,          1,    4,          5.57,          3.30,       2.63,      26.32,     86.79,          8.94
         35,          1,    5,          6.47,          3.30,       2.86,      28.59,     94.24,          9.28
         35,          1,    6,          7.22,          3.30,       3.07,      30.68,    101.15,          9.63
         35,          1,    7,          7.84,          3.30,       3.28,      32.76,    107.98,          9.89
         35,          2,    1,          3.24,          3.30,       2.19,      21.92,     72.30,         16.89
         35,          2,    2,          4.99,          3.30,       2.52,      25.21,     83.12,         13.55
         35,          2,    3,          6.30,          3.30,       2.82,      28.23,     93.08,         12.82
         35,          2,    4,          7.30,          3.30,       3.09,      30.89,    101.84,         12.77
         35,          2,    5,          8.10,          3.30,       3.35,      33.53,    110.52,         12.74
         35,          2,    6,          8.78,          3.30,       3.59,      35.90,    118.34,         12.90
         35,          2,    7,          9.38,          3.30,       3.84,      38.34,    126.38,         13.01
         35,          3,    1,          6.24,          3.30,       2.86,      28.55,     94.13,         24.59
         35,          3,    2,          7.89,          3.30,       3.31,      33.12,    109.16,         19.13
         35,          3,    3,          9.11,          3.30,       3.73,      37.27,    122.86,         17.78
         35,          3,    4,          9.97,          3.30,       4.07,      40.68,    134.09,         17.41
         35,          3,    5,         10.66,          3.30,       4.38,      43.83,    144.47,         17.25
         35,          3,    6,         11.22,          3.30,       4.67,      46.70,    153.91,         17.23
         35,          3,    7,         11.70,          3.30,       4.94,      49.36,    162.67,         17.29
         35,          4,    1,          8.63,          3.30,       3.61,      36.13,    119.08,         28.97
         35,          4,    2,         10.07,          3.30,       4.16,      41.58,    137.04,         23.58
         35,          4,    3,         11.03,          3.30,       4.59,      45.87,    151.19,         22.14
         35,          4,    4,         11.75,          3.30,       4.96,      49.53,    163.24,         21.59
         35,          4,    5,         12.32,          3.30,       5.29,      52.86,    174.19,         21.25
         35,          4,    6,         12.80,          3.29,       5.60,      55.99,    184.44,         21.03
         35,          4,    7,         13.20,          3.29,       5.89,      58.88,    193.92,         20.88
         35,          5,    1,         10.92,          3.30,       4.64,      46.36,    152.81,         31.19
         35,          5,    2,         12.31,          3.30,       5.36,      53.55,    176.44,         26.92
         35,          5,    3,         13.22,          3.29,       5.93,      59.26,    195.19,         25.57
         35,          5,    4,         13.84,          3.29,       6.37,      63.64,    209.56,         25.11
         35,          5,    5,         14.33,          3.29,       6.77,      67.69,    222.86,         24.70
         35,          5,    6,         14.73,          3.29,       7.12,      71.17,    234.29,         24.52
         35,          5,    7,         15.08,          3.29,       7.45,      74.48,    245.20,         24.39
         35,          6,    1,         12.74,          3.29,       5.72,      57.24,    188.58,         37.56
         35,          6,    2,         14.02,          3.29,       6.59,      65.91,    217.01,         32.20
         35,          6,    3,         14.78,          3.29,       7.21,      72.00,    237.02,         30.55
         35,          6,    4,         15.31,          3.29,       7.68,      76.75,    252.67,         29.77
         35,          6,    5,         15.72,          3.29,       8.10,      80.95,    266.48,         29.21
         35,          6,    6,         16.07,          3.29,       8.48,      84.78,    279.06,         28.77
         35,          6,    7,         16.37,          3.29,       8.83,      88.27,    290.52,         28.56
         35,          7,    1,         14.08,          3.29,       6.78,      67.81,    223.25,         40.91
         35,          7,    2,         15.36,          3.29,       7.83,      78.32,    257.82,         35.41
         35,          7,    3,         16.12,          3.29,       8.59,      85.92,    282.79,         33.56
         35,          7,    4,         16.64,          3.29,       9.15,      91.56,    301.26,         32.86
         35,          7,    5,         17.05,          3.29,       9.65,      96.52,    317.46,         32.34
         35,          7,    6,         17.37,          3.29,      10.06,     100.64,    330.96,         32.05
         35,          7,    7,         17.64,          3.29,      10.46,     104.55,    343.77,         31.72
         36,          1,    1,          0.97,          3.30,       1.85,      18.51,     61.06,          8.93
         36,          1,    2,          2.98,          3.30,       2.13,      21.30,     70.26,          8.56
         36,          1,    3,          4.53,          3.30,       2.41,      24.04,     79.28,          8.81
         36,          1,    4,          5.66,          3.30,       2.65,      26.53,     87.47,          9.11
         36,          1,    5,          6.58,          3.30,       2.89,      28.85,     95.10,          9.47
         36,          1,    6,          7.33,          3.30,       3.10,      30.97,    102.08,          9.84
         36,          1,    7,          7.97,          3.30,       3.31,      33.09,    109.07,         10.10
         36,          2,    1,          3.40,          3.30,       2.22,      22.19,     73.20,         17.37
         36,          2,    2,          5.15,          3.30,       2.55,      25.49,     84.07,         13.94
         36,          2,    3,          6.44,          3.30,       2.86,      28.56,     94.16,         13.14
         36,          2,    4,          7.44,          3.30,       3.13,      31.34,    103.33,         12.98
         36,          2,    5,          8.25,          3.30,       3.39,      33.95,    111.91,         13.03
         36,          2,    6,          8.94,          3.30,       3.64,      36.45,    120.15,         13.16
         36,          2,    7,          9.54,          3.30,       3.89,      38.84,    128.03,         13.34
         36,          3,    1,          6.45,          3.30,       2.91,      29.11,     95.97,         24.70
         36,          3,    2,          8.10,          3.30,       3.38,      33.76,    111.28,         19.48
         36,          3,    3,          9.34,          3.30,       3.81,      38.11,    125.62,         18.09
         36,          3,    4,         10.21,          3.30,       4.16,      41.64,    137.25,         17.75
         36,          3,    5,         10.91,          3.30,       4.49,      44.86,    147.85,         17.67
         36,          3,    6,         11.48,          3.30,       4.77,      47.74,    157.34,         17.75
         36,          3,    7,         11.96,          3.30,       5.05,      50.50,    166.42,         17.79
         36,          4,    1,          8.92,          3.30,       3.72,      37.16,    122.50,         29.14
         36,          4,    2,         10.37,          3.30,       4.28,      42.78,    141.01,         24.03
         36,          4,    3,         11.34,          3.30,       4.73,      47.27,    155.76,         22.65
         36,          4,    4,         12.06,          3.30,       5.11,      51.08,    168.31,         22.14
         36,          4,    5,         12.62,          3.29,       5.45,      54.49,    179.52,         21.81
         36,          4,    6,         13.11,          3.29,       5.77,      57.66,    189.93,         21.71
         36,          4,    7,         13.51,          3.29,       6.06,      60.61,    199.62,         21.60
         36,          5,    1,         11.26,          3.30,       4.79,      47.87,    157.78,         32.05
         36,          5,    2,         12.65,          3.29,       5.55,      55.53,    182.95,         27.55
         36,          5,    3,         13.56,          3.29,       6.15,      61.49,    202.51,         26.30
         36,          5,    4,         14.19,          3.29,       6.62,      66.18,    217.90,         25.78
         36,          5,    5,         14.69,          3.29,       7.04,      70.36,    231.64,         25.50
         36,          5,    6,         15.09,          3.29,       7.40,      73.99,    243.59,         25.32
         36,          5,    7,         15.45,          3.29,       7.74,      77.41,    254.84,         25.27
         36,          6,    1,         13.10,          3.29,       5.95,      59.49,    195.96,         37.86
         36,          6,    2,         14.40,          3.29,       6.87,      68.69,    226.13,         32.78
         36,          6,    3,         15.16,          3.29,       7.50,      75.02,    246.96,         31.30
         36,          6,    4,         15.70,          3.29,       8.02,      80.14,    263.82,         30.51
         36,          6,    5,         16.12,          3.29,       8.45,      84.52,    278.19,         30.07
         36,          6,    6,         16.47,          3.29,       8.84,      88.39,    290.88,         29.80
         36,          6,    7,         16.78,          3.29,       9.21,      92.05,    302.86,         29.60
         36,          7,    1,         14.46,          3.29,       7.05,      70.48,    232.04,         41.43
         36,          7,    2,         15.77,          3.29,       8.18,      81.80,    269.29,         36.10
         36,          7,    3,         16.54,          3.29,       8.97,      89.70,    295.19,         34.55
         36,          7,    4,         17.07,          3.29,       9.58,      95.78,    315.07,         33.83
         36,          7,    5,         17.48,          3.29,      10.09,     100.88,    331.74,         33.49
         36,          7,    6,         17.79,          3.29,      10.52,     105.12,    345.68,         33.23
         36,          7,    7,         18.07,          3.29,      10.93,     109.22,    359.13,         33.00
         37,          1,    1,          6.14,          3.30,       2.70,      27.04,     89.17,         51.48
         37,          1,    2,          6.86,          3.30,       2.90,      28.95,     95.42,         34.10
         37,          1,    3,          7.36,          3.30,       3.05,      30.50,    100.54,         28.16
         37,          1,    4,          7.62,          3.30,       3.14,      31.43,    103.61,         25.77
         37,          1,    5,          7.84,          3.30,       3.23,      32.25,    106.30,         24.21
         37,          1,    6,          7.98,          3.30,       3.29,      32.88,    108.38,         23.08
         37,          1,    7,          8.09,          3.30,       3.34,      33.39,    110.05,         22.32
         37,          2,    1,          7.83,          3.30,       3.19,      31.88,    105.10,         34.31
         37,          2,    2,          8.56,          3.30,       3.43,      34.28,    113.00,         28.04
         37,          2,    3,          8.97,          3.30,       3.59,      35.83,    118.11,         25.70
         37,          2,    4,          9.22,          3.30,       3.69,      36.91,    121.64,         24.41
         37,          2,    5,          9.42,          3.30,       3.79,      37.83,    124.70,         23.45
         37,          2,    6,          9.56,          3.30,       3.86,      38.66,    127.43,         22.58
         37,          2,    7,          9.71,          3.30,       3.94,      39.36,    129.72,         22.12
         37,          3,    1,          9.76,          3.30,       3.92,      39.22,    129.25,         30.46
         37,          3,    2,         10.68,          3.30,       4.33,      43.26,    142.59,         26.32
         37,          3,    3,         11.28,          3.30,       4.63,      46.21,    152.32,         24.82
         37,          3,    4,         11.62,          3.30,       4.80,      47.99,    158.18,         24.18
         37,          3,    5,         11.90,          3.30,       4.96,      49.67,    163.69,         23.64
         37,          3,    6,         12.08,          3.30,       5.08,      50.80,    167.41,         23.31
         37,          3,    7,         12.24,          3.30,       5.20,      51.93,    171.15,         22.93
         37,          4,    1,         11.47,          3.30,       4.77,      47.73,    157.31,         33.45
         37,          4,    2,         12.43,          3.29,       5.31,      53.09,    174.94,         29.38
         37,          4,    3,         12.98,          3.29,       5.64,      56.44,    185.95,         28.14
         37,          4,    4,         13.28,          3.29,       5.87,      58.75,    193.53,         27.26
         37,          4,    5,         13.52,          3.29,       6.03,      60.28,    198.55,         27.04
         37,          4,    6,         13.69,          3.29,       6.16,      61.55,    202.73,         26.78
         37,          4,    7,         13.84,          3.29,       6.28,      62.79,    206.75,         26.48
         37,          5,    1,         13.04,          3.29,       5.81,      58.10,    191.40,         37.03
         37,          5,    2,         14.13,          3.29,       6.58,      65.77,    216.57,         32.56
         37,          5,    3,         14.77,          3.29,       7.09,      70.87,    233.31,         31.14
         37,          5,    4,         15.14,          3.29,       7.42,      74.15,    244.10,         30.47
         37,          5,    5,         15.44,          3.29,       7.70,      77.01,    253.54,         30.01
         37,          5,    6,         15.63,          3.29,       7.90,      79.01,    260.08,         29.72
         37,          5,    7,         15.82,          3.29,       8.09,      80.92,    266.37,         29.51
         37,          6,    1,         14.35,          3.29,       6.92,      69.22,    227.88,         38.84
         37,          6,    2,         15.55,          3.29,       7.92,      79.16,    260.59,         34.93
         37,          6,    3,         16.19,          3.29,       8.53,      85.31,    280.82,         33.79
         37,          6,    4,         16.55,          3.29,       8.92,      89.23,    293.67,         33.28
         37,          6,    5,         16.83,          3.29,       9.23,      92.29,    303.64,         33.07
         37,          6,    6,         17.01,          3.29,       9.45,      94.50,    310.89,         32.85
         37,          6,    7,         17.18,          3.29,       9.65,      96.48,    317.34,         32.73
         37,          7,    1,         15.38,          3.29,       7.98,      79.73,    262.47,         39.72
         37,          7,    2,         16.69,          3.29,       9.22,      92.15,    303.20,         36.55
         37,          7,    3,         17.41,          3.29,      10.00,     100.01,    328.94,         35.90
         37,          7,    4,         17.80,          3.29,      10.49,     104.88,    344.88,         35.58
         37,          7,    5,         18.12,          3.29,      10.90,     109.04,    358.51,         35.49
         37,          7,    6,         18.32,          3.29,      11.19,     111.80,    367.60,         35.37
         37,          7,    7,         18.51,          3.29,      11.45,     114.46,    376.35,         35.34
         38,          1,    1,          6.19,          3.30,       2.72,      27.18,     89.65,         51.15
         38,          1,    2,          6.94,          3.30,       2.93,      29.32,     96.65,         32.64
         38,          1,    3,          7.45,          3.30,       3.08,      30.76,    101.42,         27.91
         38,          1,    4,          7.72,          3.30,       3.19,      31.85,    105.00,         25.19
         38,          1,    5,          7.94,          3.30,       3.27,      32.73,    107.89,         23.60
         38,          1,    6,          8.08,          3.30,       3.33,      33.34,    109.90,         22.67
         38,          1,    7,          8.21,          3.30,       3.39,      33.88,    111.67,         21.94
         38,          2,    1,          7.95,          3.30,       3.23,      32.32,    106.54,         33.28
         38,          2,    2,          8.70,          3.30,       3.47,      34.75,    114.55,         27.73
         38,          2,    3,          9.13,          3.30,       3.64,      36.46,    120.17,         25.27
         38,          2,    4,          9.38,          3.30,       3.75,      37.49,    123.58,         24.22
         38,          2,    5,          9.58,          3.30,       3.85,      38.48,    126.83,         23.29
         38,          2,    6,          9.72,          3.30,       3.93,      39.25,    129.35,         22.59
         38,          2,    7,          9.88,          3.30,       4.01,      40.08,    132.09,         21.97
         38,          3,    1,          9.95,          3.30,       4.00,      40.02,    131.93,         30.11
         38,          3,    2,         10.88,          3.30,       4.44,      44.34,    146.16,         26.04
         38,          3,    3,         11.51,          3.30,       4.74,      47.41,    156.26,         24.77
         38,          3,    4,         11.85,          3.30,       4.94,      49.38,    162.74,         24.05
         38,          3,    5,         12.15,          3.30,       5.11,      51.13,    168.49,         23.62
         38,          3,    6,         12.32,          3.30,       5.24,      52.40,    172.67,         23.21
         38,          3,    7,         12.50,          3.30,       5.35,      53.53,    176.38,         23.01
         38,          4,    1,         11.71,          3.30,       4.91,      49.13,    161.92,         33.07
         38,          4,    2,         12.70,          3.29,       5.48,      54.81,    180.58,         29.31
         38,          4,    3,         13.25,          3.29,       5.85,      58.48,    192.63,         27.96
         38,          4,    4,         13.56,          3.29,       6.07,      60.73,    200.02,         27.37
         38,          4,    5,         13.79,          3.29,       6.26,      62.57,    206.05,         26.93
         38,          4,    6,         13.97,          3.29,       6.40,      63.96,    210.62,         26.67
         38,          4,    7,         14.13,          3.29,       6.54,      65.41,    215.37,         26.32
         38,          5,    1,         13.33,          3.29,       6.01,      60.07,    197.85,         36.76
         38,          5,    2,         14.44,          3.29,       6.84,      68.44,    225.31,         32.34
         38,          5,    3,         15.08,          3.29,       7.38,      73.84,    243.09,         31.02
         38,          5,    4,         15.45,          3.29,       7.76,      77.56,    255.32,         30.27
         38,          5,    5,         15.76,          3.29,       8.06,      80.55,    265.15,         29.91
         38,          5,    6,         15.96,          3.29,       8.27,      82.73,    272.33,         29.63
         38,          5,    7,         16.14,          3.29,       8.49,      84.89,    279.42,         29.36
         38,          6,    1,         14.68,          3.29,       7.16,      71.60,    235.72,         39.19
         38,          6,    2,         15.91,          3.29,       8.26,      82.55,    271.76,         35.10
         38,          6,    3,         16.54,          3.29,       8.92,      89.24,    293.68,         33.94
         38,          6,    4,         16.92,          3.29,       9.34,      93.42,    307.37,         33.52
         38,          6,    5,         17.18,          3.29,       9.68,      96.85,    318.56,         33.10
         38,          6,    6,         17.37,          3.29,       9.93,      99.21,    326.30,         32.95
         38,          6,    7,         17.53,          3.29,      10.14,     101.42,    333.54,         32.80
         38,          7,    1,         15.73,          3.29,       8.25,      82.52,    271.63,         40.07
         38,          7,    2,         17.07,          3.29,       9.61,      96.13,    316.24,         36.89
         38,          7,    3,         17.80,          3.29,      10.44,     104.41,    343.32,         36.51
         38,          7,    4,         18.20,          3.29,      10.99,     109.88,    361.28,         36.08
         38,          7,    5,         18.52,          3.29,      11.43,     114.28,    375.76,         36.02
         38,          7,    6,         18.72,          3.29,      11.74,     117.31,    385.72,         35.92
         38,          7,    7,         18.92,          3.29,      12.01,     120.12,    394.93,         35.94
         39,          1,    1,          6.24,          3.30,       2.73,      27.32,     90.09,         50.60
         39,          1,    2,          7.01,          3.30,       2.94,      29.41,     96.96,         33.07
         39,          1,    3,          7.55,          3.30,       3.11,      31.14,    102.65,         27.22
         39,          1,    4,          7.82,          3.30,       3.22,      32.19,    106.09,         24.89
         39,          1,    5,          8.06,          3.30,       3.30,      32.94,    108.57,         23.87
         39,          1,    6,          8.20,          3.30,       3.36,      33.57,    110.64,         22.91
         39,          1,    7,          8.33,          3.30,       3.41,      34.12,    112.45,         22.16
         39,          2,    1,          8.09,          3.30,       3.28,      32.82,    108.18,         32.45
         39,          2,    2,          8.84,          3.30,       3.53,      35.32,    116.43,         27.26
         39,          2,    3,          9.29,          3.30,       3.70,      37.02,    122.03,         25.20
         39,          2,    4,          9.55,          3.30,       3.83,      38.33,    126.33,         23.71
         39,          2,    5,          9.77,          3.30,       3.92,      39.20,    129.19,         23.21
         39,          2,    6,          9.92,          3.30,       4.00,      40.02,    131.90,         22.52
         39,          2,    7,         10.08,          3.30,       4.08,      40.83,    134.57,         22.02
         39,          3,    1,         10.14,          3.30,       4.10,      40.99,    135.09,         29.34
         39,          3,    2,         11.10,          3.30,       4.56,      45.62,    150.36,         25.51
         39,          3,    3,         11.74,          3.30,       4.89,      48.94,    161.29,         24.29
         39,          3,    4,         12.10,          3.30,       5.11,      51.03,    168.19,         23.71
         39,          3,    5,         12.39,          3.30,       5.31,      53.10,    174.98,         23.08
         39,          3,    6,         12.58,          3.29,       5.43,      54.32,    178.96,         22.92
         39,          3,    7,         12.76,          3.29,       5.56,      55.53,    182.98,         22.72
         39,          4,    1,         11.97,          3.30,       5.07,      50.71,    167.12,         32.81
         39,          4,    2,         12.98,          3.29,       5.71,      57.03,    187.89,         28.92
         39,          4,    3,         13.54,          3.29,       6.10,      60.97,    200.82,         27.68
         39,          4,    4,         13.86,          3.29,       6.36,      63.56,    209.30,         26.98
         39,          4,    5,         14.10,          3.29,       6.55,      65.52,    215.77,         26.61
         39,          4,    6,         14.27,          3.29,       6.72,      67.16,    221.12,         26.23
         39,          4,    7,         14.43,          3.29,       6.86,      68.62,    225.93,         26.00
         39,          5,    1,         13.65,          3.29,       6.23,      62.31,    205.19,         36.63
         39,          5,    2,         14.80,          3.29,       7.16,      71.61,    235.77,         32.18
         39,          5,    3,         15.44,          3.29,       7.78,      77.74,    255.93,         30.72
         39,          5,    4,         15.82,          3.29,       8.17,      81.69,    268.93,         30.09
         39,          5,    5,         16.12,          3.29,       8.53,      85.23,    280.53,         29.53
         39,          5,    6,         16.33,          3.29,       8.76,      87.59,    288.29,         29.31
         39,          5,    7,         16.50,          3.29,       8.98,      89.82,    295.60,         29.08
         39,          6,    1,         15.04,          3.29,       7.45,      74.46,    245.14,         38.67
         39,          6,    2,         16.30,          3.29,       8.67,      86.67,    285.25,         34.78
         39,          6,    3,         16.93,          3.29,       9.40,      94.03,    309.34,         33.64
         39,          6,    4,         17.31,          3.29,       9.88,      98.83,    325.06,         33.14
         39,          6,    5,         17.57,          3.29,      10.26,     102.64,    337.54,         32.68
         39,          6,    6,         17.76,          3.29,      10.53,     105.24,    346.05,         32.58
         39,          6,    7,         17.92,          3.29,      10.77,     107.72,    354.19,         32.32
         39,          7,    1,         16.12,          3.29,       8.59,      85.86,    282.63,         39.87
         39,          7,    2,         17.49,          3.29,      10.07,     100.73,    331.28,         37.08
         39,          7,    3,         18.22,          3.29,      10.99,     109.89,    361.32,         36.64
         39,          7,    4,         18.62,          3.29,      11.60,     115.93,    381.16,         36.19
         39,          7,    5,         18.94,          3.29,      12.09,     120.81,    397.22,         36.07
         39,          7,    6,         19.14,          3.29,      12.42,     124.21,    408.34,         35.96
         39,          7,    7,         19.33,          3.29,      12.74,     127.35,    418.60,         35.96
         40,          1,    1,          6.29,          3.30,       2.75,      27.44,     90.49,         49.20
         40,          1,    2,          7.07,          3.30,       2.97,      29.72,     97.98,         31.57
         40,          1,    3,          7.63,          3.30,       3.13,      31.29,    103.12,         27.20
         40,          1,    4,          7.92,          3.30,       3.24,      32.36,    106.66,         24.93
         40,          1,    5,          8.16,          3.30,       3.34,      33.37,    109.99,         23.26
         40,          1,    6,          8.31,          3.30,       3.39,      33.90,    111.73,         22.66
         40,          1,    7,          8.44,          3.30,       3.46,      34.58,    113.98,         21.74
         40,          2,    1,          8.20,          3.30,       3.31,      33.16,    109.32,         31.30
         40,          2,    2,          8.98,          3.30,       3.58,      35.87,    118.23,         26.30
         40,          2,    3,          9.44,          3.30,       3.77,      37.66,    124.14,         24.45
         40,          2,    4,          9.70,          3.30,       3.90,      39.02,    128.62,         23.09
         40,          2,    5,          9.93,          3.30,       4.00,      39.98,    131.79,         22.57
         40,          2,    6,         10.10,          3.30,       4.09,      40.90,    134.80,         21.93
         40,          2,    7,         10.25,          3.30,       4.18,      41.82,    137.84,         21.35
         40,          3,    1,         10.32,          3.30,       4.20,      41.95,    138.25,         28.94
         40,          3,    2,         11.31,          3.30,       4.69,      46.86,    154.44,         25.30
         40,          3,    3,         11.95,          3.30,       5.06,      50.57,    166.67,         23.87
         40,          3,    4,         12.31,          3.30,       5.30,      53.01,    174.68,         23.12
         40,          3,    5,         12.62,          3.29,       5.52,      55.17,    181.78,         22.62
         40,          3,    6,         12.81,          3.29,       5.64,      56.39,    185.77,         22.54
         40,          3,    7,         12.99,          3.29,       5.79,      57.87,    190.65,         22.22
         40,          4,    1,         12.23,          3.30,       5.25,      52.52,    173.05,         32.06
         40,          4,    2,         13.27,          3.29,       5.94,      59.38,    195.59,         28.45
         40,          4,    3,         13.83,          3.29,       6.38,      63.79,    210.06,         27.12
         40,          4,    4,         14.15,          3.29,       6.67,      66.66,    219.49,         26.41
         40,          4,    5,         14.40,          3.29,       6.88,      68.79,    226.47,         26.09
         40,          4,    6,         14.58,          3.29,       7.05,      70.48,    232.03,         25.83
         40,          4,    7,         14.73,          3.29,       7.21,      72.07,    237.25,         25.57
         40,          5,    1,         13.97,          3.29,       6.49,      64.93,    213.78,         35.98
         40,          5,    2,         15.15,          3.29,       7.52,      75.15,    247.38,         31.82
         40,          5,    3,         15.80,          3.29,       8.20,      81.97,    269.82,         30.35
         40,          5,    4,         16.19,          3.29,       8.64,      86.41,    284.42,         29.73
         40,          5,    5,         16.49,          3.29,       9.02,      90.16,    296.72,         29.28
         40,          5,    6,         16.70,          3.29,       9.30,      93.00,    305.97,         28.94
         40,          5,    7,         16.88,          3.29,       9.54,      95.34,    313.66,         28.79
         40,          6,    1,         15.38,          3.29,       7.78,      77.80,    256.11,         37.87
         40,          6,    2,         16.68,          3.29,       9.12,      91.18,    300.04,         34.47
         40,          6,    3,         17.32,          3.29,       9.94,      99.41,    326.95,         33.31
         40,          6,    4,         17.71,          3.29,      10.49,     104.92,    345.01,         32.74
         40,          6,    5,         17.97,          3.29,      10.91,     109.06,    358.61,         32.33
         40,          6,    6,         18.16,          3.29,      11.20,     111.97,    368.17,         32.18
         40,          6,    7,         18.31,          3.29,      11.46,     114.55,    376.65,         32.02
         40,          7,    1,         16.46,          3.29,       8.89,      88.92,    292.67,         40.01
         40,          7,    2,         17.88,          3.29,      10.57,     105.63,    347.33,         37.15
         40,          7,    3,         18.61,          3.29,      11.58,     115.85,    380.90,         36.51
         40,          7,    4,         19.02,          3.29,      12.25,     122.45,    402.60,         36.16
         40,          7,    5,         19.33,          3.29,      12.79,     127.90,    420.36,         35.93
         40,          7,    6,         19.53,          3.29,      13.17,     131.63,    432.56,         35.87
         40,          7,    7,         19.72,          3.29,      13.53,     135.28,    444.41,         35.73
         41,          1,    1,          6.32,          3.30,       2.76,      27.55,     90.87,         45.65
         41,          1,    2,          7.12,          3.30,       3.00,      29.95,     98.72,         29.91
         41,          1,    3,          7.70,          3.30,       3.16,      31.62,    104.23,         25.87
         41,          1,    4,          8.01,          3.30,       3.28,      32.80,    108.12,         23.72
         41,          1,    5,          8.26,          3.30,       3.37,      33.72,    111.16,         22.57
         41,          1,    6,          8.41,          3.30,       3.43,      34.30,    113.05,         21.96
         41,          1,    7,          8.55,          3.30,       3.50,      35.02,    115.44,         21.09
         41,          2,    1,          8.30,          3.30,       3.37,      33.73,    111.18,         30.28
         41,          2,    2,          9.08,          3.30,       3.66,      36.54,    120.43,         25.66
         41,          2,    3,          9.57,          3.30,       3.86,      38.61,    127.26,         23.59
         41,          2,    4,          9.84,          3.30,       3.99,      39.88,    131.45,         22.65
         41,          2,    5,         10.07,          3.30,       4.09,      40.87,    134.71,         22.19
         41,          2,    6,         10.24,          3.30,       4.18,      41.81,    137.81,         21.60
         41,          2,    7,         10.43,          3.30,       4.27,      42.74,    140.87,         21.21
         41,          3,    1,         10.52,          3.30,       4.32,      43.22,    142.44,         27.61
         41,          3,    2,         11.53,          3.30,       4.85,      48.53,    159.94,         24.37
         41,          3,    3,         12.18,          3.30,       5.27,      52.69,    173.63,         22.95
         41,          3,    4,         12.55,          3.29,       5.52,      55.23,    181.98,         22.37
         41,          3,    5,         12.86,          3.29,       5.74,      57.40,    189.10,         22.07
         41,          3,    6,         13.05,          3.29,       5.89,      58.94,    194.16,         21.79
         41,          3,    7,         13.22,          3.29,       6.05,      60.47,    199.19,         21.51
         41,          4,    1,         12.51,          3.29,       5.46,      54.66,    180.06,         31.35
         41,          4,    2,         13.59,          3.29,       6.23,      62.29,    205.13,         27.88
         41,          4,    3,         14.16,          3.29,       6.72,      67.16,    221.13,         26.61
         41,          4,    4,         14.49,          3.29,       7.02,      70.23,    231.20,         26.06
         41,          4,    5,         14.74,          3.29,       7.27,      72.72,    239.40,         25.61
         41,          4,    6,         14.91,          3.29,       7.46,      74.62,    245.66,         25.32
         41,          4,    7,         15.07,          3.29,       7.64,      76.40,    251.51,         25.03
         41,          5,    1,         14.31,          3.29,       6.81,      68.09,    224.18,         34.99
         41,          5,    2,         15.52,          3.29,       7.91,      79.08,    260.33,         31.49
         41,          5,    3,         16.20,          3.29,       8.70,      87.02,    286.41,         29.94
         41,          5,    4,         16.59,          3.29,       9.15,      91.55,    301.27,         29.56
         41,          5,    5,         16.91,          3.29,       9.62,      96.23,    316.56,         28.93
         41,          5,    6,         17.11,          3.29,       9.90,      98.96,    325.50,         28.78
         41,          5,    7,         17.30,          3.29,      10.20,     101.98,    335.36,         28.49
         41,          6,    1,         15.74,          3.29,       8.15,      81.52,    268.35,         37.17
         41,          6,    2,         17.07,          3.29,       9.59,      95.90,    315.47,         34.38
         41,          6,    3,         17.75,          3.29,      10.57,     105.69,    347.52,         33.04
         41,          6,    4,         18.12,          3.29,      11.11,     111.13,    365.38,         32.80
         41,          6,    5,         18.41,          3.29,      11.62,     116.18,    381.99,         32.30
         41,          6,    6,         18.59,          3.29,      11.93,     119.31,    392.28,         32.16
         41,          6,    7,         18.75,          3.29,      12.27,     122.67,    403.30,         31.81
         41,          7,    1,         16.80,          3.29,       9.26,      92.54,    304.48,         39.69
         41,          7,    2,         18.27,          3.29,      11.12,     111.19,    365.61,         36.99
         41,          7,    3,         19.00,          3.29,      12.25,     122.47,    402.63,         36.34
         41,          7,    4,         19.42,          3.29,      13.00,     130.00,    427.24,         35.98
         41,          7,    5,         19.73,          3.28,      13.62,     136.14,    447.21,         35.68
         41,          7,    6,         19.94,          3.28,      14.04,     140.38,    461.05,         35.56
         41,          7,    7,         20.11,          3.28,      14.44,     144.40,    474.25,         35.34
         42,          1,    1,          6.36,          3.30,       2.78,      27.80,     91.68,         42.99
         42,          1,    2,          7.16,          3.30,       3.02,      30.19,     99.53,         29.02
         42,          1,    3,          7.76,          3.30,       3.20,      32.01,    105.52,         25.01
         42,          1,    4,          8.08,          3.30,       3.32,      33.11,    109.14,         23.34
         42,          1,    5,          8.34,          3.30,       3.41,      34.14,    112.53,         22.08
         42,          1,    6,          8.51,          3.30,       3.50,      34.93,    115.14,         21.15
         42,          1,    7,          8.65,          3.30,       3.56,      35.55,    117.19,         20.59
         42,          2,    1,          8.42,          3.30,       3.44,      34.41,    113.43,         28.38
         42,          2,    2,          9.22,          3.30,       3.75,      37.43,    123.37,         24.27
         42,          2,    3,          9.71,          3.30,       3.96,      39.56,    130.40,         22.56
         42,          2,    4,          9.99,          3.30,       4.09,      40.93,    134.91,         21.70
         42,          2,    5,         10.22,          3.30,       4.23,      42.31,    139.45,         20.85
         42,          2,    6,         10.40,          3.30,       4.32,      43.20,    142.40,         20.52
         42,          2,    7,         10.57,          3.30,       4.42,      44.22,    145.77,         20.07
         42,          3,    1,         10.76,          3.30,       4.50,      44.99,    148.27,         26.47
         42,          3,    2,         11.81,          3.30,       5.09,      50.90,    167.75,         23.52
         42,          3,    3,         12.49,          3.29,       5.55,      55.46,    182.74,         22.31
         42,          3,    4,         12.85,          3.29,       5.81,      58.10,    191.39,         21.89
         42,          3,    5,         13.16,          3.29,       6.08,      60.78,    200.19,         21.39
         42,          3,    6,         13.36,          3.29,       6.24,      62.34,    205.29,         21.25
         42,          3,    7,         13.54,          3.29,       6.40,      63.97,    210.66,         21.04
         42,          4,    1,         12.87,          3.29,       5.75,      57.49,    189.43,         30.66
         42,          4,    2,         13.97,          3.29,       6.58,      65.75,    216.52,         27.65
         42,          4,    3,         14.57,          3.29,       7.12,      71.24,    234.53,         26.47
         42,          4,    4,         14.92,          3.29,       7.49,      74.89,    246.55,         25.81
         42,          4,    5,         15.19,          3.29,       7.79,      77.90,    256.46,         25.38
         42,          4,    6,         15.37,          3.29,       8.02,      80.15,    263.86,         25.00
         42,          4,    7,         15.53,          3.29,       8.23,      82.32,    270.98,         24.70
         42,          5,    1,         14.72,          3.29,       7.17,      71.72,    236.12,         34.95
         42,          5,    2,         15.94,          3.29,       8.34,      83.33,    274.31,         31.93
         42,          5,    3,         16.61,          3.29,       9.12,      91.24,    300.25,         30.76
         42,          5,    4,         17.02,          3.29,       9.67,      96.68,    318.03,         30.23
         42,          5,    5,         17.34,          3.29,      10.12,     101.20,    332.80,         29.84
         42,          5,    6,         17.55,          3.29,      10.48,     104.79,    344.57,         29.46
         42,          5,    7,         17.74,          3.29,      10.79,     107.87,    354.69,         29.20
         42,          6,    1,         16.19,          3.29,       8.64,      86.36,    284.26,         36.82
         42,          6,    2,         17.51,          3.29,      10.15,     101.50,    333.80,         34.70
         42,          6,    3,         18.18,          3.29,      11.10,     111.00,    364.98,         33.94
         42,          6,    4,         18.58,          3.29,      11.75,     117.45,    386.16,         33.55
         42,          6,    5,         18.85,          3.29,      12.23,     122.28,    402.01,         33.29
         42,          6,    6,         19.06,          3.29,      12.63,     126.29,    415.17,         32.98
         42,          6,    7,         19.21,          3.29,      12.97,     129.65,    426.07,         32.72
         42,          7,    1,         17.19,          3.29,       9.73,      97.33,    320.16,         39.04
         42,          7,    2,         18.70,          3.29,      11.71,     117.09,    385.00,         37.23
         42,          7,    3,         19.47,          3.29,      13.07,     130.64,    429.29,         36.36
         42,          7,    4,         19.88,          3.28,      13.81,     138.09,    453.61,         36.33
         42,          7,    5,         20.20,          3.28,      14.53,     145.28,    477.11,         35.93
         42,          7,    6,         20.40,          3.28,      14.98,     149.77,    491.86,         35.84
         42,          7,    7,         20.58,          3.28,      15.44,     154.35,    506.86,         35.63
         43,          1,    1,          6.36,          3.30,       2.81,      28.16,     92.87,         39.72
         43,          1,    2,          7.20,          3.30,       3.04,      30.44,    100.35,         28.55
         43,          1,    3,          7.81,          3.30,       3.25,      32.45,    106.97,         24.17
         43,          1,    4,          8.13,          3.30,       3.36,      33.62,    110.82,         22.54
         43,          1,    5,          8.40,          3.30,       3.48,      34.79,    114.66,         21.17
         43,          1,    6,          8.58,          3.30,       3.55,      35.45,    116.84,         20.66
         43,          1,    7,          8.72,          3.30,       3.62,      36.18,    119.26,         19.99
         43,          2,    1,          8.54,          3.30,       3.52,      35.16,    115.90,         26.99
         43,          2,    2,          9.37,          3.30,       3.86,      38.57,    127.13,         22.98
         43,          2,    3,          9.87,          3.30,       4.09,      40.86,    134.68,         21.45
         43,          2,    4,         10.15,          3.30,       4.25,      42.46,    139.96,         20.50
         43,          2,    5,         10.39,          3.30,       4.37,      43.71,    144.05,         20.03
         43,          2,    6,         10.57,          3.30,       4.49,      44.82,    147.74,         19.55
         43,          2,    7,         10.75,          3.30,       4.59,      45.95,    151.45,         19.17
         43,          3,    1,         11.06,          3.30,       4.70,      46.95,    154.74,         25.88
         43,          3,    2,         12.13,          3.30,       5.34,      53.36,    175.85,         23.16
         43,          3,    3,         12.86,          3.29,       5.87,      58.64,    193.18,         21.99
         43,          3,    4,         13.23,          3.29,       6.18,      61.79,    203.48,         21.43
         43,          3,    5,         13.57,          3.29,       6.48,      64.78,    213.31,         21.09
         43,          3,    6,         13.76,          3.29,       6.66,      66.62,    219.36,         20.85
         43,          3,    7,         13.94,          3.29,       6.87,      68.74,    226.30,         20.51
         43,          4,    1,         13.17,          3.29,       5.96,      59.58,    196.26,         31.67
         43,          4,    2,         14.30,          3.29,       6.83,      68.32,    224.93,         28.58
         43,          4,    3,         14.91,          3.29,       7.41,      74.11,    243.97,         27.34
         43,          4,    4,         15.28,          3.29,       7.81,      78.13,    257.20,         26.69
         43,          4,    5,         15.56,          3.29,       8.15,      81.47,    268.20,         26.14
         43,          4,    6,         15.77,          3.29,       8.42,      84.18,    277.09,         25.77
         43,          4,    7,         15.94,          3.29,       8.67,      86.70,    285.35,         25.37
         43,          5,    1,         15.04,          3.29,       7.42,      74.23,    244.37,         36.58
         43,          5,    2,         16.30,          3.29,       8.67,      86.70,    285.36,         33.25
         43,          5,    3,         16.98,          3.29,       9.52,      95.23,    313.29,         31.94
         43,          5,    4,         17.40,          3.29,      10.10,     100.98,    332.10,         31.40
         43,          5,    5,         17.72,          3.29,      10.61,     106.07,    348.80,         30.88
         43,          5,    6,         17.95,          3.29,      10.97,     109.69,    360.66,         30.63
         43,          5,    7,         18.14,          3.29,      11.32,     113.18,    372.13,         30.30
         43,          6,    1,         16.55,          3.29,       8.99,      89.93,    295.96,         37.59
         43,          6,    2,         17.90,          3.29,      10.61,     106.11,    348.91,         35.62
         43,          6,    3,         18.58,          3.29,      11.63,     116.24,    382.20,         34.90
         43,          6,    4,         18.99,          3.29,      12.32,     123.16,    404.89,         34.55
         43,          6,    5,         19.27,          3.29,      12.85,     128.43,    422.11,         34.28
         43,          6,    6,         19.47,          3.29,      13.27,     132.69,    436.04,         34.02
         43,          6,    7,         19.63,          3.29,      13.62,     136.16,    447.32,         33.83
         43,          7,    1,         17.64,          3.29,      10.32,     103.16,    339.23,         38.56
         43,          7,    2,         19.13,          3.29,      12.38,     123.80,    407.00,         37.45
         43,          7,    3,         19.89,          3.29,      13.72,     137.11,    450.42,         37.24
         43,          7,    4,         20.31,          3.28,      14.58,     145.77,    478.73,         37.04
         43,          7,    5,         20.62,          3.28,      15.27,     152.70,    501.48,         36.91
         43,          7,    6,         20.84,          3.28,      15.78,     157.81,    518.24,         36.78
         43,          7,    7,         21.02,          3.28,      16.26,     162.62,    533.94,         36.61
         44,          1,    1,          6.41,          3.30,       2.84,      28.40,     93.64,         38.18
         44,          1,    2,          7.26,          3.30,       3.11,      31.07,    102.42,         26.28
         44,          1,    3,          7.87,          3.30,       3.31,      33.08,    109.05,         22.81
         44,          1,    4,          8.21,          3.30,       3.44,      34.42,    113.47,         21.15
         44,          1,    5,          8.47,          3.30,       3.55,      35.49,    116.97,         20.23
         44,          1,    6,          8.65,          3.30,       3.64,      36.39,    119.94,         19.40
         44,          1,    7,          8.80,          3.30,       3.70,      36.95,    121.80,         19.15
         44,          2,    1,          8.73,          3.30,       3.66,      36.59,    120.61,         24.92
         44,          2,    2,          9.61,          3.30,       4.02,      40.24,    132.64,         21.79
         44,          2,    3,         10.11,          3.30,       4.29,      42.89,    141.38,         20.21
         44,          2,    4,         10.40,          3.30,       4.45,      44.45,    146.49,         19.65
         44,          2,    5,         10.65,          3.30,       4.61,      46.14,    152.09,         18.90
         44,          2,    6,         10.82,          3.30,       4.72,      47.14,    155.38,         18.68
         44,          2,    7,         11.01,          3.30,       4.86,      48.59,    160.15,         18.13
         44,          3,    1,         11.34,          3.30,       4.86,      48.62,    160.25,         26.22
         44,          3,    2,         12.45,          3.29,       5.56,      55.61,    183.22,         23.47
         44,          3,    3,         13.19,          3.29,       6.11,      61.13,    201.34,         22.40
         44,          3,    4,         13.61,          3.29,       6.47,      64.69,    213.03,         21.91
         44,          3,    5,         13.96,          3.29,       6.81,      68.06,    224.09,         21.51
         44,          3,    6,         14.19,          3.29,       7.07,      70.64,    232.56,         21.12
         44,          3,    7,         14.39,          3.29,       7.29,      72.90,    239.99,         20.87
         44,          4,    1,         13.48,          3.29,       6.17,      61.65,    203.03,         33.28
         44,          4,    2,         14.63,          3.29,       7.12,      71.19,    234.40,         29.57
         44,          4,    3,         15.27,          3.29,       7.74,      77.44,    254.93,         28.30
         44,          4,    4,         15.65,          3.29,       8.18,      81.78,    269.22,         27.61
         44,          4,    5,         15.94,          3.29,       8.54,      85.41,    281.14,         27.05
         44,          4,    6,         16.16,          3.29,       8.84,      88.39,    290.91,         26.67
         44,          4,    7,         16.33,          3.29,       9.11,      91.06,    299.63,         26.29
         44,          5,    1,         15.40,          3.29,       7.72,      77.22,    254.19,         39.09
         44,          5,    2,         16.68,          3.29,       9.07,      90.71,    298.51,         35.05
         44,          5,    3,         17.38,          3.29,       9.97,      99.73,    328.00,         33.67
         44,          5,    4,         17.81,          3.29,      10.62,     106.19,    349.15,         32.91
         44,          5,    5,         18.14,          3.29,      11.15,     111.51,    366.66,         32.40
         44,          5,    6,         18.37,          3.29,      11.55,     115.44,    379.56,         32.12
         44,          5,    7,         18.57,          3.29,      11.92,     119.20,    391.91,         31.75
         44,          6,    1,         16.93,          3.29,       9.38,      93.79,    308.58,         39.07
         44,          6,    2,         18.32,          3.29,      11.13,     111.28,    365.90,         36.99
         44,          6,    3,         19.00,          3.29,      12.22,     122.15,    401.60,         36.25
         44,          6,    4,         19.42,          3.29,      12.96,     129.55,    425.77,         35.92
         44,          6,    5,         19.71,          3.29,      13.54,     135.38,    444.77,         35.63
         44,          6,    6,         19.92,          3.28,      14.00,     140.00,    459.81,         35.38
         44,          6,    7,         20.09,          3.28,      14.39,     143.88,    472.53,         35.13
         44,          7,    1,         18.06,          3.29,      10.82,     108.18,    355.74,         38.88
         44,          7,    2,         19.58,          3.29,      13.06,     130.53,    428.93,         38.20
         44,          7,    3,         20.33,          3.28,      14.44,     144.43,    474.32,         38.15
         44,          7,    4,         20.77,          3.28,      15.37,     153.67,    504.65,         38.10
         44,          7,    5,         21.08,          3.28,      16.12,     161.16,    529.18,         37.98
         44,          7,    6,         20.94,          3.28,      16.00,     159.96,    525.23,         37.19
         44,          7,    7,         20.86,          3.28,      15.96,     159.60,    524.09,         36.60

