[Radio] Initializing ... success!
Connected to RF power monitor: Rohde&Schwarz,FPC1500,1328.6660K03/205785,V1.80
Connected to DC power monitor: radiolib-org,DCpowerMon,070dd3d
setCurrentLimit skipped

Set [dBm/2],paDutyCycle,paSlc,Measured [dBm],Bus voltage[V],Voltage[mV],Current[mA],Power [mW],Efficiency [%]
        -18,          1,    1,        -22.29,          3.30,       0.89,       8.91,     29.41,          0.45
        -18,          1,    2,        -20.58,          3.30,       0.93,       9.29,     30.64,          0.34
        -18,          1,    3,        -18.95,          3.30,       0.96,       9.65,     31.86,          0.34
        -18,          1,    4,        -18.07,          3.30,       1.00,       9.97,     32.89,          0.33
        -18,          1,    5,        -17.08,          3.30,       1.02,      10.24,     33.80,          0.34
        -18,          1,    6,        -16.40,          3.30,       1.05,      10.53,     34.76,          0.34
        -18,          1,    7,        -15.69,          3.30,       1.08,      10.86,     35.83,          0.35
        -18,          2,    1,        -20.27,          3.30,       0.92,       9.15,     30.19,          0.80
        -18,          2,    2,        -18.42,          3.30,       0.96,       9.56,     31.56,          0.56
        -18,          2,    3,        -17.04,          3.30,       1.00,       9.97,     32.90,          0.51
        -18,          2,    4,        -16.03,          3.30,       1.03,      10.27,     33.88,          0.51
        -18,          2,    5,        -15.32,          3.30,       1.06,      10.61,     35.02,          0.49
        -18,          2,    6,        -14.57,          3.30,       1.09,      10.96,     36.15,          0.49
        -18,          2,    7,        -14.03,          3.30,       1.13,      11.27,     37.20,          0.48
        -18,          3,    1,        -17.21,          3.30,       0.96,       9.64,     31.80,          0.96
        -18,          3,    2,        -15.81,          3.30,       1.01,      10.06,     33.22,          0.77
        -18,          3,    3,        -14.70,          3.30,       1.04,      10.40,     34.34,          0.75
        -18,          3,    4,        -13.88,          3.30,       1.08,      10.79,     35.59,          0.71
        -18,          3,    5,        -13.29,          3.30,       1.12,      11.20,     36.97,          0.66
        -18,          3,    6,        -12.75,          3.30,       1.15,      11.52,     38.03,          0.65
        -18,          3,    7,        -12.40,          3.30,       1.18,      11.83,     39.03,          0.62
        -18,          4,    1,        -15.26,          3.30,       1.00,      10.04,     33.14,          1.34
        -18,          4,    2,        -14.07,          3.30,       1.05,      10.50,     34.65,          1.05
        -18,          4,    3,        -13.15,          3.30,       1.09,      10.93,     36.08,          0.94
        -18,          4,    4,        -12.42,          3.30,       1.14,      11.38,     37.55,          0.86
        -18,          4,    5,        -11.81,          3.30,       1.17,      11.69,     38.57,          0.86
        -18,          4,    6,        -11.43,          3.30,       1.20,      12.07,     39.83,          0.81
        -18,          4,    7,        -11.06,          3.30,       1.24,      12.36,     40.80,          0.79
        -18,          5,    1,        -13.22,          3.30,       1.06,      10.58,     34.93,          1.76
        -18,          5,    2,        -12.08,          3.30,       1.12,      11.16,     36.84,          1.34
        -18,          5,    3,        -11.33,          3.30,       1.16,      11.64,     38.42,          1.19
        -18,          5,    4,        -10.80,          3.30,       1.20,      12.05,     39.75,          1.11
        -18,          5,    5,        -10.36,          3.30,       1.24,      12.41,     40.96,          1.05
        -18,          5,    6,        -10.06,          3.30,       1.28,      12.83,     42.33,          0.98
        -18,          5,    7,         -9.68,          3.30,       1.31,      13.11,     43.28,          0.97
        -18,          6,    1,        -11.89,          3.30,       1.12,      11.18,     36.87,          2.08
        -18,          6,    2,        -10.92,          3.30,       1.17,      11.71,     38.66,          1.65
        -18,          6,    3,        -10.21,          3.30,       1.22,      12.20,     40.28,          1.46
        -18,          6,    4,         -9.75,          3.30,       1.27,      12.64,     41.71,          1.33
        -18,          6,    5,         -9.43,          3.30,       1.30,      13.03,     43.01,          1.23
        -18,          6,    6,         -9.12,          3.30,       1.34,      13.40,     44.22,          1.17
        -18,          6,    7,         -8.84,          3.30,       1.37,      13.73,     45.30,          1.13
        -18,          7,    1,        -10.83,          3.30,       1.17,      11.68,     38.55,          2.40
        -18,          7,    2,         -9.89,          3.30,       1.23,      12.35,     40.74,          1.82
        -18,          7,    3,         -9.22,          3.30,       1.29,      12.88,     42.49,          1.62
        -18,          7,    4,         -8.77,          3.30,       1.33,      13.31,     43.91,          1.51
        -18,          7,    5,         -8.44,          3.30,       1.37,      13.73,     45.29,          1.41
        -18,          7,    6,         -8.21,          3.30,       1.41,      14.10,     46.51,          1.32
        -18,          7,    7,         -7.98,          3.30,       1.45,      14.49,     47.80,          1.25
        -17,          1,    1,        -22.00,          3.30,       0.90,       8.97,     29.59,          0.44
        -17,          1,    2,        -20.24,          3.30,       0.93,       9.35,     30.84,          0.35
        -17,          1,    3,        -18.88,          3.30,       0.97,       9.70,     32.02,          0.33
        -17,          1,    4,        -17.70,          3.30,       1.00,      10.00,     33.01,          0.35
        -17,          1,    5,        -16.80,          3.30,       1.03,      10.29,     33.97,          0.36
        -17,          1,    6,        -16.02,          3.30,       1.06,      10.61,     35.01,          0.36
        -17,          1,    7,        -15.33,          3.30,       1.09,      10.93,     36.06,          0.37
        -17,          2,    1,        -19.70,          3.30,       0.92,       9.26,     30.54,          0.84
        -17,          2,    2,        -18.07,          3.30,       0.97,       9.67,     31.90,          0.59
        -17,          2,    3,        -16.70,          3.30,       1.00,      10.02,     33.07,          0.56
        -17,          2,    4,        -15.71,          3.30,       1.04,      10.34,     34.13,          0.55
        -17,          2,    5,        -14.94,          3.30,       1.07,      10.70,     35.30,          0.53
        -17,          2,    6,        -14.24,          3.30,       1.11,      11.04,     36.45,          0.53
        -17,          2,    7,        -13.72,          3.30,       1.14,      11.43,     37.73,          0.50
        -17,          3,    1,        -16.87,          3.30,       0.97,       9.72,     32.08,          1.06
        -17,          3,    2,        -15.44,          3.30,       1.01,      10.13,     33.43,          0.87
        -17,          3,    3,        -14.29,          3.30,       1.05,      10.54,     34.79,          0.80
        -17,          3,    4,        -13.59,          3.30,       1.09,      10.91,     36.01,          0.74
        -17,          3,    5,        -12.82,          3.30,       1.13,      11.34,     37.40,          0.72
        -17,          3,    6,        -12.41,          3.30,       1.17,      11.67,     38.50,          0.69
        -17,          3,    7,        -11.92,          3.30,       1.20,      11.97,     39.51,          0.69
        -17,          4,    1,        -14.94,          3.30,       1.01,      10.15,     33.50,          1.40
        -17,          4,    2,        -13.62,          3.30,       1.06,      10.62,     35.05,          1.13
        -17,          4,    3,        -12.64,          3.30,       1.11,      11.11,     36.66,          1.00
        -17,          4,    4,        -12.03,          3.30,       1.15,      11.50,     37.97,          0.93
        -17,          4,    5,        -11.50,          3.30,       1.19,      11.85,     39.11,          0.89
        -17,          4,    6,        -11.03,          3.30,       1.22,      12.22,     40.35,          0.86
        -17,          4,    7,        -10.72,          3.30,       1.25,      12.56,     41.44,          0.83
        -17,          5,    1,        -12.80,          3.30,       1.08,      10.77,     35.54,          1.76
        -17,          5,    2,        -11.64,          3.30,       1.13,      11.34,     37.42,          1.41
        -17,          5,    3,        -10.85,          3.30,       1.18,      11.83,     39.04,          1.27
        -17,          5,    4,        -10.40,          3.30,       1.22,      12.23,     40.34,          1.17
        -17,          5,    5,        -10.00,          3.30,       1.26,      12.63,     41.69,          1.09
        -17,          5,    6,         -9.60,          3.30,       1.30,      12.98,     42.85,          1.07
        -17,          5,    7,         -9.32,          3.30,       1.34,      13.36,     44.10,          1.01
        -17,          6,    1,        -11.43,          3.30,       1.14,      11.37,     37.52,          2.14
        -17,          6,    2,        -10.46,          3.30,       1.19,      11.89,     39.25,          1.77
        -17,          6,    3,         -9.81,          3.30,       1.24,      12.42,     40.97,          1.54
        -17,          6,    4,         -9.34,          3.30,       1.29,      12.85,     42.39,          1.42
        -17,          6,    5,         -8.96,          3.30,       1.32,      13.26,     43.76,          1.32
        -17,          6,    6,         -8.72,          3.30,       1.36,      13.64,     45.00,          1.24
        -17,          6,    7,         -8.42,          3.30,       1.40,      13.97,     46.11,          1.20
        -17,          7,    1,        -10.36,          3.30,       1.19,      11.89,     39.23,          2.57
        -17,          7,    2,         -9.40,          3.30,       1.26,      12.59,     41.53,          1.95
        -17,          7,    3,         -8.76,          3.30,       1.31,      13.13,     43.32,          1.74
        -17,          7,    4,         -8.35,          3.30,       1.36,      13.58,     44.81,          1.59
        -17,          7,    5,         -8.01,          3.30,       1.40,      13.99,     46.16,          1.51
        -17,          7,    6,         -7.78,          3.30,       1.44,      14.40,     47.53,          1.40
        -17,          7,    7,         -7.53,          3.30,       1.48,      14.78,     48.76,          1.35
        -16,          1,    1,        -21.49,          3.30,       0.90,       9.04,     29.84,          0.46
        -16,          1,    2,        -19.86,          3.30,       0.94,       9.41,     31.04,          0.38
        -16,          1,    3,        -18.42,          3.30,       0.98,       9.76,     32.22,          0.37
        -16,          1,    4,        -17.29,          3.30,       1.01,      10.07,     33.24,          0.38
        -16,          1,    5,        -16.45,          3.30,       1.04,      10.42,     34.38,          0.37
        -16,          1,    6,        -15.58,          3.30,       1.07,      10.69,     35.28,          0.40
        -16,          1,    7,        -15.11,          3.30,       1.10,      11.03,     36.39,          0.38
        -16,          2,    1,        -19.29,          3.30,       0.93,       9.34,     30.82,          0.84
        -16,          2,    2,        -17.68,          3.30,       0.97,       9.74,     32.14,          0.63
        -16,          2,    3,        -16.38,          3.30,       1.01,      10.13,     33.41,          0.58
        -16,          2,    4,        -15.29,          3.30,       1.04,      10.41,     34.35,          0.60
        -16,          2,    5,        -14.61,          3.30,       1.08,      10.85,     35.78,          0.54
        -16,          2,    6,        -13.94,          3.30,       1.12,      11.20,     36.94,          0.54
        -16,          2,    7,        -13.26,          3.30,       1.15,      11.50,     37.95,          0.55
        -16,          3,    1,        -16.38,          3.30,       0.98,       9.80,     32.34,          1.19
        -16,          3,    2,        -15.05,          3.30,       1.02,      10.23,     33.75,          0.93
        -16,          3,    3,        -13.91,          3.30,       1.07,      10.67,     35.22,          0.84
        -16,          3,    4,        -13.07,          3.30,       1.11,      11.09,     36.60,          0.80
        -16,          3,    5,        -12.52,          3.30,       1.14,      11.45,     37.79,          0.76
        -16,          3,    6,        -11.95,          3.30,       1.18,      11.76,     38.80,          0.76
        -16,          3,    7,        -11.56,          3.30,       1.21,      12.10,     39.93,          0.73
        -16,          4,    1,        -14.44,          3.30,       1.03,      10.25,     33.81,          1.66
        -16,          4,    2,        -13.23,          3.30,       1.08,      10.76,     35.50,          1.23
        -16,          4,    3,        -12.30,          3.30,       1.12,      11.23,     37.08,          1.08
        -16,          4,    4,        -11.60,          3.30,       1.16,      11.62,     38.36,          1.03
        -16,          4,    5,        -11.11,          3.30,       1.20,      12.01,     39.65,          0.97
        -16,          4,    6,        -10.64,          3.30,       1.24,      12.37,     40.82,          0.94
        -16,          4,    7,        -10.31,          3.30,       1.27,      12.75,     42.07,          0.89
        -16,          5,    1,        -12.38,          3.30,       1.09,      10.89,     35.95,          1.89
        -16,          5,    2,        -11.27,          3.30,       1.15,      11.51,     38.01,          1.46
        -16,          5,    3,        -10.55,          3.30,       1.20,      11.99,     39.55,          1.32
        -16,          5,    4,         -9.95,          3.30,       1.24,      12.41,     40.93,          1.26
        -16,          5,    5,         -9.56,          3.30,       1.28,      12.83,     42.33,          1.17
        -16,          5,    6,         -9.21,          3.30,       1.32,      13.19,     43.54,          1.13
        -16,          5,    7,         -8.90,          3.30,       1.35,      13.52,     44.62,          1.10
        -16,          6,    1,        -11.03,          3.30,       1.15,      11.55,     38.10,          2.31
        -16,          6,    2,        -10.05,          3.30,       1.21,      12.10,     39.92,          1.89
        -16,          6,    3,         -9.40,          3.30,       1.26,      12.62,     41.63,          1.65
        -16,          6,    4,         -8.97,          3.30,       1.31,      13.06,     43.10,          1.51
        -16,          6,    5,         -8.57,          3.30,       1.35,      13.47,     44.47,          1.42
        -16,          6,    6,         -8.28,          3.30,       1.39,      13.84,     45.68,          1.35
        -16,          6,    7,         -7.99,          3.30,       1.42,      14.24,     46.97,          1.29
        -16,          7,    1,         -9.99,          3.30,       1.21,      12.10,     39.94,          2.75
        -16,          7,    2,         -9.01,          3.30,       1.28,      12.80,     42.23,          2.12
        -16,          7,    3,         -8.33,          3.30,       1.34,      13.34,     44.04,          1.89
        -16,          7,    4,         -7.89,          3.30,       1.38,      13.82,     45.60,          1.74
        -16,          7,    5,         -7.57,          3.30,       1.42,      14.27,     47.10,          1.62
        -16,          7,    6,         -7.32,          3.30,       1.47,      14.72,     48.58,          1.51
        -16,          7,    7,         -7.12,          3.30,       1.51,      15.05,     49.67,          1.45
        -15,          1,    1,        -21.05,          3.30,       0.91,       9.10,     30.05,          0.53
        -15,          1,    2,        -19.44,          3.30,       0.95,       9.52,     31.41,          0.40
        -15,          1,    3,        -17.94,          3.30,       0.99,       9.85,     32.52,          0.41
        -15,          1,    4,        -16.77,          3.30,       1.02,      10.15,     33.51,          0.43
        -15,          1,    5,        -15.94,          3.30,       1.05,      10.50,     34.64,          0.42
        -15,          1,    6,        -15.15,          3.30,       1.08,      10.84,     35.76,          0.42
        -15,          1,    7,        -14.56,          3.30,       1.12,      11.18,     36.90,          0.42
        -15,          2,    1,        -18.62,          3.30,       0.94,       9.43,     31.12,          0.95
        -15,          2,    2,        -17.09,          3.30,       0.99,       9.84,     32.48,          0.70
        -15,          2,    3,        -15.85,          3.30,       1.02,      10.25,     33.81,          0.63
        -15,          2,    4,        -14.70,          3.30,       1.06,      10.57,     34.90,          0.65
        -15,          2,    5,        -13.98,          3.30,       1.10,      10.96,     36.17,          0.62
        -15,          2,    6,        -13.44,          3.30,       1.13,      11.37,     37.51,          0.58
        -15,          2,    7,        -12.89,          3.30,       1.17,      11.64,     38.42,          0.59
        -15,          3,    1,        -15.81,          3.30,       0.99,       9.93,     32.77,          1.33
        -15,          3,    2,        -14.45,          3.30,       1.04,      10.38,     34.26,          1.04
        -15,          3,    3,        -13.39,          3.30,       1.08,      10.81,     35.67,          0.94
        -15,          3,    4,        -12.64,          3.30,       1.12,      11.23,     37.07,          0.87
        -15,          3,    5,        -12.02,          3.30,       1.16,      11.66,     38.46,          0.82
        -15,          3,    6,        -11.52,          3.30,       1.20,      12.00,     39.61,          0.80
        -15,          3,    7,        -11.04,          3.30,       1.23,      12.33,     40.67,          0.80
        -15,          4,    1,        -13.86,          3.30,       1.04,      10.40,     34.33,          1.70
        -15,          4,    2,        -12.63,          3.30,       1.09,      10.92,     36.04,          1.32
        -15,          4,    3,        -11.73,          3.30,       1.15,      11.48,     37.87,          1.13
        -15,          4,    4,        -11.10,          3.30,       1.18,      11.84,     39.08,          1.08
        -15,          4,    5,        -10.52,          3.30,       1.22,      12.21,     40.30,          1.06
        -15,          4,    6,        -10.06,          3.30,       1.26,      12.59,     41.54,          1.02
        -15,          4,    7,         -9.76,          3.30,       1.30,      12.97,     42.81,          0.97
        -15,          5,    1,        -11.72,          3.30,       1.12,      11.19,     36.93,          1.97
        -15,          5,    2,        -10.71,          3.30,       1.18,      11.75,     38.79,          1.61
        -15,          5,    3,         -9.92,          3.30,       1.23,      12.25,     40.42,          1.48
        -15,          5,    4,         -9.41,          3.30,       1.27,      12.71,     41.96,          1.36
        -15,          5,    5,         -8.95,          3.30,       1.31,      13.11,     43.28,          1.31
        -15,          5,    6,         -8.65,          3.30,       1.35,      13.50,     44.54,          1.24
        -15,          5,    7,         -8.34,          3.30,       1.38,      13.83,     45.64,          1.21
        -15,          6,    1,        -10.44,          3.30,       1.18,      11.79,     38.91,          2.56
        -15,          6,    2,         -9.44,          3.30,       1.24,      12.43,     41.01,          2.02
        -15,          6,    3,         -8.75,          3.30,       1.30,      13.00,     42.90,          1.77
        -15,          6,    4,         -8.30,          3.30,       1.34,      13.41,     44.23,          1.67
        -15,          6,    5,         -7.97,          3.30,       1.38,      13.83,     45.64,          1.56
        -15,          6,    6,         -7.66,          3.30,       1.42,      14.20,     46.86,          1.49
        -15,          6,    7,         -7.41,          3.30,       1.46,      14.65,     48.35,          1.40
        -15,          7,    1,         -9.35,          3.30,       1.24,      12.44,     41.06,          3.01
        -15,          7,    2,         -8.37,          3.30,       1.32,      13.18,     43.48,          2.32
        -15,          7,    3,         -7.71,          3.30,       1.38,      13.77,     45.44,          2.05
        -15,          7,    4,         -7.30,          3.30,       1.42,      14.23,     46.93,          1.92
        -15,          7,    5,         -6.99,          3.30,       1.47,      14.69,     48.48,          1.77
        -15,          7,    6,         -6.77,          3.30,       1.51,      15.11,     49.86,          1.66
        -15,          7,    7,         -6.53,          3.30,       1.55,      15.50,     51.13,          1.60
        -14,          1,    1,        -20.67,          3.30,       0.91,       9.16,     30.21,          0.55
        -14,          1,    2,        -19.00,          3.30,       0.96,       9.57,     31.57,          0.43
        -14,          1,    3,        -17.60,          3.30,       0.99,       9.93,     32.76,          0.42
        -14,          1,    4,        -16.41,          3.30,       1.02,      10.25,     33.83,          0.44
        -14,          1,    5,        -15.73,          3.30,       1.05,      10.56,     34.85,          0.43
        -14,          1,    6,        -14.80,          3.30,       1.09,      10.94,     36.09,          0.44
        -14,          1,    7,        -14.23,          3.30,       1.12,      11.24,     37.11,          0.45
        -14,          2,    1,        -18.41,          3.30,       0.95,       9.50,     31.36,          0.96
        -14,          2,    2,        -16.79,          3.30,       0.99,       9.91,     32.71,          0.73
        -14,          2,    3,        -15.38,          3.30,       1.03,      10.28,     33.94,          0.71
        -14,          2,    4,        -14.51,          3.30,       1.07,      10.66,     35.18,          0.66
        -14,          2,    5,        -13.70,          3.30,       1.11,      11.11,     36.66,          0.63
        -14,          2,    6,        -12.99,          3.30,       1.14,      11.46,     37.81,          0.63
        -14,          2,    7,        -12.53,          3.30,       1.17,      11.73,     38.70,          0.63
        -14,          3,    1,        -15.40,          3.30,       1.00,      10.03,     33.11,          1.54
        -14,          3,    2,        -14.01,          3.30,       1.05,      10.47,     34.54,          1.20
        -14,          3,    3,        -12.97,          3.30,       1.09,      10.94,     36.12,          1.03
        -14,          3,    4,        -12.31,          3.30,       1.14,      11.38,     37.54,          0.93
        -14,          3,    5,        -11.66,          3.30,       1.18,      11.74,     38.74,          0.91
        -14,          3,    6,        -11.17,          3.30,       1.21,      12.09,     39.89,          0.88
        -14,          3,    7,        -10.75,          3.30,       1.25,      12.44,     41.05,          0.86
        -14,          4,    1,        -13.48,          3.30,       1.05,      10.55,     34.81,          1.77
        -14,          4,    2,        -12.24,          3.30,       1.11,      11.10,     36.63,          1.37
        -14,          4,    3,        -11.37,          3.30,       1.16,      11.59,     38.25,          1.22
        -14,          4,    4,        -10.70,          3.30,       1.20,      11.99,     39.58,          1.16
        -14,          4,    5,        -10.18,          3.30,       1.24,      12.41,     40.95,          1.10
        -14,          4,    6,         -9.78,          3.30,       1.28,      12.76,     42.12,          1.07
        -14,          4,    7,         -9.41,          3.30,       1.31,      13.15,     43.40,          1.03
        -14,          5,    1,        -11.42,          3.30,       1.13,      11.32,     37.34,          2.07
        -14,          5,    2,        -10.31,          3.30,       1.20,      11.94,     39.39,          1.68
        -14,          5,    3,         -9.55,          3.30,       1.25,      12.44,     41.06,          1.54
        -14,          5,    4,         -9.02,          3.30,       1.29,      12.90,     42.56,          1.44
        -14,          5,    5,         -8.62,          3.30,       1.33,      13.31,     43.94,          1.36
        -14,          5,    6,         -8.30,          3.30,       1.37,      13.70,     45.19,          1.31
        -14,          5,    7,         -7.98,          3.30,       1.41,      14.04,     46.33,          1.28
        -14,          6,    1,        -10.04,          3.30,       1.19,      11.94,     39.41,          2.77
        -14,          6,    2,         -9.06,          3.30,       1.26,      12.59,     41.54,          2.18
        -14,          6,    3,         -8.42,          3.30,       1.32,      13.15,     43.39,          1.90
        -14,          6,    4,         -7.94,          3.30,       1.36,      13.63,     44.99,          1.75
        -14,          6,    5,         -7.55,          3.30,       1.41,      14.07,     46.43,          1.66
        -14,          6,    6,         -7.28,          3.30,       1.45,      14.49,     47.80,          1.56
        -14,          6,    7,         -7.05,          3.30,       1.49,      14.88,     49.09,          1.49
        -14,          7,    1,         -8.94,          3.30,       1.27,      12.66,     41.78,          3.14
        -14,          7,    2,         -7.98,          3.30,       1.34,      13.40,     44.22,          2.45
        -14,          7,    3,         -7.34,          3.30,       1.40,      14.02,     46.26,          2.16
        -14,          7,    4,         -6.95,          3.30,       1.45,      14.52,     47.89,          1.99
        -14,          7,    5,         -6.59,          3.30,       1.50,      14.99,     49.46,          1.87
        -14,          7,    6,         -6.32,          3.30,       1.54,      15.38,     50.74,          1.79
        -14,          7,    7,         -6.14,          3.30,       1.57,      15.75,     51.98,          1.71
        -13,          1,    1,        -20.34,          3.30,       0.92,       9.26,     30.54,          0.54
        -13,          1,    2,        -18.57,          3.30,       0.96,       9.64,     31.82,          0.46
        -13,          1,    3,        -17.28,          3.30,       1.00,      10.02,     33.05,          0.44
        -13,          1,    4,        -16.09,          3.30,       1.03,      10.30,     33.99,          0.48
        -13,          1,    5,        -15.20,          3.30,       1.07,      10.68,     35.23,          0.47
        -13,          1,    6,        -14.43,          3.30,       1.10,      11.02,     36.37,          0.48
        -13,          1,    7,        -13.81,          3.30,       1.14,      11.36,     37.50,          0.48
        -13,          2,    1,        -17.83,          3.30,       0.96,       9.60,     31.68,          1.13
        -13,          2,    2,        -16.34,          3.30,       1.00,      10.01,     33.04,          0.82
        -13,          2,    3,        -14.93,          3.30,       1.04,      10.40,     34.31,          0.79
        -13,          2,    4,        -14.05,          3.30,       1.08,      10.81,     35.68,          0.72
        -13,          2,    5,        -13.24,          3.30,       1.12,      11.23,     37.05,          0.69
        -13,          2,    6,        -12.62,          3.30,       1.15,      11.55,     38.12,          0.69
        -13,          2,    7,        -12.02,          3.30,       1.19,      11.90,     39.26,          0.69
        -13,          3,    1,        -14.94,          3.30,       1.01,      10.15,     33.50,          1.58
        -13,          3,    2,        -13.60,          3.30,       1.06,      10.61,     35.01,          1.23
        -13,          3,    3,        -12.51,          3.30,       1.11,      11.14,     36.77,          1.06
        -13,          3,    4,        -11.81,          3.30,       1.15,      11.53,     38.05,          1.00
        -13,          3,    5,        -11.12,          3.30,       1.19,      11.94,     39.41,          0.97
        -13,          3,    6,        -10.67,          3.30,       1.23,      12.28,     40.53,          0.95
        -13,          3,    7,        -10.33,          3.30,       1.26,      12.64,     41.71,          0.91
        -13,          4,    1,        -12.98,          3.30,       1.07,      10.68,     35.25,          1.93
        -13,          4,    2,        -11.79,          3.30,       1.13,      11.31,     37.32,          1.42
        -13,          4,    3,        -10.94,          3.30,       1.18,      11.77,     38.83,          1.30
        -13,          4,    4,        -10.25,          3.30,       1.22,      12.22,     40.31,          1.23
        -13,          4,    5,         -9.66,          3.30,       1.27,      12.64,     41.71,          1.19
        -13,          4,    6,         -9.27,          3.30,       1.30,      13.02,     42.95,          1.15
        -13,          4,    7,         -8.91,          3.30,       1.34,      13.39,     44.19,          1.11
        -13,          5,    1,        -10.89,          3.30,       1.15,      11.52,     38.01,          2.21
        -13,          5,    2,         -9.77,          3.30,       1.21,      12.14,     40.05,          1.84
        -13,          5,    3,         -9.05,          3.30,       1.27,      12.68,     41.83,          1.66
        -13,          5,    4,         -8.51,          3.30,       1.32,      13.17,     43.46,          1.54
        -13,          5,    5,         -8.08,          3.30,       1.36,      13.59,     44.86,          1.48
        -13,          5,    6,         -7.72,          3.30,       1.40,      13.95,     46.03,          1.44
        -13,          5,    7,         -7.46,          3.30,       1.44,      14.38,     47.44,          1.37
        -13,          6,    1,         -9.51,          3.30,       1.22,      12.18,     40.21,          3.11
        -13,          6,    2,         -8.57,          3.30,       1.30,      12.92,     42.63,          2.31
        -13,          6,    3,         -7.83,          3.30,       1.35,      13.49,     44.50,          2.09
        -13,          6,    4,         -7.39,          3.30,       1.40,      13.95,     46.04,          1.93
        -13,          6,    5,         -7.04,          3.30,       1.44,      14.44,     47.64,          1.79
        -13,          6,    6,         -6.73,          3.30,       1.48,      14.85,     48.98,          1.72
        -13,          6,    7,         -6.48,          3.30,       1.52,      15.20,     50.14,          1.66
        -13,          7,    1,         -8.42,          3.30,       1.30,      12.98,     42.82,          3.31
        -13,          7,    2,         -7.41,          3.30,       1.37,      13.73,     45.30,          2.66
        -13,          7,    3,         -6.81,          3.30,       1.44,      14.38,     47.44,          2.33
        -13,          7,    4,         -6.32,          3.30,       1.49,      14.91,     49.22,          2.17
        -13,          7,    5,         -6.04,          3.30,       1.53,      15.35,     50.65,          2.04
        -13,          7,    6,         -5.81,          3.30,       1.58,      15.79,     52.09,          1.93
        -13,          7,    7,         -5.58,          3.30,       1.62,      16.23,     53.56,          1.84
        -12,          1,    1,        -19.83,          3.30,       0.93,       9.30,     30.68,          0.62
        -12,          1,    2,        -18.07,          3.30,       0.97,       9.73,     32.11,          0.50
        -12,          1,    3,        -16.73,          3.30,       1.01,      10.08,     33.25,          0.50
        -12,          1,    4,        -15.64,          3.30,       1.05,      10.44,     34.44,          0.50
        -12,          1,    5,        -14.76,          3.30,       1.07,      10.77,     35.55,          0.51
        -12,          1,    6,        -14.01,          3.30,       1.11,      11.16,     36.84,          0.51
        -12,          1,    7,        -13.39,          3.30,       1.15,      11.50,     37.94,          0.51
        -12,          2,    1,        -17.36,          3.30,       0.97,       9.70,     32.01,          1.17
        -12,          2,    2,        -15.83,          3.30,       1.01,      10.09,     33.31,          0.91
        -12,          2,    3,        -14.45,          3.30,       1.05,      10.53,     34.76,          0.83
        -12,          2,    4,        -13.57,          3.30,       1.09,      10.95,     36.14,          0.77
        -12,          2,    5,        -12.76,          3.30,       1.14,      11.37,     37.52,          0.75
        -12,          2,    6,        -12.19,          3.30,       1.17,      11.71,     38.65,          0.74
        -12,          2,    7,        -11.60,          3.30,       1.21,      12.08,     39.86,          0.73
        -12,          3,    1,        -14.51,          3.30,       1.03,      10.27,     33.88,          1.76
        -12,          3,    2,        -13.16,          3.30,       1.08,      10.79,     35.61,          1.29
        -12,          3,    3,        -12.03,          3.30,       1.13,      11.29,     37.26,          1.16
        -12,          3,    4,        -11.38,          3.30,       1.17,      11.72,     38.68,          1.07
        -12,          3,    5,        -10.74,          3.30,       1.21,      12.10,     39.95,          1.04
        -12,          3,    6,        -10.26,          3.30,       1.25,      12.49,     41.19,          1.01
        -12,          3,    7,         -9.83,          3.30,       1.28,      12.85,     42.40,          0.99
        -12,          4,    1,        -12.40,          3.30,       1.09,      10.88,     35.92,          2.05
        -12,          4,    2,        -11.29,          3.30,       1.14,      11.44,     37.74,          1.61
        -12,          4,    3,        -10.43,          3.30,       1.20,      11.98,     39.52,          1.42
        -12,          4,    4,         -9.76,          3.30,       1.24,      12.42,     40.99,          1.34
        -12,          4,    5,         -9.21,          3.30,       1.29,      12.88,     42.51,          1.28
        -12,          4,    6,         -8.82,          3.30,       1.33,      13.25,     43.72,          1.24
        -12,          4,    7,         -8.46,          3.30,       1.36,      13.61,     44.92,          1.21
        -12,          5,    1,        -10.40,          3.30,       1.18,      11.72,     38.67,          2.42
        -12,          5,    2,         -9.34,          3.30,       1.24,      12.38,     40.87,          1.95
        -12,          5,    3,         -8.55,          3.30,       1.30,      12.98,     42.85,          1.75
        -12,          5,    4,         -8.04,          3.30,       1.35,      13.46,     44.40,          1.65
        -12,          5,    5,         -7.57,          3.30,       1.39,      13.87,     45.77,          1.61
        -12,          5,    6,         -7.24,          3.30,       1.43,      14.30,     47.19,          1.54
        -12,          5,    7,         -6.99,          3.30,       1.47,      14.68,     48.43,          1.48
        -12,          6,    1,         -9.00,          3.30,       1.25,      12.50,     41.24,          3.30
        -12,          6,    2,         -8.05,          3.30,       1.32,      13.20,     43.56,          2.55
        -12,          6,    3,         -7.33,          3.30,       1.38,      13.78,     45.47,          2.30
        -12,          6,    4,         -6.88,          3.30,       1.43,      14.31,     47.23,          2.09
        -12,          6,    5,         -6.54,          3.30,       1.48,      14.75,     48.67,          1.97
        -12,          6,    6,         -6.21,          3.30,       1.52,      15.20,     50.15,          1.88
        -12,          6,    7,         -6.01,          3.30,       1.56,      15.58,     51.42,          1.79
        -12,          7,    1,         -7.84,          3.30,       1.33,      13.29,     43.85,          3.63
        -12,          7,    2,         -6.86,          3.30,       1.41,      14.08,     46.46,          2.88
        -12,          7,    3,         -6.24,          3.30,       1.48,      14.77,     48.73,          2.53
        -12,          7,    4,         -5.83,          3.30,       1.53,      15.30,     50.49,          2.34
        -12,          7,    5,         -5.55,          3.30,       1.58,      15.78,     52.05,          2.19
        -12,          7,    6,         -5.30,          3.30,       1.63,      16.24,     53.59,          2.07
        -12,          7,    7,         -5.09,          3.30,       1.66,      16.63,     54.86,          1.99
        -11,          1,    1,        -19.42,          3.30,       0.94,       9.38,     30.96,          0.71
        -11,          1,    2,        -17.65,          3.30,       0.98,       9.78,     32.26,          0.59
        -11,          1,    3,        -16.29,          3.30,       1.02,      10.19,     33.62,          0.55
        -11,          1,    4,        -15.13,          3.30,       1.05,      10.53,     34.76,          0.57
        -11,          1,    5,        -14.31,          3.30,       1.09,      10.90,     35.98,          0.56
        -11,          1,    6,        -13.57,          3.30,       1.13,      11.28,     37.23,          0.56
        -11,          1,    7,        -13.05,          3.30,       1.16,      11.59,     38.24,          0.56
        -11,          2,    1,        -16.99,          3.30,       0.98,       9.81,     32.37,          1.22
        -11,          2,    2,        -15.37,          3.30,       1.02,      10.21,     33.70,          0.98
        -11,          2,    3,        -14.11,          3.30,       1.07,      10.65,     35.15,          0.88
        -11,          2,    4,        -13.13,          3.30,       1.11,      11.07,     36.54,          0.84
        -11,          2,    5,        -12.31,          3.30,       1.15,      11.50,     37.94,          0.81
        -11,          2,    6,        -11.78,          3.30,       1.19,      11.87,     39.16,          0.79
        -11,          2,    7,        -11.28,          3.30,       1.22,      12.21,     40.31,          0.78
        -11,          3,    1,        -13.99,          3.30,       1.04,      10.39,     34.30,          1.91
        -11,          3,    2,        -12.69,          3.30,       1.09,      10.93,     36.05,          1.40
        -11,          3,    3,        -11.63,          3.30,       1.15,      11.45,     37.78,          1.23
        -11,          3,    4,        -10.90,          3.30,       1.19,      11.87,     39.19,          1.16
        -11,          3,    5,        -10.30,          3.30,       1.23,      12.31,     40.61,          1.11
        -11,          3,    6,         -9.83,          3.30,       1.27,      12.67,     41.82,          1.08
        -11,          3,    7,         -9.43,          3.30,       1.30,      13.04,     43.03,          1.05
        -11,          4,    1,        -12.00,          3.30,       1.11,      11.07,     36.54,          2.04
        -11,          4,    2,        -10.89,          3.30,       1.16,      11.67,     38.50,          1.61
        -11,          4,    3,         -9.97,          3.30,       1.22,      12.19,     40.22,          1.48
        -11,          4,    4,         -9.28,          3.30,       1.27,      12.65,     41.75,          1.42
        -11,          4,    5,         -8.80,          3.30,       1.31,      13.11,     43.26,          1.34
        -11,          4,    6,         -8.37,          3.30,       1.35,      13.49,     44.50,          1.32
        -11,          4,    7,         -8.02,          3.30,       1.39,      13.90,     45.87,          1.27
        -11,          5,    1,         -9.94,          3.30,       1.20,      11.95,     39.43,          2.53
        -11,          5,    2,         -8.86,          3.30,       1.26,      12.64,     41.72,          2.07
        -11,          5,    3,         -8.12,          3.30,       1.32,      13.23,     43.65,          1.88
        -11,          5,    4,         -7.53,          3.30,       1.37,      13.73,     45.29,          1.79
        -11,          5,    5,         -7.11,          3.30,       1.42,      14.16,     46.72,          1.72
        -11,          5,    6,         -6.77,          3.30,       1.46,      14.62,     48.25,          1.64
        -11,          5,    7,         -6.51,          3.30,       1.50,      14.99,     49.48,          1.59
        -11,          6,    1,         -8.51,          3.30,       1.28,      12.76,     42.11,          3.49
        -11,          6,    2,         -7.53,          3.30,       1.35,      13.50,     44.55,          2.72
        -11,          6,    3,         -6.86,          3.30,       1.41,      14.09,     46.50,          2.44
        -11,          6,    4,         -6.38,          3.30,       1.47,      14.66,     48.38,          2.23
        -11,          6,    5,         -6.03,          3.30,       1.51,      15.14,     49.97,          2.10
        -11,          6,    6,         -5.77,          3.30,       1.55,      15.54,     51.28,          2.00
        -11,          6,    7,         -5.54,          3.30,       1.60,      15.97,     52.70,          1.91
        -11,          7,    1,         -7.34,          3.30,       1.36,      13.59,     44.84,          3.93
        -11,          7,    2,         -6.38,          3.30,       1.45,      14.46,     47.69,          3.05
        -11,          7,    3,         -5.75,          3.30,       1.51,      15.13,     49.93,          2.72
        -11,          7,    4,         -5.38,          3.30,       1.57,      15.66,     51.69,          2.51
        -11,          7,    5,         -5.05,          3.30,       1.62,      16.20,     53.45,          2.35
        -11,          7,    6,         -4.83,          3.30,       1.66,      16.61,     54.81,          2.24
        -11,          7,    7,         -4.64,          3.30,       1.70,      17.02,     56.17,          2.15
        -10,          1,    1,        -19.04,          3.30,       0.95,       9.54,     31.47,          0.65
        -10,          1,    2,        -17.29,          3.30,       0.99,       9.93,     32.78,          0.58
        -10,          1,    3,        -15.82,          3.30,       1.03,      10.30,     33.97,          0.59
        -10,          1,    4,        -14.76,          3.30,       1.07,      10.69,     35.25,          0.59
        -10,          1,    5,        -14.02,          3.30,       1.11,      11.09,     36.58,          0.56
        -10,          1,    6,        -13.27,          3.30,       1.15,      11.48,     37.88,          0.57
        -10,          1,    7,        -12.68,          3.30,       1.18,      11.77,     38.86,          0.58
        -10,          2,    1,        -16.59,          3.30,       0.99,       9.96,     32.87,          1.32
        -10,          2,    2,        -14.98,          3.30,       1.04,      10.39,     34.27,          1.04
        -10,          2,    3,        -13.61,          3.30,       1.08,      10.84,     35.79,          0.95
        -10,          2,    4,        -12.75,          3.30,       1.13,      11.31,     37.31,          0.87
        -10,          2,    5,        -12.00,          3.30,       1.17,      11.69,     38.58,          0.86
        -10,          2,    6,        -11.40,          3.30,       1.21,      12.06,     39.81,          0.84
        -10,          2,    7,        -10.90,          3.30,       1.24,      12.40,     40.92,          0.84
        -10,          3,    1,        -13.65,          3.30,       1.06,      10.60,     34.98,          1.83
        -10,          3,    2,        -12.23,          3.30,       1.12,      11.18,     36.89,          1.40
        -10,          3,    3,        -11.28,          3.30,       1.17,      11.67,     38.49,          1.27
        -10,          3,    4,        -10.50,          3.30,       1.21,      12.13,     40.02,          1.20
        -10,          3,    5,         -9.89,          3.30,       1.25,      12.53,     41.35,          1.18
        -10,          3,    6,         -9.42,          3.30,       1.29,      12.93,     42.66,          1.14
        -10,          3,    7,         -9.01,          3.30,       1.33,      13.30,     43.88,          1.12
        -10,          4,    1,        -11.57,          3.30,       1.13,      11.29,     37.27,          2.21
        -10,          4,    2,        -10.40,          3.30,       1.19,      11.89,     39.25,          1.78
        -10,          4,    3,         -9.55,          3.30,       1.24,      12.42,     40.99,          1.62
        -10,          4,    4,         -8.90,          3.30,       1.29,      12.93,     42.67,          1.51
        -10,          4,    5,         -8.36,          3.30,       1.34,      13.37,     44.13,          1.46
        -10,          4,    6,         -7.95,          3.30,       1.38,      13.80,     45.52,          1.41
        -10,          4,    7,         -7.57,          3.30,       1.42,      14.18,     46.80,          1.38
        -10,          5,    1,         -9.46,          3.30,       1.22,      12.22,     40.33,          2.83
        -10,          5,    2,         -8.38,          3.30,       1.30,      12.98,     42.84,          2.23
        -10,          5,    3,         -7.61,          3.30,       1.36,      13.57,     44.77,          2.05
        -10,          5,    4,         -7.09,          3.30,       1.41,      14.05,     46.35,          1.95
        -10,          5,    5,         -6.69,          3.30,       1.46,      14.57,     48.06,          1.83
        -10,          5,    6,         -6.36,          3.30,       1.50,      14.97,     49.41,          1.77
        -10,          5,    7,         -6.06,          3.30,       1.53,      15.33,     50.58,          1.74
        -10,          6,    1,         -8.08,          3.30,       1.31,      13.06,     43.10,          3.85
        -10,          6,    2,         -7.05,          3.30,       1.38,      13.83,     45.63,          3.00
        -10,          6,    3,         -6.41,          3.30,       1.45,      14.48,     47.77,          2.63
        -10,          6,    4,         -5.94,          3.30,       1.50,      15.01,     49.53,          2.43
        -10,          6,    5,         -5.60,          3.30,       1.55,      15.51,     51.17,          2.27
        -10,          6,    6,         -5.35,          3.30,       1.59,      15.92,     52.53,          2.17
        -10,          6,    7,         -5.10,          3.30,       1.64,      16.36,     53.99,          2.07
        -10,          7,    1,         -6.88,          3.30,       1.39,      13.93,     45.96,          4.32
        -10,          7,    2,         -5.92,          3.30,       1.49,      14.86,     49.05,          3.26
        -10,          7,    3,         -5.31,          3.30,       1.55,      15.55,     51.32,          2.91
        -10,          7,    4,         -4.94,          3.30,       1.61,      16.11,     53.16,          2.68
        -10,          7,    5,         -4.63,          3.30,       1.66,      16.63,     54.87,          2.52
        -10,          7,    6,         -4.39,          3.30,       1.71,      17.06,     56.29,          2.41
        -10,          7,    7,         -4.19,          3.30,       1.75,      17.52,     57.81,          2.30
         -9,          1,    1,        -18.60,          3.30,       0.96,       9.64,     31.80,          0.70
         -9,          1,    2,        -16.91,          3.30,       1.00,      10.01,     33.03,          0.64
         -9,          1,    3,        -15.54,          3.30,       1.04,      10.43,     34.42,          0.61
         -9,          1,    4,        -14.40,          3.30,       1.08,      10.82,     35.72,          0.62
         -9,          1,    5,        -13.56,          3.30,       1.12,      11.18,     36.90,          0.62
         -9,          1,    6,        -12.95,          3.30,       1.15,      11.54,     38.08,          0.62
         -9,          1,    7,        -12.30,          3.30,       1.19,      11.87,     39.17,          0.63
         -9,          2,    1,        -16.10,          3.30,       1.00,      10.00,     33.00,          1.82
         -9,          2,    2,        -14.57,          3.30,       1.05,      10.49,     34.61,          1.18
         -9,          2,    3,        -13.21,          3.30,       1.09,      10.94,     36.09,          1.07
         -9,          2,    4,        -12.40,          3.30,       1.14,      11.42,     37.67,          0.96
         -9,          2,    5,        -11.65,          3.30,       1.18,      11.80,     38.95,          0.94
         -9,          2,    6,        -10.99,          3.30,       1.22,      12.21,     40.30,          0.92
         -9,          2,    7,        -10.56,          3.30,       1.26,      12.59,     41.56,          0.89
         -9,          3,    1,        -13.17,          3.30,       1.07,      10.70,     35.32,          2.10
         -9,          3,    2,        -11.90,          3.30,       1.13,      11.31,     37.31,          1.51
         -9,          3,    3,        -10.84,          3.30,       1.18,      11.83,     39.03,          1.37
         -9,          3,    4,        -10.15,          3.30,       1.23,      12.27,     40.51,          1.29
         -9,          3,    5,         -9.51,          3.30,       1.27,      12.71,     41.97,          1.25
         -9,          3,    6,         -8.99,          3.30,       1.32,      13.11,     43.26,          1.23
         -9,          3,    7,         -8.64,          3.30,       1.35,      13.48,     44.47,          1.20
         -9,          4,    1,        -11.23,          3.30,       1.14,      11.44,     37.76,          2.28
         -9,          4,    2,         -9.98,          3.30,       1.21,      12.06,     39.79,          1.88
         -9,          4,    3,         -9.09,          3.30,       1.26,      12.60,     41.60,          1.73
         -9,          4,    4,         -8.43,          3.30,       1.31,      13.15,     43.40,          1.60
         -9,          4,    5,         -7.95,          3.30,       1.36,      13.57,     44.77,          1.55
         -9,          4,    6,         -7.54,          3.30,       1.40,      13.99,     46.17,          1.50
         -9,          4,    7,         -7.17,          3.30,       1.45,      14.47,     47.74,          1.44
         -9,          5,    1,         -9.04,          3.30,       1.25,      12.44,     41.05,          2.92
         -9,          5,    2,         -7.97,          3.30,       1.32,      13.18,     43.49,          2.38
         -9,          5,    3,         -7.20,          3.30,       1.38,      13.80,     45.54,          2.18
         -9,          5,    4,         -6.69,          3.30,       1.43,      14.30,     47.19,          2.06
         -9,          5,    5,         -6.26,          3.30,       1.48,      14.84,     48.95,          1.94
         -9,          5,    6,         -5.91,          3.30,       1.52,      15.25,     50.31,          1.90
         -9,          5,    7,         -5.66,          3.30,       1.56,      15.64,     51.59,          1.84
         -9,          6,    1,         -7.61,          3.30,       1.33,      13.35,     44.04,          3.91
         -9,          6,    2,         -6.64,          3.30,       1.41,      14.12,     46.59,          3.11
         -9,          6,    3,         -5.95,          3.30,       1.48,      14.80,     48.86,          2.75
         -9,          6,    4,         -5.55,          3.30,       1.53,      15.36,     50.67,          2.52
         -9,          6,    5,         -5.16,          3.30,       1.58,      15.88,     52.39,          2.38
         -9,          6,    6,         -4.88,          3.30,       1.63,      16.30,     53.80,          2.29
         -9,          6,    7,         -4.66,          3.30,       1.67,      16.71,     55.14,          2.20
         -9,          7,    1,         -6.44,          3.30,       1.43,      14.29,     47.15,          4.37
         -9,          7,    2,         -5.45,          3.30,       1.52,      15.18,     50.08,          3.51
         -9,          7,    3,         -4.90,          3.30,       1.59,      15.89,     52.43,          3.09
         -9,          7,    4,         -4.52,          3.30,       1.65,      16.50,     54.44,          2.83
         -9,          7,    5,         -4.20,          3.30,       1.70,      17.04,     56.21,          2.67
         -9,          7,    6,         -3.93,          3.30,       1.75,      17.51,     57.77,          2.56
         -9,          7,    7,         -3.76,          3.30,       1.80,      17.98,     59.34,          2.42
         -8,          1,    1,        -18.19,          3.30,       0.97,       9.70,     32.01,          0.76
         -8,          1,    2,        -16.44,          3.30,       1.01,      10.12,     33.38,          0.68
         -8,          1,    3,        -14.99,          3.30,       1.05,      10.50,     34.64,          0.69
         -8,          1,    4,        -13.99,          3.30,       1.10,      10.95,     36.11,          0.65
         -8,          1,    5,        -13.15,          3.30,       1.13,      11.35,     37.46,          0.65
         -8,          1,    6,        -12.39,          3.30,       1.17,      11.70,     38.59,          0.67
         -8,          1,    7,        -11.83,          3.30,       1.20,      12.05,     39.77,          0.67
         -8,          2,    1,        -15.60,          3.30,       1.02,      10.16,     33.54,          1.70
         -8,          2,    2,        -14.07,          3.30,       1.06,      10.62,     35.05,          1.25
         -8,          2,    3,        -12.84,          3.30,       1.12,      11.14,     36.76,          1.07
         -8,          2,    4,        -11.91,          3.30,       1.16,      11.57,     38.18,          1.03
         -8,          2,    5,        -11.15,          3.30,       1.20,      11.99,     39.56,          1.01
         -8,          2,    6,        -10.55,          3.30,       1.24,      12.40,     40.90,          0.98
         -8,          2,    7,        -10.06,          3.30,       1.28,      12.76,     42.09,          0.97
         -8,          3,    1,        -12.74,          3.30,       1.08,      10.86,     35.85,          2.28
         -8,          3,    2,        -11.38,          3.30,       1.15,      11.50,     37.94,          1.64
         -8,          3,    3,        -10.37,          3.30,       1.20,      12.04,     39.74,          1.47
         -8,          3,    4,         -9.62,          3.30,       1.25,      12.51,     41.29,          1.40
         -8,          3,    5,         -9.07,          3.30,       1.30,      12.99,     42.85,          1.33
         -8,          3,    6,         -8.57,          3.30,       1.34,      13.38,     44.15,          1.31
         -8,          3,    7,         -8.11,          3.30,       1.38,      13.72,     45.26,          1.32
         -8,          4,    1,        -10.68,          3.30,       1.17,      11.69,     38.57,          2.44
         -8,          4,    2,         -9.53,          3.30,       1.23,      12.31,     40.63,          2.00
         -8,          4,    3,         -8.61,          3.30,       1.29,      12.92,     42.62,          1.82
         -8,          4,    4,         -7.92,          3.30,       1.34,      13.44,     44.35,          1.74
         -8,          4,    5,         -7.48,          3.30,       1.39,      13.86,     45.73,          1.67
         -8,          4,    6,         -7.02,          3.30,       1.44,      14.36,     47.37,          1.61
         -8,          4,    7,         -6.65,          3.30,       1.48,      14.77,     48.73,          1.58
         -8,          5,    1,         -8.49,          3.30,       1.27,      12.75,     42.06,          3.17
         -8,          5,    2,         -7.43,          3.30,       1.35,      13.48,     44.48,          2.63
         -8,          5,    3,         -6.64,          3.30,       1.41,      14.15,     46.69,          2.39
         -8,          5,    4,         -6.14,          3.30,       1.47,      14.70,     48.50,          2.23
         -8,          5,    5,         -5.72,          3.30,       1.52,      15.18,     50.09,          2.14
         -8,          5,    6,         -5.40,          3.30,       1.56,      15.64,     51.60,          2.06
         -8,          5,    7,         -5.13,          3.30,       1.60,      16.03,     52.90,          2.01
         -8,          6,    1,         -7.10,          3.30,       1.36,      13.65,     45.06,          4.32
         -8,          6,    2,         -6.07,          3.30,       1.45,      14.54,     47.96,          3.33
         -8,          6,    3,         -5.40,          3.30,       1.52,      15.23,     50.27,          2.97
         -8,          6,    4,         -5.00,          3.30,       1.58,      15.79,     52.10,          2.74
         -8,          6,    5,         -4.66,          3.30,       1.63,      16.32,     53.86,          2.57
         -8,          6,    6,         -4.37,          3.30,       1.68,      16.75,     55.27,          2.49
         -8,          6,    7,         -4.16,          3.30,       1.72,      17.17,     56.64,          2.38
         -8,          7,    1,         -5.90,          3.30,       1.47,      14.66,     48.38,          4.83
         -8,          7,    2,         -4.96,          3.30,       1.56,      15.64,     51.62,          3.73
         -8,          7,    3,         -4.33,          3.30,       1.64,      16.41,     54.16,          3.32
         -8,          7,    4,         -3.94,          3.30,       1.70,      17.03,     56.19,          3.08
         -8,          7,    5,         -3.65,          3.30,       1.75,      17.53,     57.83,          2.92
         -8,          7,    6,         -3.41,          3.30,       1.81,      18.07,     59.60,          2.76
         -8,          7,    7,         -3.19,          3.30,       1.86,      18.56,     61.25,          2.64
         -7,          1,    1,        -17.77,          3.30,       0.98,       9.78,     32.28,          0.88
         -7,          1,    2,        -16.11,          3.30,       1.02,      10.23,     33.76,          0.72
         -7,          1,    3,        -14.66,          3.30,       1.06,      10.65,     35.16,          0.71
         -7,          1,    4,        -13.56,          3.30,       1.11,      11.04,     36.43,          0.73
         -7,          1,    5,        -12.76,          3.30,       1.15,      11.48,     37.90,          0.70
         -7,          1,    6,        -12.10,          3.30,       1.18,      11.80,     38.93,          0.72
         -7,          1,    7,        -11.50,          3.30,       1.22,      12.15,     40.09,          0.73
         -7,          2,    1,        -15.24,          3.30,       1.02,      10.20,     33.66,          2.04
         -7,          2,    2,        -13.73,          3.30,       1.08,      10.76,     35.49,          1.29
         -7,          2,    3,        -12.44,          3.30,       1.13,      11.26,     37.16,          1.15
         -7,          2,    4,        -11.55,          3.30,       1.17,      11.71,     38.65,          1.08
         -7,          2,    5,        -10.82,          3.30,       1.21,      12.13,     40.01,          1.06
         -7,          2,    6,        -10.21,          3.30,       1.25,      12.54,     41.37,          1.04
         -7,          2,    7,         -9.65,          3.30,       1.30,      12.95,     42.75,          1.03
         -7,          3,    1,        -12.41,          3.30,       1.10,      11.02,     36.37,          2.22
         -7,          3,    2,        -11.00,          3.30,       1.16,      11.68,     38.52,          1.68
         -7,          3,    3,        -10.04,          3.30,       1.22,      12.17,     40.18,          1.55
         -7,          3,    4,         -9.26,          3.30,       1.27,      12.69,     41.87,          1.47
         -7,          3,    5,         -8.68,          3.30,       1.32,      13.14,     43.34,          1.42
         -7,          3,    6,         -8.16,          3.30,       1.35,      13.52,     44.61,          1.41
         -7,          3,    7,         -7.78,          3.30,       1.39,      13.94,     46.01,          1.36
         -7,          4,    1,        -10.27,          3.30,       1.18,      11.82,     38.99,          2.66
         -7,          4,    2,         -9.11,          3.30,       1.25,      12.49,     41.22,          2.13
         -7,          4,    3,         -8.25,          3.30,       1.31,      13.12,     43.30,          1.90
         -7,          4,    4,         -7.60,          3.30,       1.37,      13.61,     44.93,          1.83
         -7,          4,    5,         -7.04,          3.30,       1.41,      14.15,     46.68,          1.76
         -7,          4,    6,         -6.62,          3.30,       1.46,      14.58,     48.10,          1.72
         -7,          4,    7,         -6.30,          3.30,       1.50,      14.99,     49.46,          1.67
         -7,          5,    1,         -8.12,          3.30,       1.30,      12.97,     42.80,          3.25
         -7,          5,    2,         -7.05,          3.30,       1.37,      13.70,     45.21,          2.76
         -7,          5,    3,         -6.26,          3.30,       1.44,      14.42,     47.60,          2.48
         -7,          5,    4,         -5.73,          3.30,       1.50,      15.01,     49.51,          2.34
         -7,          5,    5,         -5.35,          3.30,       1.55,      15.51,     51.17,          2.22
         -7,          5,    6,         -5.05,          3.30,       1.59,      15.94,     52.60,          2.15
         -7,          5,    7,         -4.76,          3.30,       1.64,      16.36,     53.98,          2.10
         -7,          6,    1,         -6.72,          3.30,       1.39,      13.93,     45.96,          4.52
         -7,          6,    2,         -5.68,          3.30,       1.49,      14.85,     49.01,          3.48
         -7,          6,    3,         -5.06,          3.30,       1.55,      15.53,     51.26,          3.12
         -7,          6,    4,         -4.60,          3.30,       1.61,      16.11,     53.17,          2.91
         -7,          6,    5,         -4.26,          3.30,       1.66,      16.65,     54.93,          2.74
         -7,          6,    6,         -4.01,          3.30,       1.71,      17.12,     56.51,          2.60
         -7,          6,    7,         -3.78,          3.30,       1.76,      17.53,     57.84,          2.53
         -7,          7,    1,         -5.51,          3.30,       1.50,      14.97,     49.40,          5.04
         -7,          7,    2,         -4.57,          3.30,       1.60,      15.96,     52.68,          3.94
         -7,          7,    3,         -3.92,          3.30,       1.68,      16.75,     55.26,          3.55
         -7,          7,    4,         -3.55,          3.30,       1.74,      17.38,     57.33,          3.27
         -7,          7,    5,         -3.22,          3.30,       1.80,      18.01,     59.43,          3.05
         -7,          7,    6,         -3.03,          3.30,       1.85,      18.49,     61.01,          2.89
         -7,          7,    7,         -2.81,          3.30,       1.90,      18.93,     62.47,          2.81
         -6,          1,    1,        -17.32,          3.30,       0.99,       9.84,     32.48,          0.98
         -6,          1,    2,        -15.62,          3.30,       1.03,      10.28,     33.92,          0.82
         -6,          1,    3,        -14.26,          3.30,       1.07,      10.74,     35.45,          0.77
         -6,          1,    4,        -13.15,          3.30,       1.12,      11.22,     37.03,          0.75
         -6,          1,    5,        -12.36,          3.30,       1.16,      11.59,     38.23,          0.76
         -6,          1,    6,        -11.76,          3.30,       1.19,      11.95,     39.44,          0.75
         -6,          1,    7,        -11.12,          3.30,       1.23,      12.30,     40.60,          0.77
         -6,          2,    1,        -14.89,          3.30,       1.03,      10.34,     34.13,          1.96
         -6,          2,    2,        -13.27,          3.30,       1.09,      10.86,     35.85,          1.40
         -6,          2,    3,        -12.04,          3.30,       1.14,      11.45,     37.78,          1.18
         -6,          2,    4,        -11.15,          3.30,       1.19,      11.86,     39.16,          1.15
         -6,          2,    5,        -10.42,          3.30,       1.23,      12.28,     40.54,          1.13
         -6,          2,    6,         -9.78,          3.30,       1.27,      12.71,     41.94,          1.11
         -6,          2,    7,         -9.30,          3.30,       1.32,      13.14,     43.36,          1.08
         -6,          3,    1,        -11.97,          3.30,       1.12,      11.24,     37.07,          2.15
         -6,          3,    2,        -10.61,          3.30,       1.18,      11.81,     38.97,          1.79
         -6,          3,    3,         -9.65,          3.30,       1.24,      12.40,     40.91,          1.60
         -6,          3,    4,         -8.83,          3.30,       1.29,      12.92,     42.61,          1.54
         -6,          3,    5,         -8.25,          3.30,       1.34,      13.38,     44.16,          1.49
         -6,          3,    6,         -7.76,          3.30,       1.38,      13.81,     45.57,          1.46
         -6,          3,    7,         -7.35,          3.30,       1.42,      14.18,     46.80,          1.45
         -6,          4,    1,         -9.82,          3.30,       1.21,      12.02,     39.68,          2.82
         -6,          4,    2,         -8.66,          3.30,       1.27,      12.71,     41.96,          2.28
         -6,          4,    3,         -7.79,          3.30,       1.34,      13.33,     44.00,          2.08
         -6,          4,    4,         -7.16,          3.30,       1.39,      13.91,     45.89,          1.94
         -6,          4,    5,         -6.62,          3.30,       1.44,      14.41,     47.53,          1.89
         -6,          4,    6,         -6.18,          3.30,       1.49,      14.90,     49.17,          1.83
         -6,          4,    7,         -5.88,          3.30,       1.53,      15.35,     50.64,          1.76
         -6,          5,    1,         -7.70,          3.30,       1.32,      13.22,     43.63,          3.54
         -6,          5,    2,         -6.61,          3.30,       1.40,      14.05,     46.36,          2.90
         -6,          5,    3,         -5.82,          3.30,       1.48,      14.75,     48.67,          2.66
         -6,          5,    4,         -5.31,          3.30,       1.53,      15.32,     50.55,          2.51
         -6,          5,    5,         -4.89,          3.30,       1.58,      15.81,     52.15,          2.43
         -6,          5,    6,         -4.59,          3.30,       1.63,      16.31,     53.82,          2.32
         -6,          5,    7,         -4.34,          3.30,       1.68,      16.75,     55.26,          2.24
         -6,          6,    1,         -6.22,          3.30,       1.43,      14.27,     47.08,          4.75
         -6,          6,    2,         -5.24,          3.30,       1.52,      15.18,     50.10,          3.72
         -6,          6,    3,         -4.63,          3.30,       1.59,      15.91,     52.48,          3.31
         -6,          6,    4,         -4.14,          3.30,       1.65,      16.49,     54.41,          3.12
         -6,          6,    5,         -3.80,          3.30,       1.71,      17.06,     56.29,          2.93
         -6,          6,    6,         -3.55,          3.30,       1.75,      17.53,     57.85,          2.80
         -6,          6,    7,         -3.33,          3.30,       1.80,      18.07,     59.61,          2.65
         -6,          7,    1,         -5.05,          3.30,       1.54,      15.38,     50.73,          5.28
         -6,          7,    2,         -4.09,          3.30,       1.64,      16.42,     54.19,          4.15
         -6,          7,    3,         -3.48,          3.30,       1.72,      17.21,     56.79,          3.74
         -6,          7,    4,         -3.10,          3.30,       1.79,      17.93,     59.16,          3.41
         -6,          7,    5,         -2.80,          3.30,       1.85,      18.50,     61.04,          3.23
         -6,          7,    6,         -2.55,          3.30,       1.90,      19.02,     62.73,          3.10
         -6,          7,    7,         -2.31,          3.30,       1.95,      19.52,     64.40,          2.99
         -5,          1,    1,        -16.86,          3.30,       1.00,       9.97,     32.92,          1.02
         -5,          1,    2,        -15.15,          3.30,       1.04,      10.45,     34.49,          0.85
         -5,          1,    3,        -13.75,          3.30,       1.09,      10.92,     36.05,          0.82
         -5,          1,    4,        -12.73,          3.30,       1.13,      11.33,     37.39,          0.82
         -5,          1,    5,        -11.92,          3.30,       1.17,      11.71,     38.66,          0.83
         -5,          1,    6,        -11.26,          3.30,       1.21,      12.09,     39.89,          0.83
         -5,          1,    7,        -10.70,          3.30,       1.25,      12.50,     41.25,          0.82
         -5,          2,    1,        -14.19,          3.30,       1.05,      10.47,     34.56,          2.40
         -5,          2,    2,        -12.80,          3.30,       1.10,      11.05,     36.44,          1.51
         -5,          2,    3,        -11.56,          3.30,       1.16,      11.61,     38.32,          1.31
         -5,          2,    4,        -10.62,          3.30,       1.21,      12.08,     39.88,          1.25
         -5,          2,    5,         -9.89,          3.30,       1.25,      12.55,     41.40,          1.22
         -5,          2,    6,         -9.31,          3.30,       1.30,      12.97,     42.79,          1.19
         -5,          2,    7,         -8.77,          3.30,       1.34,      13.37,     44.12,          1.19
         -5,          3,    1,        -11.41,          3.30,       1.14,      11.39,     37.58,          2.55
         -5,          3,    2,        -10.06,          3.30,       1.20,      12.02,     39.66,          2.01
         -5,          3,    3,         -9.04,          3.30,       1.26,      12.64,     41.71,          1.79
         -5,          3,    4,         -8.33,          3.30,       1.32,      13.19,     43.53,          1.67
         -5,          3,    5,         -7.71,          3.30,       1.36,      13.64,     44.99,          1.65
         -5,          3,    6,         -7.19,          3.30,       1.41,      14.10,     46.51,          1.62
         -5,          3,    7,         -6.82,          3.30,       1.46,      14.55,     48.02,          1.57
         -5,          4,    1,         -9.28,          3.30,       1.23,      12.30,     40.58,          3.14
         -5,          4,    2,         -8.13,          3.30,       1.30,      13.03,     43.00,          2.49
         -5,          4,    3,         -7.26,          3.30,       1.37,      13.67,     45.12,          2.27
         -5,          4,    4,         -6.58,          3.30,       1.43,      14.23,     46.97,          2.16
         -5,          4,    5,         -6.07,          3.30,       1.48,      14.76,     48.70,          2.08
         -5,          4,    6,         -5.66,          3.30,       1.53,      15.27,     50.40,          2.00
         -5,          4,    7,         -5.31,          3.30,       1.57,      15.69,     51.75,          1.97
         -5,          5,    1,         -7.10,          3.30,       1.35,      13.56,     44.74,          3.81
         -5,          5,    2,         -6.03,          3.30,       1.44,      14.44,     47.63,          3.11
         -5,          5,    3,         -5.27,          3.30,       1.52,      15.16,     50.02,          2.86
         -5,          5,    4,         -4.78,          3.30,       1.57,      15.75,     51.97,          2.69
         -5,          5,    5,         -4.36,          3.30,       1.63,      16.31,     53.82,          2.58
         -5,          5,    6,         -4.06,          3.30,       1.68,      16.77,     55.33,          2.50
         -5,          5,    7,         -3.77,          3.30,       1.73,      17.26,     56.94,          2.42
         -5,          6,    1,         -5.66,          3.30,       1.47,      14.70,     48.51,          5.13
         -5,          6,    2,         -4.67,          3.30,       1.56,      15.66,     51.67,          4.04
         -5,          6,    3,         -4.03,          3.30,       1.64,      16.43,     54.21,          3.60
         -5,          6,    4,         -3.60,          3.30,       1.70,      17.01,     56.11,          3.38
         -5,          6,    5,         -3.25,          3.30,       1.76,      17.55,     57.90,          3.23
         -5,          6,    6,         -2.96,          3.30,       1.81,      18.15,     59.87,          3.04
         -5,          6,    7,         -2.73,          3.30,       1.86,      18.59,     61.33,          2.94
         -5,          7,    1,         -4.51,          3.30,       1.59,      15.86,     52.32,          5.69
         -5,          7,    2,         -3.51,          3.30,       1.70,      16.97,     55.97,          4.51
         -5,          7,    3,         -2.92,          3.30,       1.78,      17.82,     58.80,          4.02
         -5,          7,    4,         -2.49,          3.30,       1.85,      18.52,     61.12,          3.75
         -5,          7,    5,         -2.21,          3.30,       1.91,      19.11,     63.05,          3.55
         -5,          7,    6,         -1.97,          3.30,       1.97,      19.69,     64.94,          3.37
         -5,          7,    7,         -1.80,          3.30,       2.02,      20.17,     66.54,          3.23
         -4,          1,    1,        -16.48,          3.30,       1.01,      10.07,     33.23,          1.07
         -4,          1,    2,        -14.77,          3.30,       1.05,      10.49,     34.62,          0.95
         -4,          1,    3,        -13.32,          3.30,       1.10,      11.02,     36.37,          0.89
         -4,          1,    4,        -12.33,          3.30,       1.15,      11.49,     37.93,          0.86
         -4,          1,    5,        -11.54,          3.30,       1.19,      11.85,     39.10,          0.88
         -4,          1,    6,        -10.85,          3.30,       1.23,      12.29,     40.56,          0.87
         -4,          1,    7,        -10.30,          3.30,       1.27,      12.68,     41.85,          0.87
         -4,          2,    1,        -13.86,          3.30,       1.06,      10.63,     35.07,          2.21
         -4,          2,    2,        -12.44,          3.30,       1.12,      11.24,     37.07,          1.48
         -4,          2,    3,        -11.13,          3.30,       1.17,      11.75,     38.78,          1.38
         -4,          2,    4,        -10.21,          3.30,       1.22,      12.20,     40.26,          1.35
         -4,          2,    5,         -9.54,          3.30,       1.27,      12.73,     41.99,          1.27
         -4,          2,    6,         -8.90,          3.30,       1.31,      13.12,     43.31,          1.27
         -4,          2,    7,         -8.40,          3.30,       1.36,      13.59,     44.84,          1.24
         -4,          3,    1,        -11.01,          3.30,       1.16,      11.55,     38.12,          2.72
         -4,          3,    2,         -9.68,          3.30,       1.22,      12.22,     40.33,          2.10
         -4,          3,    3,         -8.70,          3.30,       1.28,      12.84,     42.36,          1.89
         -4,          3,    4,         -7.92,          3.30,       1.34,      13.36,     44.06,          1.82
         -4,          3,    5,         -7.32,          3.30,       1.39,      13.87,     45.76,          1.76
         -4,          3,    6,         -6.80,          3.30,       1.44,      14.39,     47.48,          1.70
         -4,          3,    7,         -6.41,          3.30,       1.48,      14.80,     48.84,          1.68
         -4,          4,    1,         -8.88,          3.30,       1.25,      12.50,     41.25,          3.39
         -4,          4,    2,         -7.69,          3.30,       1.33,      13.30,     43.88,          2.64
         -4,          4,    3,         -6.81,          3.30,       1.39,      13.89,     45.84,          2.48
         -4,          4,    4,         -6.16,          3.30,       1.45,      14.53,     47.93,          2.30
         -4,          4,    5,         -5.67,          3.30,       1.51,      15.06,     49.70,          2.21
         -4,          4,    6,         -5.26,          3.30,       1.56,      15.59,     51.42,          2.13
         -4,          4,    7,         -4.93,          3.30,       1.61,      16.05,     52.94,          2.07
         -4,          5,    1,         -6.68,          3.30,       1.38,      13.81,     45.58,          4.10
         -4,          5,    2,         -5.62,          3.30,       1.48,      14.76,     48.69,          3.29
         -4,          5,    3,         -4.86,          3.30,       1.55,      15.48,     51.08,          3.04
         -4,          5,    4,         -4.36,          3.30,       1.61,      16.10,     53.14,          2.87
         -4,          5,    5,         -3.94,          3.30,       1.67,      16.69,     55.06,          2.75
         -4,          5,    6,         -3.61,          3.30,       1.72,      17.14,     56.55,          2.69
         -4,          5,    7,         -3.37,          3.30,       1.76,      17.65,     58.23,          2.58
         -4,          6,    1,         -5.22,          3.30,       1.51,      15.06,     49.70,          5.35
         -4,          6,    2,         -4.26,          3.30,       1.60,      15.99,     52.75,          4.33
         -4,          6,    3,         -3.61,          3.30,       1.68,      16.79,     55.38,          3.86
         -4,          6,    4,         -3.14,          3.30,       1.74,      17.45,     57.55,          3.60
         -4,          6,    5,         -2.83,          3.30,       1.81,      18.06,     59.59,          3.36
         -4,          6,    6,         -2.53,          3.30,       1.86,      18.58,     61.29,          3.24
         -4,          6,    7,         -2.31,          3.30,       1.91,      19.08,     62.93,          3.12
         -4,          7,    1,         -4.07,          3.30,       1.63,      16.30,     53.77,          5.92
         -4,          7,    2,         -3.10,          3.30,       1.74,      17.40,     57.41,          4.78
         -4,          7,    3,         -2.47,          3.30,       1.84,      18.34,     60.52,          4.24
         -4,          7,    4,         -2.07,          3.30,       1.90,      19.00,     62.69,          3.99
         -4,          7,    5,         -1.78,          3.30,       1.97,      19.67,     64.89,          3.74
         -4,          7,    6,         -1.55,          3.30,       2.02,      20.18,     66.59,          3.60
         -4,          7,    7,         -1.35,          3.30,       2.07,      20.70,     68.28,          3.47
         -3,          1,    1,        -15.96,          3.30,       1.02,      10.17,     33.56,          1.21
         -3,          1,    2,        -14.19,          3.30,       1.06,      10.66,     35.17,          1.03
         -3,          1,    3,        -12.91,          3.30,       1.12,      11.18,     36.89,          0.94
         -3,          1,    4,        -11.91,          3.30,       1.17,      11.61,     38.32,          0.94
         -3,          1,    5,        -11.09,          3.30,       1.21,      12.05,     39.75,          0.94
         -3,          1,    6,        -10.43,          3.30,       1.25,      12.47,     41.14,          0.94
         -3,          1,    7,         -9.84,          3.30,       1.29,      12.84,     42.37,          0.95
         -3,          2,    1,        -13.39,          3.30,       1.07,      10.72,     35.38,          2.49
         -3,          2,    2,        -11.88,          3.30,       1.14,      11.39,     37.57,          1.61
         -3,          2,    3,        -10.71,          3.30,       1.19,      11.92,     39.33,          1.47
         -3,          2,    4,         -9.78,          3.30,       1.24,      12.41,     40.95,          1.42
         -3,          2,    5,         -9.05,          3.30,       1.29,      12.89,     42.55,          1.38
         -3,          2,    6,         -8.46,          3.30,       1.34,      13.36,     44.07,          1.35
         -3,          2,    7,         -7.94,          3.30,       1.38,      13.80,     45.54,          1.34
         -3,          3,    1,        -10.46,          3.30,       1.18,      11.76,     38.79,          2.87
         -3,          3,    2,         -9.19,          3.30,       1.25,      12.45,     41.09,          2.22
         -3,          3,    3,         -8.19,          3.30,       1.31,      13.11,     43.25,          2.00
         -3,          3,    4,         -7.44,          3.30,       1.37,      13.67,     45.10,          1.91
         -3,          3,    5,         -6.84,          3.30,       1.41,      14.12,     46.59,          1.89
         -3,          3,    6,         -6.27,          3.30,       1.47,      14.68,     48.45,          1.84
         -3,          3,    7,         -5.92,          3.30,       1.51,      15.12,     49.89,          1.80
         -3,          4,    1,         -8.40,          3.30,       1.28,      12.76,     42.11,          3.51
         -3,          4,    2,         -7.21,          3.30,       1.35,      13.53,     44.65,          2.86
         -3,          4,    3,         -6.31,          3.30,       1.42,      14.24,     46.99,          2.60
         -3,          4,    4,         -5.67,          3.30,       1.49,      14.87,     49.09,          2.44
         -3,          4,    5,         -5.19,          3.30,       1.55,      15.43,     50.90,          2.34
         -3,          4,    6,         -4.76,          3.30,       1.59,      15.92,     52.52,          2.30
         -3,          4,    7,         -4.43,          3.30,       1.64,      16.42,     54.17,          2.23
         -3,          5,    1,         -6.18,          3.30,       1.42,      14.18,     46.80,          4.23
         -3,          5,    2,         -5.09,          3.30,       1.51,      15.11,     49.85,          3.54
         -3,          5,    3,         -4.37,          3.30,       1.59,      15.89,     52.42,          3.23
         -3,          5,    4,         -3.84,          3.30,       1.66,      16.57,     54.66,          3.04
         -3,          5,    5,         -3.43,          3.30,       1.71,      17.12,     56.47,          2.95
         -3,          5,    6,         -3.11,          3.30,       1.76,      17.65,     58.23,          2.85
         -3,          5,    7,         -2.86,          3.30,       1.81,      18.15,     59.87,          2.76
         -3,          6,    1,         -4.72,          3.30,       1.55,      15.48,     51.09,          5.66
         -3,          6,    2,         -3.74,          3.30,       1.65,      16.50,     54.45,          4.54
         -3,          6,    3,         -3.08,          3.30,       1.73,      17.33,     57.19,          4.08
         -3,          6,    4,         -2.63,          3.30,       1.80,      18.04,     59.51,          3.79
         -3,          6,    5,         -2.29,          3.30,       1.86,      18.60,     61.37,          3.64
         -3,          6,    6,         -2.04,          3.30,       1.91,      19.12,     63.09,          3.48
         -3,          6,    7,         -1.81,          3.30,       1.97,      19.68,     64.94,          3.33
         -3,          7,    1,         -3.51,          3.30,       1.67,      16.75,     55.26,          6.64
         -3,          7,    2,         -2.56,          3.30,       1.80,      17.99,     59.35,          5.13
         -3,          7,    3,         -1.95,          3.30,       1.89,      18.93,     62.44,          4.59
         -3,          7,    4,         -1.58,          3.30,       1.97,      19.69,     64.95,          4.23
         -3,          7,    5,         -1.27,          3.30,       2.03,      20.31,     67.00,          4.04
         -3,          7,    6,         -1.04,          3.30,       2.09,      20.87,     68.86,          3.88
         -3,          7,    7,         -0.83,          3.30,       2.14,      21.43,     70.70,          3.73
         -2,          1,    1,        -15.55,          3.30,       1.03,      10.34,     34.11,          1.31
         -2,          1,    2,        -13.86,          3.30,       1.08,      10.85,     35.79,          1.08
         -2,          1,    3,        -12.53,          3.30,       1.14,      11.39,     37.57,          1.00
         -2,          1,    4,        -11.45,          3.30,       1.18,      11.83,     39.03,          1.02
         -2,          1,    5,        -10.66,          3.30,       1.23,      12.26,     40.47,          1.01
         -2,          1,    6,         -9.96,          3.30,       1.27,      12.65,     41.75,          1.03
         -2,          1,    7,         -9.45,          3.30,       1.31,      13.08,     43.16,          1.02
         -2,          2,    1,        -12.97,          3.30,       1.09,      10.95,     36.12,          2.53
         -2,          2,    2,        -11.48,          3.30,       1.16,      11.58,     38.22,          1.74
         -2,          2,    3,        -10.25,          3.30,       1.22,      12.16,     40.10,          1.58
         -2,          2,    4,         -9.32,          3.30,       1.27,      12.70,     41.93,          1.50
         -2,          2,    5,         -8.55,          3.30,       1.32,      13.17,     43.48,          1.49
         -2,          2,    6,         -7.99,          3.30,       1.36,      13.67,     45.11,          1.45
         -2,          2,    7,         -7.50,          3.30,       1.41,      14.07,     46.43,          1.45
         -2,          3,    1,        -10.06,          3.30,       1.20,      11.99,     39.57,          3.27
         -2,          3,    2,         -8.75,          3.30,       1.27,      12.74,     42.04,          2.43
         -2,          3,    3,         -7.76,          3.30,       1.34,      13.40,     44.21,          2.19
         -2,          3,    4,         -6.93,          3.30,       1.40,      13.99,     46.17,          2.11
         -2,          3,    5,         -6.36,          3.30,       1.45,      14.52,     47.91,          2.03
         -2,          3,    6,         -5.88,          3.30,       1.50,      15.00,     49.49,          2.00
         -2,          3,    7,         -5.47,          3.30,       1.55,      15.46,     51.00,          1.97
         -2,          4,    1,         -7.90,          3.30,       1.31,      13.11,     43.25,          3.56
         -2,          4,    2,         -6.74,          3.30,       1.39,      13.87,     45.77,          2.99
         -2,          4,    3,         -5.84,          3.30,       1.46,      14.63,     48.27,          2.72
         -2,          4,    4,         -5.21,          3.30,       1.52,      15.25,     50.31,          2.59
         -2,          4,    5,         -4.69,          3.30,       1.59,      15.84,     52.27,          2.50
         -2,          4,    6,         -4.30,          3.30,       1.64,      16.38,     54.06,          2.42
         -2,          4,    7,         -3.97,          3.30,       1.68,      16.85,     55.60,          2.37
         -2,          5,    1,         -5.67,          3.30,       1.46,      14.61,     48.22,          4.50
         -2,          5,    2,         -4.62,          3.30,       1.56,      15.52,     51.21,          3.83
         -2,          5,    3,         -3.87,          3.30,       1.64,      16.38,     54.05,          3.46
         -2,          5,    4,         -3.37,          3.30,       1.70,      17.00,     56.09,          3.32
         -2,          5,    5,         -2.97,          3.30,       1.76,      17.62,     58.15,          3.16
         -2,          5,    6,         -2.67,          3.30,       1.82,      18.18,     59.98,          3.04
         -2,          5,    7,         -2.40,          3.30,       1.87,      18.68,     61.63,          2.96
         -2,          6,    1,         -4.23,          3.30,       1.59,      15.93,     52.56,          6.27
         -2,          6,    2,         -3.26,          3.30,       1.70,      16.97,     55.98,          5.00
         -2,          6,    3,         -2.61,          3.30,       1.79,      17.85,     58.90,          4.44
         -2,          6,    4,         -2.17,          3.30,       1.86,      18.59,     61.34,          4.10
         -2,          6,    5,         -1.85,          3.30,       1.92,      19.23,     63.43,          3.87
         -2,          6,    6,         -1.57,          3.30,       1.98,      19.77,     65.23,          3.73
         -2,          6,    7,         -1.33,          3.30,       2.03,      20.29,     66.92,          3.61
         -2,          7,    1,         -3.04,          3.30,       1.73,      17.30,     57.06,          7.09
         -2,          7,    2,         -2.06,          3.30,       1.86,      18.58,     61.30,          5.53
         -2,          7,    3,         -1.48,          3.30,       1.96,      19.56,     64.54,          4.91
         -2,          7,    4,         -1.07,          3.30,       2.03,      20.31,     67.01,          4.61
         -2,          7,    5,         -0.76,          3.30,       2.10,      21.02,     69.35,          4.35
         -2,          7,    6,         -0.55,          3.30,       2.16,      21.56,     71.14,          4.18
         -2,          7,    7,         -0.37,          3.30,       2.21,      22.13,     72.98,          4.00
         -1,          1,    1,        -15.14,          3.30,       1.04,      10.40,     34.32,          1.42
         -1,          1,    2,        -13.44,          3.30,       1.10,      10.98,     36.26,          1.11
         -1,          1,    3,        -12.10,          3.30,       1.15,      11.51,     38.00,          1.06
         -1,          1,    4,        -11.04,          3.30,       1.20,      11.99,     39.56,          1.06
         -1,          1,    5,        -10.31,          3.30,       1.24,      12.41,     40.96,          1.06
         -1,          1,    6,         -9.62,          3.30,       1.29,      12.84,     42.36,          1.07
         -1,          1,    7,         -9.06,          3.30,       1.33,      13.28,     43.83,          1.06
         -1,          2,    1,        -12.59,          3.30,       1.11,      11.15,     36.80,          2.47
         -1,          2,    2,        -11.05,          3.30,       1.18,      11.77,     38.83,          1.84
         -1,          2,    3,         -9.83,          3.30,       1.23,      12.31,     40.63,          1.71
         -1,          2,    4,         -8.94,          3.30,       1.29,      12.90,     42.57,          1.59
         -1,          2,    5,         -8.16,          3.30,       1.34,      13.40,     44.22,          1.58
         -1,          2,    6,         -7.59,          3.30,       1.39,      13.88,     45.81,          1.55
         -1,          2,    7,         -7.04,          3.30,       1.43,      14.32,     47.26,          1.56
         -1,          3,    1,         -9.65,          3.30,       1.22,      12.22,     40.30,          3.32
         -1,          3,    2,         -8.31,          3.30,       1.30,      12.96,     42.76,          2.58
         -1,          3,    3,         -7.32,          3.30,       1.36,      13.61,     44.92,          2.35
         -1,          3,    4,         -6.49,          3.30,       1.42,      14.25,     47.02,          2.25
         -1,          3,    5,         -5.94,          3.30,       1.48,      14.82,     48.90,          2.14
         -1,          3,    6,         -5.44,          3.30,       1.53,      15.31,     50.53,          2.12
         -1,          3,    7,         -5.06,          3.30,       1.58,      15.76,     52.00,          2.09
         -1,          4,    1,         -7.51,          3.30,       1.33,      13.32,     43.95,          3.91
         -1,          4,    2,         -6.28,          3.30,       1.42,      14.17,     46.76,          3.21
         -1,          4,    3,         -5.41,          3.30,       1.50,      14.95,     49.33,          2.90
         -1,          4,    4,         -4.75,          3.30,       1.56,      15.59,     51.44,          2.79
         -1,          4,    5,         -4.29,          3.30,       1.62,      16.21,     53.47,          2.65
         -1,          4,    6,         -3.86,          3.30,       1.67,      16.73,     55.19,          2.60
         -1,          4,    7,         -3.53,          3.30,       1.72,      17.24,     56.89,          2.54
         -1,          5,    1,         -5.23,          3.30,       1.49,      14.93,     49.28,          4.77
         -1,          5,    2,         -4.19,          3.30,       1.59,      15.94,     52.61,          3.96
         -1,          5,    3,         -3.44,          3.30,       1.68,      16.77,     55.35,          3.66
         -1,          5,    4,         -2.92,          3.30,       1.74,      17.44,     57.55,          3.50
         -1,          5,    5,         -2.52,          3.30,       1.81,      18.09,     59.67,          3.36
         -1,          5,    6,         -2.20,          3.30,       1.87,      18.64,     61.50,          3.26
         -1,          5,    7,         -1.95,          3.30,       1.92,      19.17,     63.23,          3.15
         -1,          6,    1,         -3.80,          3.30,       1.64,      16.36,     53.96,          6.53
         -1,          6,    2,         -2.80,          3.30,       1.74,      17.45,     57.56,          5.25
         -1,          6,    3,         -2.15,          3.30,       1.84,      18.36,     60.58,          4.68
         -1,          6,    4,         -1.73,          3.30,       1.91,      19.10,     62.99,          4.36
         -1,          6,    5,         -1.40,          3.30,       1.98,      19.77,     65.21,          4.10
         -1,          6,    6,         -1.10,          3.30,       2.03,      20.32,     67.04,          3.99
         -1,          6,    7,         -0.90,          3.30,       2.08,      20.84,     68.75,          3.84
         -1,          7,    1,         -2.56,          3.30,       1.78,      17.79,     58.70,          7.40
         -1,          7,    2,         -1.63,          3.30,       1.91,      19.11,     63.07,          5.80
         -1,          7,    3,         -1.02,          3.30,       2.01,      20.16,     66.50,          5.18
         -1,          7,    4,         -0.63,          3.30,       2.10,      20.93,     69.03,          4.86
         -1,          7,    5,         -0.32,          3.30,       2.16,      21.63,     71.34,          4.62
         -1,          7,    6,         -0.09,          3.30,       2.22,      22.22,     73.29,          4.44
         -1,          7,    7,          0.10,          3.30,       2.29,      22.86,     75.39,          4.24
          0,          1,    1,        -14.59,          3.30,       1.05,      10.55,     34.81,          1.45
          0,          1,    2,        -12.91,          3.30,       1.12,      11.14,     36.75,          1.18
          0,          1,    3,        -11.66,          3.30,       1.17,      11.66,     38.47,          1.13
          0,          1,    4,        -10.64,          3.30,       1.21,      12.10,     39.93,          1.15
          0,          1,    5,         -9.86,          3.30,       1.26,      12.61,     41.61,          1.12
          0,          1,    6,         -9.17,          3.30,       1.30,      13.06,     43.07,          1.14
          0,          1,    7,         -8.61,          3.30,       1.35,      13.45,     44.39,          1.15
          0,          2,    1,        -12.09,          3.30,       1.13,      11.30,     37.29,          2.82
          0,          2,    2,        -10.61,          3.30,       1.19,      11.93,     39.37,          2.03
          0,          2,    3,         -9.40,          3.30,       1.25,      12.54,     41.37,          1.83
          0,          2,    4,         -8.47,          3.30,       1.31,      13.14,     43.35,          1.73
          0,          2,    5,         -7.76,          3.30,       1.36,      13.67,     45.10,          1.68
          0,          2,    6,         -7.10,          3.30,       1.41,      14.15,     46.69,          1.68
          0,          2,    7,         -6.59,          3.30,       1.46,      14.65,     48.32,          1.66
          0,          3,    1,         -9.13,          3.30,       1.24,      12.46,     41.11,          3.50
          0,          3,    2,         -7.82,          3.30,       1.32,      13.22,     43.63,          2.75
          0,          3,    3,         -6.82,          3.30,       1.39,      13.91,     45.91,          2.51
          0,          3,    4,         -6.03,          3.30,       1.46,      14.59,     48.16,          2.37
          0,          3,    5,         -5.46,          3.30,       1.51,      15.14,     49.95,          2.31
          0,          3,    6,         -4.95,          3.30,       1.57,      15.66,     51.66,          2.28
          0,          3,    7,         -4.58,          3.30,       1.61,      16.14,     53.27,          2.23
          0,          4,    1,         -6.99,          3.30,       1.36,      13.64,     45.02,          4.08
          0,          4,    2,         -5.77,          3.30,       1.46,      14.56,     48.06,          3.33
          0,          4,    3,         -4.91,          3.30,       1.53,      15.35,     50.64,          3.07
          0,          4,    4,         -4.29,          3.30,       1.60,      16.01,     52.82,          2.93
          0,          4,    5,         -3.78,          3.30,       1.66,      16.61,     54.82,          2.85
          0,          4,    6,         -3.37,          3.30,       1.72,      17.17,     56.66,          2.78
          0,          4,    7,         -3.03,          3.30,       1.77,      17.65,     58.25,          2.74
          0,          5,    1,         -4.76,          3.30,       1.53,      15.33,     50.57,          5.13
          0,          5,    2,         -3.68,          3.30,       1.64,      16.38,     54.04,          4.30
          0,          5,    3,         -2.95,          3.30,       1.72,      17.25,     56.92,          3.94
          0,          5,    4,         -2.42,          3.30,       1.80,      18.03,     59.48,          3.71
          0,          5,    5,         -2.02,          3.30,       1.86,      18.63,     61.47,          3.61
          0,          5,    6,         -1.71,          3.30,       1.92,      19.22,     63.40,          3.49
          0,          5,    7,         -1.45,          3.30,       1.98,      19.76,     65.19,          3.39
          0,          6,    1,         -3.28,          3.30,       1.68,      16.78,     55.36,          7.22
          0,          6,    2,         -2.26,          3.30,       1.80,      18.02,     59.44,          5.61
          0,          6,    3,         -1.64,          3.30,       1.89,      18.93,     62.47,          5.03
          0,          6,    4,         -1.21,          3.30,       1.97,      19.74,     65.11,          4.66
          0,          6,    5,         -0.87,          3.30,       2.03,      20.36,     67.15,          4.48
          0,          6,    6,         -0.60,          3.30,       2.10,      20.97,     69.18,          4.29
          0,          6,    7,         -0.36,          3.30,       2.16,      21.56,     71.13,          4.13
          0,          7,    1,         -2.06,          3.30,       1.84,      18.39,     60.68,          7.81
          0,          7,    2,         -1.12,          3.30,       1.98,      19.81,     65.35,          6.11
          0,          7,    3,         -0.50,          3.30,       2.08,      20.80,     68.62,          5.60
          0,          7,    4,         -0.09,          3.30,       2.17,      21.67,     71.48,          5.22
          0,          7,    5,          0.20,          3.30,       2.24,      22.39,     73.85,          4.95
          0,          7,    6,          0.42,          3.30,       2.31,      23.07,     76.07,          4.72
          0,          7,    7,          0.60,          3.30,       2.37,      23.65,     78.01,          4.54
          1,          1,    1,        -14.12,          3.30,       0.97,       9.70,     32.01,          1.53
          1,          1,    2,        -12.49,          3.30,       1.02,      10.23,     33.76,          1.31
          1,          1,    3,        -11.16,          3.30,       1.08,      10.80,     35.65,          1.24
          1,          1,    4,        -10.22,          3.30,       1.13,      11.35,     37.46,          1.19
          1,          1,    5,         -9.39,          3.30,       1.18,      11.82,     39.01,          1.21
          1,          1,    6,         -8.66,          3.30,       1.22,      12.25,     40.43,          1.24
          1,          1,    7,         -8.15,          3.30,       1.27,      12.68,     41.84,          1.24
          1,          2,    1,        -11.64,          3.30,       1.04,      10.43,     34.40,          3.31
          1,          2,    2,        -10.13,          3.30,       1.11,      11.11,     36.68,          2.23
          1,          2,    3,         -8.91,          3.30,       1.18,      11.73,     38.71,          2.01
          1,          2,    4,         -7.98,          3.30,       1.23,      12.31,     40.62,          1.92
          1,          2,    5,         -7.29,          3.30,       1.29,      12.90,     42.58,          1.82
          1,          2,    6,         -6.63,          3.30,       1.34,      13.37,     44.11,          1.84
          1,          2,    7,         -6.13,          3.30,       1.39,      13.89,     45.81,          1.81
          1,          3,    1,         -8.67,          3.30,       1.17,      11.69,     38.56,          3.65
          1,          3,    2,         -7.37,          3.30,       1.24,      12.45,     41.07,          2.94
          1,          3,    3,         -6.32,          3.30,       1.32,      13.20,     43.56,          2.68
          1,          3,    4,         -5.55,          3.30,       1.38,      13.83,     45.65,          2.58
          1,          3,    5,         -5.02,          3.30,       1.45,      14.49,     47.81,          2.43
          1,          3,    6,         -4.50,          3.30,       1.50,      14.99,     49.46,          2.43
          1,          3,    7,         -4.12,          3.30,       1.55,      15.52,     51.20,          2.37
          1,          4,    1,         -6.49,          3.30,       1.29,      12.93,     42.67,          4.49
          1,          4,    2,         -5.30,          3.30,       1.38,      13.85,     45.70,          3.67
          1,          4,    3,         -4.46,          3.30,       1.47,      14.72,     48.56,          3.29
          1,          4,    4,         -3.81,          3.30,       1.54,      15.39,     50.77,          3.18
          1,          4,    5,         -3.30,          3.30,       1.60,      16.01,     52.83,          3.08
          1,          4,    6,         -2.89,          3.30,       1.66,      16.62,     54.83,          3.00
          1,          4,    7,         -2.55,          3.30,       1.71,      17.14,     56.55,          2.94
          1,          5,    1,         -4.30,          3.30,       1.47,      14.73,     48.60,          5.41
          1,          5,    2,         -3.17,          3.30,       1.58,      15.84,     52.28,          4.57
          1,          5,    3,         -2.45,          3.30,       1.67,      16.75,     55.25,          4.21
          1,          5,    4,         -1.93,          3.30,       1.75,      17.49,     57.70,          4.02
          1,          5,    5,         -1.55,          3.30,       1.82,      18.20,     60.05,          3.82
          1,          5,    6,         -1.22,          3.30,       1.88,      18.78,     61.97,          3.73
          1,          5,    7,         -0.96,          3.30,       1.93,      19.32,     63.73,          3.65
          1,          6,    1,         -2.78,          3.30,       1.63,      16.31,     53.84,          7.45
          1,          6,    2,         -1.80,          3.30,       1.75,      17.54,     57.87,          5.95
          1,          6,    3,         -1.18,          3.30,       1.85,      18.53,     61.12,          5.31
          1,          6,    4,         -0.72,          3.30,       1.93,      19.35,     63.84,          4.96
          1,          6,    5,         -0.37,          3.30,       2.00,      20.05,     66.15,          4.74
          1,          6,    6,         -0.11,          3.30,       2.06,      20.62,     68.00,          4.59
          1,          6,    7,          0.11,          3.30,       2.12,      21.24,     70.07,          4.40
          1,          7,    1,         -1.59,          3.30,       1.80,      17.99,     59.34,          8.22
          1,          7,    2,         -0.62,          3.30,       1.94,      19.41,     64.05,          6.60
          1,          7,    3,         -0.01,          3.30,       2.06,      20.51,     67.66,          5.95
          1,          7,    4,          0.41,          3.30,       2.14,      21.44,     70.73,          5.54
          1,          7,    5,          0.69,          3.30,       2.22,      22.17,     73.14,          5.27
          1,          7,    6,          0.91,          3.30,       2.29,      22.86,     75.39,          5.04
          1,          7,    7,          1.10,          3.30,       2.35,      23.47,     77.40,          4.85
          2,          1,    1,        -13.74,          3.30,       0.98,       9.78,     32.27,          1.62
          2,          1,    2,        -12.12,          3.30,       1.03,      10.34,     34.11,          1.38
          2,          1,    3,        -10.77,          3.30,       1.09,      10.96,     36.17,          1.29
          2,          1,    4,         -9.78,          3.30,       1.15,      11.45,     37.80,          1.29
          2,          1,    5,         -9.00,          3.30,       1.20,      11.95,     39.44,          1.29
          2,          1,    6,         -8.35,          3.30,       1.24,      12.43,     41.03,          1.29
          2,          1,    7,         -7.72,          3.30,       1.29,      12.91,     42.58,          1.31
          2,          2,    1,        -11.24,          3.30,       1.06,      10.55,     34.81,          3.46
          2,          2,    2,         -9.76,          3.30,       1.13,      11.27,     37.19,          2.32
          2,          2,    3,         -8.50,          3.30,       1.20,      11.96,     39.47,          2.07
          2,          2,    4,         -7.55,          3.30,       1.25,      12.53,     41.34,          2.02
          2,          2,    5,         -6.79,          3.30,       1.31,      13.12,     43.31,          1.96
          2,          2,    6,         -6.22,          3.30,       1.36,      13.65,     45.03,          1.93
          2,          2,    7,         -5.71,          3.30,       1.41,      14.08,     46.46,          1.94
          2,          3,    1,         -8.26,          3.30,       1.19,      11.87,     39.16,          3.83
          2,          3,    2,         -6.88,          3.30,       1.27,      12.69,     41.87,          3.10
          2,          3,    3,         -5.86,          3.30,       1.35,      13.51,     44.57,          2.79
          2,          3,    4,         -5.14,          3.30,       1.41,      14.14,     46.67,          2.69
          2,          3,    5,         -4.54,          3.30,       1.48,      14.78,     48.75,          2.61
          2,          3,    6,         -4.09,          3.30,       1.53,      15.32,     50.54,          2.56
          2,          3,    7,         -3.69,          3.30,       1.58,      15.83,     52.24,          2.52
          2,          4,    1,         -6.04,          3.30,       1.32,      13.20,     43.55,          4.72
          2,          4,    2,         -4.89,          3.30,       1.41,      14.14,     46.67,          3.87
          2,          4,    3,         -4.03,          3.30,       1.50,      15.01,     49.54,          3.51
          2,          4,    4,         -3.36,          3.30,       1.58,      15.78,     52.07,          3.34
          2,          4,    5,         -2.88,          3.30,       1.64,      16.44,     54.25,          3.23
          2,          4,    6,         -2.47,          3.30,       1.70,      17.01,     56.11,          3.17
          2,          4,    7,         -2.12,          3.30,       1.76,      17.54,     57.88,          3.13
          2,          5,    1,         -3.85,          3.30,       1.51,      15.10,     49.83,          5.59
          2,          5,    2,         -2.74,          3.30,       1.62,      16.22,     53.53,          4.81
          2,          5,    3,         -1.98,          3.30,       1.72,      17.17,     56.65,          4.47
          2,          5,    4,         -1.48,          3.30,       1.80,      17.98,     59.31,          4.22
          2,          5,    5,         -1.09,          3.30,       1.87,      18.67,     61.59,          4.07
          2,          5,    6,         -0.79,          3.30,       1.93,      19.33,     63.76,          3.92
          2,          5,    7,         -0.52,          3.30,       1.99,      19.90,     65.66,          3.83
          2,          6,    1,         -2.33,          3.30,       1.67,      16.74,     55.25,          8.04
          2,          6,    2,         -1.35,          3.30,       1.81,      18.05,     59.55,          6.32
          2,          6,    3,         -0.71,          3.30,       1.90,      19.09,     62.99,          5.65
          2,          6,    4,         -0.26,          3.30,       1.99,      19.93,     65.74,          5.30
          2,          6,    5,          0.07,          3.30,       2.06,      20.60,     67.93,          5.09
          2,          6,    6,          0.33,          3.30,       2.13,      21.27,     70.15,          4.87
          2,          6,    7,          0.56,          3.30,       2.19,      21.87,     72.15,          4.70
          2,          7,    1,         -1.12,          3.30,       1.85,      18.50,     61.04,          8.78
          2,          7,    2,         -0.16,          3.30,       2.00,      20.05,     66.14,          6.93
          2,          7,    3,          0.44,          3.30,       2.12,      21.19,     69.92,          6.26
          2,          7,    4,          0.85,          3.30,       2.21,      22.10,     72.88,          5.89
          2,          7,    5,          1.13,          3.30,       2.29,      22.90,     75.53,          5.57
          2,          7,    6,          1.37,          3.30,       2.36,      23.59,     77.82,          5.36
          2,          7,    7,          1.57,          3.30,       2.43,      24.27,     80.05,          5.16
          3,          1,    1,        -13.27,          3.30,       0.99,       9.87,     32.59,          1.74
          3,          1,    2,        -11.65,          3.30,       1.05,      10.48,     34.57,          1.46
          3,          1,    3,        -10.35,          3.30,       1.11,      11.08,     36.58,          1.38
          3,          1,    4,         -9.32,          3.30,       1.17,      11.65,     38.44,          1.37
          3,          1,    5,         -8.49,          3.30,       1.21,      12.12,     40.00,          1.40
          3,          1,    6,         -7.84,          3.30,       1.26,      12.60,     41.59,          1.41
          3,          1,    7,         -7.26,          3.30,       1.31,      13.09,     43.20,          1.41
          3,          2,    1,        -10.80,          3.30,       1.07,      10.70,     35.30,          3.68
          3,          2,    2,         -9.24,          3.30,       1.14,      11.44,     37.77,          2.52
          3,          2,    3,         -8.05,          3.30,       1.21,      12.12,     39.98,          2.26
          3,          2,    4,         -7.09,          3.30,       1.28,      12.75,     42.07,          2.16
          3,          2,    5,         -6.36,          3.30,       1.34,      13.38,     44.15,          2.08
          3,          2,    6,         -5.72,          3.30,       1.39,      13.87,     45.77,          2.11
          3,          2,    7,         -5.23,          3.30,       1.44,      14.43,     47.62,          2.06
          3,          3,    1,         -7.79,          3.30,       1.21,      12.07,     39.84,          4.19
          3,          3,    2,         -6.43,          3.30,       1.30,      12.99,     42.87,          3.25
          3,          3,    3,         -5.39,          3.30,       1.38,      13.74,     45.34,          3.05
          3,          3,    4,         -4.65,          3.30,       1.45,      14.49,     47.80,          2.87
          3,          3,    5,         -4.07,          3.30,       1.51,      15.13,     49.93,          2.79
          3,          3,    6,         -3.59,          3.30,       1.57,      15.70,     51.81,          2.74
          3,          3,    7,         -3.20,          3.30,       1.62,      16.22,     53.53,          2.71
          3,          4,    1,         -5.57,          3.30,       1.35,      13.50,     44.54,          4.92
          3,          4,    2,         -4.43,          3.30,       1.45,      14.53,     47.95,          3.99
          3,          4,    3,         -3.52,          3.30,       1.54,      15.41,     50.85,          3.72
          3,          4,    4,         -2.87,          3.30,       1.62,      16.17,     53.36,          3.57
          3,          4,    5,         -2.38,          3.30,       1.69,      16.83,     55.52,          3.48
          3,          4,    6,         -1.97,          3.30,       1.75,      17.46,     57.62,          3.39
          3,          4,    7,         -1.65,          3.30,       1.81,      18.07,     59.62,          3.30
          3,          5,    1,         -3.36,          3.30,       1.55,      15.50,     51.13,          6.11
          3,          5,    2,         -2.26,          3.30,       1.67,      16.69,     55.07,          5.17
          3,          5,    3,         -1.51,          3.30,       1.77,      17.72,     58.47,          4.74
          3,          5,    4,         -1.00,          3.30,       1.85,      18.52,     61.10,          4.53
          3,          5,    5,         -0.59,          3.30,       1.93,      19.29,     63.65,          4.34
          3,          5,    6,         -0.27,          3.30,       1.99,      19.96,     65.84,          4.22
          3,          5,    7,         -0.01,          3.30,       2.05,      20.46,     67.48,          4.17
          3,          6,    1,         -1.83,          3.30,       1.73,      17.24,     56.87,          8.62
          3,          6,    2,         -0.83,          3.30,       1.86,      18.62,     61.42,          6.80
          3,          6,    3,         -0.19,          3.30,       1.97,      19.75,     65.15,          6.02
          3,          6,    4,          0.25,          3.30,       2.06,      20.53,     67.72,          5.73
          3,          6,    5,          0.57,          3.30,       2.13,      21.35,     70.41,          5.39
          3,          6,    6,          0.85,          3.30,       2.20,      21.98,     72.52,          5.23
          3,          6,    7,          1.06,          3.30,       2.27,      22.66,     74.72,          5.02
          3,          7,    1,         -0.62,          3.30,       1.92,      19.14,     63.13,          9.41
          3,          7,    2,          0.34,          3.30,       2.07,      20.70,     68.29,          7.52
          3,          7,    3,          0.96,          3.30,       2.20,      21.97,     72.45,          6.74
          3,          7,    4,          1.37,          3.30,       2.29,      22.89,     75.49,          6.36
          3,          7,    5,          1.64,          3.30,       2.38,      23.75,     78.31,          5.98
          3,          7,    6,          1.89,          3.30,       2.45,      24.46,     80.67,          5.77
          3,          7,    7,          2.07,          3.30,       2.52,      25.19,     83.08,          5.52
          4,          1,    1,        -12.87,          3.30,       1.00,      10.02,     33.05,          1.74
          4,          1,    2,        -11.24,          3.30,       1.06,      10.59,     34.96,          1.54
          4,          1,    3,         -9.89,          3.30,       1.13,      11.26,     37.17,          1.45
          4,          1,    4,         -8.88,          3.30,       1.18,      11.81,     38.97,          1.46
          4,          1,    5,         -8.09,          3.30,       1.23,      12.32,     40.64,          1.47
          4,          1,    6,         -7.39,          3.30,       1.28,      12.82,     42.30,          1.49
          4,          1,    7,         -6.83,          3.30,       1.33,      13.28,     43.83,          1.51
          4,          2,    1,        -10.35,          3.30,       1.08,      10.87,     35.85,          3.86
          4,          2,    2,         -8.83,          3.30,       1.16,      11.62,     38.35,          2.68
          4,          2,    3,         -7.60,          3.30,       1.23,      12.34,     40.72,          2.39
          4,          2,    4,         -6.68,          3.30,       1.30,      13.01,     42.93,          2.27
          4,          2,    5,         -5.90,          3.30,       1.36,      13.60,     44.88,          2.25
          4,          2,    6,         -5.30,          3.30,       1.42,      14.15,     46.70,          2.23
          4,          2,    7,         -4.82,          3.30,       1.47,      14.73,     48.61,          2.18
          4,          3,    1,         -7.34,          3.30,       1.23,      12.28,     40.54,          4.54
          4,          3,    2,         -5.99,          3.30,       1.33,      13.23,     43.66,          3.51
          4,          3,    3,         -4.94,          3.30,       1.41,      14.06,     46.38,          3.24
          4,          3,    4,         -4.19,          3.30,       1.48,      14.81,     48.85,          3.08
          4,          3,    5,         -3.64,          3.30,       1.55,      15.48,     51.09,          2.96
          4,          3,    6,         -3.12,          3.30,       1.61,      16.08,     53.04,          2.95
          4,          3,    7,         -2.75,          3.30,       1.66,      16.63,     54.89,          2.88
          4,          4,    1,         -5.13,          3.30,       1.38,      13.79,     45.49,          5.32
          4,          4,    2,         -3.93,          3.30,       1.49,      14.89,     49.14,          4.29
          4,          4,    3,         -3.07,          3.30,       1.58,      15.78,     52.05,          4.00
          4,          4,    4,         -2.42,          3.30,       1.66,      16.58,     54.70,          3.82
          4,          4,    5,         -1.92,          3.30,       1.73,      17.31,     57.10,          3.70
          4,          4,    6,         -1.51,          3.30,       1.80,      17.98,     59.34,          3.60
          4,          4,    7,         -1.15,          3.30,       1.86,      18.60,     61.37,          3.54
          4,          5,    1,         -2.88,          3.30,       1.59,      15.92,     52.55,          6.46
          4,          5,    2,         -1.79,          3.30,       1.71,      17.16,     56.63,          5.49
          4,          5,    3,         -1.07,          3.30,       1.83,      18.25,     60.21,          5.00
          4,          5,    4,         -0.51,          3.30,       1.91,      19.11,     63.06,          4.80
          4,          5,    5,         -0.11,          3.30,       1.99,      19.88,     65.58,          4.64
          4,          5,    6,          0.21,          3.30,       2.05,      20.49,     67.59,          4.56
          4,          5,    7,          0.45,          3.30,       2.11,      21.11,     69.65,          4.42
          4,          6,    1,         -1.38,          3.30,       1.78,      17.77,     58.64,          9.10
          4,          6,    2,         -0.36,          3.30,       1.92,      19.24,     63.48,          7.17
          4,          6,    3,          0.27,          3.30,       2.03,      20.32,     67.05,          6.49
          4,          6,    4,          0.71,          3.30,       2.13,      21.27,     70.15,          6.04
          4,          6,    5,          1.05,          3.30,       2.21,      22.05,     72.74,          5.76
          4,          6,    6,          1.32,          3.30,       2.28,      22.74,     75.02,          5.56
          4,          6,    7,          1.53,          3.30,       2.34,      23.43,     77.28,          5.34
          4,          7,    1,         -0.14,          3.30,       1.98,      19.80,     65.32,          9.81
          4,          7,    2,          0.82,          3.30,       2.15,      21.47,     70.81,          7.86
          4,          7,    3,          1.44,          3.30,       2.27,      22.73,     74.96,          7.13
          4,          7,    4,          1.84,          3.30,       2.37,      23.70,     78.16,          6.72
          4,          7,    5,          2.14,          3.30,       2.46,      24.62,     81.19,          6.35
          4,          7,    6,          2.38,          3.30,       2.54,      25.39,     83.72,          6.12
          4,          7,    7,          2.57,          3.30,       2.61,      26.10,     86.08,          5.89
          5,          1,    1,        -12.53,          3.30,       1.01,      10.10,     33.33,          1.85
          5,          1,    2,        -10.86,          3.30,       1.07,      10.73,     35.42,          1.60
          5,          1,    3,         -9.52,          3.30,       1.14,      11.41,     37.64,          1.53
          5,          1,    4,         -8.47,          3.30,       1.20,      11.98,     39.52,          1.55
          5,          1,    5,         -7.70,          3.30,       1.25,      12.49,     41.22,          1.55
          5,          1,    6,         -7.00,          3.30,       1.30,      13.03,     42.99,          1.57
          5,          1,    7,         -6.44,          3.30,       1.35,      13.46,     44.40,          1.61
          5,          2,    1,         -9.98,          3.30,       1.10,      10.98,     36.25,          3.94
          5,          2,    2,         -8.43,          3.30,       1.18,      11.78,     38.88,          2.77
          5,          2,    3,         -7.20,          3.30,       1.25,      12.55,     41.40,          2.48
          5,          2,    4,         -6.23,          3.30,       1.32,      13.21,     43.58,          2.41
          5,          2,    5,         -5.51,          3.30,       1.38,      13.79,     45.51,          2.38
          5,          2,    6,         -4.93,          3.30,       1.44,      14.41,     47.55,          2.32
          5,          2,    7,         -4.40,          3.30,       1.50,      14.97,     49.42,          2.31
          5,          3,    1,         -6.89,          3.30,       1.25,      12.49,     41.23,          4.92
          5,          3,    2,         -5.55,          3.30,       1.35,      13.53,     44.64,          3.68
          5,          3,    3,         -4.54,          3.30,       1.43,      14.33,     47.30,          3.44
          5,          3,    4,         -3.83,          3.30,       1.51,      15.11,     49.85,          3.24
          5,          3,    5,         -3.21,          3.30,       1.58,      15.76,     52.00,          3.20
          5,          3,    6,         -2.72,          3.30,       1.64,      16.41,     54.15,          3.13
          5,          3,    7,         -2.32,          3.30,       1.69,      16.95,     55.94,          3.11
          5,          4,    1,         -4.75,          3.30,       1.41,      14.07,     46.43,          5.55
          5,          4,    2,         -3.54,          3.30,       1.52,      15.22,     50.22,          4.51
          5,          4,    3,         -2.68,          3.30,       1.62,      16.15,     53.30,          4.18
          5,          4,    4,         -2.02,          3.30,       1.69,      16.95,     55.91,          4.04
          5,          4,    5,         -1.53,          3.30,       1.77,      17.71,     58.44,          3.90
          5,          4,    6,         -1.09,          3.30,       1.84,      18.41,     60.73,          3.83
          5,          4,    7,         -0.77,          3.30,       1.90,      19.01,     62.71,          3.76
          5,          5,    1,         -2.46,          3.30,       1.63,      16.29,     53.74,          6.84
          5,          5,    2,         -1.38,          3.30,       1.76,      17.59,     58.03,          5.78
          5,          5,    3,         -0.64,          3.30,       1.88,      18.75,     61.84,          5.26
          5,          5,    4,         -0.08,          3.30,       1.96,      19.62,     64.72,          5.09
          5,          5,    5,          0.29,          3.30,       2.04,      20.39,     67.26,          4.90
          5,          5,    6,          0.60,          3.30,       2.11,      21.09,     69.56,          4.77
          5,          5,    7,          0.85,          3.30,       2.17,      21.70,     71.57,          4.66
          5,          6,    1,         -0.95,          3.30,       1.83,      18.32,     60.44,          9.32
          5,          6,    2,          0.04,          3.30,       1.98,      19.79,     65.30,          7.49
          5,          6,    3,          0.69,          3.30,       2.09,      20.94,     69.07,          6.80
          5,          6,    4,          1.13,          3.30,       2.19,      21.86,     72.10,          6.40
          5,          6,    5,          1.47,          3.30,       2.27,      22.70,     74.88,          6.08
          5,          6,    6,          1.74,          3.30,       2.34,      23.43,     77.26,          5.87
          5,          6,    7,          1.98,          3.30,       2.41,      24.10,     79.48,          5.70
          5,          7,    1,          0.26,          3.30,       2.03,      20.34,     67.09,         10.34
          5,          7,    2,          1.25,          3.30,       2.21,      22.08,     72.85,          8.32
          5,          7,    3,          1.85,          3.30,       2.35,      23.48,     77.43,          7.43
          5,          7,    4,          2.28,          3.30,       2.45,      24.49,     80.76,          7.06
          5,          7,    5,          2.57,          3.30,       2.54,      25.42,     83.81,          6.70
          5,          7,    6,          2.78,          3.30,       2.62,      26.20,     86.39,          6.42
          5,          7,    7,          2.97,          3.30,       2.69,      26.95,     88.84,          6.19
          6,          1,    1,        -12.09,          3.30,       1.03,      10.26,     33.86,          2.10
          6,          1,    2,        -10.43,          3.30,       1.10,      10.99,     36.27,          1.69
          6,          1,    3,         -9.13,          3.30,       1.16,      11.61,     38.31,          1.65
          6,          1,    4,         -8.04,          3.30,       1.22,      12.23,     40.36,          1.66
          6,          1,    5,         -7.21,          3.30,       1.28,      12.82,     42.32,          1.67
          6,          1,    6,         -6.57,          3.30,       1.34,      13.34,     44.01,          1.68
          6,          1,    7,         -5.98,          3.30,       1.38,      13.81,     45.56,          1.72
          6,          2,    1,         -9.52,          3.30,       1.13,      11.27,     37.19,          4.07
          6,          2,    2,         -7.95,          3.30,       1.21,      12.07,     39.83,          2.98
          6,          2,    3,         -6.74,          3.30,       1.29,      12.88,     42.51,          2.63
          6,          2,    4,         -5.77,          3.30,       1.35,      13.52,     44.60,          2.61
          6,          2,    5,         -5.06,          3.30,       1.42,      14.21,     46.90,          2.50
          6,          2,    6,         -4.50,          3.30,       1.48,      14.80,     48.82,          2.47
          6,          2,    7,         -3.96,          3.30,       1.54,      15.41,     50.84,          2.45
          6,          3,    1,         -6.43,          3.30,       1.29,      12.88,     42.50,          4.99
          6,          3,    2,         -5.10,          3.30,       1.38,      13.82,     45.61,          4.03
          6,          3,    3,         -4.09,          3.30,       1.47,      14.75,     48.67,          3.63
          6,          3,    4,         -3.36,          3.30,       1.55,      15.57,     51.36,          3.44
          6,          3,    5,         -2.74,          3.30,       1.63,      16.28,     53.71,          3.38
          6,          3,    6,         -2.25,          3.30,       1.69,      16.85,     55.60,          3.37
          6,          3,    7,         -1.89,          3.30,       1.74,      17.44,     57.54,          3.30
          6,          4,    1,         -4.28,          3.30,       1.45,      14.55,     48.01,          5.68
          6,          4,    2,         -3.06,          3.30,       1.57,      15.67,     51.71,          4.81
          6,          4,    3,         -2.20,          3.30,       1.67,      16.67,     54.99,          4.45
          6,          4,    4,         -1.55,          3.30,       1.75,      17.45,     57.57,          4.34
          6,          4,    5,         -1.04,          3.30,       1.84,      18.37,     60.59,          4.11
          6,          4,    6,         -0.63,          3.30,       1.91,      19.05,     62.87,          4.03
          6,          4,    7,         -0.30,          3.30,       1.97,      19.72,     65.06,          3.95
          6,          5,    1,         -2.01,          3.30,       1.68,      16.80,     55.46,          7.24
          6,          5,    2,         -0.91,          3.30,       1.83,      18.28,     60.31,          5.98
          6,          5,    3,         -0.15,          3.30,       1.94,      19.40,     64.00,          5.61
          6,          5,    4,          0.37,          3.30,       2.03,      20.29,     66.92,          5.40
          6,          5,    5,          0.77,          3.30,       2.11,      21.11,     69.63,          5.22
          6,          5,    6,          1.09,          3.30,       2.19,      21.88,     72.15,          5.06
          6,          5,    7,          1.36,          3.30,       2.25,      22.55,     74.37,          4.95
          6,          6,    1,         -0.46,          3.30,       1.89,      18.94,     62.49,         10.22
          6,          6,    2,          0.52,          3.30,       2.05,      20.51,     67.64,          8.08
          6,          6,    3,          1.17,          3.30,       2.18,      21.70,     71.58,          7.32
          6,          6,    4,          1.63,          3.30,       2.27,      22.75,     75.04,          6.82
          6,          6,    5,          1.97,          3.30,       2.36,      23.56,     77.71,          6.55
          6,          6,    6,          2.25,          3.30,       2.43,      24.32,     80.21,          6.32
          6,          6,    7,          2.46,          3.30,       2.51,      25.09,     82.74,          6.06
          6,          7,    1,          0.74,          3.30,       2.11,      21.13,     69.71,         11.09
          6,          7,    2,          1.75,          3.30,       2.30,      22.97,     75.77,          8.92
          6,          7,    3,          2.36,          3.30,       2.44,      24.37,     80.38,          8.06
          6,          7,    4,          2.77,          3.30,       2.55,      25.56,     84.28,          7.48
          6,          7,    5,          3.07,          3.30,       2.65,      26.53,     87.47,          7.12
          6,          7,    6,          3.29,          3.30,       2.73,      27.32,     90.08,          6.87
          6,          7,    7,          3.47,          3.30,       2.81,      28.12,     92.73,          6.59
          7,          1,    1,        -11.65,          3.30,       1.04,      10.41,     34.35,          2.24
          7,          1,    2,         -9.99,          3.30,       1.11,      11.10,     36.62,          1.89
          7,          1,    3,         -8.67,          3.30,       1.18,      11.77,     38.85,          1.80
          7,          1,    4,         -7.62,          3.30,       1.24,      12.43,     40.99,          1.79
          7,          1,    5,         -6.84,          3.30,       1.30,      13.01,     42.95,          1.78
          7,          1,    6,         -6.12,          3.30,       1.35,      13.51,     44.56,          1.84
          7,          1,    7,         -5.58,          3.30,       1.41,      14.06,     46.39,          1.83
          7,          2,    1,         -9.06,          3.30,       1.14,      11.43,     37.73,          4.38
          7,          2,    2,         -7.55,          3.30,       1.22,      12.28,     40.52,          3.12
          7,          2,    3,         -6.28,          3.30,       1.31,      13.11,     43.26,          2.81
          7,          2,    4,         -5.40,          3.30,       1.38,      13.82,     45.58,          2.70
          7,          2,    5,         -4.64,          3.30,       1.45,      14.46,     47.71,          2.68
          7,          2,    6,         -4.04,          3.30,       1.51,      15.10,     49.82,          2.64
          7,          2,    7,         -3.53,          3.30,       1.57,      15.66,     51.67,          2.64
          7,          3,    1,         -6.03,          3.30,       1.31,      13.09,     43.19,          5.53
          7,          3,    2,         -4.68,          3.30,       1.41,      14.12,     46.60,          4.30
          7,          3,    3,         -3.63,          3.30,       1.51,      15.13,     49.91,          3.86
          7,          3,    4,         -2.90,          3.30,       1.59,      15.93,     52.56,          3.70
          7,          3,    5,         -2.32,          3.30,       1.67,      16.66,     54.96,          3.60
          7,          3,    6,         -1.81,          3.30,       1.73,      17.26,     56.95,          3.60
          7,          3,    7,         -1.43,          3.30,       1.80,      17.96,     59.25,          3.50
          7,          4,    1,         -3.81,          3.30,       1.48,      14.83,     48.94,          6.38
          7,          4,    2,         -2.63,          3.30,       1.61,      16.07,     53.02,          5.15
          7,          4,    3,         -1.75,          3.30,       1.71,      17.06,     56.28,          4.83
          7,          4,    4,         -1.11,          3.30,       1.80,      18.06,     59.58,          4.52
          7,          4,    5,         -0.60,          3.30,       1.88,      18.81,     62.04,          4.43
          7,          4,    6,         -0.18,          3.30,       1.96,      19.58,     64.61,          4.32
          7,          4,    7,          0.17,          3.30,       2.02,      20.20,     66.63,          4.30
          7,          5,    1,         -1.56,          3.30,       1.73,      17.30,     57.07,          7.74
          7,          5,    2,         -0.45,          3.30,       1.87,      18.75,     61.86,          6.53
          7,          5,    3,          0.30,          3.30,       2.00,      20.02,     66.06,          5.95
          7,          5,    4,          0.81,          3.30,       2.10,      20.97,     69.18,          5.70
          7,          5,    5,          1.23,          3.30,       2.18,      21.81,     71.93,          5.56
          7,          5,    6,          1.54,          3.30,       2.25,      22.51,     74.23,          5.45
          7,          5,    7,          1.80,          3.30,       2.32,      23.23,     76.62,          5.30
          7,          6,    1,         -0.03,          3.30,       1.96,      19.57,     64.58,         10.39
          7,          6,    2,          0.97,          3.30,       2.12,      21.17,     69.85,          8.42
          7,          6,    3,          1.63,          3.30,       2.25,      22.46,     74.07,          7.63
          7,          6,    4,          2.08,          3.30,       2.35,      23.53,     77.60,          7.15
          7,          6,    5,          2.42,          3.30,       2.44,      24.40,     80.46,          6.87
          7,          6,    6,          2.71,          3.30,       2.52,      25.20,     83.11,          6.65
          7,          6,    7,          2.93,          3.30,       2.59,      25.95,     85.55,          6.43
          7,          7,    1,          1.22,          3.30,       2.18,      21.83,     72.00,         11.70
          7,          7,    2,          2.21,          3.30,       2.38,      23.75,     78.34,          9.42
          7,          7,    3,          2.83,          3.30,       2.53,      25.30,     83.44,          8.42
          7,          7,    4,          3.23,          3.30,       2.65,      26.51,     87.39,          7.87
          7,          7,    5,          3.52,          3.30,       2.75,      27.47,     90.57,          7.53
          7,          7,    6,          3.76,          3.30,       2.83,      28.32,     93.36,          7.27
          7,          7,    7,          3.94,          3.30,       2.92,      29.14,     96.09,          7.00
          8,          1,    1,        -11.17,          3.30,       1.05,      10.49,     34.62,          2.54
          8,          1,    2,         -9.52,          3.30,       1.13,      11.27,     37.20,          2.00
          8,          1,    3,         -8.20,          3.30,       1.20,      11.97,     39.52,          1.91
          8,          1,    4,         -7.15,          3.30,       1.27,      12.66,     41.77,          1.90
          8,          1,    5,         -6.36,          3.30,       1.32,      13.26,     43.74,          1.91
          8,          1,    6,         -5.65,          3.30,       1.38,      13.82,     45.59,          1.95
          8,          1,    7,         -5.11,          3.30,       1.43,      14.29,     47.16,          1.98
          8,          2,    1,         -8.65,          3.30,       1.16,      11.57,     38.18,          4.98
          8,          2,    2,         -7.09,          3.30,       1.25,      12.46,     41.14,          3.43
          8,          2,    3,         -5.87,          3.30,       1.33,      13.32,     43.94,          3.04
          8,          2,    4,         -4.93,          3.30,       1.41,      14.11,     46.55,          2.89
          8,          2,    5,         -4.17,          3.30,       1.49,      14.84,     48.98,          2.83
          8,          2,    6,         -3.57,          3.30,       1.54,      15.43,     50.90,          2.84
          8,          2,    7,         -3.06,          3.30,       1.61,      16.05,     52.97,          2.82
          8,          3,    1,         -5.57,          3.30,       1.34,      13.37,     44.12,          5.75
          8,          3,    2,         -4.22,          3.30,       1.45,      14.50,     47.85,          4.43
          8,          3,    3,         -3.18,          3.30,       1.55,      15.50,     51.12,          4.06
          8,          3,    4,         -2.43,          3.30,       1.64,      16.37,     54.00,          3.89
          8,          3,    5,         -1.85,          3.30,       1.70,      17.03,     56.20,          3.87
          8,          3,    6,         -1.35,          3.30,       1.78,      17.81,     58.74,          3.77
          8,          3,    7,         -0.96,          3.30,       1.85,      18.46,     60.91,          3.71
          8,          4,    1,         -3.38,          3.30,       1.52,      15.22,     50.20,          6.70
          8,          4,    2,         -2.15,          3.30,       1.65,      16.52,     54.50,          5.47
          8,          4,    3,         -1.26,          3.30,       1.76,      17.56,     57.92,          5.13
          8,          4,    4,         -0.62,          3.30,       1.86,      18.53,     61.14,          4.87
          8,          4,    5,         -0.13,          3.30,       1.94,      19.40,     64.01,          4.70
          8,          4,    6,          0.29,          3.30,       2.01,      20.12,     66.35,          4.64
          8,          4,    7,          0.65,          3.30,       2.09,      20.83,     68.70,          4.58
          8,          5,    1,         -1.07,          3.30,       1.78,      17.85,     58.88,          8.01
          8,          5,    2,          0.02,          3.30,       1.94,      19.39,     63.99,          6.76
          8,          5,    3,          0.78,          3.30,       2.06,      20.61,     67.98,          6.35
          8,          5,    4,          1.31,          3.30,       2.16,      21.63,     71.34,          6.09
          8,          5,    5,          1.71,          3.30,       2.25,      22.53,     74.30,          5.90
          8,          5,    6,          2.04,          3.30,       2.34,      23.33,     76.96,          5.75
          8,          5,    7,          2.29,          3.30,       2.41,      24.07,     79.38,          5.61
          8,          6,    1,          0.46,          3.30,       2.02,      20.17,     66.56,         11.23
          8,          6,    2,          1.46,          3.30,       2.19,      21.94,     72.34,          8.92
          8,          6,    3,          2.13,          3.30,       2.33,      23.25,     76.68,          8.16
          8,          6,    4,          2.58,          3.30,       2.43,      24.31,     80.17,          7.70
          8,          6,    5,          2.92,          3.30,       2.54,      25.36,     83.62,          7.27
          8,          6,    6,          3.18,          3.30,       2.61,      26.17,     86.30,          7.02
          8,          6,    7,          3.41,          3.30,       2.70,      26.97,     88.93,          6.79
          8,          7,    1,          1.71,          3.30,       2.26,      22.63,     74.65,         12.45
          8,          7,    2,          2.69,          3.30,       2.47,      24.73,     81.56,          9.89
          8,          7,    3,          3.31,          3.30,       2.63,      26.33,     86.82,          8.90
          8,          7,    4,          3.72,          3.30,       2.75,      27.51,     90.71,          8.43
          8,          7,    5,          4.02,          3.30,       2.86,      28.58,     94.25,          8.01
          8,          7,    6,          4.24,          3.30,       2.94,      29.42,     96.98,          7.76
          8,          7,    7,          4.44,          3.30,       3.03,      30.24,     99.70,          7.52
          9,          1,    1,        -10.84,          3.30,       1.06,      10.62,     35.05,          2.53
          9,          1,    2,         -9.08,          3.30,       1.14,      11.43,     37.70,          2.09
          9,          1,    3,         -7.79,          3.30,       1.22,      12.16,     40.12,          2.00
          9,          1,    4,         -6.72,          3.30,       1.29,      12.86,     42.43,          2.00
          9,          1,    5,         -5.92,          3.30,       1.35,      13.47,     44.45,          2.02
          9,          1,    6,         -5.23,          3.30,       1.41,      14.05,     46.38,          2.06
          9,          1,    7,         -4.70,          3.30,       1.46,      14.64,     48.30,          2.05
          9,          2,    1,         -8.22,          3.30,       1.18,      11.81,     38.96,          4.79
          9,          2,    2,         -6.64,          3.30,       1.27,      12.74,     42.03,          3.48
          9,          2,    3,         -5.40,          3.30,       1.36,      13.59,     44.85,          3.19
          9,          2,    4,         -4.49,          3.30,       1.44,      14.39,     47.49,          3.05
          9,          2,    5,         -3.77,          3.30,       1.51,      15.08,     49.77,          3.01
          9,          2,    6,         -3.13,          3.30,       1.58,      15.81,     52.16,          2.97
          9,          2,    7,         -2.62,          3.30,       1.64,      16.43,     54.19,          2.98
          9,          3,    1,         -5.11,          3.30,       1.36,      13.64,     45.02,          6.08
          9,          3,    2,         -3.78,          3.30,       1.48,      14.83,     48.95,          4.66
          9,          3,    3,         -2.74,          3.30,       1.58,      15.84,     52.27,          4.32
          9,          3,    4,         -1.97,          3.30,       1.67,      16.73,     55.22,          4.16
          9,          3,    5,         -1.39,          3.30,       1.75,      17.45,     57.57,          4.12
          9,          3,    6,         -0.89,          3.30,       1.83,      18.29,     60.35,          4.00
          9,          3,    7,         -0.50,          3.30,       1.89,      18.91,     62.37,          3.97
          9,          4,    1,         -2.91,          3.30,       1.56,      15.64,     51.61,          6.86
          9,          4,    2,         -1.72,          3.30,       1.69,      16.89,     55.73,          5.81
          9,          4,    3,         -0.84,          3.30,       1.81,      18.13,     59.82,          5.26
          9,          4,    4,         -0.16,          3.30,       1.91,      19.10,     63.01,          5.11
          9,          4,    5,          0.34,          3.30,       2.00,      20.02,     66.04,          4.94
          9,          4,    6,          0.77,          3.30,       2.07,      20.72,     68.34,          4.93
          9,          4,    7,          1.07,          3.30,       2.15,      21.47,     70.81,          4.80
          9,          5,    1,         -0.63,          3.30,       1.84,      18.39,     60.67,          8.53
          9,          5,    2,          0.47,          3.30,       2.00,      19.97,     65.86,          7.26
          9,          5,    3,          1.24,          3.30,       2.13,      21.32,     70.34,          6.71
          9,          5,    4,          1.78,          3.30,       2.24,      22.37,     73.77,          6.48
          9,          5,    5,          2.17,          3.30,       2.33,      23.30,     76.86,          6.25
          9,          5,    6,          2.50,          3.30,       2.41,      24.07,     79.38,          6.16
          9,          5,    7,          2.76,          3.30,       2.49,      24.87,     82.03,          6.00
          9,          6,    1,          0.91,          3.30,       2.08,      20.78,     68.55,         11.98
          9,          6,    2,          1.94,          3.30,       2.26,      22.61,     74.56,          9.60
          9,          6,    3,          2.59,          3.30,       2.41,      24.09,     79.46,          8.57
          9,          6,    4,          3.05,          3.30,       2.52,      25.21,     83.14,          8.12
          9,          6,    5,          3.39,          3.30,       2.63,      26.27,     86.63,          7.69
          9,          6,    6,          3.66,          3.30,       2.71,      27.07,     89.27,          7.49
          9,          6,    7,          3.88,          3.30,       2.79,      27.90,     92.01,          7.24
          9,          7,    1,          2.17,          3.30,       2.34,      23.43,     77.28,         13.04
          9,          7,    2,          3.17,          3.30,       2.56,      25.58,     84.35,         10.52
          9,          7,    3,          3.79,          3.30,       2.73,      27.28,     89.95,          9.46
          9,          7,    4,          4.19,          3.30,       2.85,      28.53,     94.05,          8.92
          9,          7,    5,          4.49,          3.30,       2.97,      29.67,     97.81,          8.47
          9,          7,    6,          4.72,          3.30,       3.05,      30.52,    100.63,          8.24
          9,          7,    7,          4.91,          3.30,       3.15,      31.50,    103.83,          7.90
         10,          1,    1,        -10.36,          3.30,       1.08,      10.80,     35.62,          2.67
         10,          1,    2,         -8.71,          3.30,       1.16,      11.63,     38.38,          2.17
         10,          1,    3,         -7.33,          3.30,       1.24,      12.39,     40.87,          2.13
         10,          1,    4,         -6.26,          3.30,       1.31,      13.11,     43.25,          2.14
         10,          1,    5,         -5.45,          3.30,       1.37,      13.73,     45.30,          2.17
         10,          1,    6,         -4.81,          3.30,       1.43,      14.28,     47.11,          2.21
         10,          1,    7,         -4.23,          3.30,       1.49,      14.94,     49.32,          2.20
         10,          2,    1,         -7.81,          3.30,       1.19,      11.93,     39.38,          5.87
         10,          2,    2,         -6.20,          3.30,       1.30,      12.96,     42.77,          3.86
         10,          2,    3,         -4.99,          3.30,       1.38,      13.83,     45.63,          3.49
         10,          2,    4,         -4.04,          3.30,       1.48,      14.72,     48.56,          3.29
         10,          2,    5,         -3.29,          3.30,       1.55,      15.48,     51.07,          3.23
         10,          2,    6,         -2.67,          3.30,       1.62,      16.17,     53.36,          3.22
         10,          2,    7,         -2.14,          3.30,       1.68,      16.79,     55.37,          3.24
         10,          3,    1,         -4.69,          3.30,       1.39,      13.94,     45.98,          6.45
         10,          3,    2,         -3.33,          3.30,       1.52,      15.21,     50.18,          4.90
         10,          3,    3,         -2.26,          3.30,       1.63,      16.28,     53.72,          4.56
         10,          3,    4,         -1.52,          3.30,       1.71,      17.14,     56.55,          4.45
         10,          3,    5,         -0.92,          3.30,       1.80,      18.00,     59.38,          4.33
         10,          3,    6,         -0.45,          3.30,       1.88,      18.74,     61.83,          4.27
         10,          3,    7,         -0.05,          3.30,       1.94,      19.44,     64.13,          4.22
         10,          4,    1,         -2.44,          3.30,       1.60,      15.98,     52.71,          7.48
         10,          4,    2,         -1.23,          3.30,       1.74,      17.34,     57.21,          6.21
         10,          4,    3,         -0.36,          3.30,       1.87,      18.67,     61.58,          5.58
         10,          4,    4,          0.31,          3.30,       1.97,      19.70,     64.99,          5.39
         10,          4,    5,          0.81,          3.30,       2.06,      20.57,     67.85,          5.29
         10,          4,    6,          1.21,          3.30,       2.14,      21.41,     70.63,          5.17
         10,          4,    7,          1.55,          3.30,       2.21,      22.10,     72.89,          5.14
         10,          5,    1,         -0.19,          3.30,       1.89,      18.89,     62.30,          9.01
         10,          5,    2,          0.94,          3.30,       2.06,      20.63,     68.05,          7.57
         10,          5,    3,          1.72,          3.30,       2.20,      21.99,     72.55,          7.11
         10,          5,    4,          2.25,          3.30,       2.32,      23.18,     76.43,          6.78
         10,          5,    5,          2.66,          3.30,       2.41,      24.07,     79.39,          6.65
         10,          5,    6,          2.98,          3.30,       2.50,      24.99,     82.41,          6.46
         10,          5,    7,          3.25,          3.30,       2.58,      25.81,     85.12,          6.32
         10,          6,    1,          1.36,          3.30,       2.16,      21.54,     71.07,         12.39
         10,          6,    2,          2.41,          3.30,       2.35,      23.49,     77.46,         10.00
         10,          6,    3,          3.06,          3.30,       2.50,      24.97,     82.36,          9.05
         10,          6,    4,          3.52,          3.30,       2.62,      26.22,     86.46,          8.50
         10,          6,    5,          3.86,          3.30,       2.72,      27.20,     89.68,          8.21
         10,          6,    6,          4.14,          3.30,       2.81,      28.13,     92.75,          7.93
         10,          6,    7,          4.36,          3.30,       2.90,      28.98,     95.56,          7.69
         10,          7,    1,          2.64,          3.30,       2.43,      24.27,     80.05,         13.84
         10,          7,    2,          3.64,          3.30,       2.66,      26.60,     87.70,         11.05
         10,          7,    3,          4.27,          3.30,       2.84,      28.36,     93.50,         10.00
         10,          7,    4,          4.67,          3.30,       2.97,      29.73,     98.00,          9.39
         10,          7,    5,          4.98,          3.30,       3.08,      30.84,    101.68,          9.02
         10,          7,    6,          5.21,          3.30,       3.19,      31.85,    104.98,          8.69
         10,          7,    7,          5.39,          3.30,       3.28,      32.76,    108.00,          8.39
         11,          1,    1,         -9.93,          3.30,       1.10,      10.98,     36.22,          2.74
         11,          1,    2,         -8.25,          3.30,       1.18,      11.77,     38.85,          2.36
         11,          1,    3,         -6.85,          3.30,       1.26,      12.56,     41.44,          2.31
         11,          1,    4,         -5.82,          3.30,       1.33,      13.36,     44.07,          2.26
         11,          1,    5,         -4.97,          3.30,       1.39,      13.94,     45.98,          2.36
         11,          1,    6,         -4.32,          3.30,       1.47,      14.66,     48.37,          2.33
         11,          1,    7,         -3.77,          3.30,       1.52,      15.25,     50.32,          2.36
         11,          2,    1,         -7.31,          3.30,       1.22,      12.16,     40.13,          6.21
         11,          2,    2,         -5.73,          3.30,       1.32,      13.25,     43.72,          4.06
         11,          2,    3,         -4.51,          3.30,       1.41,      14.15,     46.69,          3.70
         11,          2,    4,         -3.57,          3.30,       1.50,      15.03,     49.60,          3.53
         11,          2,    5,         -2.78,          3.30,       1.59,      15.85,     52.30,          3.47
         11,          2,    6,         -2.18,          3.30,       1.66,      16.58,     54.71,          3.45
         11,          2,    7,         -1.70,          3.30,       1.72,      17.23,     56.85,          3.43
         11,          3,    1,         -4.22,          3.30,       1.43,      14.33,     47.28,          6.54
         11,          3,    2,         -2.83,          3.30,       1.56,      15.59,     51.45,          5.23
         11,          3,    3,         -1.79,          3.30,       1.67,      16.70,     55.09,          4.86
         11,          3,    4,         -1.03,          3.30,       1.76,      17.64,     58.21,          4.71
         11,          3,    5,         -0.46,          3.30,       1.86,      18.57,     61.27,          4.55
         11,          3,    6,          0.06,          3.30,       1.93,      19.30,     63.67,          4.57
         11,          3,    7,          0.45,          3.30,       2.01,      20.10,     66.30,          4.47
         11,          4,    1,         -1.97,          3.30,       1.65,      16.50,     54.43,          7.57
         11,          4,    2,         -0.77,          3.30,       1.80,      17.98,     59.34,          6.29
         11,          4,    3,          0.11,          3.30,       1.92,      19.16,     63.22,          5.97
         11,          4,    4,          0.77,          3.30,       2.03,      20.30,     66.97,          5.71
         11,          4,    5,          1.29,          3.30,       2.13,      21.29,     70.22,          5.56
         11,          4,    6,          1.72,          3.30,       2.21,      22.09,     72.86,          5.54
         11,          4,    7,          2.06,          3.30,       2.29,      22.91,     75.57,          5.44
         11,          5,    1,          0.32,          3.30,       1.96,      19.58,     64.60,          9.41
         11,          5,    2,          1.42,          3.30,       2.14,      21.34,     70.41,          8.05
         11,          5,    3,          2.22,          3.30,       2.28,      22.78,     75.12,          7.59
         11,          5,    4,          2.75,          3.30,       2.39,      23.94,     78.95,          7.30
         11,          5,    5,          3.14,          3.30,       2.50,      24.98,     82.38,          7.06
         11,          5,    6,          3.48,          3.30,       2.59,      25.93,     85.49,          6.89
         11,          5,    7,          3.74,          3.30,       2.68,      26.82,     88.43,          6.71
         11,          6,    1,          1.88,          3.30,       2.23,      22.35,     73.70,         13.08
         11,          6,    2,          2.92,          3.30,       2.44,      24.37,     80.38,         10.61
         11,          6,    3,          3.56,          3.30,       2.59,      25.95,     85.57,          9.60
         11,          6,    4,          4.03,          3.30,       2.72,      27.22,     89.74,          9.10
         11,          6,    5,          4.37,          3.30,       2.83,      28.31,     93.34,          8.70
         11,          6,    6,          4.64,          3.30,       2.93,      29.33,     96.69,          8.37
         11,          6,    7,          4.87,          3.30,       3.02,      30.20,     99.55,          8.16
         11,          7,    1,          3.13,          3.30,       2.53,      25.28,     83.36,         14.40
         11,          7,    2,          4.14,          3.30,       2.77,      27.63,     91.11,         11.79
         11,          7,    3,          4.77,          3.30,       2.96,      29.56,     97.47,         10.56
         11,          7,    4,          5.18,          3.30,       3.09,      30.89,    101.84,         10.06
         11,          7,    5,          5.47,          3.30,       3.22,      32.18,    106.08,          9.53
         11,          7,    6,          5.71,          3.30,       3.32,      33.17,    109.34,          9.24
         11,          7,    7,          5.90,          3.30,       3.41,      34.09,    112.35,          8.99
         12,          1,    1,         -9.61,          3.30,       1.11,      11.04,     36.42,          2.95
         12,          1,    2,         -7.85,          3.30,       1.20,      11.98,     39.52,          2.41
         12,          1,    3,         -6.48,          3.30,       1.27,      12.73,     42.00,          2.42
         12,          1,    4,         -5.41,          3.30,       1.35,      13.49,     44.50,          2.44
         12,          1,    5,         -4.62,          3.30,       1.42,      14.18,     46.80,          2.45
         12,          1,    6,         -3.96,          3.30,       1.49,      14.85,     48.99,          2.47
         12,          1,    7,         -3.39,          3.30,       1.54,      15.46,     51.00,          2.51
         12,          2,    1,         -6.92,          3.30,       1.23,      12.35,     40.78,          6.05
         12,          2,    2,         -5.37,          3.30,       1.34,      13.39,     44.19,          4.29
         12,          2,    3,         -4.14,          3.30,       1.45,      14.46,     47.71,          3.74
         12,          2,    4,         -3.21,          3.30,       1.53,      15.34,     50.61,          3.62
         12,          2,    5,         -2.46,          3.30,       1.62,      16.18,     53.37,          3.56
         12,          2,    6,         -1.84,          3.30,       1.69,      16.90,     55.74,          3.57
         12,          2,    7,         -1.30,          3.30,       1.76,      17.62,     58.12,          3.58
         12,          3,    1,         -3.88,          3.30,       1.46,      14.58,     48.12,          6.73
         12,          3,    2,         -2.49,          3.30,       1.58,      15.87,     52.36,          5.47
         12,          3,    3,         -1.43,          3.30,       1.70,      17.01,     56.12,          5.12
         12,          3,    4,         -0.66,          3.30,       1.81,      18.12,     59.78,          4.84
         12,          3,    5,         -0.08,          3.30,       1.90,      18.99,     62.66,          4.76
         12,          3,    6,          0.43,          3.30,       1.98,      19.81,     65.34,          4.74
         12,          3,    7,          0.81,          3.30,       2.05,      20.53,     67.71,          4.70
         12,          4,    1,         -1.64,          3.30,       1.68,      16.78,     55.37,          8.32
         12,          4,    2,         -0.40,          3.30,       1.83,      18.32,     60.46,          6.85
         12,          4,    3,          0.50,          3.30,       1.97,      19.65,     64.82,          6.34
         12,          4,    4,          1.15,          3.30,       2.08,      20.81,     68.65,          6.06
         12,          4,    5,          1.67,          3.30,       2.18,      21.80,     71.89,          5.93
         12,          4,    6,          2.16,          3.30,       2.27,      22.68,     74.82,          5.94
         12,          4,    7,          2.44,          3.30,       2.36,      23.54,     77.64,          5.75
         12,          5,    1,          0.68,          3.30,       2.01,      20.06,     66.16,         10.00
         12,          5,    2,          1.82,          3.30,       2.19,      21.89,     72.20,          8.59
         12,          5,    3,          2.60,          3.30,       2.35,      23.47,     77.42,          7.93
         12,          5,    4,          3.14,          3.30,       2.47,      24.75,     81.63,          7.58
         12,          5,    5,          3.55,          3.30,       2.57,      25.74,     84.89,          7.44
         12,          5,    6,          3.85,          3.30,       2.67,      26.68,     87.98,          7.24
         12,          5,    7,          4.12,          3.30,       2.76,      27.57,     90.91,          7.09
         12,          6,    1,          2.25,          3.30,       2.30,      22.97,     75.77,         13.78
         12,          6,    2,          3.35,          3.30,       2.51,      25.12,     82.85,         11.23
         12,          6,    3,          3.95,          3.30,       2.68,      26.77,     88.27,         10.05
         12,          6,    4,          4.42,          3.30,       2.81,      28.07,     92.56,          9.54
         12,          6,    5,          4.76,          3.30,       2.92,      29.22,     96.35,          9.12
         12,          6,    6,          5.02,          3.30,       3.02,      30.21,     99.60,          8.83
         12,          6,    7,          5.26,          3.30,       3.11,      31.09,    102.50,          8.63
         12,          7,    1,          3.50,          3.30,       2.60,      26.03,     85.82,         14.96
         12,          7,    2,          4.53,          3.30,       2.86,      28.55,     94.14,         12.18
         12,          7,    3,          5.15,          3.30,       3.05,      30.45,    100.37,         11.09
         12,          7,    4,          5.57,          3.30,       3.19,      31.94,    105.31,         10.46
         12,          7,    5,          5.92,          3.30,       3.32,      33.18,    109.36,         10.16
         12,          7,    6,          6.10,          3.30,       3.42,      34.23,    112.83,          9.71
         12,          7,    7,          6.29,          3.30,       3.53,      35.29,    116.32,          9.37
         13,          1,    1,         -9.13,          3.30,       1.12,      11.23,     37.06,          2.97
         13,          1,    2,         -7.40,          3.30,       1.22,      12.15,     40.08,          2.55
         13,          1,    3,         -6.03,          3.30,       1.30,      13.00,     42.89,          2.51
         13,          1,    4,         -4.98,          3.30,       1.38,      13.79,     45.49,          2.54
         13,          1,    5,         -4.16,          3.30,       1.46,      14.56,     48.06,          2.54
         13,          1,    6,         -3.47,          3.30,       1.52,      15.18,     50.09,          2.62
         13,          1,    7,         -2.93,          3.30,       1.58,      15.78,     52.09,          2.66
         13,          2,    1,         -6.49,          3.30,       1.26,      12.60,     41.59,          6.44
         13,          2,    2,         -4.93,          3.30,       1.37,      13.66,     45.08,          4.62
         13,          2,    3,         -3.68,          3.30,       1.47,      14.73,     48.60,          4.08
         13,          2,    4,         -2.74,          3.30,       1.57,      15.67,     51.73,          3.91
         13,          2,    5,         -1.98,          3.30,       1.66,      16.55,     54.60,          3.85
         13,          2,    6,         -1.36,          3.30,       1.74,      17.31,     57.11,          3.85
         13,          2,    7,         -0.84,          3.30,       1.81,      18.12,     59.77,          3.81
         13,          3,    1,         -3.42,          3.30,       1.49,      14.89,     49.13,          7.36
         13,          3,    2,         -2.02,          3.30,       1.63,      16.32,     53.83,          5.77
         13,          3,    3,         -0.98,          3.30,       1.75,      17.50,     57.77,          5.38
         13,          3,    4,         -0.13,          3.30,       1.86,      18.62,     61.42,          5.25
         13,          3,    5,          0.40,          3.30,       1.96,      19.58,     64.59,          5.06
         13,          3,    6,          0.87,          3.30,       2.04,      20.38,     67.21,          5.03
         13,          3,    7,          1.28,          3.30,       2.12,      21.18,     69.87,          4.99
         13,          4,    1,         -1.16,          3.30,       1.72,      17.26,     56.94,          8.82
         13,          4,    2,          0.06,          3.30,       1.89,      18.89,     62.34,          7.20
         13,          4,    3,          0.95,          3.30,       2.03,      20.30,     66.96,          6.66
         13,          4,    4,          1.62,          3.30,       2.14,      21.45,     70.76,          6.46
         13,          4,    5,          2.15,          3.30,       2.25,      22.54,     74.36,          6.29
         13,          4,    6,          2.57,          3.30,       2.35,      23.49,     77.47,          6.19
         13,          4,    7,          2.92,          3.30,       2.43,      24.28,     80.06,          6.16
         13,          5,    1,          1.14,          3.30,       2.07,      20.66,     68.16,         10.46
         13,          5,    2,          2.30,          3.30,       2.27,      22.64,     74.67,          8.95
         13,          5,    3,          3.08,          3.30,       2.43,      24.32,     80.18,          8.31
         13,          5,    4,          3.62,          3.30,       2.56,      25.59,     84.38,          8.03
         13,          5,    5,          4.02,          3.30,       2.67,      26.74,     88.17,          7.78
         13,          5,    6,          4.36,          3.30,       2.77,      27.68,     91.25,          7.69
         13,          5,    7,          4.62,          3.30,       2.86,      28.63,     94.38,          7.49
         13,          6,    1,          2.79,          3.30,       2.38,      23.79,     78.45,         14.72
         13,          6,    2,          3.77,          3.30,       2.61,      26.08,     86.00,         11.64
         13,          6,    3,          4.44,          3.30,       2.78,      27.84,     91.79,         10.58
         13,          6,    4,          4.90,          3.30,       2.92,      29.23,     96.35,         10.03
         13,          6,    5,          5.31,          3.30,       3.03,      30.35,    100.05,          9.83
         13,          6,    6,          5.58,          3.30,       3.15,      31.48,    103.79,          9.44
         13,          6,    7,          5.74,          3.30,       3.24,      32.37,    106.72,          9.10
         13,          7,    1,          3.99,          3.30,       2.70,      27.00,     89.02,         15.90
         13,          7,    2,          5.00,          3.30,       2.98,      29.74,     98.06,         12.75
         13,          7,    3,          5.64,          3.30,       3.18,      31.79,    104.81,         11.59
         13,          7,    4,          6.05,          3.30,       3.33,      33.29,    109.74,         11.02
         13,          7,    5,          6.43,          3.30,       3.46,      34.59,    114.02,         10.77
         13,          7,    6,          6.65,          3.30,       3.57,      35.68,    117.61,         10.41
         13,          7,    7,          6.78,          3.30,       3.68,      36.79,    121.26,          9.92
         14,          1,    1,         -8.76,          3.30,       1.15,      11.46,     37.82,          3.14
         14,          1,    2,         -7.01,          3.30,       1.23,      12.36,     40.79,          2.77
         14,          1,    3,         -5.57,          3.30,       1.33,      13.28,     43.81,          2.71
         14,          1,    4,         -4.48,          3.30,       1.41,      14.09,     46.49,          2.77
         14,          1,    5,         -3.74,          3.30,       1.49,      14.91,     49.18,          2.71
         14,          1,    6,         -3.07,          3.30,       1.56,      15.59,     51.44,          2.76
         14,          1,    7,         -2.50,          3.30,       1.63,      16.25,     53.62,          2.81
         14,          2,    1,         -6.08,          3.30,       1.29,      12.90,     42.57,          6.85
         14,          2,    2,         -4.52,          3.30,       1.40,      13.98,     46.15,          4.92
         14,          2,    3,         -3.27,          3.30,       1.52,      15.18,     50.08,          4.24
         14,          2,    4,         -2.30,          3.30,       1.61,      16.13,     53.20,          4.14
         14,          2,    5,         -1.55,          3.30,       1.70,      16.97,     56.01,          4.10
         14,          2,    6,         -0.87,          3.30,       1.78,      17.81,     58.76,          4.13
         14,          2,    7,         -0.36,          3.30,       1.86,      18.57,     61.26,          4.13
         14,          3,    1,         -2.92,          3.30,       1.53,      15.30,     50.47,          8.00
         14,          3,    2,         -1.53,          3.30,       1.67,      16.78,     55.35,          6.24
         14,          3,    3,         -0.47,          3.30,       1.81,      18.04,     59.53,          5.81
         14,          3,    4,          0.26,          3.30,       1.92,      19.19,     63.29,          5.53
         14,          3,    5,          0.91,          3.30,       2.01,      20.18,     66.56,          5.49
         14,          3,    6,          1.32,          3.30,       2.11,      21.07,     69.51,          5.34
         14,          3,    7,          1.75,          3.30,       2.18,      21.85,     72.06,          5.35
         14,          4,    1,         -0.76,          3.30,       1.78,      17.85,     58.89,          8.90
         14,          4,    2,          0.50,          3.30,       1.95,      19.50,     64.35,          7.53
         14,          4,    3,          1.39,          3.30,       2.09,      20.93,     69.06,          7.02
         14,          4,    4,          2.14,          3.30,       2.22,      22.17,     73.11,          6.92
         14,          4,    5,          2.65,          3.30,       2.33,      23.27,     76.76,          6.74
         14,          4,    6,          3.09,          3.30,       2.42,      24.24,     79.93,          6.68
         14,          4,    7,          3.38,          3.30,       2.52,      25.23,     83.19,          6.45
         14,          5,    1,          1.58,          3.30,       2.14,      21.41,     70.63,         10.89
         14,          5,    2,          2.73,          3.30,       2.35,      23.49,     77.46,          9.37
         14,          5,    3,          3.51,          3.30,       2.53,      25.23,     83.19,          8.71
         14,          5,    4,          4.06,          3.30,       2.66,      26.60,     87.73,          8.41
         14,          5,    5,          4.47,          3.30,       2.78,      27.77,     91.57,          8.19
         14,          5,    6,          4.86,          3.30,       2.88,      28.79,     94.91,          8.17
         14,          5,    7,          5.07,          3.30,       2.98,      29.76,     98.10,          7.90
         14,          6,    1,          3.23,          3.30,       2.46,      24.64,     81.26,         15.47
         14,          6,    2,          4.22,          3.30,       2.71,      27.07,     89.25,         12.26
         14,          6,    3,          4.88,          3.30,       2.89,      28.88,     95.23,         11.17
         14,          6,    4,          5.42,          3.30,       3.03,      30.28,     99.84,         10.83
         14,          6,    5,          5.75,          3.30,       3.16,      31.61,    104.21,         10.29
         14,          6,    6,          6.04,          3.30,       3.27,      32.70,    107.80,         10.02
         14,          6,    7,          6.26,          3.30,       3.37,      33.72,    111.14,          9.73
         14,          7,    1,          4.43,          3.30,       2.81,      28.07,     92.56,         16.76
         14,          7,    2,          5.52,          3.30,       3.09,      30.89,    101.84,         13.79
         14,          7,    3,          6.16,          3.30,       3.31,      33.12,    109.15,         12.47
         14,          7,    4,          6.51,          3.30,       3.46,      34.67,    114.28,         11.70
         14,          7,    5,          6.82,          3.30,       3.60,      36.06,    118.87,         11.21
         14,          7,    6,          7.11,          3.30,       3.72,      37.26,    122.81,         10.99
         14,          7,    7,          7.24,          3.30,       3.84,      38.38,    126.51,         10.49
         15,          1,    1,         -4.07,          3.30,       1.37,      13.69,     45.18,          4.53
         15,          1,    2,         -2.21,          3.30,       1.53,      15.34,     50.63,          4.27
         15,          1,    3,         -0.94,          3.30,       1.67,      16.71,     55.12,          4.33
         15,          1,    4,         -0.02,          3.30,       1.80,      18.01,     59.40,          4.35
         15,          1,    5,          0.67,          3.30,       1.91,      19.11,     63.06,          4.40
         15,          1,    6,          1.16,          3.30,       2.02,      20.15,     66.48,          4.36
         15,          1,    7,          1.67,          3.30,       2.12,      21.21,     69.98,          4.39
         15,          2,    1,         -2.18,          3.30,       1.54,      15.40,     50.80,          8.46
         15,          2,    2,         -0.46,          3.30,       1.73,      17.28,     57.03,          6.72
         15,          2,    3,          0.71,          3.30,       1.90,      18.97,     62.58,          6.22
         15,          2,    4,          1.54,          3.30,       2.04,      20.38,     67.21,          6.04
         15,          2,    5,          2.18,          3.30,       2.17,      21.70,     71.56,          5.92
         15,          2,    6,          2.67,          3.30,       2.29,      22.86,     75.40,          5.83
         15,          2,    7,          3.07,          3.30,       2.40,      24.01,     79.17,          5.70
         15,          3,    1,          0.13,          3.30,       1.82,      18.18,     59.97,         12.07
         15,          3,    2,          1.63,          3.30,       2.04,      20.38,     67.23,          9.22
         15,          3,    3,          2.63,          3.30,       2.23,      22.25,     73.40,          8.35
         15,          3,    4,          3.25,          3.30,       2.39,      23.85,     78.67,          7.76
         15,          3,    5,          3.83,          3.30,       2.53,      25.28,     83.35,          7.56
         15,          3,    6,          4.22,          3.30,       2.67,      26.64,     87.85,          7.26
         15,          3,    7,          4.53,          3.30,       2.78,      27.79,     91.61,          7.06
         15,          4,    1,          1.79,          3.30,       2.08,      20.85,     68.77,         13.21
         15,          4,    2,          3.07,          3.30,       2.34,      23.36,     77.05,         10.29
         15,          4,    3,          3.97,          3.30,       2.55,      25.42,     83.82,          9.44
         15,          4,    4,          4.57,          3.30,       2.72,      27.15,     89.54,          8.90
         15,          4,    5,          4.94,          3.30,       2.87,      28.71,     94.65,          8.36
         15,          4,    6,          5.34,          3.30,       3.02,      30.15,     99.40,          8.14
         15,          4,    7,          5.61,          3.30,       3.15,      31.49,    103.82,          7.83
         15,          5,    1,          3.45,          3.30,       2.44,      24.42,     80.54,         13.54
         15,          5,    2,          4.65,          3.30,       2.73,      27.30,     90.03,         11.29
         15,          5,    3,          5.38,          3.30,       2.97,      29.65,     97.76,         10.29
         15,          5,    4,          5.87,          3.30,       3.16,      31.55,    104.01,          9.70
         15,          5,    5,          6.17,          3.30,       3.32,      33.21,    109.46,          9.14
         15,          5,    6,          6.50,          3.30,       3.47,      34.73,    114.46,          8.88
         15,          5,    7,          6.72,          3.30,       3.62,      36.23,    119.41,          8.51
         15,          6,    1,          4.65,          3.30,       2.77,      27.72,     91.40,         15.88
         15,          6,    2,          5.72,          3.30,       3.08,      30.83,    101.64,         13.05
         15,          6,    3,          6.35,          3.30,       3.33,      33.35,    109.92,         11.70
         15,          6,    4,          6.77,          3.30,       3.54,      35.40,    116.69,         10.89
         15,          6,    5,          7.09,          3.30,       3.73,      37.26,    122.82,         10.26
         15,          6,    6,          7.31,          3.30,       3.91,      39.04,    128.70,          9.68
         15,          6,    7,          7.45,          3.30,       4.07,      40.69,    134.12,          9.10
         15,          7,    1,          5.56,          3.30,       3.09,      30.96,    102.06,         17.78
         15,          7,    2,          6.59,          3.30,       3.45,      34.58,    113.97,         14.20
         15,          7,    3,          7.18,          3.30,       3.75,      37.45,    123.43,         12.55
         15,          7,    4,          7.55,          3.30,       3.99,      39.85,    131.36,         11.49
         15,          7,    5,          7.78,          3.30,       4.20,      41.98,    138.37,         10.62
         15,          7,    6,          8.04,          3.30,       4.40,      43.98,    144.95,         10.09
         15,          7,    7,          8.22,          3.30,       4.59,      45.91,    151.32,          9.55
         16,          1,    1,         -3.65,          3.30,       1.40,      13.99,     46.16,          4.69
         16,          1,    2,         -1.75,          3.30,       1.57,      15.69,     51.77,          4.51
         16,          1,    3,         -0.49,          3.30,       1.72,      17.17,     56.64,          4.54
         16,          1,    4,          0.46,          3.30,       1.85,      18.51,     61.07,          4.61
         16,          1,    5,          1.07,          3.30,       1.98,      19.74,     65.11,          4.55
         16,          1,    6,          1.62,          3.30,       2.07,      20.76,     68.48,          4.61
         16,          1,    7,          2.08,          3.30,       2.19,      21.85,     72.06,          4.60
         16,          2,    1,         -1.76,          3.30,       1.57,      15.74,     51.92,          8.99
         16,          2,    2,         -0.02,          3.30,       1.77,      17.69,     58.38,          7.18
         16,          2,    3,          1.09,          3.30,       1.95,      19.55,     64.49,          6.43
         16,          2,    4,          2.01,          3.30,       2.10,      21.01,     69.30,          6.41
         16,          2,    5,          2.64,          3.30,       2.23,      22.35,     73.70,          6.30
         16,          2,    6,          3.13,          3.30,       2.36,      23.62,     77.90,          6.16
         16,          2,    7,          3.54,          3.30,       2.49,      24.88,     82.05,          6.02
         16,          3,    1,          0.56,          3.30,       1.87,      18.71,     61.72,         12.32
         16,          3,    2,          2.09,          3.30,       2.11,      21.03,     69.37,          9.58
         16,          3,    3,          3.03,          3.30,       2.31,      23.05,     76.00,          8.56
         16,          3,    4,          3.79,          3.30,       2.47,      24.70,     81.45,          8.28
         16,          3,    5,          4.29,          3.30,       2.62,      26.23,     86.48,          7.91
         16,          3,    6,          4.69,          3.30,       2.76,      27.58,     90.92,          7.67
         16,          3,    7,          5.02,          3.30,       2.89,      28.90,     95.27,          7.42
         16,          4,    1,          2.24,          3.30,       2.15,      21.50,     70.93,         14.01
         16,          4,    2,          3.58,          3.30,       2.42,      24.15,     79.65,         11.04
         16,          4,    3,          4.43,          3.30,       2.63,      26.32,     86.80,          9.98
         16,          4,    4,          5.04,          3.30,       2.82,      28.16,     92.84,          9.42
         16,          4,    5,          5.47,          3.30,       2.98,      29.84,     98.37,          8.94
         16,          4,    6,          5.81,          3.30,       3.13,      31.26,    103.06,          8.65
         16,          4,    7,          6.10,          3.30,       3.28,      32.77,    108.02,          8.30
         16,          5,    1,          3.91,          3.30,       2.53,      25.28,     83.35,         14.41
         16,          5,    2,          5.10,          3.30,       2.83,      28.33,     93.40,         11.94
         16,          5,    3,          5.85,          3.30,       3.08,      30.77,    101.45,         10.93
         16,          5,    4,          6.35,          3.30,       3.27,      32.72,    107.87,         10.37
         16,          5,    5,          6.71,          3.30,       3.45,      34.53,    113.80,          9.86
         16,          5,    6,          6.97,          3.30,       3.62,      36.16,    119.20,          9.41
         16,          5,    7,          7.20,          3.30,       3.77,      37.70,    124.25,          9.05
         16,          6,    1,          5.12,          3.30,       2.88,      28.81,     94.97,         16.70
         16,          6,    2,          6.19,          3.30,       3.21,      32.16,    106.01,         13.63
         16,          6,    3,          6.82,          3.30,       3.46,      34.64,    114.20,         12.42
         16,          6,    4,          7.26,          3.30,       3.69,      36.91,    121.64,         11.52
         16,          6,    5,          7.55,          3.30,       3.88,      38.84,    128.02,         10.84
         16,          6,    6,          7.79,          3.30,       4.07,      40.70,    134.13,         10.26
         16,          6,    7,          7.98,          3.30,       4.25,      42.50,    140.07,          9.73
         16,          7,    1,          6.03,          3.30,       3.22,      32.21,    106.17,         18.68
         16,          7,    2,          7.05,          3.30,       3.60,      36.02,    118.74,         14.92
         16,          7,    3,          7.64,          3.30,       3.91,      39.10,    128.88,         13.16
         16,          7,    4,          8.04,          3.30,       4.15,      41.55,    136.93,         12.19
         16,          7,    5,          8.32,          3.30,       4.38,      43.78,    144.31,         11.39
         16,          7,    6,          8.53,          3.30,       4.59,      45.92,    151.34,         10.70
         16,          7,    7,          8.70,          3.30,       4.79,      47.83,    157.64,         10.17
         17,          1,    1,         -3.26,          3.30,       1.42,      14.25,     47.03,          4.99
         17,          1,    2,         -1.40,          3.30,       1.61,      16.09,     53.08,          4.67
         17,          1,    3,         -0.03,          3.30,       1.76,      17.63,     58.18,          4.82
         17,          1,    4,          0.88,          3.30,       1.90,      19.01,     62.71,          4.87
         17,          1,    5,          1.58,          3.30,       2.03,      20.27,     66.87,          4.91
         17,          1,    6,          2.15,          3.30,       2.14,      21.40,     70.57,          4.97
         17,          1,    7,          2.57,          3.30,       2.25,      22.49,     74.19,          4.93
         17,          2,    1,         -1.37,          3.30,       1.62,      16.14,     53.25,          9.16
         17,          2,    2,          0.40,          3.30,       1.82,      18.23,     60.16,          7.38
         17,          2,    3,          1.57,          3.30,       2.01,      20.09,     66.29,          6.84
         17,          2,    4,          2.44,          3.30,       2.16,      21.62,     71.30,          6.74
         17,          2,    5,          3.08,          3.30,       2.31,      23.10,     76.18,          6.57
         17,          2,    6,          3.58,          3.30,       2.44,      24.39,     80.44,          6.49
         17,          2,    7,          3.99,          3.30,       2.57,      25.67,     84.64,          6.36
         17,          3,    1,          0.96,          3.30,       1.92,      19.17,     63.23,         13.19
         17,          3,    2,          2.51,          3.30,       2.16,      21.66,     71.45,         10.08
         17,          3,    3,          3.52,          3.30,       2.37,      23.72,     78.23,          9.20
         17,          3,    4,          4.22,          3.30,       2.55,      25.49,     84.04,          8.73
         17,          3,    5,          4.73,          3.30,       2.71,      27.07,     89.24,          8.37
         17,          3,    6,          5.14,          3.30,       2.85,      28.52,     94.04,          8.10
         17,          3,    7,          5.45,          3.30,       2.99,      29.88,     98.51,          7.85
         17,          4,    1,          2.65,          3.30,       2.22,      22.12,     72.98,         14.64
         17,          4,    2,          4.00,          3.30,       2.49,      24.94,     82.24,         11.52
         17,          4,    3,          4.87,          3.30,       2.72,      27.25,     89.85,         10.42
         17,          4,    4,          5.47,          3.30,       2.91,      29.12,     96.00,          9.90
         17,          4,    5,          5.92,          3.30,       3.09,      30.86,    101.74,          9.45
         17,          4,    6,          6.26,          3.30,       3.25,      32.49,    107.09,          9.06
         17,          4,    7,          6.53,          3.30,       3.40,      33.96,    111.93,          8.74
         17,          5,    1,          4.33,          3.30,       2.61,      26.09,     86.05,         14.93
         17,          5,    2,          5.54,          3.30,       2.93,      29.31,     96.61,         12.47
         17,          5,    3,          6.29,          3.30,       3.19,      31.92,    105.23,         11.41
         17,          5,    4,          6.79,          3.30,       3.40,      33.98,    112.02,         10.83
         17,          5,    5,          7.15,          3.30,       3.59,      35.88,    118.27,         10.30
         17,          5,    6,          7.43,          3.30,       3.76,      37.54,    123.73,          9.90
         17,          5,    7,          7.65,          3.30,       3.92,      39.23,    129.29,          9.48
         17,          6,    1,          5.54,          3.30,       2.98,      29.79,     98.20,         17.78
         17,          6,    2,          6.64,          3.30,       3.33,      33.34,    109.91,         14.47
         17,          6,    3,          7.27,          3.30,       3.61,      36.06,    118.87,         13.07
         17,          6,    4,          7.70,          3.30,       3.83,      38.35,    126.39,         12.19
         17,          6,    5,          8.00,          3.30,       4.04,      40.45,    133.31,         11.42
         17,          6,    6,          8.25,          3.30,       4.24,      42.35,    139.59,         10.85
         17,          6,    7,          8.44,          3.30,       4.42,      44.15,    145.53,         10.36
         17,          7,    1,          6.47,          3.30,       3.35,      33.46,    110.30,         19.57
         17,          7,    2,          7.51,          3.30,       3.75,      37.47,    123.52,         15.72
         17,          7,    3,          8.10,          3.30,       4.07,      40.66,    134.00,         13.93
         17,          7,    4,          8.49,          3.30,       4.32,      43.23,    142.46,         12.89
         17,          7,    5,          8.77,          3.30,       4.57,      45.67,    150.53,         11.98
         17,          7,    6,          8.98,          3.30,       4.77,      47.68,    157.15,         11.38
         17,          7,    7,          9.15,          3.30,       4.99,      49.84,    164.26,         10.74
         18,          1,    1,         -2.83,          3.30,       1.46,      14.61,     48.19,          5.18
         18,          1,    2,         -0.88,          3.30,       1.65,      16.47,     54.34,          5.03
         18,          1,    3,          0.41,          3.30,       1.82,      18.18,     59.97,          5.03
         18,          1,    4,          1.35,          3.30,       1.96,      19.55,     64.52,          5.16
         18,          1,    5,          2.05,          3.30,       2.09,      20.88,     68.89,          5.21
         18,          1,    6,          2.62,          3.30,       2.21,      22.09,     72.86,          5.26
         18,          1,    7,          3.06,          3.30,       2.33,      23.28,     76.77,          5.23
         18,          2,    1,         -0.94,          3.30,       1.65,      16.54,     54.57,          9.69
         18,          2,    2,          0.82,          3.30,       1.87,      18.71,     61.74,          7.81
         18,          2,    3,          2.03,          3.30,       2.06,      20.57,     67.85,          7.39
         18,          2,    4,          2.90,          3.30,       2.23,      22.26,     73.42,          7.17
         18,          2,    5,          3.53,          3.30,       2.38,      23.83,     78.58,          6.98
         18,          2,    6,          4.04,          3.30,       2.52,      25.21,     83.13,          6.88
         18,          2,    7,          4.46,          3.30,       2.66,      26.55,     87.55,          6.76
         18,          3,    1,          1.39,          3.30,       1.98,      19.77,     65.24,         13.63
         18,          3,    2,          2.95,          3.30,       2.23,      22.34,     73.67,         10.64
         18,          3,    3,          3.98,          3.30,       2.45,      24.53,     80.89,          9.71
         18,          3,    4,          4.68,          3.30,       2.65,      26.46,     87.23,          9.16
         18,          3,    5,          5.21,          3.30,       2.81,      28.08,     92.57,          8.86
         18,          3,    6,          5.62,          3.30,       2.96,      29.65,     97.73,          8.56
         18,          3,    7,          5.94,          3.30,       3.10,      30.95,    102.05,          8.37
         18,          4,    1,          3.07,          3.30,       2.29,      22.87,     75.44,         15.31
         18,          4,    2,          4.44,          3.30,       2.58,      25.79,     85.05,         12.16
         18,          4,    3,          5.31,          3.30,       2.82,      28.24,     93.11,         10.99
         18,          4,    4,          5.93,          3.30,       3.02,      30.21,     99.59,         10.48
         18,          4,    5,          6.38,          3.30,       3.20,      32.05,    105.64,         10.01
         18,          4,    6,          6.73,          3.30,       3.37,      33.67,    110.99,          9.66
         18,          4,    7,          7.01,          3.30,       3.53,      35.31,    116.41,          9.27
         18,          5,    1,          4.77,          3.30,       2.71,      27.04,     89.15,         15.85
         18,          5,    2,          6.00,          3.30,       3.04,      30.41,    100.25,         13.25
         18,          5,    3,          6.76,          3.30,       3.32,      33.16,    109.30,         12.14
         18,          5,    4,          7.26,          3.30,       3.54,      35.36,    116.56,         11.49
         18,          5,    5,          7.62,          3.30,       3.73,      37.29,    122.92,         10.96
         18,          5,    6,          7.90,          3.30,       3.92,      39.17,    129.11,         10.47
         18,          5,    7,          8.12,          3.30,       4.08,      40.83,    134.57,         10.07
         18,          6,    1,          6.01,          3.30,       3.09,      30.90,    101.88,         18.84
         18,          6,    2,          7.11,          3.30,       3.47,      34.70,    114.37,         15.26
         18,          6,    3,          7.74,          3.30,       3.75,      37.51,    123.63,         13.84
         18,          6,    4,          8.17,          3.30,       4.00,      39.98,    131.78,         12.86
         18,          6,    5,          8.49,          3.30,       4.22,      42.17,    139.00,         12.11
         18,          6,    6,          8.73,          3.30,       4.41,      44.07,    145.26,         11.55
         18,          6,    7,          8.91,          3.30,       4.60,      46.02,    151.70,         10.96
         18,          7,    1,          6.94,          3.30,       3.48,      34.84,    114.82,         20.68
         18,          7,    2,          7.99,          3.30,       3.91,      39.09,    128.84,         16.57
         18,          7,    3,          8.58,          3.30,       4.24,      42.41,    139.77,         14.76
         18,          7,    4,          8.97,          3.30,       4.51,      45.14,    148.78,         13.62
         18,          7,    5,          9.25,          3.30,       4.76,      47.59,    156.85,         12.77
         18,          7,    6,          9.47,          3.30,       4.98,      49.73,    163.91,         12.11
         18,          7,    7,          9.63,          3.30,       5.20,      51.96,    171.25,         11.44
         19,          1,    1,         -2.37,          3.30,       1.50,      14.95,     49.32,          5.49
         19,          1,    2,         -0.44,          3.30,       1.69,      16.88,     55.69,          5.34
         19,          1,    3,          0.88,          3.30,       1.86,      18.62,     61.45,          5.40
         19,          1,    4,          1.83,          3.30,       2.02,      20.18,     66.56,          5.48
         19,          1,    5,          2.54,          3.30,       2.15,      21.53,     71.01,          5.57
         19,          1,    6,          3.10,          3.30,       2.29,      22.85,     75.37,          5.58
         19,          1,    7,          3.55,          3.30,       2.40,      23.99,     79.14,          5.61
         19,          2,    1,         -0.51,          3.30,       1.69,      16.88,     55.69,         10.37
         19,          2,    2,          1.26,          3.30,       1.92,      19.22,     63.43,          8.18
         19,          2,    3,          2.49,          3.30,       2.13,      21.29,     70.21,          7.68
         19,          2,    4,          3.36,          3.30,       2.30,      23.01,     75.92,          7.52
         19,          2,    5,          4.02,          3.30,       2.47,      24.68,     81.39,          7.36
         19,          2,    6,          4.52,          3.30,       2.61,      26.08,     86.01,          7.29
         19,          2,    7,          4.94,          3.30,       2.76,      27.55,     90.85,          7.13
         19,          3,    1,          1.81,          3.30,       2.03,      20.29,     66.92,         14.31
         19,          3,    2,          3.40,          3.30,       2.30,      23.05,     76.02,         11.10
         19,          3,    3,          4.45,          3.30,       2.54,      25.39,     83.73,         10.16
         19,          3,    4,          5.15,          3.30,       2.74,      27.40,     90.34,          9.63
         19,          3,    5,          5.69,          3.30,       2.92,      29.17,     96.19,          9.29
         19,          3,    6,          6.10,          3.30,       3.07,      30.69,    101.18,          9.07
         19,          3,    7,          6.42,          3.30,       3.22,      32.23,    106.24,          8.78
         19,          4,    1,          3.54,          3.30,       2.36,      23.61,     77.87,         16.31
         19,          4,    2,          4.91,          3.30,       2.67,      26.71,     88.06,         12.89
         19,          4,    3,          5.78,          3.30,       2.92,      29.21,     96.30,         11.73
         19,          4,    4,          6.41,          3.30,       3.14,      31.35,    103.33,         11.14
         19,          4,    5,          6.86,          3.30,       3.33,      33.34,    109.89,         10.58
         19,          4,    6,          7.22,          3.30,       3.51,      35.05,    115.55,         10.24
         19,          4,    7,          7.50,          3.30,       3.67,      36.73,    121.05,          9.86
         19,          5,    1,          5.25,          3.30,       2.81,      28.11,     92.69,         16.50
         19,          5,    2,          6.48,          3.30,       3.16,      31.62,    104.23,         13.96
         19,          5,    3,          7.23,          3.30,       3.45,      34.48,    113.64,         12.81
         19,          5,    4,          7.75,          3.30,       3.68,      36.78,    121.23,         12.19
         19,          5,    5,          8.11,          3.30,       3.89,      38.95,    128.39,         11.56
         19,          5,    6,          8.40,          3.30,       4.08,      40.80,    134.46,         11.16
         19,          5,    7,          8.63,          3.30,       4.27,      42.63,    140.51,         10.70
         19,          6,    1,          6.50,          3.30,       3.23,      32.28,    106.41,         19.69
         19,          6,    2,          7.60,          3.30,       3.62,      36.17,    119.22,         16.19
         19,          6,    3,          8.24,          3.30,       3.92,      39.20,    129.21,         14.64
         19,          6,    4,          8.67,          3.30,       4.18,      41.76,    137.63,         13.67
         19,          6,    5,          8.99,          3.30,       4.40,      43.98,    144.94,         12.93
         19,          6,    6,          9.22,          3.30,       4.61,      46.04,    151.74,         12.29
         19,          6,    7,          9.42,          3.30,       4.80,      48.03,    158.30,         11.74
         19,          7,    1,          7.45,          3.30,       3.64,      36.40,    119.99,         22.09
         19,          7,    2,          8.49,          3.30,       4.09,      40.90,    134.79,         17.68
         19,          7,    3,          9.09,          3.30,       4.44,      44.38,    146.27,         15.78
         19,          7,    4,          9.48,          3.30,       4.71,      47.14,    155.37,         14.65
         19,          7,    5,          9.76,          3.30,       4.97,      49.72,    163.85,         13.71
         19,          7,    6,          9.97,          3.30,       5.21,      52.09,    171.68,         12.93
         19,          7,    7,         10.15,          3.30,       5.43,      54.30,    178.93,         12.31
         20,          1,    1,         -1.98,          3.30,       1.53,      15.24,     50.29,          5.70
         20,          1,    2,         -0.03,          3.30,       1.72,      17.24,     56.90,          5.61
         20,          1,    3,          1.30,          3.30,       1.92,      19.16,     63.20,          5.62
         20,          1,    4,          2.27,          3.30,       2.07,      20.71,     68.32,          5.79
         20,          1,    5,          2.97,          3.30,       2.22,      22.16,     73.11,          5.84
         20,          1,    6,          3.57,          3.30,       2.35,      23.53,     77.60,          5.92
         20,          1,    7,          4.02,          3.30,       2.49,      24.87,     82.02,          5.89
         20,          2,    1,         -0.12,          3.30,       1.73,      17.26,     56.94,         11.05
         20,          2,    2,          1.67,          3.30,       1.97,      19.70,     64.99,          8.71
         20,          2,    3,          2.89,          3.30,       2.18,      21.83,     72.02,          8.15
         20,          2,    4,          3.78,          3.30,       2.37,      23.69,     78.13,          7.96
         20,          2,    5,          4.44,          3.30,       2.54,      25.42,     83.83,          7.79
         20,          2,    6,          4.97,          3.30,       2.70,      26.99,     89.01,          7.68
         20,          2,    7,          5.39,          3.30,       2.85,      28.47,     93.88,          7.56
         20,          3,    1,          2.24,          3.30,       2.08,      20.84,     68.74,         15.16
         20,          3,    2,          3.82,          3.30,       2.37,      23.71,     78.21,         11.73
         20,          3,    3,          4.86,          3.30,       2.62,      26.20,     86.40,         10.67
         20,          3,    4,          5.60,          3.30,       2.83,      28.34,     93.44,         10.14
         20,          3,    5,          6.12,          3.30,       3.02,      30.14,     99.36,          9.83
         20,          3,    6,          6.54,          3.30,       3.18,      31.85,    104.99,          9.52
         20,          3,    7,          6.88,          3.30,       3.34,      33.42,    110.16,          9.30
         20,          4,    1,          3.96,          3.30,       2.43,      24.31,     80.16,         17.16
         20,          4,    2,          5.33,          3.30,       2.76,      27.58,     90.92,         13.52
         20,          4,    3,          6.22,          3.30,       3.02,      30.23,     99.66,         12.33
         20,          4,    4,          6.85,          3.30,       3.25,      32.51,    107.15,         11.67
         20,          4,    5,          7.31,          3.30,       3.44,      34.43,    113.48,         11.26
         20,          4,    6,          7.67,          3.30,       3.63,      36.28,    119.58,         10.84
         20,          4,    7,          7.95,          3.30,       3.81,      38.13,    125.67,         10.40
         20,          5,    1,          5.68,          3.30,       2.90,      29.04,     95.73,         17.60
         20,          5,    2,          6.92,          3.30,       3.28,      32.78,    108.06,         14.76
         20,          5,    3,          7.69,          3.30,       3.58,      35.78,    117.93,         13.58
         20,          5,    4,          8.20,          3.30,       3.83,      38.28,    126.18,         12.84
         20,          5,    5,          8.57,          3.30,       4.04,      40.45,    133.30,         12.28
         20,          5,    6,          8.87,          3.30,       4.24,      42.41,    139.78,         11.84
         20,          5,    7,          9.09,          3.30,       4.43,      44.34,    146.13,         11.35
         20,          6,    1,          6.94,          3.30,       3.35,      33.49,    110.37,         20.91
         20,          6,    2,          8.05,          3.30,       3.76,      37.56,    123.80,         17.23
         20,          6,    3,          8.70,          3.30,       4.08,      40.75,    134.31,         15.60
         20,          6,    4,          9.13,          3.30,       4.34,      43.39,    143.03,         14.54
         20,          6,    5,          9.45,          3.30,       4.58,      45.79,    150.93,         13.73
         20,          6,    6,          9.69,          3.30,       4.79,      47.87,    157.76,         13.12
         20,          6,    7,          9.88,          3.30,       4.99,      49.91,    164.48,         12.53
         20,          7,    1,          7.90,          3.30,       3.78,      37.84,    124.73,         23.23
         20,          7,    2,          8.96,          3.30,       4.27,      42.66,    140.60,         18.57
         20,          7,    3,          9.55,          3.30,       4.63,      46.32,    152.66,         16.56
         20,          7,    4,          9.95,          3.30,       4.91,      49.13,    161.91,         15.52
         20,          7,    5,         10.24,          3.30,       5.19,      51.88,    170.96,         14.52
         20,          7,    6,         10.45,          3.29,       5.42,      54.18,    178.52,         13.81
         20,          7,    7,         10.62,          3.29,       5.65,      56.51,    186.17,         13.13
         21,          1,    1,         -1.63,          3.30,       1.55,      15.52,     51.22,          5.99
         21,          1,    2,          0.31,          3.30,       1.76,      17.64,     58.19,          5.82
         21,          1,    3,          1.68,          3.30,       1.96,      19.62,     64.72,          5.90
         21,          1,    4,          2.65,          3.30,       2.13,      21.29,     70.23,          6.03
         21,          1,    5,          3.37,          3.30,       2.28,      22.79,     75.18,          6.13
         21,          1,    6,          3.96,          3.30,       2.42,      24.15,     79.66,          6.23
         21,          1,    7,          4.41,          3.30,       2.55,      25.50,     84.09,          6.22
         21,          2,    1,          0.20,          3.30,       1.76,      17.62,     58.14,         11.36
         21,          2,    2,          2.02,          3.30,       2.01,      20.16,     66.50,          9.05
         21,          2,    3,          3.25,          3.30,       2.23,      22.30,     73.58,          8.57
         21,          2,    4,          4.14,          3.30,       2.42,      24.21,     79.83,          8.38
         21,          2,    5,          4.81,          3.30,       2.61,      26.08,     85.99,          8.17
         21,          2,    6,          5.35,          3.30,       2.77,      27.71,     91.38,          8.07
         21,          2,    7,          5.77,          3.30,       2.92,      29.25,     96.44,          7.94
         21,          3,    1,          2.58,          3.30,       2.14,      21.37,     70.48,         16.11
         21,          3,    2,          4.17,          3.30,       2.43,      24.32,     80.20,         12.47
         21,          3,    3,          5.24,          3.30,       2.69,      26.94,     88.85,         11.29
         21,          3,    4,          5.97,          3.30,       2.91,      29.10,     95.94,         10.77
         21,          3,    5,          6.51,          3.30,       3.10,      30.97,    102.08,         10.44
         21,          3,    6,          6.93,          3.30,       3.28,      32.80,    108.12,         10.10
         21,          3,    7,          7.27,          3.30,       3.44,      34.39,    113.35,          9.86
         21,          4,    1,          4.32,          3.30,       2.50,      25.00,     82.44,         17.90
         21,          4,    2,          5.70,          3.30,       2.84,      28.36,     93.51,         14.20
         21,          4,    3,          6.60,          3.30,       3.11,      31.08,    102.46,         13.01
         21,          4,    4,          7.23,          3.30,       3.35,      33.43,    110.20,         12.33
         21,          4,    5,          7.69,          3.30,       3.55,      35.51,    117.06,         11.81
         21,          4,    6,          8.05,          3.30,       3.74,      37.44,    123.41,         11.39
         21,          4,    7,          8.34,          3.30,       3.93,      39.29,    129.50,         10.97
         21,          5,    1,          6.07,          3.30,       3.00,      29.93,     98.66,         18.33
         21,          5,    2,          7.31,          3.30,       3.38,      33.78,    111.37,         15.47
         21,          5,    3,          8.08,          3.30,       3.70,      37.03,    122.04,         14.15
         21,          5,    4,          8.60,          3.30,       3.96,      39.58,    130.47,         13.45
         21,          5,    5,          8.98,          3.30,       4.18,      41.86,    137.99,         12.87
         21,          5,    6,          9.26,          3.30,       4.38,      43.84,    144.48,         12.44
         21,          5,    7,          9.49,          3.30,       4.59,      45.89,    151.23,         11.92
         21,          6,    1,          7.34,          3.30,       3.46,      34.58,    114.00,         22.04
         21,          6,    2,          8.45,          3.30,       3.89,      38.93,    128.32,         17.99
         21,          6,    3,          9.11,          3.30,       4.23,      42.30,    139.41,         16.28
         21,          6,    4,          9.54,          3.30,       4.50,      45.00,    148.30,         15.27
         21,          6,    5,          9.86,          3.30,       4.73,      47.33,    156.01,         14.52
         21,          6,    6,         10.10,          3.30,       4.95,      49.53,    163.24,         13.86
         21,          6,    7,         10.30,          3.30,       5.17,      51.65,    170.21,         13.26
         21,          7,    1,          8.30,          3.30,       3.92,      39.23,    129.29,         24.34
         21,          7,    2,          9.36,          3.30,       4.42,      44.19,    145.64,         19.58
         21,          7,    3,          9.97,          3.30,       4.80,      47.94,    157.99,         17.60
         21,          7,    4,         10.37,          3.30,       5.10,      51.02,    168.16,         16.33
         21,          7,    5,         10.67,          3.30,       5.38,      53.80,    177.27,         15.39
         21,          7,    6,         10.88,          3.29,       5.62,      56.20,    185.15,         14.62
         21,          7,    7,         11.05,          3.29,       5.86,      58.62,    193.11,         13.91
         22,          1,    1,         -1.29,          3.30,       1.58,      15.85,     52.28,          6.25
         22,          1,    2,          0.68,          3.30,       1.81,      18.08,     59.64,          6.08
         22,          1,    3,          2.07,          3.30,       2.01,      20.13,     66.40,          6.19
         22,          1,    4,          3.05,          3.30,       2.19,      21.85,     72.07,          6.37
         22,          1,    5,          3.78,          3.30,       2.35,      23.45,     77.35,          6.46
         22,          1,    6,          4.36,          3.30,       2.49,      24.93,     82.23,          6.52
         22,          1,    7,          4.83,          3.30,       2.64,      26.39,     87.01,          6.53
         22,          2,    1,          0.56,          3.30,       1.81,      18.12,     59.77,         11.46
         22,          2,    2,          2.38,          3.30,       2.06,      20.65,     68.11,          9.48
         22,          2,    3,          3.62,          3.30,       2.29,      22.94,     75.68,          8.91
         22,          2,    4,          4.53,          3.30,       2.50,      25.02,     82.53,          8.68
         22,          2,    5,          5.20,          3.30,       2.68,      26.84,     88.51,          8.57
         22,          2,    6,          5.74,          3.30,       2.86,      28.60,     94.29,          8.43
         22,          2,    7,          6.18,          3.30,       3.02,      30.14,     99.37,          8.38
         22,          3,    1,          2.95,          3.30,       2.19,      21.91,     72.27,         17.03
         22,          3,    2,          4.55,          3.30,       2.51,      25.11,     82.82,         12.87
         22,          3,    3,          5.63,          3.30,       2.78,      27.82,     91.71,         11.78
         22,          3,    4,          6.38,          3.30,       3.00,      30.05,     99.06,         11.31
         22,          3,    5,          6.91,          3.30,       3.21,      32.11,    105.85,         10.88
         22,          3,    6,          7.35,          3.30,       3.39,      33.92,    111.81,         10.62
         22,          3,    7,          7.69,          3.30,       3.56,      35.59,    117.32,         10.38
         22,          4,    1,          4.70,          3.30,       2.58,      25.81,     85.13,         18.73
         22,          4,    2,          6.10,          3.30,       2.93,      29.31,     96.66,         14.94
         22,          4,    3,          7.00,          3.30,       3.22,      32.20,    106.13,         13.64
         22,          4,    4,          7.64,          3.30,       3.46,      34.58,    113.99,         13.02
         22,          4,    5,          8.10,          3.30,       3.68,      36.77,    121.20,         12.44
         22,          4,    6,          8.48,          3.30,       3.88,      38.77,    127.78,         12.06
         22,          4,    7,          8.77,          3.30,       4.07,      40.70,    134.13,         11.62
         22,          5,    1,          6.48,          3.30,       3.10,      31.02,    102.24,         19.28
         22,          5,    2,          7.72,          3.30,       3.51,      35.07,    115.60,         16.26
         22,          5,    3,          8.51,          3.30,       3.85,      38.44,    126.69,         14.94
         22,          5,    4,          9.03,          3.30,       4.10,      41.02,    135.22,         14.27
         22,          5,    5,          9.41,          3.30,       4.35,      43.47,    143.27,         13.62
         22,          5,    6,          9.71,          3.30,       4.56,      45.59,    150.26,         13.14
         22,          5,    7,          9.94,          3.30,       4.76,      47.55,    156.72,         12.72
         22,          6,    1,          7.77,          3.30,       3.60,      35.99,    118.61,         23.21
         22,          6,    2,          8.89,          3.30,       4.05,      40.52,    133.56,         19.02
         22,          6,    3,          9.55,          3.30,       4.40,      43.96,    144.90,         17.29
         22,          6,    4,          9.99,          3.30,       4.68,      46.75,    154.09,         16.26
         22,          6,    5,         10.30,          3.30,       4.93,      49.29,    162.44,         15.40
         22,          6,    6,         10.55,          3.30,       5.15,      51.51,    169.73,         14.77
         22,          6,    7,         10.75,          3.30,       5.37,      53.68,    176.88,         14.14
         22,          7,    1,          8.75,          3.30,       4.09,      40.88,    134.74,         25.61
         22,          7,    2,          9.82,          3.30,       4.61,      46.14,    152.08,         20.57
         22,          7,    3,         10.44,          3.30,       5.01,      50.06,    165.00,         18.58
         22,          7,    4,         10.83,          3.30,       5.32,      53.20,    175.31,         17.34
         22,          7,    5,         11.12,          3.29,       5.60,      55.99,    184.49,         16.39
         22,          7,    6,         11.35,          3.29,       5.85,      58.51,    192.76,         15.62
         22,          7,    7,         11.53,          3.29,       6.09,      60.92,    200.64,         14.95
         23,          1,    1,         -0.98,          3.30,       1.62,      16.17,     53.36,          6.41
         23,          1,    2,          1.04,          3.30,       1.85,      18.49,     61.00,          6.31
         23,          1,    3,          2.45,          3.30,       2.06,      20.56,     67.83,          6.53
         23,          1,    4,          3.42,          3.30,       2.24,      22.36,     73.74,          6.70
         23,          1,    5,          4.17,          3.30,       2.40,      24.03,     79.26,          6.81
         23,          1,    6,          4.76,          3.30,       2.57,      25.66,     84.62,          6.85
         23,          1,    7,          5.24,          3.30,       2.71,      27.08,     89.28,          6.91
         23,          2,    1,          0.87,          3.30,       1.85,      18.43,     60.80,         12.32
         23,          2,    2,          2.72,          3.30,       2.11,      21.12,     69.68,          9.96
         23,          2,    3,          3.99,          3.30,       2.35,      23.53,     77.61,          9.38
         23,          2,    4,          4.91,          3.30,       2.57,      25.65,     84.58,          9.18
         23,          2,    5,          5.59,          3.30,       2.75,      27.58,     90.93,          9.03
         23,          2,    6,          6.14,          3.30,       2.94,      29.38,     96.85,          8.94
         23,          2,    7,          6.58,          3.30,       3.10,      31.02,    102.24,          8.86
         23,          3,    1,          3.30,          3.30,       2.25,      22.49,     74.19,         17.66
         23,          3,    2,          4.91,          3.30,       2.58,      25.76,     84.94,         13.57
         23,          3,    3,          6.03,          3.30,       2.87,      28.68,     94.58,         12.34
         23,          3,    4,          6.78,          3.30,       3.09,      30.94,    102.01,         11.92
         23,          3,    5,          7.33,          3.30,       3.31,      33.14,    109.22,         11.48
         23,          3,    6,          7.77,          3.30,       3.50,      34.99,    115.34,         11.23
         23,          3,    7,          8.12,          3.30,       3.68,      36.78,    121.22,         10.96
         23,          4,    1,          5.08,          3.30,       2.66,      26.63,     87.83,         19.31
         23,          4,    2,          6.49,          3.30,       3.02,      30.23,     99.65,         15.64
         23,          4,    3,          7.40,          3.30,       3.33,      33.23,    109.55,         14.32
         23,          4,    4,          8.04,          3.30,       3.57,      35.72,    117.75,         13.68
         23,          4,    5,          8.53,          3.30,       3.80,      38.01,    125.29,         13.17
         23,          4,    6,          8.90,          3.30,       4.02,      40.13,    132.25,         12.71
         23,          4,    7,          9.20,          3.30,       4.21,      42.08,    138.69,         12.32
         23,          5,    1,          6.88,          3.30,       3.21,      32.10,    105.81,         20.32
         23,          5,    2,          8.14,          3.30,       3.64,      36.37,    119.89,         17.11
         23,          5,    3,          8.94,          3.30,       3.99,      39.89,    131.46,         15.79
         23,          5,    4,          9.47,          3.30,       4.26,      42.63,    140.50,         15.09
         23,          5,    5,          9.86,          3.30,       4.51,      45.12,    148.71,         14.46
         23,          5,    6,         10.15,          3.30,       4.72,      47.22,    155.62,         14.04
         23,          5,    7,         10.39,          3.30,       4.93,      49.31,    162.52,         13.55
         23,          6,    1,          8.21,          3.30,       3.74,      37.41,    123.28,         24.25
         23,          6,    2,          9.33,          3.30,       4.22,      42.19,    139.07,         19.90
         23,          6,    3,          9.99,          3.30,       4.58,      45.80,    150.94,         18.17
         23,          6,    4,         10.44,          3.30,       4.87,      48.67,    160.42,         17.19
         23,          6,    5,         10.77,          3.30,       5.13,      51.26,    168.94,         16.36
         23,          6,    6,         11.02,          3.30,       5.36,      53.60,    176.61,         15.67
         23,          6,    7,         11.22,          3.30,       5.59,      55.85,    184.03,         15.04
         23,          7,    1,          9.21,          3.30,       4.27,      42.69,    140.70,         26.80
         23,          7,    2,         10.29,          3.30,       4.80,      48.04,    158.33,         21.90
         23,          7,    3,         10.90,          3.30,       5.22,      52.24,    172.17,         19.68
         23,          7,    4,         11.32,          3.29,       5.55,      55.53,    182.98,         18.45
         23,          7,    5,         11.61,          3.29,       5.85,      58.43,    192.49,         17.48
         23,          7,    6,         11.84,          3.29,       6.10,      61.03,    201.01,         16.70
         23,          7,    7,         12.03,          3.29,       6.35,      63.50,    209.11,         16.03
         24,          1,    1,         -0.69,          3.30,       1.64,      16.42,     54.18,          6.66
         24,          1,    2,          1.32,          3.30,       1.88,      18.79,     61.99,          6.57
         24,          1,    3,          2.76,          3.30,       2.10,      20.94,     69.08,          6.81
         24,          1,    4,          3.77,          3.30,       2.29,      22.88,     75.47,          6.98
         24,          1,    5,          4.53,          3.30,       2.47,      24.65,     81.30,          7.11
         24,          1,    6,          5.12,          3.30,       2.62,      26.26,     86.59,          7.20
         24,          1,    7,          5.62,          3.30,       2.78,      27.80,     91.66,          7.24
         24,          2,    1,          1.15,          3.30,       1.88,      18.75,     61.87,         12.64
         24,          2,    2,          3.01,          3.30,       2.15,      21.50,     70.92,         10.33
         24,          2,    3,          4.29,          3.30,       2.40,      24.00,     79.17,          9.72
         24,          2,    4,          5.24,          3.30,       2.62,      26.25,     86.56,          9.54
         24,          2,    5,          5.93,          3.30,       2.83,      28.27,     93.19,          9.41
         24,          2,    6,          6.48,          3.30,       3.01,      30.09,     99.21,          9.33
         24,          2,    7,          6.94,          3.30,       3.19,      31.87,    105.06,          9.25
         24,          3,    1,          3.60,          3.30,       2.30,      23.00,     75.85,         18.34
         24,          3,    2,          5.23,          3.30,       2.64,      26.39,     87.03,         14.10
         24,          3,    3,          6.35,          3.30,       2.94,      29.43,     97.04,         12.82
         24,          3,    4,          7.12,          3.30,       3.18,      31.85,    105.00,         12.37
         24,          3,    5,          7.69,          3.30,       3.40,      34.00,    112.08,         12.07
         24,          3,    6,          8.14,          3.30,       3.59,      35.95,    118.52,         11.81
         24,          3,    7,          8.50,          3.30,       3.78,      37.82,    124.66,         11.55
         24,          4,    1,          5.41,          3.30,       2.73,      27.30,     90.00,         20.30
         24,          4,    2,          6.83,          3.30,       3.11,      31.09,    102.49,         16.29
         24,          4,    3,          7.75,          3.30,       3.42,      34.18,    112.66,         14.98
         24,          4,    4,          8.42,          3.30,       3.68,      36.83,    121.38,         14.33
         24,          4,    5,          8.90,          3.30,       3.92,      39.21,    129.23,         13.79
         24,          4,    6,          9.29,          3.30,       4.13,      41.33,    136.22,         13.40
         24,          4,    7,          9.60,          3.30,       4.34,      43.35,    142.87,         13.02
         24,          5,    1,          7.24,          3.30,       3.32,      33.16,    109.31,         21.17
         24,          5,    2,          8.52,          3.30,       3.76,      37.56,    123.79,         18.02
         24,          5,    3,          9.33,          3.30,       4.12,      41.25,    135.98,         16.57
         24,          5,    4,          9.86,          3.30,       4.41,      44.12,    145.42,         15.85
         24,          5,    5,         10.27,          3.30,       4.67,      46.67,    153.80,         15.30
         24,          5,    6,         10.57,          3.30,       4.89,      48.90,    161.17,         14.82
         24,          5,    7,         10.81,          3.30,       5.11,      51.04,    168.21,         14.37
         24,          6,    1,          8.60,          3.30,       3.88,      38.81,    127.92,         25.25
         24,          6,    2,          9.75,          3.30,       4.37,      43.73,    144.14,         21.00
         24,          6,    3,         10.41,          3.30,       4.75,      47.47,    156.45,         19.21
         24,          6,    4,         10.87,          3.30,       5.05,      50.53,    166.53,         18.15
         24,          6,    5,         11.20,          3.30,       5.32,      53.17,    175.21,         17.35
         24,          6,    6,         11.46,          3.30,       5.56,      55.61,    183.24,         16.66
         24,          6,    7,         11.67,          3.29,       5.79,      57.83,    190.51,         16.08
         24,          7,    1,          9.64,          3.30,       4.43,      44.32,    146.07,         28.13
         24,          7,    2,         10.72,          3.30,       5.00,      50.03,    164.88,         22.94
         24,          7,    3,         11.35,          3.30,       5.44,      54.42,    179.33,         20.69
         24,          7,    4,         11.77,          3.29,       5.78,      57.79,    190.38,         19.51
         24,          7,    5,         12.08,          3.29,       6.08,      60.83,    200.36,         18.55
         24,          7,    6,         12.31,          3.29,       6.36,      63.55,    209.26,         17.77
         24,          7,    7,         12.52,          3.29,       6.61,      66.14,    217.78,         17.09
         25,          1,    1,         -0.48,          3.30,       1.66,      16.57,     54.69,          6.89
         25,          1,    2,          1.56,          3.30,       1.91,      19.05,     62.87,          6.77
         25,          1,    3,          3.01,          3.30,       2.13,      21.36,     70.45,          6.96
         25,          1,    4,          4.04,          3.30,       2.33,      23.33,     76.95,          7.19
         25,          1,    5,          4.83,          3.30,       2.52,      25.12,     82.83,          7.39
         25,          1,    6,          5.43,          3.30,       2.68,      26.78,     88.32,          7.49
         25,          1,    7,          5.93,          3.30,       2.84,      28.40,     93.61,          7.55
         25,          2,    1,          1.38,          3.30,       1.91,      19.07,     62.93,         12.91
         25,          2,    2,          3.25,          3.30,       2.19,      21.85,     72.08,         10.68
         25,          2,    3,          4.55,          3.30,       2.45,      24.47,     80.70,         10.02
         25,          2,    4,          5.51,          3.30,       2.67,      26.74,     88.18,          9.90
         25,          2,    5,          6.23,          3.30,       2.89,      28.85,     95.12,          9.80
         25,          2,    6,          6.80,          3.30,       3.07,      30.69,    101.19,          9.78
         25,          2,    7,          7.25,          3.30,       3.26,      32.57,    107.38,          9.63
         25,          3,    1,          3.87,          3.30,       2.35,      23.45,     77.35,         19.01
         25,          3,    2,          5.51,          3.30,       2.70,      26.98,     88.95,         14.56
         25,          3,    3,          6.64,          3.30,       3.00,      30.05,     99.07,         13.35
         25,          3,    4,          7.42,          3.30,       3.26,      32.58,    107.39,         12.87
         25,          3,    5,          8.02,          3.30,       3.49,      34.84,    114.83,         12.59
         25,          3,    6,          8.47,          3.30,       3.69,      36.89,    121.59,         12.32
         25,          3,    7,          8.83,          3.30,       3.88,      38.81,    127.93,         12.05
         25,          4,    1,          5.72,          3.30,       2.80,      28.04,     92.44,         20.71
         25,          4,    2,          7.14,          3.30,       3.19,      31.88,    105.09,         16.90
         25,          4,    3,          8.06,          3.30,       3.51,      35.11,    115.74,         15.51
         25,          4,    4,          8.73,          3.30,       3.78,      37.79,    124.54,         14.91
         25,          4,    5,          9.24,          3.30,       4.03,      40.32,    132.88,         14.35
         25,          4,    6,          9.63,          3.30,       4.25,      42.53,    140.19,         13.97
         25,          4,    7,          9.95,          3.30,       4.46,      44.60,    147.00,         13.62
         25,          5,    1,          7.59,          3.30,       3.41,      34.07,    112.30,         22.19
         25,          5,    2,          8.86,          3.30,       3.87,      38.75,    127.71,         18.64
         25,          5,    3,          9.69,          3.30,       4.26,      42.57,    140.29,         17.28
         25,          5,    4,         10.24,          3.30,       4.55,      45.56,    150.16,         16.58
         25,          5,    5,         10.64,          3.30,       4.82,      48.19,    158.82,         16.01
         25,          5,    6,         10.95,          3.30,       5.05,      50.48,    166.34,         15.56
         25,          5,    7,         11.20,          3.30,       5.28,      52.75,    173.84,         15.10
         25,          6,    1,          8.99,          3.30,       4.01,      40.11,    132.19,         26.57
         25,          6,    2,         10.13,          3.30,       4.53,      45.30,    149.29,         21.94
         25,          6,    3,         10.80,          3.30,       4.92,      49.17,    162.03,         20.17
         25,          6,    4,         11.27,          3.30,       5.23,      52.35,    172.50,         19.09
         25,          6,    5,         11.60,          3.29,       5.52,      55.20,    181.87,         18.20
         25,          6,    6,         11.87,          3.29,       5.76,      57.59,    189.74,         17.62
         25,          6,    7,         12.09,          3.29,       6.00,      59.94,    197.45,         17.03
         25,          7,    1,         10.03,          3.30,       4.60,      45.96,    151.48,         29.42
         25,          7,    2,         11.14,          3.30,       5.20,      52.01,    171.39,         23.99
         25,          7,    3,         11.78,          3.29,       5.65,      56.51,    186.17,         21.85
         25,          7,    4,         12.21,          3.29,       6.01,      60.13,    198.07,         20.58
         25,          7,    5,         12.52,          3.29,       6.33,      63.28,    208.38,         19.62
         25,          7,    6,         12.78,          3.29,       6.61,      66.14,    217.78,         18.85
         25,          7,    7,         12.98,          3.29,       6.88,      68.79,    226.49,         18.20
         26,          1,    1,         -0.29,          3.30,       1.68,      16.78,     55.35,          7.11
         26,          1,    2,          1.76,          3.30,       1.94,      19.35,     63.84,          6.93
         26,          1,    3,          3.25,          3.30,       2.17,      21.68,     71.53,          7.20
         26,          1,    4,          4.29,          3.30,       2.37,      23.69,     78.15,          7.47
         26,          1,    5,          5.09,          3.30,       2.56,      25.58,     84.36,          7.65
         26,          1,    6,          5.73,          3.30,       2.74,      27.36,     90.22,          7.80
         26,          1,    7,          6.24,          3.30,       2.90,      28.99,     95.56,          7.89
         26,          2,    1,          1.61,          3.30,       1.94,      19.37,     63.91,         13.49
         26,          2,    2,          3.49,          3.30,       2.22,      22.22,     73.28,         11.10
         26,          2,    3,          4.79,          3.30,       2.49,      24.91,     82.15,         10.39
         26,          2,    4,          5.76,          3.30,       2.73,      27.24,     89.83,         10.28
         26,          2,    5,          6.50,          3.30,       2.94,      29.45,     97.08,         10.18
         26,          2,    6,          7.09,          3.30,       3.14,      31.42,    103.56,         10.16
         26,          2,    7,          7.57,          3.30,       3.33,      33.26,    109.65,         10.11
         26,          3,    1,          4.14,          3.30,       2.39,      23.92,     78.91,         19.85
         26,          3,    2,          5.80,          3.30,       2.76,      27.59,     90.99,         15.10
         26,          3,    3,          6.94,          3.30,       3.08,      30.78,    101.47,         13.88
         26,          3,    4,          7.73,          3.30,       3.34,      33.42,    110.16,         13.39
         26,          3,    5,          8.34,          3.30,       3.58,      35.79,    117.97,         13.08
         26,          3,    6,          8.81,          3.30,       3.79,      37.90,    124.91,         12.87
         26,          3,    7,          9.19,          3.30,       3.99,      39.92,    131.56,         12.62
         26,          4,    1,          6.04,          3.30,       2.88,      28.78,     94.91,         21.92
         26,          4,    2,          7.47,          3.30,       3.29,      32.83,    108.23,         17.65
         26,          4,    3,          8.40,          3.30,       3.61,      36.13,    119.08,         16.27
         26,          4,    4,          9.08,          3.30,       3.90,      38.97,    128.44,         15.60
         26,          4,    5,          9.59,          3.30,       4.15,      41.54,    136.92,         15.07
         26,          4,    6,          9.99,          3.30,       4.38,      43.78,    144.30,         14.74
         26,          4,    7,         10.33,          3.30,       4.60,      45.97,    151.51,         14.41
         26,          5,    1,          7.95,          3.30,       3.52,      35.22,    116.11,         23.14
         26,          5,    2,          9.25,          3.30,       4.01,      40.11,    132.20,         19.53
         26,          5,    3,         10.08,          3.30,       4.40,      44.03,    145.12,         18.19
         26,          5,    4,         10.63,          3.30,       4.72,      47.15,    155.40,         17.47
         26,          5,    5,         11.05,          3.30,       4.99,      49.96,    164.65,         16.88
         26,          5,    6,         11.37,          3.30,       5.24,      52.38,    172.61,         16.43
         26,          5,    7,         11.64,          3.29,       5.47,      54.67,    180.12,         16.02
         26,          6,    1,          9.39,          3.30,       4.16,      41.66,    137.33,         27.63
         26,          6,    2,         10.55,          3.30,       4.71,      47.07,    155.14,         23.05
         26,          6,    3,         11.23,          3.30,       5.12,      51.14,    168.52,         21.18
         26,          6,    4,         11.70,          3.30,       5.44,      54.41,    179.31,         20.16
         26,          6,    5,         12.06,          3.29,       5.74,      57.31,    188.82,         19.35
         26,          6,    6,         12.33,          3.29,       5.99,      59.87,    197.20,         18.71
         26,          6,    7,         12.56,          3.29,       6.24,      62.34,    205.35,         18.14
         26,          7,    1,         10.48,          3.30,       4.79,      47.89,    157.83,         30.96
         26,          7,    2,         11.59,          3.30,       5.42,      54.23,    178.71,         25.35
         26,          7,    3,         12.24,          3.29,       5.91,      59.05,    194.51,         23.05
         26,          7,    4,         12.68,          3.29,       6.28,      62.80,    206.82,         21.81
         26,          7,    5,         13.02,          3.29,       6.62,      66.14,    217.81,         20.89
         26,          7,    6,         13.29,          3.29,       6.91,      69.13,    227.59,         20.15
         26,          7,    7,         13.51,          3.29,       7.18,      71.77,    236.25,         19.60
         27,          1,    1,         -0.09,          3.30,       1.69,      16.94,     55.89,          7.40
         27,          1,    2,          1.97,          3.30,       1.96,      19.61,     64.71,          7.14
         27,          1,    3,          3.43,          3.30,       2.19,      21.97,     72.47,          7.38
         27,          1,    4,          4.49,          3.30,       2.41,      24.07,     79.38,          7.65
         27,          1,    5,          5.30,          3.30,       2.60,      25.98,     85.68,          7.88
         27,          1,    6,          5.96,          3.30,       2.78,      27.77,     91.57,          8.06
         27,          1,    7,          6.49,          3.30,       2.95,      29.52,     97.31,          8.16
         27,          2,    1,          1.81,          3.30,       1.97,      19.66,     64.85,         13.76
         27,          2,    2,          3.69,          3.30,       2.26,      22.56,     74.41,         11.36
         27,          2,    3,          4.99,          3.30,       2.53,      25.31,     83.49,         10.63
         27,          2,    4,          5.97,          3.30,       2.77,      27.70,     91.32,         10.55
         27,          2,    5,          6.74,          3.30,       3.00,      29.98,     98.83,         10.48
         27,          2,    6,          7.33,          3.30,       3.20,      32.00,    105.49,         10.46
         27,          2,    7,          7.83,          3.30,       3.39,      33.85,    111.59,         10.51
         27,          3,    1,          4.40,          3.30,       2.44,      24.43,     80.59,         19.97
         27,          3,    2,          6.06,          3.30,       2.82,      28.22,     93.05,         15.37
         27,          3,    3,          7.21,          3.30,       3.15,      31.51,    103.87,         14.18
         27,          3,    4,          8.01,          3.30,       3.42,      34.23,    112.83,         13.74
         27,          3,    5,          8.62,          3.30,       3.66,      36.63,    120.74,         13.49
         27,          3,    6,          9.11,          3.30,       3.89,      38.85,    128.06,         13.29
         27,          3,    7,          9.50,          3.30,       4.09,      40.91,    134.83,         13.09
         27,          4,    1,          6.35,          3.30,       2.95,      29.51,     97.31,         22.57
         27,          4,    2,          7.77,          3.30,       3.36,      33.67,    110.99,         18.26
         27,          4,    3,          8.70,          3.30,       3.70,      37.07,    122.19,         16.85
         27,          4,    4,          9.39,          3.30,       4.00,      40.05,    131.99,         16.15
         27,          4,    5,          9.90,          3.30,       4.27,      42.72,    140.78,         15.63
         27,          4,    6,         10.33,          3.30,       4.51,      45.05,    148.46,         15.36
         27,          4,    7,         10.67,          3.30,       4.72,      47.24,    155.70,         15.05
         27,          5,    1,          8.29,          3.30,       3.63,      36.25,    119.51,         24.12
         27,          5,    2,          9.60,          3.30,       4.14,      41.35,    136.30,         20.37
         27,          5,    3,         10.44,          3.30,       4.55,      45.54,    150.12,         18.87
         27,          5,    4,         11.00,          3.30,       4.88,      48.76,    160.72,         18.19
         27,          5,    5,         11.43,          3.30,       5.17,      51.67,    170.29,         17.66
         27,          5,    6,         11.77,          3.29,       5.42,      54.17,    178.50,         17.26
         27,          5,    7,         12.04,          3.29,       5.66,      56.57,    186.38,         16.87
         27,          6,    1,          9.78,          3.30,       4.31,      43.14,    142.17,         28.96
         27,          6,    2,         10.94,          3.30,       4.88,      48.82,    160.89,         24.12
         27,          6,    3,         11.64,          3.30,       5.31,      53.11,    175.00,         22.21
         27,          6,    4,         12.11,          3.30,       5.65,      56.49,    186.12,         21.21
         27,          6,    5,         12.47,          3.29,       5.95,      59.51,    196.02,         20.37
         27,          6,    6,         12.76,          3.29,       6.22,      62.22,    204.89,         19.76
         27,          6,    7,         12.99,          3.29,       6.48,      64.79,    213.38,         19.16
         27,          7,    1,         10.89,          3.30,       4.98,      49.75,    163.96,         32.39
         27,          7,    2,         12.02,          3.29,       5.65,      56.46,    186.03,         26.54
         27,          7,    3,         12.68,          3.29,       6.15,      61.46,    202.42,         24.29
         27,          7,    4,         13.13,          3.29,       6.55,      65.45,    215.50,         23.00
         27,          7,    5,         13.49,          3.29,       6.90,      68.98,    227.10,         22.11
         27,          7,    6,         13.76,          3.29,       7.20,      71.96,    236.92,         21.44
         27,          7,    7,         13.99,          3.29,       7.47,      74.71,    245.96,         20.89
         28,          1,    1,          0.06,          3.30,       1.72,      17.17,     56.64,          7.45
         28,          1,    2,          2.12,          3.30,       1.98,      19.80,     65.34,          7.31
         28,          1,    3,          3.60,          3.30,       2.22,      22.20,     73.24,          7.59
         28,          1,    4,          4.66,          3.30,       2.44,      24.41,     80.50,          7.80
         28,          1,    5,          5.48,          3.30,       2.64,      26.38,     86.98,          8.04
         28,          1,    6,          6.16,          3.30,       2.83,      28.26,     93.16,          8.24
         28,          1,    7,          6.71,          3.30,       3.00,      29.97,     98.79,          8.41
         28,          2,    1,          2.01,          3.30,       2.00,      19.96,     65.86,         14.17
         28,          2,    2,          3.87,          3.30,       2.29,      22.92,     75.60,         11.62
         28,          2,    3,          5.18,          3.30,       2.57,      25.66,     84.61,         11.00
         28,          2,    4,          6.18,          3.30,       2.82,      28.16,     92.86,         10.87
         28,          2,    5,          6.94,          3.30,       3.04,      30.45,    100.37,         10.81
         28,          2,    6,          7.56,          3.30,       3.25,      32.52,    107.20,         10.86
         28,          2,    7,          8.07,          3.30,       3.45,      34.46,    113.58,         10.88
         28,          3,    1,          4.64,          3.30,       2.50,      24.96,     82.31,         20.67
         28,          3,    2,          6.30,          3.30,       2.88,      28.77,     94.85,         16.04
         28,          3,    3,          7.47,          3.30,       3.22,      32.22,    106.21,         14.72
         28,          3,    4,          8.29,          3.30,       3.50,      34.98,    115.28,         14.33
         28,          3,    5,          8.91,          3.30,       3.75,      37.49,    123.58,         14.06
         28,          3,    6,          9.40,          3.30,       3.99,      39.84,    131.32,         13.82
         28,          3,    7,          9.81,          3.30,       4.20,      41.98,    138.36,         13.64
         28,          4,    1,          6.64,          3.30,       3.02,      30.22,     99.63,         23.58
         28,          4,    2,          8.07,          3.30,       3.45,      34.53,    113.82,         18.99
         28,          4,    3,          9.00,          3.30,       3.81,      38.06,    125.46,         17.50
         28,          4,    4,          9.70,          3.30,       4.11,      41.10,    135.48,         16.84
         28,          4,    5,         10.23,          3.30,       4.38,      43.79,    144.32,         16.39
         28,          4,    6,         10.65,          3.30,       4.63,      46.32,    152.66,         16.01
         28,          4,    7,         11.01,          3.30,       4.86,      48.61,    160.19,         15.75
         28,          5,    1,          8.63,          3.30,       3.74,      37.38,    123.21,         25.09
         28,          5,    2,          9.95,          3.30,       4.27,      42.70,    140.74,         21.20
         28,          5,    3,         10.79,          3.30,       4.70,      46.99,    154.88,         19.76
         28,          5,    4,         11.37,          3.30,       5.03,      50.37,    165.99,         19.07
         28,          5,    5,         11.81,          3.30,       5.34,      53.40,    176.00,         18.56
         28,          5,    6,         12.15,          3.29,       5.61,      56.04,    184.66,         18.15
         28,          5,    7,         12.44,          3.29,       5.86,      58.58,    192.97,         17.75
         28,          6,    1,         10.15,          3.30,       4.47,      44.67,    147.24,         30.07
         28,          6,    2,         11.34,          3.30,       5.06,      50.64,    166.90,         25.15
         28,          6,    3,         12.04,          3.30,       5.52,      55.12,    181.61,         23.23
         28,          6,    4,         12.52,          3.29,       5.87,      58.73,    193.47,         22.16
         28,          6,    5,         12.89,          3.29,       6.18,      61.83,    203.64,         21.42
         28,          6,    6,         13.19,          3.29,       6.46,      64.61,    212.75,         20.84
         28,          6,    7,         13.44,          3.29,       6.74,      67.40,    221.95,         20.22
         28,          7,    1,         11.30,          3.30,       5.18,      51.79,    170.67,         33.50
         28,          7,    2,         12.44,          3.29,       5.88,      58.84,    193.83,         27.65
         28,          7,    3,         13.12,          3.29,       6.41,      64.10,    211.10,         25.39
         28,          7,    4,         13.58,          3.29,       6.82,      68.22,    224.60,         24.22
         28,          7,    5,         13.95,          3.29,       7.19,      71.91,    236.74,         23.33
         28,          7,    6,         14.23,          3.29,       7.49,      74.92,    246.62,         22.78
         28,          7,    7,         14.47,          3.29,       7.79,      77.87,    256.36,         22.22
         29,          1,    1,          0.20,          3.30,       1.73,      17.26,     56.96,          7.67
         29,          1,    2,          2.27,          3.30,       2.00,      20.00,     66.00,          7.44
         29,          1,    3,          3.73,          3.30,       2.25,      22.48,     74.15,          7.65
         29,          1,    4,          4.81,          3.30,       2.47,      24.71,     81.49,          7.93
         29,          1,    5,          5.65,          3.30,       2.67,      26.71,     88.07,          8.20
         29,          1,    6,          6.33,          3.30,       2.86,      28.63,     94.39,          8.42
         29,          1,    7,          6.88,          3.30,       3.04,      30.38,    100.15,          8.58
         29,          2,    1,          2.19,          3.30,       2.02,      20.19,     66.61,         14.50
         29,          2,    2,          4.04,          3.30,       2.32,      23.20,     76.53,         11.88
         29,          2,    3,          5.35,          3.30,       2.60,      26.03,     85.83,         11.19
         29,          2,    4,          6.34,          3.30,       2.86,      28.55,     94.13,         11.05
         29,          2,    5,          7.12,          3.30,       3.09,      30.86,    101.76,         11.06
         29,          2,    6,          7.75,          3.30,       3.30,      33.05,    108.94,         11.09
         29,          2,    7,          8.28,          3.30,       3.51,      35.06,    115.56,         11.15
         29,          3,    1,          4.87,          3.30,       2.54,      25.40,     83.77,         21.26
         29,          3,    2,          6.53,          3.30,       2.94,      29.35,     96.78,         16.40
         29,          3,    3,          7.71,          3.30,       3.29,      32.86,    108.32,         15.13
         29,          3,    4,          8.53,          3.30,       3.57,      35.72,    117.74,         14.73
         29,          3,    5,          9.16,          3.30,       3.84,      38.37,    126.48,         14.42
         29,          3,    6,          9.66,          3.30,       4.07,      40.73,    134.24,         14.26
         29,          3,    7,         10.08,          3.30,       4.29,      42.94,    141.52,         14.11
         29,          4,    1,          6.91,          3.30,       3.10,      30.95,    102.02,         24.46
         29,          4,    2,          8.34,          3.30,       3.54,      35.38,    116.62,         19.69
         29,          4,    3,          9.28,          3.30,       3.90,      39.03,    128.63,         18.15
         29,          4,    4,          9.98,          3.30,       4.22,      42.17,    139.01,         17.44
         29,          4,    5,         10.52,          3.30,       4.49,      44.95,    148.17,         17.01
         29,          4,    6,         10.95,          3.30,       4.75,      47.51,    156.59,         16.69
         29,          4,    7,         11.31,          3.30,       4.99,      49.88,    164.39,         16.42
         29,          5,    1,          8.95,          3.30,       3.85,      38.46,    126.76,         26.18
         29,          5,    2,         10.26,          3.30,       4.40,      43.99,    144.99,         22.00
         29,          5,    3,         11.11,          3.30,       4.84,      48.47,    159.73,         20.51
         29,          5,    4,         11.71,          3.30,       5.20,      51.97,    171.29,         19.87
         29,          5,    5,         12.16,          3.29,       5.52,      55.13,    181.64,         19.35
         29,          5,    6,         12.52,          3.29,       5.79,      57.84,    190.56,         19.02
         29,          5,    7,         12.81,          3.29,       6.05,      60.48,    199.20,         18.66
         29,          6,    1,         10.51,          3.30,       4.62,      46.18,    152.20,         31.18
         29,          6,    2,         11.71,          3.30,       5.24,      52.43,    172.78,         26.16
         29,          6,    3,         12.41,          3.29,       5.71,      57.08,    188.06,         24.23
         29,          6,    4,         12.91,          3.29,       6.08,      60.79,    200.24,         23.22
         29,          6,    5,         13.28,          3.29,       6.40,      64.05,    210.92,         22.47
         29,          6,    6,         13.59,          3.29,       6.71,      67.05,    220.73,         21.84
         29,          6,    7,         13.85,          3.29,       6.99,      69.90,    230.12,         21.29
         29,          7,    1,         11.68,          3.30,       5.37,      53.71,    177.01,         34.59
         29,          7,    2,         12.84,          3.29,       6.10,      61.02,    201.00,         28.89
         29,          7,    3,         13.53,          3.29,       6.66,      66.63,    219.39,         26.51
         29,          7,    4,         14.00,          3.29,       7.10,      70.99,    233.73,         25.31
         29,          7,    5,         14.38,          3.29,       7.47,      74.73,    246.01,         24.58
         29,          7,    6,         14.67,          3.29,       7.80,      77.94,    256.58,         23.99
         29,          7,    7,         14.91,          3.29,       8.11,      81.06,    266.85,         23.42
         30,          1,    1,          0.32,          3.30,       1.75,      17.51,     57.77,          7.80
         30,          1,    2,          2.39,          3.30,       2.03,      20.34,     67.12,          7.49
         30,          1,    3,          3.88,          3.30,       2.28,      22.78,     75.15,          7.83
         30,          1,    4,          4.96,          3.30,       2.51,      25.06,     82.63,          8.11
         30,          1,    5,          5.81,          3.30,       2.71,      27.11,     89.38,          8.40
         30,          1,    6,          6.50,          3.30,       2.90,      29.02,     95.68,          8.65
         30,          1,    7,          7.07,          3.30,       3.08,      30.82,    101.60,          8.83
         30,          2,    1,          2.39,          3.30,       2.05,      20.50,     67.65,         15.10
         30,          2,    2,          4.20,          3.30,       2.36,      23.56,     77.68,         12.23
         30,          2,    3,          5.53,          3.30,       2.66,      26.56,     87.59,         11.35
         30,          2,    4,          6.52,          3.30,       2.90,      29.01,     95.64,         11.37
         30,          2,    5,          7.30,          3.30,       3.14,      31.36,    103.39,         11.37
         30,          2,    6,          7.95,          3.30,       3.36,      33.55,    110.60,         11.46
         30,          2,    7,          8.48,          3.30,       3.57,      35.66,    117.55,         11.49
         30,          3,    1,          5.10,          3.30,       2.60,      25.96,     85.60,         21.99
         30,          3,    2,          6.76,          3.30,       3.00,      30.00,     98.91,         16.94
         30,          3,    3,          7.94,          3.30,       3.36,      33.61,    110.78,         15.62
         30,          3,    4,          8.79,          3.30,       3.66,      36.58,    120.57,         15.23
         30,          3,    5,          9.43,          3.30,       3.93,      39.29,    129.49,         14.96
         30,          3,    6,          9.95,          3.30,       4.19,      41.91,    138.13,         14.70
         30,          3,    7,         10.38,          3.30,       4.40,      44.01,    145.05,         14.71
         30,          4,    1,          7.21,          3.30,       3.18,      31.84,    104.97,         25.16
         30,          4,    2,          8.64,          3.30,       3.64,      36.39,    119.93,         20.39
         30,          4,    3,          9.58,          3.30,       4.01,      40.15,    132.33,         18.82
         30,          4,    4,         10.28,          3.30,       4.34,      43.33,    142.82,         18.17
         30,          4,    5,         10.83,          3.30,       4.62,      46.23,    152.37,         17.71
         30,          4,    6,         11.27,          3.30,       4.88,      48.83,    160.91,         17.44
         30,          4,    7,         11.64,          3.30,       5.13,      51.33,    169.18,         17.15
         30,          5,    1,          9.28,          3.30,       3.97,      39.71,    130.89,         27.01
         30,          5,    2,         10.61,          3.30,       4.55,      45.48,    149.90,         22.83
         30,          5,    3,         11.47,          3.30,       5.01,      50.11,    165.15,         21.38
         30,          5,    4,         12.07,          3.30,       5.39,      53.90,    177.60,         20.63
         30,          5,    5,         12.53,          3.29,       5.71,      57.05,    187.96,         20.23
         30,          5,    6,         12.90,          3.29,       5.99,      59.93,    197.43,         19.90
         30,          5,    7,         13.20,          3.29,       6.27,      62.68,    206.45,         19.55
         30,          6,    1,         10.90,          3.30,       4.78,      47.86,    157.77,         32.59
         30,          6,    2,         12.10,          3.30,       5.45,      54.50,    179.59,         27.22
         30,          6,    3,         12.81,          3.29,       5.94,      59.37,    195.61,         25.29
         30,          6,    4,         13.32,          3.29,       6.32,      63.18,    208.07,         24.42
         30,          6,    5,         13.70,          3.29,       6.67,      66.62,    219.36,         23.61
         30,          6,    6,         14.01,          3.29,       6.97,      69.71,    229.51,         23.02
         30,          6,    7,         14.29,          3.29,       7.28,      72.75,    239.50,         22.48
         30,          7,    1,         12.10,          3.29,       5.59,      55.94,    184.32,         35.98
         30,          7,    2,         13.27,          3.29,       6.37,      63.69,    209.74,         30.13
         30,          7,    3,         13.97,          3.29,       6.96,      69.56,    228.99,         27.81
         30,          7,    4,         14.46,          3.29,       7.41,      74.09,    243.93,         26.70
         30,          7,    5,         14.84,          3.29,       7.81,      78.03,    256.89,         25.93
         30,          7,    6,         15.14,          3.29,       8.15,      81.40,    267.97,         25.38
         30,          7,    7,         15.39,          3.29,       8.46,      84.58,    278.39,         24.88
         31,          1,    1,          0.43,          3.30,       1.77,      17.73,     58.49,          7.90
         31,          1,    2,          2.50,          3.30,       2.05,      20.46,     67.49,          7.73
         31,          1,    3,          4.00,          3.30,       2.31,      23.05,     76.03,          7.97
         31,          1,    4,          5.10,          3.30,       2.53,      25.33,     83.52,          8.30
         31,          1,    5,          5.95,          3.30,       2.74,      27.42,     90.43,          8.56
         31,          1,    6,          6.65,          3.30,       2.94,      29.42,     96.98,          8.82
         31,          1,    7,          7.23,          3.30,       3.13,      31.27,    103.09,          9.02
         31,          2,    1,          2.55,          3.30,       2.08,      20.79,     68.58,         15.38
         31,          2,    2,          4.37,          3.30,       2.39,      23.89,     78.78,         12.49
         31,          2,    3,          5.67,          3.30,       2.68,      26.80,     88.37,         11.72
         31,          2,    4,          6.67,          3.30,       2.94,      29.44,     97.06,         11.57
         31,          2,    5,          7.46,          3.30,       3.19,      31.82,    104.90,         11.61
         31,          2,    6,          8.12,          3.30,       3.41,      34.09,    112.38,         11.68
         31,          2,    7,          8.67,          3.30,       3.63,      36.28,    119.59,         11.73
         31,          3,    1,          5.33,          3.30,       2.65,      26.50,     87.40,         22.22
         31,          3,    2,          6.99,          3.30,       3.06,      30.58,    100.80,         17.38
         31,          3,    3,          8.18,          3.30,       3.43,      34.30,    113.05,         16.05
         31,          3,    4,          9.03,          3.30,       3.74,      37.37,    123.17,         15.64
         31,          3,    5,          9.68,          3.30,       4.02,      40.19,    132.46,         15.37
         31,          3,    6,         10.21,          3.30,       4.27,      42.72,    140.79,         15.27
         31,          3,    7,         10.65,          3.30,       4.51,      45.12,    148.70,         15.14
         31,          4,    1,          7.48,          3.30,       3.27,      32.64,    107.61,         25.98
         31,          4,    2,          8.92,          3.30,       3.73,      37.31,    122.99,         21.10
         31,          4,    3,          9.86,          3.30,       4.12,      41.17,    135.70,         19.50
         31,          4,    4,         10.56,          3.30,       4.45,      44.49,    146.64,         18.80
         31,          4,    5,         11.11,          3.30,       4.75,      47.43,    156.33,         18.37
         31,          4,    6,         11.56,          3.30,       5.02,      50.13,    165.22,         18.11
         31,          4,    7,         11.94,          3.30,       5.28,      52.76,    173.89,         17.81
         31,          5,    1,          9.59,          3.30,       4.09,      40.93,    134.91,         27.87
         31,          5,    2,         10.93,          3.30,       4.69,      46.89,    154.56,         23.67
         31,          5,    3,         11.80,          3.30,       5.18,      51.74,    170.52,         22.16
         31,          5,    4,         12.41,          3.30,       5.56,      55.57,    183.10,         21.55
         31,          5,    5,         12.88,          3.29,       5.90,      59.00,    194.36,         21.05
         31,          5,    6,         13.25,          3.29,       6.20,      61.97,    204.12,         20.74
         31,          5,    7,         13.57,          3.29,       6.48,      64.80,    213.39,         20.49
         31,          6,    1,         11.24,          3.30,       4.95,      49.56,    163.35,         33.45
         31,          6,    2,         12.47,          3.29,       5.65,      56.50,    186.15,         28.23
         31,          6,    3,         13.19,          3.29,       6.15,      61.52,    202.60,         26.35
         31,          6,    4,         13.70,          3.29,       6.56,      65.62,    216.06,         25.37
         31,          6,    5,         14.10,          3.29,       6.93,      69.31,    228.20,         24.55
         31,          6,    6,         14.41,          3.29,       7.24,      72.46,    238.55,         24.03
         31,          6,    7,         14.70,          3.29,       7.55,      75.56,    248.74,         23.58
         31,          7,    1,         12.48,          3.29,       5.81,      58.05,    191.26,         37.16
         31,          7,    2,         13.68,          3.29,       6.63,      66.31,    218.37,         31.17
         31,          7,    3,         14.39,          3.29,       7.26,      72.62,    239.08,         28.76
         31,          7,    4,         14.88,          3.29,       7.73,      77.31,    254.51,         27.73
         31,          7,    5,         15.27,          3.29,       8.14,      81.45,    268.13,         27.04
         31,          7,    6,         15.58,          3.29,       8.48,      84.82,    279.20,         26.62
         31,          7,    7,         15.83,          3.29,       8.81,      88.07,    289.90,         26.19
         32,          1,    1,          0.57,          3.30,       1.79,      17.94,     59.20,          8.03
         32,          1,    2,          2.62,          3.30,       2.07,      20.65,     68.12,          7.91
         32,          1,    3,          4.14,          3.30,       2.33,      23.31,     76.88,          8.14
         32,          1,    4,          5.23,          3.30,       2.56,      25.61,     84.47,          8.45
         32,          1,    5,          6.10,          3.30,       2.78,      27.80,     91.65,          8.73
         32,          1,    6,          6.80,          3.30,       2.99,      29.95,     98.74,          8.92
         32,          1,    7,          7.40,          3.30,       3.17,      31.73,    104.60,          9.22
         32,          2,    1,          2.72,          3.30,       2.12,      21.14,     69.73,         15.42
         32,          2,    2,          4.53,          3.30,       2.42,      24.23,     79.90,         12.72
         32,          2,    3,          5.85,          3.30,       2.72,      27.19,     89.67,         11.98
         32,          2,    4,          6.84,          3.30,       3.00,      29.96,     98.77,         11.74
         32,          2,    5,          7.63,          3.30,       3.23,      32.31,    106.51,         11.84
         32,          2,    6,          8.29,          3.30,       3.46,      34.54,    113.86,         12.00
         32,          2,    7,          8.85,          3.30,       3.68,      36.81,    121.34,         12.05
         32,          3,    1,          5.55,          3.30,       2.71,      27.14,     89.49,         22.34
         32,          3,    2,          7.22,          3.30,       3.13,      31.23,    102.96,         17.83
         32,          3,    3,          8.42,          3.30,       3.51,      35.08,    115.65,         16.45
         32,          3,    4,          9.26,          3.30,       3.82,      38.21,    125.94,         16.06
         32,          3,    5,          9.93,          3.30,       4.11,      41.07,    135.36,         15.89
         32,          3,    6,         10.47,          3.30,       4.37,      43.70,    144.04,         15.79
         32,          3,    7,         10.93,          3.30,       4.62,      46.17,    152.17,         15.71
         32,          4,    1,          7.77,          3.30,       3.35,      33.51,    110.48,         26.75
         32,          4,    2,          9.21,          3.30,       3.84,      38.39,    126.54,         21.67
         32,          4,    3,         10.15,          3.30,       4.23,      42.33,    139.52,         20.13
         32,          4,    4,         10.86,          3.30,       4.57,      45.74,    150.76,         19.48
         32,          4,    5,         11.42,          3.30,       4.88,      48.75,    160.65,         19.10
         32,          4,    6,         11.88,          3.30,       5.15,      51.54,    169.86,         18.85
         32,          4,    7,         12.26,          3.30,       5.42,      54.21,    178.65,         18.59
         32,          5,    1,          9.92,          3.30,       4.23,      42.23,    139.19,         28.84
         32,          5,    2,         11.28,          3.30,       4.84,      48.45,    159.68,         24.61
         32,          5,    3,         12.15,          3.30,       5.35,      53.52,    176.38,         23.02
         32,          5,    4,         12.76,          3.29,       5.75,      57.44,    189.25,         22.45
         32,          5,    5,         13.23,          3.29,       6.10,      60.96,    200.83,         22.01
         32,          5,    6,         13.62,          3.29,       6.42,      64.14,    211.23,         21.71
         32,          5,    7,         13.95,          3.29,       6.72,      67.17,    221.17,         21.43
         32,          6,    1,         11.62,          3.30,       5.14,      51.41,    169.41,         34.57
         32,          6,    2,         12.85,          3.29,       5.87,      58.74,    193.53,         29.18
         32,          6,    3,         13.59,          3.29,       6.40,      63.97,    210.66,         27.44
         32,          6,    4,         14.11,          3.29,       6.82,      68.21,    224.59,         26.49
         32,          6,    5,         14.50,          3.29,       7.20,      71.97,    236.95,         25.76
         32,          6,    6,         14.83,          3.29,       7.53,      75.36,    248.09,         25.22
         32,          6,    7,         15.13,          3.29,       7.86,      78.54,    258.55,         24.86
         32,          7,    1,         12.88,          3.29,       6.04,      60.38,    198.91,         38.28
         32,          7,    2,         14.10,          3.29,       6.92,      69.14,    227.65,         32.34
         32,          7,    3,         14.83,          3.29,       7.56,      75.62,    248.96,         30.16
         32,          7,    4,         15.33,          3.29,       8.06,      80.56,    265.19,         29.14
         32,          7,    5,         15.72,          3.29,       8.49,      84.92,    279.53,         28.43
         32,          7,    6,         16.03,          3.29,       8.86,      88.55,    291.46,         27.96
         32,          7,    7,         16.30,          3.29,       9.21,      92.07,    303.01,         27.54
         33,          1,    1,          0.65,          3.30,       1.81,      18.09,     59.69,          8.16
         33,          1,    2,          2.72,          3.30,       2.08,      20.80,     68.62,          8.07
         33,          1,    3,          4.23,          3.30,       2.35,      23.50,     77.51,          8.27
         33,          1,    4,          5.35,          3.30,       2.59,      25.87,     85.31,          8.60
         33,          1,    5,          6.22,          3.30,       2.81,      28.11,     92.67,          8.87
         33,          1,    6,          6.95,          3.30,       3.01,      30.10,     99.25,          9.21
         33,          1,    7,          7.55,          3.30,       3.21,      32.10,    105.80,          9.42
         33,          2,    1,          2.90,          3.30,       2.14,      21.39,     70.55,         16.08
         33,          2,    2,          4.70,          3.30,       2.46,      24.62,     81.18,         12.96
         33,          2,    3,          5.98,          3.30,       2.75,      27.51,     90.73,         12.27
         33,          2,    4,          6.99,          3.30,       3.02,      30.20,     99.57,         12.15
         33,          2,    5,          7.78,          3.30,       3.27,      32.70,    107.81,         12.15
         33,          2,    6,          8.45,          3.30,       3.50,      35.03,    115.47,         12.28
         33,          2,    7,          9.04,          3.30,       3.73,      37.30,    122.93,         12.41
         33,          3,    1,          5.77,          3.30,       2.75,      27.49,     90.65,         23.28
         33,          3,    2,          7.43,          3.30,       3.18,      31.86,    105.03,         18.10
         33,          3,    3,          8.64,          3.30,       3.57,      35.74,    117.81,         16.87
         33,          3,    4,          9.49,          3.30,       3.90,      38.99,    128.50,         16.45
         33,          3,    5,         10.16,          3.30,       4.20,      42.02,    138.49,         16.22
         33,          3,    6,         10.71,          3.30,       4.46,      44.61,    147.04,         16.23
         33,          3,    7,         11.17,          3.30,       4.73,      47.27,    155.82,         16.10
         33,          4,    1,          8.04,          3.30,       3.43,      34.29,    113.02,         27.46
         33,          4,    2,          9.47,          3.30,       3.93,      39.33,    129.62,         22.26
         33,          4,    3,         10.43,          3.30,       4.34,      43.38,    142.97,         20.77
         33,          4,    4,         11.14,          3.30,       4.69,      46.87,    154.48,         20.13
         33,          4,    5,         11.70,          3.30,       5.00,      49.97,    164.70,         19.75
         33,          4,    6,         12.16,          3.30,       5.29,      52.88,    174.26,         19.50
         33,          4,    7,         12.56,          3.30,       5.57,      55.68,    183.49,         19.24
         33,          5,    1,         10.24,          3.30,       4.34,      43.43,    143.15,         29.84
         33,          5,    2,         11.60,          3.30,       5.00,      49.93,    164.55,         25.44
         33,          5,    3,         12.48,          3.29,       5.52,      55.24,    181.99,         23.87
         33,          5,    4,         13.10,          3.29,       5.94,      59.34,    195.49,         23.25
         33,          5,    5,         13.58,          3.29,       6.31,      63.11,    207.84,         22.80
         33,          5,    6,         13.97,          3.29,       6.63,      66.25,    218.15,         22.62
         33,          5,    7,         14.31,          3.29,       6.94,      69.38,    228.42,         22.38
         33,          6,    1,         11.98,          3.30,       5.32,      53.17,    175.23,         35.59
         33,          6,    2,         13.22,          3.29,       6.08,      60.82,    200.31,         30.28
         33,          6,    3,         13.96,          3.29,       6.64,      66.36,    218.50,         28.43
         33,          6,    4,         14.48,          3.29,       7.08,      70.83,    233.19,         27.46
         33,          6,    5,         14.90,          3.29,       7.46,      74.59,    245.55,         26.94
         33,          6,    6,         15.23,          3.29,       7.82,      78.15,    257.28,         26.37
         33,          6,    7,         15.52,          3.29,       8.17,      81.65,    268.77,         25.89
         33,          7,    1,         13.26,          3.29,       6.27,      62.63,    206.29,         39.17
         33,          7,    2,         14.50,          3.29,       7.20,      71.96,    236.92,         33.29
         33,          7,    3,         15.24,          3.29,       7.88,      78.74,    259.21,         31.26
         33,          7,    4,         15.75,          3.29,       8.39,      83.90,    276.19,         30.31
         33,          7,    5,         16.15,          3.29,       8.84,      88.40,    290.95,         29.70
         33,          7,    6,         16.46,          3.29,       9.23,      92.29,    303.72,         29.21
         33,          7,    7,         16.73,          3.29,       9.59,      95.86,    315.38,         28.85
         34,          1,    1,          0.76,          3.30,       1.82,      18.23,     60.14,          8.39
         34,          1,    2,          2.79,          3.30,       2.10,      20.96,     69.16,          8.19
         34,          1,    3,          4.33,          3.30,       2.37,      23.65,     78.04,          8.45
         34,          1,    4,          5.45,          3.30,       2.61,      26.08,     86.03,          8.76
         34,          1,    5,          6.34,          3.30,       2.83,      28.34,     93.44,          9.07
         34,          1,    6,          7.08,          3.30,       3.04,      30.42,    100.29,          9.39
         34,          1,    7,          7.69,          3.30,       3.24,      32.44,    106.94,          9.64
         34,          2,    1,          3.07,          3.30,       2.17,      21.66,     71.46,         16.32
         34,          2,    2,          4.83,          3.30,       2.49,      24.89,     82.08,         13.20
         34,          2,    3,          6.14,          3.30,       2.79,      27.85,     91.82,         12.53
         34,          2,    4,          7.13,          3.30,       3.05,      30.52,    100.62,         12.41
         34,          2,    5,          7.94,          3.30,       3.31,      33.11,    109.15,         12.40
         34,          2,    6,          8.61,          3.30,       3.55,      35.48,    116.93,         12.53
         34,          2,    7,          9.20,          3.30,       3.78,      37.80,    124.58,         12.68
         34,          3,    1,          5.98,          3.30,       2.80,      27.99,     92.30,         23.97
         34,          3,    2,          7.63,          3.30,       3.24,      32.42,    106.86,         18.64
         34,          3,    3,          8.86,          3.30,       3.65,      36.47,    120.22,         17.29
         34,          3,    4,          9.71,          3.30,       3.98,      39.81,    131.19,         16.90
         34,          3,    5,         10.39,          3.30,       4.28,      42.80,    141.08,         16.75
         34,          3,    6,         10.95,          3.30,       4.56,      45.64,    150.44,         16.66
         34,          3,    7,         11.42,          3.30,       4.81,      48.13,    158.63,         16.75
         34,          4,    1,          8.31,          3.30,       3.52,      35.15,    115.87,         28.13
         34,          4,    2,          9.75,          3.30,       4.03,      40.33,    132.94,         22.92
         34,          4,    3,         10.71,          3.30,       4.45,      44.49,    146.61,         21.46
         34,          4,    4,         11.42,          3.30,       4.81,      48.06,    158.41,         20.81
         34,          4,    5,         11.98,          3.30,       5.13,      51.31,    169.10,         20.43
         34,          4,    6,         12.46,          3.30,       5.43,      54.30,    178.96,         20.20
         34,          4,    7,         12.85,          3.30,       5.71,      57.10,    188.16,         20.01
         34,          5,    1,         10.55,          3.30,       4.47,      44.76,    147.52,         30.49
         34,          5,    2,         11.93,          3.30,       5.16,      51.57,    169.96,         26.14
         34,          5,    3,         12.82,          3.30,       5.70,      57.00,    187.83,         24.68
         34,          5,    4,         13.44,          3.29,       6.13,      61.23,    201.70,         24.16
         34,          5,    5,         13.93,          3.29,       6.52,      65.14,    214.53,         23.72
         34,          5,    6,         14.32,          3.29,       6.85,      68.53,    225.62,         23.45
         34,          5,    7,         14.66,          3.29,       7.18,      71.72,    236.12,         23.25
         34,          6,    1,         12.32,          3.30,       5.50,      54.99,    181.23,         36.48
         34,          6,    2,         13.60,          3.29,       6.31,      63.07,    207.70,         31.23
         34,          6,    3,         14.34,          3.29,       6.90,      68.95,    227.01,         29.35
         34,          6,    4,         14.87,          3.29,       7.35,      73.49,    241.95,         28.54
         34,          6,    5,         15.28,          3.29,       7.75,      77.48,    255.06,         27.95
         34,          6,    6,         15.62,          3.29,       8.12,      81.17,    267.20,         27.46
         34,          6,    7,         15.92,          3.29,       8.47,      84.61,    278.52,         27.13
         34,          7,    1,         13.63,          3.29,       6.50,      65.00,    214.04,         39.88
         34,          7,    2,         14.90,          3.29,       7.48,      74.78,    246.17,         34.32
         34,          7,    3,         15.65,          3.29,       8.20,      82.01,    269.97,         32.24
         34,          7,    4,         16.17,          3.29,       8.74,      87.36,    287.59,         31.46
         34,          7,    5,         16.57,          3.29,       9.22,      92.14,    303.24,         30.86
         34,          7,    6,         16.88,          3.29,       9.61,      96.11,    316.17,         30.45
         34,          7,    7,         17.16,          3.29,       9.98,      99.79,    328.25,         30.19
         35,          1,    1,          0.88,          3.30,       1.84,      18.40,     60.74,          8.63
         35,          1,    2,          2.89,          3.30,       2.12,      21.15,     69.79,          8.38
         35,          1,    3,          4.44,          3.30,       2.39,      23.88,     78.77,          8.62
         35,          1,    4,          5.56,          3.30,       2.64,      26.37,     86.94,          8.91
         35,          1,    5,          6.47,          3.30,       2.86,      28.61,     94.33,          9.28
         35,          1,    6,          7.20,          3.30,       3.07,      30.75,    101.40,          9.58
         35,          1,    7,          7.83,          3.30,       3.28,      32.77,    108.02,          9.86
         35,          2,    1,          3.23,          3.30,       2.20,      21.96,     72.44,         16.83
         35,          2,    2,          4.99,          3.30,       2.52,      25.23,     83.24,         13.55
         35,          2,    3,          6.29,          3.30,       2.83,      28.28,     93.25,         12.78
         35,          2,    4,          7.28,          3.30,       3.09,      30.93,    101.98,         12.73
         35,          2,    5,          8.10,          3.30,       3.36,      33.54,    110.58,         12.73
         35,          2,    6,          8.78,          3.30,       3.60,      35.97,    118.57,         12.87
         35,          2,    7,          9.36,          3.30,       3.84,      38.40,    126.56,         12.96
         35,          3,    1,          6.22,          3.30,       2.86,      28.61,     94.34,         24.59
         35,          3,    2,          7.87,          3.30,       3.31,      33.10,    109.12,         19.25
         35,          3,    3,          9.09,          3.30,       3.73,      37.28,    122.88,         17.82
         35,          3,    4,          9.95,          3.30,       4.07,      40.67,    134.05,         17.41
         35,          3,    5,         10.65,          3.30,       4.39,      43.82,    144.42,         17.29
         35,          3,    6,         11.21,          3.30,       4.67,      46.70,    153.92,         17.25
         35,          3,    7,         11.69,          3.30,       4.93,      49.32,    162.54,         17.33
         35,          4,    1,          8.61,          3.30,       3.61,      36.15,    119.18,         28.64
         35,          4,    2,         10.06,          3.30,       4.16,      41.55,    136.94,         23.49
         35,          4,    3,         11.02,          3.30,       4.59,      45.87,    151.21,         22.02
         35,          4,    4,         11.74,          3.30,       4.96,      49.54,    163.27,         21.50
         35,          4,    5,         12.31,          3.30,       5.29,      52.87,    174.23,         21.15
         35,          4,    6,         12.78,          3.29,       5.60,      55.97,    184.42,         20.93
         35,          4,    7,         13.18,          3.29,       5.89,      58.86,    193.92,         20.79
         35,          5,    1,         10.90,          3.30,       4.63,      46.32,    152.65,         31.17
         35,          5,    2,         12.29,          3.30,       5.35,      53.48,    176.22,         26.86
         35,          5,    3,         13.19,          3.29,       5.92,      59.21,    195.05,         25.46
         35,          5,    4,         13.81,          3.29,       6.36,      63.62,    209.52,         24.98
         35,          5,    5,         14.31,          3.29,       6.76,      67.62,    222.65,         24.66
         35,          5,    6,         14.71,          3.29,       7.11,      71.13,    234.18,         24.43
         35,          5,    7,         15.05,          3.29,       7.44,      74.40,    244.94,         24.30
         35,          6,    1,         12.71,          3.29,       5.72,      57.21,    188.49,         37.17
         35,          6,    2,         14.00,          3.29,       6.58,      65.77,    216.59,         32.05
         35,          6,    3,         14.76,          3.29,       7.20,      72.03,    237.12,         30.25
         35,          6,    4,         15.28,          3.29,       7.67,      76.65,    252.35,         29.60
         35,          6,    5,         15.70,          3.29,       8.09,      80.89,    266.26,         29.06
         35,          6,    6,         16.05,          3.29,       8.47,      84.73,    278.89,         28.62
         35,          6,    7,         16.35,          3.29,       8.82,      88.20,    290.30,         28.41
         35,          7,    1,         14.04,          3.29,       6.77,      67.69,    222.88,         40.60
         35,          7,    2,         15.33,          3.29,       7.82,      78.18,    257.37,         35.23
         35,          7,    3,         16.09,          3.29,       8.59,      85.91,    282.79,         33.26
         35,          7,    4,         16.61,          3.29,       9.14,      91.41,    300.83,         32.64
         35,          7,    5,         17.03,          3.29,       9.64,      96.44,    317.27,         32.15
         35,          7,    6,         17.34,          3.29,      10.05,     100.50,    330.61,         31.87
         35,          7,    7,         17.61,          3.29,      10.44,     104.41,    343.33,         31.56
         36,          1,    1,          0.97,          3.30,       1.85,      18.53,     61.13,          8.86
         36,          1,    2,          2.98,          3.30,       2.13,      21.33,     70.37,          8.50
         36,          1,    3,          4.52,          3.30,       2.41,      24.08,     79.41,          8.74
         36,          1,    4,          5.66,          3.30,       2.66,      26.55,     87.54,          9.08
         36,          1,    5,          6.57,          3.30,       2.89,      28.83,     95.06,          9.46
         36,          1,    6,          7.32,          3.30,       3.10,      31.02,    102.27,          9.78
         36,          1,    7,          7.96,          3.30,       3.31,      33.15,    109.27,         10.05
         36,          2,    1,          3.39,          3.30,       2.23,      22.25,     73.39,         17.08
         36,          2,    2,          5.13,          3.30,       2.55,      25.54,     84.22,         13.82
         36,          2,    3,          6.44,          3.30,       2.86,      28.57,     94.21,         13.11
         36,          2,    4,          7.44,          3.30,       3.13,      31.36,    103.39,         12.95
         36,          2,    5,          8.25,          3.30,       3.40,      33.98,    111.99,         13.00
         36,          2,    6,          8.93,          3.30,       3.65,      36.46,    120.19,         13.13
         36,          2,    7,          9.53,          3.30,       3.89,      38.89,    128.18,         13.27
         36,          3,    1,          6.44,          3.30,       2.91,      29.11,     95.97,         24.69
         36,          3,    2,          8.10,          3.30,       3.39,      33.89,    111.72,         19.20
         36,          3,    3,          9.33,          3.30,       3.81,      38.11,    125.63,         18.05
         36,          3,    4,         10.20,          3.30,       4.16,      41.64,    137.23,         17.72
         36,          3,    5,         10.90,          3.30,       4.49,      44.89,    147.94,         17.61
         36,          3,    6,         11.47,          3.30,       4.77,      47.76,    157.39,         17.67
         36,          3,    7,         11.95,          3.30,       5.05,      50.53,    166.54,         17.73
         36,          4,    1,          8.91,          3.30,       3.72,      37.15,    122.47,         29.08
         36,          4,    2,         10.35,          3.30,       4.28,      42.79,    141.05,         23.94
         36,          4,    3,         11.32,          3.30,       4.73,      47.30,    155.88,         22.56
         36,          4,    4,         12.05,          3.30,       5.10,      51.08,    168.36,         22.06
         36,          4,    5,         12.61,          3.30,       5.45,      54.49,    179.58,         21.76
         36,          4,    6,         13.09,          3.29,       5.77,      57.66,    189.99,         21.60
         36,          4,    7,         13.50,          3.29,       6.07,      60.64,    199.74,         21.51
         36,          5,    1,         11.24,          3.30,       4.78,      47.83,    157.63,         31.94
         36,          5,    2,         12.63,          3.30,       5.55,      55.49,    182.86,         27.42
         36,          5,    3,         13.55,          3.29,       6.14,      61.43,    202.34,         26.22
         36,          5,    4,         14.17,          3.29,       6.61,      66.16,    217.85,         25.65
         36,          5,    5,         14.68,          3.29,       7.03,      70.33,    231.56,         25.39
         36,          5,    6,         15.07,          3.29,       7.39,      73.93,    243.39,         25.24
         36,          5,    7,         15.43,          3.29,       7.74,      77.37,    254.68,         25.15
         36,          6,    1,         13.07,          3.29,       5.94,      59.39,    195.64,         37.64
         36,          6,    2,         14.38,          3.29,       6.86,      68.59,    225.84,         32.62
         36,          6,    3,         15.15,          3.29,       7.49,      74.92,    246.65,         31.17
         36,          6,    4,         15.68,          3.29,       8.00,      79.99,    263.34,         30.41
         36,          6,    5,         16.10,          3.29,       8.44,      84.37,    277.75,         29.95
         36,          6,    6,         16.44,          3.29,       8.83,      88.26,    290.48,         29.62
         36,          6,    7,         16.76,          3.29,       9.20,      91.95,    302.61,         29.47
         36,          7,    1,         14.43,          3.29,       7.04,      70.36,    231.66,         41.10
         36,          7,    2,         15.74,          3.29,       8.16,      81.58,    268.57,         35.91
         36,          7,    3,         16.52,          3.29,       8.96,      89.55,    294.72,         34.35
         36,          7,    4,         17.04,          3.29,       9.56,      95.60,    314.52,         33.66
         36,          7,    5,         17.46,          3.29,      10.07,     100.74,    331.32,         33.32
         36,          7,    6,         17.77,          3.29,      10.50,     105.04,    345.43,         32.99
         36,          7,    7,         18.05,          3.29,      10.91,     109.06,    358.60,         32.84
         37,          1,    1,          6.11,          3.30,       2.70,      27.01,     89.10,         50.91
         37,          1,    2,          6.85,          3.30,       2.90,      28.96,     95.49,         33.59
         37,          1,    3,          7.36,          3.30,       3.05,      30.48,    100.50,         28.02
         37,          1,    4,          7.61,          3.30,       3.15,      31.47,    103.75,         25.44
         37,          1,    5,          7.83,          3.30,       3.23,      32.29,    106.45,         23.91
         37,          1,    6,          7.97,          3.30,       3.29,      32.88,    108.37,         22.97
         37,          1,    7,          8.09,          3.30,       3.35,      33.45,    110.26,         22.05
         37,          2,    1,          7.81,          3.30,       3.19,      31.91,    105.18,         33.91
         37,          2,    2,          8.55,          3.30,       3.43,      34.29,    113.02,         27.90
         37,          2,    3,          8.96,          3.30,       3.59,      35.88,    118.29,         25.48
         37,          2,    4,          9.21,          3.30,       3.69,      36.96,    121.81,         24.20
         37,          2,    5,          9.41,          3.30,       3.79,      37.88,    124.86,         23.27
         37,          2,    6,          9.55,          3.30,       3.87,      38.67,    127.46,         22.50
         37,          2,    7,          9.70,          3.30,       3.94,      39.42,    129.92,         21.94
         37,          3,    1,          9.74,          3.30,       3.92,      39.20,    129.23,         30.41
         37,          3,    2,         10.68,          3.30,       4.33,      43.27,    142.62,         26.32
         37,          3,    3,         11.27,          3.30,       4.62,      46.20,    152.26,         24.79
         37,          3,    4,         11.60,          3.30,       4.80,      47.96,    158.08,         24.16
         37,          3,    5,         11.88,          3.30,       4.96,      49.64,    163.62,         23.60
         37,          3,    6,         12.07,          3.30,       5.08,      50.82,    167.52,         23.24
         37,          3,    7,         12.22,          3.30,       5.19,      51.92,    171.09,         22.90
         37,          4,    1,         11.45,          3.30,       4.77,      47.68,    157.15,         33.30
         37,          4,    2,         12.41,          3.30,       5.31,      53.06,    174.86,         29.24
         37,          4,    3,         12.97,          3.29,       5.65,      56.52,    186.23,         27.88
         37,          4,    4,         13.27,          3.29,       5.86,      58.59,    193.02,         27.29
         37,          4,    5,         13.51,          3.29,       6.03,      60.26,    198.50,         26.92
         37,          4,    6,         13.67,          3.29,       6.15,      61.53,    202.66,         26.63
         37,          4,    7,         13.82,          3.29,       6.29,      62.89,    207.15,         26.23
         37,          5,    1,         13.01,          3.29,       5.80,      58.01,    191.11,         36.83
         37,          5,    2,         14.11,          3.29,       6.57,      65.67,    216.23,         32.42
         37,          5,    3,         14.74,          3.29,       7.08,      70.79,    233.05,         30.96
         37,          5,    4,         15.11,          3.29,       7.41,      74.09,    243.90,         30.31
         37,          5,    5,         15.41,          3.29,       7.69,      76.87,    253.08,         29.91
         37,          5,    6,         15.62,          3.29,       7.90,      78.97,    259.98,         29.60
         37,          5,    7,         15.80,          3.29,       8.08,      80.84,    266.14,         29.39
         37,          6,    1,         14.32,          3.29,       6.91,      69.14,    227.65,         38.53
         37,          6,    2,         15.53,          3.29,       7.91,      79.04,    260.18,         34.79
         37,          6,    3,         16.17,          3.29,       8.52,      85.22,    280.52,         33.65
         37,          6,    4,         16.54,          3.29,       8.91,      89.12,    293.34,         33.16
         37,          6,    5,         16.81,          3.29,       9.22,      92.16,    303.29,         32.89
         37,          6,    6,         17.00,          3.29,       9.45,      94.54,    311.07,         32.61
         37,          6,    7,         17.16,          3.29,       9.64,      96.40,    317.15,         32.60
         37,          7,    1,         15.35,          3.29,       7.96,      79.55,    261.88,         39.38
         37,          7,    2,         16.66,          3.29,       9.20,      91.95,    302.60,         36.28
         37,          7,    3,         17.38,          3.29,       9.98,      99.84,    328.37,         35.67
         37,          7,    4,         17.77,          3.29,      10.48,     104.82,    344.67,         35.27
         37,          7,    5,         18.10,          3.29,      10.88,     108.82,    357.82,         35.30
         37,          7,    6,         18.30,          3.29,      11.16,     111.61,    366.99,         35.19
         37,          7,    7,         18.50,          3.29,      11.43,     114.30,    375.82,         35.20
         38,          1,    1,          6.17,          3.30,       2.73,      27.31,     90.05,         47.78
         38,          1,    2,          6.92,          3.30,       2.92,      29.21,     96.31,         32.98
         38,          1,    3,          7.44,          3.30,       3.07,      30.77,    101.45,         27.63
         38,          1,    4,          7.71,          3.30,       3.18,      31.80,    104.83,         25.17
         38,          1,    5,          7.94,          3.30,       3.27,      32.74,    107.95,         23.42
         38,          1,    6,          8.07,          3.30,       3.34,      33.36,    109.96,         22.45
         38,          1,    7,          8.20,          3.30,       3.38,      33.79,    111.40,         22.01
         38,          2,    1,          7.93,          3.30,       3.23,      32.30,    106.49,         33.85
         38,          2,    2,          8.68,          3.30,       3.49,      34.90,    115.05,         27.44
         38,          2,    3,          9.12,          3.30,       3.64,      36.46,    120.18,         25.46
         38,          2,    4,          9.36,          3.30,       3.75,      37.48,    123.55,         24.39
         38,          2,    5,          9.57,          3.30,       3.86,      38.62,    127.28,         23.15
         38,          2,    6,          9.72,          3.30,       3.94,      39.39,    129.83,         22.48
         38,          2,    7,          9.87,          3.30,       4.01,      40.09,    132.14,         22.05
         38,          3,    1,          9.93,          3.30,       4.00,      40.01,    131.89,         30.19
         38,          3,    2,         10.87,          3.30,       4.43,      44.23,    145.77,         26.30
         38,          3,    3,         11.49,          3.30,       4.74,      47.41,    156.26,         24.75
         38,          3,    4,         11.84,          3.30,       4.95,      49.48,    163.07,         23.94
         38,          3,    5,         12.13,          3.30,       5.11,      51.13,    168.51,         23.62
         38,          3,    6,         12.31,          3.30,       5.24,      52.40,    172.66,         23.24
         38,          3,    7,         12.49,          3.30,       5.36,      53.62,    176.70,         22.92
         38,          4,    1,         11.69,          3.30,       4.91,      49.07,    161.71,         33.13
         38,          4,    2,         12.68,          3.30,       5.49,      54.87,    180.83,         29.13
         38,          4,    3,         13.23,          3.29,       5.85,      58.55,    192.91,         27.79
         38,          4,    4,         13.55,          3.29,       6.08,      60.80,    200.25,         27.26
         38,          4,    5,         13.79,          3.29,       6.27,      62.66,    206.36,         26.83
         38,          4,    6,         13.96,          3.29,       6.41,      64.08,    211.05,         26.52
         38,          4,    7,         14.12,          3.29,       6.53,      65.26,    214.92,         26.40
         38,          5,    1,         13.30,          3.29,       5.99,      59.89,    197.29,         36.91
         38,          5,    2,         14.43,          3.29,       6.83,      68.29,    224.85,         32.40
         38,          5,    3,         15.07,          3.29,       7.38,      73.76,    242.83,         31.03
         38,          5,    4,         15.44,          3.29,       7.75,      77.46,    255.00,         30.24
         38,          5,    5,         15.74,          3.29,       8.06,      80.60,    265.32,         29.77
         38,          5,    6,         15.94,          3.29,       8.28,      82.75,    272.40,         29.51
         38,          5,    7,         16.13,          3.29,       8.47,      84.71,    278.85,         29.41
         38,          6,    1,         14.65,          3.29,       7.16,      71.57,    235.63,         38.79
         38,          6,    2,         15.88,          3.29,       8.24,      82.45,    271.40,         34.89
         38,          6,    3,         16.52,          3.29,       8.90,      89.01,    292.96,         33.85
         38,          6,    4,         16.90,          3.29,       9.34,      93.33,    307.10,         33.35
         38,          6,    5,         17.17,          3.29,       9.68,      96.74,    318.21,         32.98
         38,          6,    6,         17.35,          3.29,       9.92,      99.15,    326.15,         32.81
         38,          6,    7,         17.52,          3.29,      10.12,     101.22,    332.92,         32.71
         38,          7,    1,         15.70,          3.29,       8.25,      82.45,    271.41,         39.71
         38,          7,    2,         17.04,          3.29,       9.59,      95.85,    315.34,         36.80
         38,          7,    3,         17.78,          3.29,      10.44,     104.37,    343.21,         36.24
         38,          7,    4,         18.17,          3.29,      10.97,     109.71,    360.73,         35.90
         38,          7,    5,         18.50,          3.29,      11.40,     114.01,    374.87,         35.92
         38,          7,    6,         18.70,          3.29,      11.71,     117.01,    384.73,         35.84
         38,          7,    7,         18.90,          3.29,      12.00,     119.96,    394.40,         35.80
         39,          1,    1,          6.24,          3.30,       2.74,      27.42,     90.41,         48.33
         39,          1,    2,          7.00,          3.30,       2.94,      29.41,     96.97,         32.85
         39,          1,    3,          7.54,          3.30,       3.10,      31.03,    102.31,         27.57
         39,          1,    4,          7.81,          3.30,       3.22,      32.19,    106.12,         24.75
         39,          1,    5,          8.05,          3.30,       3.30,      32.95,    108.61,         23.70
         39,          1,    6,          8.19,          3.30,       3.37,      33.68,    111.03,         22.48
         39,          1,    7,          8.32,          3.30,       3.43,      34.24,    112.85,         21.82
         39,          2,    1,          8.07,          3.30,       3.27,      32.71,    107.83,         32.37
         39,          2,    2,          8.83,          3.30,       3.53,      35.31,    116.39,         26.92
         39,          2,    3,          9.29,          3.30,       3.70,      37.03,    122.06,         24.91
         39,          2,    4,          9.54,          3.30,       3.82,      38.21,    125.95,         23.72
         39,          2,    5,          9.75,          3.30,       3.92,      39.19,    129.19,         22.94
         39,          2,    6,          9.91,          3.30,       4.01,      40.13,    132.28,         22.12
         39,          2,    7,         10.07,          3.30,       4.10,      40.95,    134.97,         21.62
         39,          3,    1,         10.12,          3.30,       4.10,      40.95,    134.97,         29.28
         39,          3,    2,         11.08,          3.30,       4.56,      45.58,    150.24,         25.45
         39,          3,    3,         11.72,          3.30,       4.90,      49.00,    161.49,         24.11
         39,          3,    4,         12.07,          3.30,       5.10,      51.00,    168.09,         23.60
         39,          3,    5,         12.38,          3.30,       5.31,      53.10,    175.00,         23.01
         39,          3,    6,         12.57,          3.30,       5.44,      54.38,    179.21,         22.76
         39,          3,    7,         12.74,          3.30,       5.56,      55.56,    183.08,         22.59
         39,          4,    1,         11.95,          3.30,       5.05,      50.53,    166.56,         32.87
         39,          4,    2,         12.97,          3.29,       5.70,      56.99,    187.77,         28.76
         39,          4,    3,         13.52,          3.29,       6.09,      60.85,    200.43,         27.62
         39,          4,    4,         13.85,          3.29,       6.34,      63.37,    208.68,         27.00
         39,          4,    5,         14.08,          3.29,       6.56,      65.59,    215.99,         26.36
         39,          4,    6,         14.26,          3.29,       6.70,      67.04,    220.73,         26.22
         39,          4,    7,         14.42,          3.29,       6.85,      68.47,    225.44,         25.99
         39,          5,    1,         13.62,          3.29,       6.22,      62.17,    204.78,         36.36
         39,          5,    2,         14.78,          3.29,       7.15,      71.50,    235.39,         31.96
         39,          5,    3,         15.42,          3.29,       7.76,      77.63,    255.56,         30.54
         39,          5,    4,         15.81,          3.29,       8.16,      81.58,    268.56,         29.94
         39,          5,    5,         16.10,          3.29,       8.51,      85.08,    280.07,         29.39
         39,          5,    6,         16.31,          3.29,       8.74,      87.41,    287.73,         29.21
         39,          5,    7,         16.49,          3.29,       8.97,      89.64,    295.03,         29.01
         39,          6,    1,         15.01,          3.29,       7.44,      74.42,    245.01,         38.33
         39,          6,    2,         16.27,          3.29,       8.65,      86.50,    284.73,         34.65
         39,          6,    3,         16.91,          3.29,       9.39,      93.83,    308.75,         33.54
         39,          6,    4,         17.29,          3.29,       9.87,      98.66,    324.49,         33.03
         39,          6,    5,         17.55,          3.29,      10.24,     102.36,    336.61,         32.66
         39,          6,    6,         17.75,          3.29,      10.52,     105.18,    345.90,         32.42
         39,          6,    7,         17.89,          3.29,      10.76,     107.57,    353.71,         32.18
         39,          7,    1,         16.09,          3.29,       8.56,      85.54,    281.57,         39.95
         39,          7,    2,         17.46,          3.29,      10.05,     100.54,    330.67,         37.00
         39,          7,    3,         18.20,          3.29,      10.97,     109.72,    360.75,         36.55
         39,          7,    4,         18.60,          3.29,      11.57,     115.70,    380.42,         36.16
         39,          7,    5,         18.92,          3.29,      12.06,     120.60,    396.52,         36.00
         39,          7,    6,         19.12,          3.29,      12.40,     124.00,    407.68,         35.89
         39,          7,    7,         19.32,          3.29,      12.71,     127.11,    417.79,         35.94
         40,          1,    1,          6.28,          3.30,       2.75,      27.54,     90.82,         45.30
         40,          1,    2,          7.07,          3.30,       2.96,      29.62,     97.66,         31.39
         40,          1,    3,          7.62,          3.30,       3.14,      31.45,    103.69,         26.01
         40,          1,    4,          7.91,          3.30,       3.25,      32.45,    106.97,         24.23
         40,          1,    5,          8.16,          3.30,       3.33,      33.30,    109.76,         23.13
         40,          1,    6,          8.31,          3.30,       3.39,      33.90,    111.74,         22.36
         40,          1,    7,          8.44,          3.30,       3.46,      34.59,    114.03,         21.42
         40,          2,    1,          8.19,          3.30,       3.33,      33.26,    109.62,         30.89
         40,          2,    2,          8.96,          3.30,       3.60,      35.98,    118.59,         25.97
         40,          2,    3,          9.43,          3.30,       3.77,      37.68,    124.20,         24.42
         40,          2,    4,          9.69,          3.30,       3.89,      38.92,    128.30,         23.30
         40,          2,    5,          9.92,          3.30,       4.00,      40.02,    131.90,         22.53
         40,          2,    6,         10.08,          3.30,       4.09,      40.90,    134.81,         21.91
         40,          2,    7,         10.25,          3.30,       4.18,      41.75,    137.60,         21.46
         40,          3,    1,         10.31,          3.30,       4.20,      42.02,    138.49,         28.38
         40,          3,    2,         11.29,          3.30,       4.69,      46.91,    154.62,         24.95
         40,          3,    3,         11.94,          3.30,       5.05,      50.55,    166.59,         23.72
         40,          3,    4,         12.30,          3.30,       5.30,      52.99,    174.63,         22.94
         40,          3,    5,         12.61,          3.29,       5.50,      55.04,    181.34,         22.60
         40,          3,    6,         12.80,          3.30,       5.64,      56.42,    185.92,         22.34
         40,          3,    7,         12.98,          3.29,       5.77,      57.73,    190.21,         22.18
         40,          4,    1,         12.21,          3.30,       5.24,      52.33,    172.47,         32.03
         40,          4,    2,         13.25,          3.29,       5.94,      59.43,    195.80,         28.11
         40,          4,    3,         13.82,          3.29,       6.37,      63.68,    209.72,         27.02
         40,          4,    4,         14.14,          3.29,       6.65,      66.45,    218.79,         26.44
         40,          4,    5,         14.39,          3.29,       6.89,      68.86,    226.72,         25.87
         40,          4,    6,         14.56,          3.29,       7.05,      70.47,    231.99,         25.67
         40,          4,    7,         14.72,          3.29,       7.22,      72.15,    237.51,         25.35
         40,          5,    1,         13.94,          3.29,       6.49,      64.89,    213.68,         35.47
         40,          5,    2,         15.14,          3.29,       7.51,      75.03,    247.00,         31.64
         40,          5,    3,         15.79,          3.29,       8.20,      81.98,    269.89,         30.07
         40,          5,    4,         16.17,          3.29,       8.63,      86.32,    284.12,         29.54
         40,          5,    5,         16.48,          3.29,       9.01,      90.12,    296.61,         29.11
         40,          5,    6,         16.69,          3.29,       9.29,      92.93,    305.82,         28.78
         40,          5,    7,         16.86,          3.29,       9.54,      95.39,    313.84,         28.56
         40,          6,    1,         15.35,          3.29,       7.75,      77.53,    255.23,         37.95
         40,          6,    2,         16.66,          3.29,       9.10,      91.00,    299.46,         34.42
         40,          6,    3,         17.30,          3.29,       9.94,      99.35,    326.80,         33.18
         40,          6,    4,         17.69,          3.29,      10.47,     104.67,    344.20,         32.73
         40,          6,    5,         17.95,          3.29,      10.88,     108.77,    357.66,         32.36
         40,          6,    6,         18.14,          3.29,      11.19,     111.85,    367.75,         32.15
         40,          6,    7,         18.30,          3.29,      11.44,     114.42,    376.22,         31.95
         40,          7,    1,         16.43,          3.29,       8.88,      88.76,    292.15,         39.88
         40,          7,    2,         17.85,          3.29,      10.53,     105.33,    346.35,         37.12
         40,          7,    3,         18.59,          3.29,      11.55,     115.47,    379.68,         36.54
         40,          7,    4,         19.00,          3.29,      12.23,     122.29,    402.07,         36.05
         40,          7,    5,         19.31,          3.29,      12.76,     127.62,    419.51,         35.89
         40,          7,    6,         19.52,          3.29,      13.15,     131.54,    432.35,         35.74
         40,          7,    7,         19.70,          3.29,      13.51,     135.06,    443.78,         35.63
         41,          1,    1,          6.32,          3.30,       2.77,      27.69,     91.31,         43.62
         41,          1,    2,          7.11,          3.30,       2.98,      29.81,     98.30,         30.59
         41,          1,    3,          7.69,          3.30,       3.16,      31.64,    104.32,         25.74
         41,          1,    4,          8.00,          3.30,       3.27,      32.70,    107.81,         23.96
         41,          1,    5,          8.26,          3.30,       3.38,      33.74,    111.21,         22.51
         41,          1,    6,          8.41,          3.30,       3.43,      34.31,    113.09,         21.95
         41,          1,    7,          8.54,          3.30,       3.49,      34.93,    115.15,         21.20
         41,          2,    1,          8.29,          3.30,       3.37,      33.69,    111.07,         30.19
         41,          2,    2,          9.08,          3.30,       3.65,      36.53,    120.41,         25.57
         41,          2,    3,          9.56,          3.30,       3.86,      38.63,    127.31,         23.46
         41,          2,    4,          9.84,          3.30,       3.98,      39.79,    131.16,         22.72
         41,          2,    5,         10.07,          3.30,       4.09,      40.91,    134.83,         22.04
         41,          2,    6,         10.23,          3.30,       4.20,      41.96,    138.30,         21.29
         41,          2,    7,         10.41,          3.30,       4.28,      42.84,    141.19,         20.97
         41,          3,    1,         10.50,          3.30,       4.32,      43.21,    142.41,         27.47
         41,          3,    2,         11.51,          3.30,       4.86,      48.59,    160.12,         24.19
         41,          3,    3,         12.18,          3.30,       5.26,      52.58,    173.26,         23.03
         41,          3,    4,         12.53,          3.30,       5.51,      55.09,    181.53,         22.40
         41,          3,    5,         12.85,          3.29,       5.75,      57.49,    189.41,         21.92
         41,          3,    6,         13.03,          3.29,       5.90,      59.05,    194.54,         21.63
         41,          3,    7,         13.21,          3.29,       6.04,      60.45,    199.13,         21.47
         41,          4,    1,         12.49,          3.30,       5.45,      54.47,    179.50,         31.21
         41,          4,    2,         13.57,          3.29,       6.22,      62.22,    204.96,         27.67
         41,          4,    3,         14.14,          3.29,       6.70,      67.04,    220.75,         26.48
         41,          4,    4,         14.48,          3.29,       7.03,      70.29,    231.41,         25.79
         41,          4,    5,         14.73,          3.29,       7.28,      72.75,    239.52,         25.43
         41,          4,    6,         14.90,          3.29,       7.46,      74.58,    245.51,         25.19
         41,          4,    7,         15.06,          3.29,       7.63,      76.24,    251.00,         24.97
         41,          5,    1,         14.29,          3.29,       6.80,      67.96,    223.75,         34.99
         41,          5,    2,         15.51,          3.29,       7.89,      78.89,    259.70,         31.54
         41,          5,    3,         16.19,          3.29,       8.68,      86.79,    285.69,         29.98
         41,          5,    4,         16.58,          3.29,       9.15,      91.48,    301.07,         29.53
         41,          5,    5,         16.90,          3.29,       9.62,      96.18,    316.48,         28.89
         41,          5,    6,         17.09,          3.29,       9.89,      98.89,    325.26,         28.74
         41,          5,    7,         17.28,          3.29,      10.18,     101.78,    334.73,         28.48
         41,          6,    1,         15.72,          3.29,       8.14,      81.37,    267.86,         37.05
         41,          6,    2,         17.05,          3.29,       9.57,      95.65,    314.70,         34.36
         41,          6,    3,         17.73,          3.29,      10.54,     105.43,    346.71,         33.02
         41,          6,    4,         18.11,          3.29,      11.10,     110.98,    364.93,         32.74
         41,          6,    5,         18.39,          3.29,      11.61,     116.08,    381.67,         32.18
         41,          6,    6,         18.58,          3.29,      11.92,     119.19,    391.88,         32.09
         41,          6,    7,         18.74,          3.29,      12.26,     122.57,    402.97,         31.73
         41,          7,    1,         16.77,          3.29,       9.23,      92.30,    303.78,         39.50
         41,          7,    2,         18.25,          3.29,      11.09,     110.87,    364.56,         36.92
         41,          7,    3,         18.98,          3.29,      12.22,     122.23,    401.89,         36.23
         41,          7,    4,         19.41,          3.29,      12.97,     129.67,    426.23,         35.92
         41,          7,    5,         19.71,          3.29,      13.59,     135.88,    446.44,         35.60
         41,          7,    6,         19.92,          3.28,      14.01,     140.07,    460.07,         35.50
         41,          7,    7,         20.10,          3.28,      14.40,     144.02,    473.00,         35.31
         42,          1,    1,          6.34,          3.30,       2.78,      27.79,     91.63,         42.52
         42,          1,    2,          7.15,          3.30,       3.01,      30.11,     99.28,         29.22
         42,          1,    3,          7.76,          3.30,       3.20,      32.02,    105.54,         24.87
         42,          1,    4,          8.07,          3.30,       3.33,      33.27,    109.66,         22.76
         42,          1,    5,          8.34,          3.30,       3.42,      34.14,    112.53,         22.01
         42,          1,    6,          8.51,          3.30,       3.48,      34.84,    114.82,         21.28
         42,          1,    7,          8.64,          3.30,       3.56,      35.58,    117.27,         20.45
         42,          2,    1,          8.41,          3.30,       3.43,      34.29,    113.03,         28.63
         42,          2,    2,          9.22,          3.30,       3.74,      37.42,    123.33,         24.18
         42,          2,    3,          9.71,          3.30,       3.97,      39.71,    130.89,         22.21
         42,          2,    4,          9.98,          3.30,       4.10,      41.05,    135.29,         21.42
         42,          2,    5,         10.23,          3.30,       4.22,      42.21,    139.14,         20.93
         42,          2,    6,         10.40,          3.30,       4.32,      43.22,    142.45,         20.43
         42,          2,    7,         10.57,          3.30,       4.41,      44.11,    145.39,         20.16
         42,          3,    1,         10.75,          3.30,       4.48,      44.78,    147.58,         26.73
         42,          3,    2,         11.80,          3.30,       5.09,      50.88,    167.69,         23.42
         42,          3,    3,         12.48,          3.30,       5.53,      55.33,    182.32,         22.33
         42,          3,    4,         12.84,          3.29,       5.81,      58.08,    191.32,         21.81
         42,          3,    5,         13.16,          3.29,       6.08,      60.77,    200.15,         21.34
         42,          3,    6,         13.35,          3.29,       6.25,      62.46,    205.70,         21.10
         42,          3,    7,         13.53,          3.29,       6.40,      63.99,    210.72,         20.95
         42,          4,    1,         12.85,          3.29,       5.74,      57.42,    189.21,         30.56
         42,          4,    2,         13.96,          3.29,       6.58,      65.80,    216.68,         27.46
         42,          4,    3,         14.56,          3.29,       7.12,      71.15,    234.25,         26.45
         42,          4,    4,         14.91,          3.29,       7.48,      74.84,    246.38,         25.77
         42,          4,    5,         15.18,          3.29,       7.80,      77.97,    256.66,         25.21
         42,          4,    6,         15.36,          3.29,       8.01,      80.13,    263.79,         24.93
         42,          4,    7,         15.52,          3.29,       8.24,      82.35,    271.10,         24.56
         42,          5,    1,         14.69,          3.29,       7.15,      71.49,    235.33,         34.99
         42,          5,    2,         15.93,          3.29,       8.33,      83.24,    274.00,         31.85
         42,          5,    3,         16.59,          3.29,       9.12,      91.11,    299.82,         30.71
         42,          5,    4,         17.01,          3.29,       9.65,      96.50,    317.45,         30.21
         42,          5,    5,         17.32,          3.29,      10.12,     101.16,    332.71,         29.73
         42,          5,    6,         17.54,          3.29,      10.47,     104.65,    344.14,         29.40
         42,          5,    7,         17.73,          3.29,      10.78,     107.76,    354.35,         29.15
         42,          6,    1,         16.17,          3.29,       8.62,      86.16,    283.61,         36.65
         42,          6,    2,         17.49,          3.29,      10.14,     101.35,    333.35,         34.51
         42,          6,    3,         18.16,          3.29,      11.10,     110.94,    364.78,         33.73
         42,          6,    4,         18.57,          3.29,      11.72,     117.17,    385.26,         33.48
         42,          6,    5,         18.84,          3.29,      12.23,     122.24,    401.89,         33.11
         42,          6,    6,         19.04,          3.29,      12.61,     126.03,    414.31,         32.91
         42,          6,    7,         19.20,          3.29,      12.94,     129.38,    425.27,         32.66
         42,          7,    1,         17.17,          3.29,       9.70,      97.05,    319.26,         38.95
         42,          7,    2,         18.68,          3.29,      11.70,     116.93,    384.47,         37.09
         42,          7,    3,         19.45,          3.29,      13.04,     130.39,    428.55,         36.26
         42,          7,    4,         19.86,          3.29,      13.79,     137.87,    452.90,         36.23
         42,          7,    5,         20.18,          3.28,      14.51,     145.02,    476.27,         35.84
         42,          7,    6,         20.38,          3.28,      14.94,     149.37,    490.53,         35.81
         42,          7,    7,         20.56,          3.28,      15.41,     154.11,    506.11,         35.51
         43,          1,    1,          6.37,          3.30,       2.80,      28.04,     92.47,         39.79
         43,          1,    2,          7.20,          3.30,       3.05,      30.46,    100.45,         27.80
         43,          1,    3,          7.80,          3.30,       3.25,      32.47,    107.04,         23.68
         43,          1,    4,          8.13,          3.30,       3.38,      33.71,    111.12,         21.99
         43,          1,    5,          8.41,          3.30,       3.47,      34.69,    114.33,         21.16
         43,          1,    6,          8.58,          3.30,       3.55,      35.44,    116.83,         20.45
         43,          1,    7,          8.72,          3.30,       3.62,      36.22,    119.39,         19.71
         43,          2,    1,          8.54,          3.30,       3.52,      35.17,    115.93,         26.89
         43,          2,    2,          9.37,          3.30,       3.86,      38.61,    127.26,         22.84
         43,          2,    3,          9.86,          3.30,       4.10,      40.98,    135.07,         21.21
         43,          2,    4,         10.15,          3.30,       4.24,      42.38,    139.69,         20.57
         43,          2,    5,         10.40,          3.30,       4.39,      43.86,    144.57,         19.84
         43,          2,    6,         10.56,          3.30,       4.49,      44.85,    147.85,         19.47
         43,          2,    7,         10.74,          3.30,       4.58,      45.83,    151.05,         19.23
         43,          3,    1,         11.05,          3.30,       4.70,      47.00,    154.90,         25.72
         43,          3,    2,         12.11,          3.30,       5.32,      53.24,    175.47,         23.22
         43,          3,    3,         12.84,          3.29,       5.86,      58.63,    193.17,         21.93
         43,          3,    4,         13.23,          3.29,       6.18,      61.76,    203.42,         21.44
         43,          3,    5,         13.56,          3.29,       6.48,      64.79,    213.33,         21.05
         43,          3,    6,         13.75,          3.29,       6.68,      66.74,    219.79,         20.75
         43,          3,    7,         13.94,          3.29,       6.86,      68.61,    225.90,         20.56
         43,          4,    1,         13.15,          3.29,       5.94,      59.40,    195.69,         31.54
         43,          4,    2,         14.29,          3.29,       6.84,      68.38,    225.17,         28.25
         43,          4,    3,         14.91,          3.29,       7.41,      74.05,    243.80,         27.23
         43,          4,    4,         15.28,          3.29,       7.81,      78.10,    257.11,         26.55
         43,          4,    5,         15.55,          3.29,       8.16,      81.57,    268.53,         25.92
         43,          4,    6,         15.76,          3.29,       8.42,      84.14,    277.00,         25.63
         43,          4,    7,         15.93,          3.29,       8.66,      86.61,    285.10,         25.28
         43,          5,    1,         15.02,          3.29,       7.41,      74.09,    243.93,         36.40
         43,          5,    2,         16.28,          3.29,       8.67,      86.70,    285.38,         32.98
         43,          5,    3,         16.97,          3.29,       9.51,      95.10,    312.91,         31.82
         43,          5,    4,         17.39,          3.29,      10.10,     100.97,    332.08,         31.26
         43,          5,    5,         17.71,          3.29,      10.60,     105.96,    348.42,         30.76
         43,          5,    6,         17.93,          3.29,      10.97,     109.70,    360.69,         30.44
         43,          5,    7,         18.13,          3.29,      11.31,     113.09,    371.84,         30.19
         43,          6,    1,         16.53,          3.29,       8.98,      89.71,    295.29,         37.32
         43,          6,    2,         17.89,          3.29,      10.60,     106.02,    348.66,         35.38
         43,          6,    3,         18.56,          3.29,      11.60,     115.99,    381.38,         34.76
         43,          6,    4,         18.97,          3.29,      12.30,     122.98,    404.31,         34.37
         43,          6,    5,         19.25,          3.29,      12.83,     128.30,    421.75,         34.10
         43,          6,    6,         19.46,          3.29,      13.26,     132.54,    435.54,         33.89
         43,          6,    7,         19.62,          3.29,      13.61,     136.13,    447.29,         33.67
         43,          7,    1,         17.61,          3.29,      10.28,     102.83,    338.17,         38.39
         43,          7,    2,         19.10,          3.29,      12.36,     123.53,    406.15,         37.27
         43,          7,    3,         19.87,          3.28,      13.70,     136.99,    449.99,         37.06
         43,          7,    4,         20.30,          3.28,      14.55,     145.54,    477.98,         36.94
         43,          7,    5,         20.61,          3.28,      15.24,     152.36,    500.33,         36.86
         43,          7,    6,         20.82,          3.28,      15.76,     157.58,    517.45,         36.68
         43,          7,    7,         21.00,          3.28,      16.24,     162.38,    533.17,         36.48
         44,          1,    1,          6.40,          3.30,       2.84,      28.41,     93.70,         37.82
         44,          1,    2,          7.25,          3.30,       3.10,      30.96,    102.09,         26.66
         44,          1,    3,          7.87,          3.30,       3.32,      33.20,    109.44,         22.46
         44,          1,    4,          8.20,          3.30,       3.43,      34.35,    113.25,         21.27
         44,          1,    5,          8.48,          3.30,       3.56,      35.59,    117.33,         20.02
         44,          1,    6,          8.65,          3.30,       3.64,      36.41,    120.02,         19.37
         44,          1,    7,          8.80,          3.30,       3.70,      36.99,    121.92,         19.08
         44,          2,    1,          8.73,          3.30,       3.64,      36.48,    120.24,         24.96
         44,          2,    2,          9.61,          3.30,       4.03,      40.27,    132.71,         21.61
         44,          2,    3,         10.11,          3.30,       4.30,      42.99,    141.69,         19.98
         44,          2,    4,         10.40,          3.30,       4.46,      44.59,    146.95,         19.37
         44,          2,    5,         10.65,          3.30,       4.62,      46.17,    152.15,         18.82
         44,          2,    6,         10.83,          3.30,       4.73,      47.30,    155.91,         18.45
         44,          2,    7,         11.01,          3.30,       4.86,      48.60,    160.17,         18.06
         44,          3,    1,         11.33,          3.30,       4.85,      48.46,    159.74,         26.25
         44,          3,    2,         12.45,          3.30,       5.56,      55.61,    183.23,         23.37
         44,          3,    3,         13.18,          3.29,       6.11,      61.14,    201.38,         22.27
         44,          3,    4,         13.60,          3.29,       6.47,      64.68,    213.00,         21.82
         44,          3,    5,         13.95,          3.29,       6.82,      68.18,    224.51,         21.32
         44,          3,    6,         14.18,          3.29,       7.07,      70.62,    232.51,         21.04
         44,          3,    7,         14.39,          3.29,       7.28,      72.79,    239.65,         20.85
         44,          4,    1,         13.46,          3.29,       6.15,      61.48,    202.50,         33.49
         44,          4,    2,         14.63,          3.29,       7.12,      71.13,    234.16,         29.62
         44,          4,    3,         15.26,          3.29,       7.74,      77.40,    254.80,         28.28
         44,          4,    4,         15.65,          3.29,       8.17,      81.72,    269.02,         27.63
         44,          4,    5,         15.93,          3.29,       8.54,      85.39,    281.07,         27.06
         44,          4,    6,         16.15,          3.29,       8.83,      88.23,    290.41,         26.71
         44,          4,    7,         16.33,          3.29,       9.09,      90.88,    299.11,         26.36
         44,          5,    1,         15.38,          3.29,       7.72,      77.22,    254.21,         38.90
         44,          5,    2,         16.67,          3.29,       9.07,      90.71,    298.55,         34.92
         44,          5,    3,         17.36,          3.29,       9.96,      99.58,    327.53,         33.64
         44,          5,    4,         17.80,          3.29,      10.60,     106.00,    348.56,         32.93
         44,          5,    5,         18.13,          3.29,      11.13,     111.33,    366.07,         32.42
         44,          5,    6,         18.36,          3.29,      11.54,     115.36,    379.30,         32.07
         44,          5,    7,         18.56,          3.29,      11.91,     119.10,    391.59,         31.74
         44,          6,    1,         16.91,          3.29,       9.35,      93.48,    307.63,         39.08
         44,          6,    2,         18.30,          3.29,      11.12,     111.20,    365.63,         36.86
         44,          6,    3,         18.99,          3.29,      12.19,     121.92,    400.87,         36.25
         44,          6,    4,         19.41,          3.29,      12.95,     129.51,    425.68,         35.84
         44,          6,    5,         19.70,          3.29,      13.52,     135.14,    444.04,         35.61
         44,          6,    6,         19.91,          3.28,      13.98,     139.76,    459.06,         35.37
         44,          6,    7,         20.08,          3.28,      14.38,     143.74,    472.09,         35.09
         44,          7,    1,         18.03,          3.29,      10.80,     108.01,    355.17,         38.68
         44,          7,    2,         19.56,          3.29,      13.03,     130.28,    428.20,         38.10
         44,          7,    3,         20.32,          3.28,      14.42,     144.18,    473.53,         38.05
         44,          7,    4,         20.75,          3.28,      15.34,     153.41,    503.80,         38.02
         44,          7,    5,         21.07,          3.28,      16.09,     160.90,    528.32,         37.92
         44,          7,    6,         20.93,          3.28,      15.96,     159.62,    524.15,         37.18
         44,          7,    7,         20.84,          3.28,      15.94,     159.42,    523.52,         36.52

