[Radio] Initializing ... success!
Connected to RF power monitor: Rohde&Schwarz,FPC1500,1328.6660K03/205785,V1.80
Connected to DC power monitor: radiolib-org,DCpowerMon,070dd3d
setCurrentLimit skipped

Set [dBm/2],paDutyCycle,paSlc,Measured [dBm],Bus voltage[V],Voltage[mV],Current[mA],Power [mW],Efficiency [%]
        -18,          1,    1,        -22.51,          3.30,       0.89,       8.91,     29.40,          0.39
        -18,          1,    2,        -20.79,          3.30,       0.93,       9.29,     30.65,          0.31
        -18,          1,    3,        -19.26,          3.30,       0.96,       9.63,     31.78,          0.31
        -18,          1,    4,        -18.22,          3.30,       0.99,       9.92,     32.75,          0.32
        -18,          1,    5,        -17.34,          3.30,       1.02,      10.22,     33.73,          0.32
        -18,          1,    6,        -16.49,          3.30,       1.05,      10.52,     34.73,          0.33
        -18,          1,    7,        -15.77,          3.30,       1.08,      10.76,     35.51,          0.35
        -18,          2,    1,        -20.34,          3.30,       0.92,       9.14,     30.18,          0.77
        -18,          2,    2,        -18.68,          3.30,       0.96,       9.57,     31.57,          0.52
        -18,          2,    3,        -17.25,          3.30,       0.99,       9.94,     32.80,          0.49
        -18,          2,    4,        -16.29,          3.30,       1.03,      10.25,     33.83,          0.48
        -18,          2,    5,        -15.47,          3.30,       1.06,      10.57,     34.90,          0.48
        -18,          2,    6,        -14.84,          3.30,       1.09,      10.89,     35.93,          0.47
        -18,          2,    7,        -14.25,          3.30,       1.12,      11.28,     37.20,          0.46
        -18,          3,    1,        -17.50,          3.30,       0.96,       9.59,     31.65,          0.97
        -18,          3,    2,        -16.00,          3.30,       1.00,       9.99,     32.98,          0.80
        -18,          3,    3,        -14.86,          3.30,       1.04,      10.38,     34.26,          0.73
        -18,          3,    4,        -14.10,          3.30,       1.08,      10.75,     35.48,          0.69
        -18,          3,    5,        -13.43,          3.30,       1.12,      11.15,     36.79,          0.65
        -18,          3,    6,        -13.00,          3.30,       1.15,      11.48,     37.88,          0.62
        -18,          3,    7,        -12.50,          3.30,       1.18,      11.78,     38.88,          0.62
        -18,          4,    1,        -15.48,          3.30,       1.00,      10.00,     32.98,          1.26
        -18,          4,    2,        -14.16,          3.30,       1.04,      10.44,     34.44,          1.03
        -18,          4,    3,        -13.24,          3.30,       1.09,      10.86,     35.84,          0.93
        -18,          4,    4,        -12.63,          3.30,       1.13,      11.30,     37.29,          0.83
        -18,          4,    5,        -12.03,          3.30,       1.17,      11.66,     38.48,          0.81
        -18,          4,    6,        -11.68,          3.30,       1.20,      11.97,     39.50,          0.78
        -18,          4,    7,        -11.23,          3.30,       1.23,      12.28,     40.53,          0.77
        -18,          5,    1,        -13.45,          3.30,       1.05,      10.54,     34.80,          1.66
        -18,          5,    2,        -12.33,          3.30,       1.11,      11.10,     36.63,          1.28
        -18,          5,    3,        -11.57,          3.30,       1.15,      11.54,     38.10,          1.16
        -18,          5,    4,        -11.02,          3.30,       1.19,      11.93,     39.37,          1.08
        -18,          5,    5,        -10.57,          3.30,       1.23,      12.31,     40.61,          1.03
        -18,          5,    6,        -10.23,          3.30,       1.27,      12.67,     41.81,          0.97
        -18,          5,    7,         -9.98,          3.30,       1.30,      13.00,     42.90,          0.93
        -18,          6,    1,        -12.12,          3.30,       1.10,      11.06,     36.49,          2.15
        -18,          6,    2,        -11.17,          3.30,       1.16,      11.65,     38.44,          1.59
        -18,          6,    3,        -10.48,          3.30,       1.21,      12.10,     39.92,          1.43
        -18,          6,    4,        -10.02,          3.30,       1.25,      12.53,     41.35,          1.29
        -18,          6,    5,         -9.65,          3.30,       1.29,      12.91,     42.60,          1.21
        -18,          6,    6,         -9.30,          3.30,       1.33,      13.28,     43.84,          1.15
        -18,          6,    7,         -9.05,          3.30,       1.36,      13.61,     44.92,          1.10
        -18,          7,    1,        -11.11,          3.30,       1.16,      11.59,     38.25,          2.19
        -18,          7,    2,        -10.08,          3.30,       1.22,      12.19,     40.23,          1.78
        -18,          7,    3,         -9.46,          3.30,       1.28,      12.77,     42.12,          1.53
        -18,          7,    4,         -9.06,          3.30,       1.32,      13.16,     43.43,          1.42
        -18,          7,    5,         -8.71,          3.30,       1.36,      13.60,     44.86,          1.33
        -18,          7,    6,         -8.43,          3.30,       1.39,      13.95,     46.02,          1.27
        -18,          7,    7,         -8.20,          3.30,       1.43,      14.32,     47.22,          1.21
        -17,          1,    1,        -22.36,          3.30,       0.89,       8.94,     29.50,          0.41
        -17,          1,    2,        -20.39,          3.30,       0.93,       9.29,     30.68,          0.35
        -17,          1,    3,        -19.00,          3.30,       0.96,       9.66,     31.87,          0.33
        -17,          1,    4,        -17.78,          3.30,       1.00,       9.99,     32.96,          0.34
        -17,          1,    5,        -16.97,          3.30,       1.03,      10.28,     33.92,          0.34
        -17,          1,    6,        -16.20,          3.30,       1.06,      10.57,     34.89,          0.35
        -17,          1,    7,        -15.59,          3.30,       1.09,      10.85,     35.80,          0.36
        -17,          2,    1,        -19.92,          3.30,       0.92,       9.24,     30.49,          0.77
        -17,          2,    2,        -18.26,          3.30,       0.96,       9.61,     31.71,          0.59
        -17,          2,    3,        -16.91,          3.30,       1.00,      10.01,     33.05,          0.52
        -17,          2,    4,        -15.89,          3.30,       1.03,      10.30,     34.00,          0.53
        -17,          2,    5,        -15.05,          3.30,       1.06,      10.66,     35.19,          0.52
        -17,          2,    6,        -14.41,          3.30,       1.10,      11.03,     36.41,          0.50
        -17,          2,    7,        -13.85,          3.30,       1.13,      11.35,     37.46,          0.50
        -17,          3,    1,        -17.09,          3.30,       0.97,       9.67,     31.89,          1.06
        -17,          3,    2,        -15.70,          3.30,       1.01,      10.10,     33.34,          0.82
        -17,          3,    3,        -14.49,          3.30,       1.05,      10.47,     34.56,          0.79
        -17,          3,    4,        -13.73,          3.30,       1.09,      10.88,     35.89,          0.73
        -17,          3,    5,        -13.04,          3.30,       1.13,      11.28,     37.23,          0.69
        -17,          3,    6,        -12.61,          3.30,       1.16,      11.60,     38.29,          0.67
        -17,          3,    7,        -12.12,          3.30,       1.19,      11.91,     39.29,          0.66
        -17,          4,    1,        -15.05,          3.30,       1.01,      10.12,     33.39,          1.30
        -17,          4,    2,        -13.78,          3.30,       1.06,      10.55,     34.83,          1.09
        -17,          4,    3,        -12.88,          3.30,       1.10,      10.99,     36.27,          0.98
        -17,          4,    4,        -12.22,          3.30,       1.14,      11.43,     37.73,          0.89
        -17,          4,    5,        -11.71,          3.30,       1.18,      11.77,     38.84,          0.86
        -17,          4,    6,        -11.24,          3.30,       1.22,      12.14,     40.08,          0.83
        -17,          4,    7,        -10.85,          3.30,       1.25,      12.45,     41.07,          0.81
        -17,          5,    1,        -12.98,          3.30,       1.07,      10.69,     35.28,          1.74
        -17,          5,    2,        -11.88,          3.30,       1.13,      11.26,     37.17,          1.36
        -17,          5,    3,        -11.15,          3.30,       1.17,      11.75,     38.76,          1.21
        -17,          5,    4,        -10.57,          3.30,       1.21,      12.15,     40.10,          1.14
        -17,          5,    5,        -10.17,          3.30,       1.25,      12.51,     41.28,          1.08
        -17,          5,    6,         -9.77,          3.30,       1.29,      12.87,     42.47,          1.05
        -17,          5,    7,         -9.48,          3.30,       1.32,      13.22,     43.62,          1.00
        -17,          6,    1,        -11.69,          3.30,       1.13,      11.27,     37.18,          2.10
        -17,          6,    2,        -10.66,          3.30,       1.18,      11.82,     38.99,          1.71
        -17,          6,    3,        -10.03,          3.30,       1.23,      12.31,     40.62,          1.49
        -17,          6,    4,         -9.53,          3.30,       1.28,      12.77,     42.14,          1.36
        -17,          6,    5,         -9.19,          3.30,       1.31,      13.13,     43.33,          1.29
        -17,          6,    6,         -8.88,          3.30,       1.35,      13.49,     44.53,          1.22
        -17,          6,    7,         -8.62,          3.30,       1.38,      13.86,     45.73,          1.17
        -17,          7,    1,        -10.58,          3.30,       1.18,      11.80,     38.93,          2.45
        -17,          7,    2,         -9.62,          3.30,       1.24,      12.44,     41.04,          1.92
        -17,          7,    3,         -8.97,          3.30,       1.30,      13.03,     43.00,          1.66
        -17,          7,    4,         -8.55,          3.30,       1.35,      13.43,     44.29,          1.56
        -17,          7,    5,         -8.21,          3.30,       1.38,      13.86,     45.75,          1.45
        -17,          7,    6,         -7.97,          3.30,       1.43,      14.26,     47.04,          1.37
        -17,          7,    7,         -7.77,          3.30,       1.47,      14.67,     48.39,          1.28
        -16,          1,    1,        -21.74,          3.30,       0.90,       9.02,     29.76,          0.47
        -16,          1,    2,        -19.89,          3.30,       0.94,       9.42,     31.10,          0.37
        -16,          1,    3,        -18.50,          3.30,       0.98,       9.77,     32.24,          0.36
        -16,          1,    4,        -17.30,          3.30,       1.01,      10.10,     33.33,          0.37
        -16,          1,    5,        -16.49,          3.30,       1.04,      10.39,     34.28,          0.38
        -16,          1,    6,        -15.67,          3.30,       1.07,      10.68,     35.23,          0.39
        -16,          1,    7,        -15.01,          3.30,       1.10,      11.01,     36.33,          0.39
        -16,          2,    1,        -19.16,          3.30,       0.93,       9.34,     30.81,          0.86
        -16,          2,    2,        -17.72,          3.30,       0.97,       9.75,     32.19,          0.61
        -16,          2,    3,        -16.39,          3.30,       1.01,      10.09,     33.30,          0.59
        -16,          2,    4,        -15.37,          3.30,       1.04,      10.43,     34.43,          0.58
        -16,          2,    5,        -14.53,          3.30,       1.08,      10.79,     35.60,          0.57
        -16,          2,    6,        -13.91,          3.30,       1.12,      11.19,     36.94,          0.54
        -16,          2,    7,        -13.30,          3.30,       1.15,      11.49,     37.93,          0.55
        -16,          3,    1,        -16.42,          3.30,       0.98,       9.78,     32.29,          1.16
        -16,          3,    2,        -15.01,          3.30,       1.02,      10.23,     33.74,          0.92
        -16,          3,    3,        -13.91,          3.30,       1.06,      10.65,     35.15,          0.84
        -16,          3,    4,        -13.16,          3.30,       1.11,      11.07,     36.53,          0.78
        -16,          3,    5,        -12.51,          3.30,       1.15,      11.45,     37.79,          0.75
        -16,          3,    6,        -11.97,          3.30,       1.18,      11.81,     38.96,          0.74
        -16,          3,    7,        -11.58,          3.30,       1.21,      12.11,     39.97,          0.72
        -16,          4,    1,        -14.45,          3.30,       1.03,      10.26,     33.85,          1.50
        -16,          4,    2,        -13.12,          3.30,       1.07,      10.74,     35.42,          1.23
        -16,          4,    3,        -12.32,          3.30,       1.12,      11.23,     37.05,          1.05
        -16,          4,    4,        -11.67,          3.30,       1.16,      11.63,     38.38,          0.98
        -16,          4,    5,        -11.08,          3.30,       1.20,      12.03,     39.69,          0.95
        -16,          4,    6,        -10.70,          3.30,       1.24,      12.39,     40.89,          0.90
        -16,          4,    7,        -10.30,          3.30,       1.27,      12.71,     41.95,          0.89
        -16,          5,    1,        -12.37,          3.30,       1.09,      10.90,     35.99,          1.86
        -16,          5,    2,        -11.28,          3.30,       1.15,      11.49,     37.91,          1.48
        -16,          5,    3,        -10.53,          3.30,       1.20,      12.01,     39.61,          1.32
        -16,          5,    4,         -9.93,          3.30,       1.24,      12.43,     41.02,          1.25
        -16,          5,    5,         -9.53,          3.30,       1.28,      12.82,     42.31,          1.18
        -16,          5,    6,         -9.18,          3.30,       1.32,      13.18,     43.50,          1.14
        -16,          5,    7,         -8.90,          3.30,       1.35,      13.52,     44.62,          1.10
        -16,          6,    1,        -11.07,          3.30,       1.15,      11.52,     38.02,          2.37
        -16,          6,    2,        -10.02,          3.30,       1.21,      12.13,     40.04,          1.88
        -16,          6,    3,         -9.41,          3.30,       1.26,      12.63,     41.69,          1.65
        -16,          6,    4,         -8.91,          3.30,       1.31,      13.11,     43.26,          1.51
        -16,          6,    5,         -8.54,          3.30,       1.35,      13.46,     44.44,          1.44
        -16,          6,    6,         -8.28,          3.30,       1.39,      13.86,     45.76,          1.35
        -16,          6,    7,         -7.97,          3.30,       1.42,      14.24,     47.00,          1.30
        -16,          7,    1,         -9.93,          3.30,       1.21,      12.09,     39.89,          2.77
        -16,          7,    2,         -9.00,          3.30,       1.28,      12.79,     42.21,          2.10
        -16,          7,    3,         -8.32,          3.30,       1.34,      13.38,     44.16,          1.85
        -16,          7,    4,         -7.93,          3.30,       1.39,      13.81,     45.59,          1.72
        -16,          7,    5,         -7.59,          3.30,       1.43,      14.25,     47.00,          1.62
        -16,          7,    6,         -7.29,          3.30,       1.47,      14.69,     48.46,          1.53
        -16,          7,    7,         -7.10,          3.30,       1.51,      15.09,     49.81,          1.43
        -15,          1,    1,        -21.32,          3.30,       0.91,       9.08,     29.96,          0.48
        -15,          1,    2,        -19.39,          3.30,       0.94,       9.45,     31.19,          0.42
        -15,          1,    3,        -18.08,          3.30,       0.98,       9.81,     32.37,          0.39
        -15,          1,    4,        -16.90,          3.30,       1.01,      10.15,     33.49,          0.40
        -15,          1,    5,        -16.11,          3.30,       1.05,      10.47,     34.55,          0.40
        -15,          1,    6,        -15.33,          3.30,       1.08,      10.77,     35.53,          0.41
        -15,          1,    7,        -14.73,          3.30,       1.11,      11.12,     36.69,          0.41
        -15,          2,    1,        -18.93,          3.30,       0.94,       9.38,     30.96,          0.88
        -15,          2,    2,        -17.34,          3.30,       0.98,       9.82,     32.40,          0.64
        -15,          2,    3,        -16.01,          3.30,       1.02,      10.19,     33.62,          0.61
        -15,          2,    4,        -14.96,          3.30,       1.05,      10.54,     34.78,          0.61
        -15,          2,    5,        -14.20,          3.30,       1.09,      10.89,     35.94,          0.59
        -15,          2,    6,        -13.57,          3.30,       1.13,      11.30,     37.28,          0.57
        -15,          2,    7,        -13.02,          3.30,       1.16,      11.58,     38.20,          0.57
        -15,          3,    1,        -16.03,          3.30,       0.99,       9.89,     32.65,          1.24
        -15,          3,    2,        -14.72,          3.30,       1.03,      10.31,     34.02,          1.00
        -15,          3,    3,        -13.56,          3.30,       1.08,      10.76,     35.51,          0.90
        -15,          3,    4,        -12.75,          3.30,       1.12,      11.18,     36.91,          0.84
        -15,          3,    5,        -12.18,          3.30,       1.16,      11.56,     38.16,          0.80
        -15,          3,    6,        -11.67,          3.30,       1.19,      11.91,     39.31,          0.78
        -15,          3,    7,        -11.26,          3.30,       1.22,      12.23,     40.34,          0.77
        -15,          4,    1,        -13.97,          3.30,       1.03,      10.36,     34.17,          1.66
        -15,          4,    2,        -12.77,          3.30,       1.08,      10.84,     35.77,          1.32
        -15,          4,    3,        -11.90,          3.30,       1.14,      11.40,     37.64,          1.10
        -15,          4,    4,        -11.20,          3.30,       1.18,      11.80,     38.93,          1.06
        -15,          4,    5,        -10.70,          3.30,       1.22,      12.14,     40.07,          1.02
        -15,          4,    6,        -10.29,          3.30,       1.26,      12.56,     41.47,          0.96
        -15,          4,    7,         -9.94,          3.30,       1.29,      12.92,     42.63,          0.93
        -15,          5,    1,        -11.98,          3.30,       1.11,      11.10,     36.63,          1.97
        -15,          5,    2,        -10.85,          3.30,       1.17,      11.66,     38.46,          1.63
        -15,          5,    3,        -10.05,          3.30,       1.22,      12.16,     40.13,          1.47
        -15,          5,    4,         -9.54,          3.30,       1.26,      12.59,     41.55,          1.37
        -15,          5,    5,         -9.09,          3.30,       1.30,      13.06,     43.09,          1.27
        -15,          5,    6,         -8.80,          3.30,       1.34,      13.40,     44.22,          1.22
        -15,          5,    7,         -8.53,          3.30,       1.37,      13.74,     45.33,          1.18
        -15,          6,    1,        -10.63,          3.30,       1.17,      11.70,     38.61,          2.44
        -15,          6,    2,         -9.61,          3.30,       1.23,      12.29,     40.54,          2.00
        -15,          6,    3,         -8.98,          3.30,       1.29,      12.88,     42.49,          1.70
        -15,          6,    4,         -8.49,          3.30,       1.33,      13.32,     43.93,          1.60
        -15,          6,    5,         -8.15,          3.30,       1.37,      13.71,     45.22,          1.51
        -15,          6,    6,         -7.86,          3.30,       1.41,      14.10,     46.54,          1.43
        -15,          6,    7,         -7.64,          3.30,       1.45,      14.51,     47.89,          1.34
        -15,          7,    1,         -9.52,          3.30,       1.23,      12.33,     40.69,          2.93
        -15,          7,    2,         -8.51,          3.30,       1.31,      13.04,     43.04,          2.29
        -15,          7,    3,         -7.93,          3.30,       1.36,      13.62,     44.93,          2.00
        -15,          7,    4,         -7.47,          3.30,       1.41,      14.07,     46.44,          1.87
        -15,          7,    5,         -7.18,          3.30,       1.46,      14.59,     48.13,          1.70
        -15,          7,    6,         -6.94,          3.30,       1.49,      14.97,     49.38,          1.62
        -15,          7,    7,         -6.72,          3.30,       1.54,      15.36,     50.68,          1.54
        -14,          1,    1,        -20.87,          3.30,       0.92,       9.16,     30.21,          0.52
        -14,          1,    2,        -19.00,          3.30,       0.95,       9.55,     31.53,          0.44
        -14,          1,    3,        -17.64,          3.30,       0.99,       9.94,     32.81,          0.41
        -14,          1,    4,        -16.43,          3.30,       1.02,      10.24,     33.80,          0.44
        -14,          1,    5,        -15.53,          3.30,       1.05,      10.56,     34.87,          0.45
        -14,          1,    6,        -14.87,          3.30,       1.09,      10.88,     35.90,          0.45
        -14,          1,    7,        -14.23,          3.30,       1.12,      11.26,     37.15,          0.44
        -14,          2,    1,        -18.33,          3.30,       0.95,       9.51,     31.37,          0.99
        -14,          2,    2,        -16.75,          3.30,       0.99,       9.92,     32.73,          0.74
        -14,          2,    3,        -15.47,          3.30,       1.03,      10.29,     33.96,          0.70
        -14,          2,    4,        -14.42,          3.30,       1.06,      10.68,     35.22,          0.68
        -14,          2,    5,        -13.66,          3.30,       1.11,      11.07,     36.56,          0.64
        -14,          2,    6,        -13.11,          3.30,       1.14,      11.44,     37.75,          0.62
        -14,          2,    7,        -12.53,          3.30,       1.17,      11.74,     38.76,          0.63
        -14,          3,    1,        -15.58,          3.30,       1.00,      10.02,     33.07,          1.38
        -14,          3,    2,        -14.05,          3.30,       1.05,      10.46,     34.53,          1.14
        -14,          3,    3,        -12.99,          3.30,       1.09,      10.93,     36.05,          1.01
        -14,          3,    4,        -12.25,          3.30,       1.14,      11.39,     37.60,          0.91
        -14,          3,    5,        -11.65,          3.30,       1.17,      11.74,     38.75,          0.89
        -14,          3,    6,        -11.20,          3.30,       1.21,      12.12,     39.99,          0.85
        -14,          3,    7,        -10.81,          3.30,       1.25,      12.45,     41.08,          0.83
        -14,          4,    1,        -13.47,          3.30,       1.06,      10.52,     34.72,          1.78
        -14,          4,    2,        -12.29,          3.30,       1.11,      11.09,     36.61,          1.34
        -14,          4,    3,        -11.37,          3.30,       1.16,      11.60,     38.27,          1.20
        -14,          4,    4,        -10.70,          3.30,       1.20,      12.00,     39.62,          1.15
        -14,          4,    5,        -10.22,          3.30,       1.24,      12.40,     40.91,          1.09
        -14,          4,    6,         -9.80,          3.30,       1.28,      12.83,     42.34,          1.03
        -14,          4,    7,         -9.40,          3.30,       1.31,      13.13,     43.34,          1.03
        -14,          5,    1,        -11.40,          3.30,       1.13,      11.34,     37.42,          2.01
        -14,          5,    2,        -10.36,          3.30,       1.19,      11.89,     39.24,          1.70
        -14,          5,    3,         -9.54,          3.30,       1.25,      12.43,     41.03,          1.54
        -14,          5,    4,         -9.02,          3.30,       1.29,      12.89,     42.54,          1.44
        -14,          5,    5,         -8.61,          3.30,       1.33,      13.31,     43.91,          1.36
        -14,          5,    6,         -8.26,          3.30,       1.37,      13.71,     45.24,          1.31
        -14,          5,    7,         -8.00,          3.30,       1.41,      14.03,     46.29,          1.27
        -14,          6,    1,        -10.06,          3.30,       1.20,      11.95,     39.45,          2.78
        -14,          6,    2,         -9.07,          3.30,       1.26,      12.61,     41.62,          2.17
        -14,          6,    3,         -8.40,          3.30,       1.32,      13.19,     43.52,          1.90
        -14,          6,    4,         -7.94,          3.30,       1.36,      13.63,     44.99,          1.77
        -14,          6,    5,         -7.53,          3.30,       1.41,      14.08,     46.48,          1.67
        -14,          6,    6,         -7.32,          3.30,       1.45,      14.52,     47.90,          1.54
        -14,          6,    7,         -7.02,          3.30,       1.49,      14.86,     49.02,          1.51
        -14,          7,    1,         -8.93,          3.30,       1.26,      12.62,     41.66,          3.22
        -14,          7,    2,         -7.98,          3.30,       1.34,      13.42,     44.27,          2.42
        -14,          7,    3,         -7.35,          3.30,       1.40,      13.98,     46.12,          2.18
        -14,          7,    4,         -6.91,          3.30,       1.45,      14.55,     48.01,          1.97
        -14,          7,    5,         -6.57,          3.30,       1.50,      14.99,     49.44,          1.87
        -14,          7,    6,         -6.33,          3.30,       1.54,      15.39,     50.78,          1.78
        -14,          7,    7,         -6.07,          3.30,       1.58,      15.78,     52.05,          1.72
        -13,          1,    1,        -20.26,          3.30,       0.92,       9.21,     30.39,          0.62
        -13,          1,    2,        -18.67,          3.30,       0.96,       9.62,     31.74,          0.47
        -13,          1,    3,        -17.36,          3.30,       0.99,       9.95,     32.83,          0.46
        -13,          1,    4,        -16.19,          3.30,       1.03,      10.29,     33.96,          0.47
        -13,          1,    5,        -15.31,          3.30,       1.06,      10.63,     35.07,          0.47
        -13,          1,    6,        -14.54,          3.30,       1.10,      11.00,     36.28,          0.47
        -13,          1,    7,        -13.96,          3.30,       1.13,      11.34,     37.40,          0.47
        -13,          2,    1,        -18.01,          3.30,       0.95,       9.53,     31.45,          1.14
        -13,          2,    2,        -16.45,          3.30,       1.00,       9.98,     32.94,          0.79
        -13,          2,    3,        -15.14,          3.30,       1.04,      10.36,     34.20,          0.74
        -13,          2,    4,        -14.12,          3.30,       1.08,      10.78,     35.57,          0.70
        -13,          2,    5,        -13.32,          3.30,       1.12,      11.19,     36.93,          0.68
        -13,          2,    6,        -12.75,          3.30,       1.15,      11.55,     38.12,          0.66
        -13,          2,    7,        -12.22,          3.30,       1.19,      11.85,     39.12,          0.66
        -13,          3,    1,        -15.08,          3.30,       1.01,      10.07,     33.24,          1.68
        -13,          3,    2,        -13.69,          3.30,       1.06,      10.55,     34.83,          1.24
        -13,          3,    3,        -12.72,          3.30,       1.11,      11.10,     36.65,          1.02
        -13,          3,    4,        -11.99,          3.30,       1.15,      11.49,     37.92,          0.97
        -13,          3,    5,        -11.34,          3.30,       1.19,      11.85,     39.11,          0.95
        -13,          3,    6,        -10.87,          3.30,       1.22,      12.23,     40.34,          0.91
        -13,          3,    7,        -10.41,          3.30,       1.26,      12.59,     41.56,          0.89
        -13,          4,    1,        -13.10,          3.30,       1.06,      10.64,     35.11,          1.81
        -13,          4,    2,        -11.90,          3.30,       1.12,      11.24,     37.09,          1.38
        -13,          4,    3,        -10.99,          3.30,       1.17,      11.72,     38.67,          1.27
        -13,          4,    4,        -10.39,          3.30,       1.21,      12.15,     40.11,          1.19
        -13,          4,    5,         -9.85,          3.30,       1.26,      12.57,     41.48,          1.14
        -13,          4,    6,         -9.45,          3.30,       1.30,      12.96,     42.77,          1.10
        -13,          4,    7,         -9.11,          3.30,       1.33,      13.34,     44.01,          1.06
        -13,          5,    1,        -11.18,          3.30,       1.14,      11.45,     37.78,          2.10
        -13,          5,    2,        -10.00,          3.30,       1.21,      12.04,     39.72,          1.79
        -13,          5,    3,         -9.24,          3.30,       1.26,      12.61,     41.62,          1.60
        -13,          5,    4,         -8.69,          3.30,       1.31,      13.08,     43.16,          1.50
        -13,          5,    5,         -8.25,          3.30,       1.35,      13.51,     44.55,          1.44
        -13,          5,    6,         -7.90,          3.30,       1.39,      13.86,     45.73,          1.40
        -13,          5,    7,         -7.61,          3.30,       1.43,      14.29,     47.14,          1.33
        -13,          6,    1,         -9.72,          3.30,       1.21,      12.11,     39.95,          3.00
        -13,          6,    2,         -8.69,          3.30,       1.28,      12.82,     42.28,          2.29
        -13,          6,    3,         -8.08,          3.30,       1.34,      13.38,     44.15,          2.00
        -13,          6,    4,         -7.57,          3.30,       1.39,      13.87,     45.77,          1.87
        -13,          6,    5,         -7.18,          3.30,       1.43,      14.25,     47.03,          1.80
        -13,          6,    6,         -6.92,          3.30,       1.47,      14.74,     48.64,          1.66
        -13,          6,    7,         -6.68,          3.30,       1.51,      15.10,     49.83,          1.60
        -13,          7,    1,         -8.57,          3.30,       1.29,      12.88,     42.49,          3.29
        -13,          7,    2,         -7.60,          3.30,       1.36,      13.62,     44.93,          2.61
        -13,          7,    3,         -6.92,          3.30,       1.42,      14.23,     46.96,          2.34
        -13,          7,    4,         -6.55,          3.30,       1.48,      14.77,     48.72,          2.12
        -13,          7,    5,         -6.22,          3.30,       1.52,      15.25,     50.31,          1.99
        -13,          7,    6,         -5.94,          3.30,       1.57,      15.65,     51.63,          1.91
        -13,          7,    7,         -5.77,          3.30,       1.61,      16.11,     53.16,          1.78
        -12,          1,    1,        -19.98,          3.30,       0.93,       9.29,     30.65,          0.60
        -12,          1,    2,        -18.26,          3.30,       0.97,       9.70,     32.00,          0.49
        -12,          1,    3,        -16.91,          3.30,       1.00,      10.06,     33.19,          0.48
        -12,          1,    4,        -15.75,          3.30,       1.04,      10.41,     34.36,          0.49
        -12,          1,    5,        -14.79,          3.30,       1.07,      10.72,     35.36,          0.52
        -12,          1,    6,        -14.10,          3.30,       1.11,      11.14,     36.76,          0.50
        -12,          1,    7,        -13.53,          3.30,       1.15,      11.44,     37.75,          0.51
        -12,          2,    1,        -17.55,          3.30,       0.96,       9.66,     31.89,          1.06
        -12,          2,    2,        -16.01,          3.30,       1.01,      10.07,     33.22,          0.84
        -12,          2,    3,        -14.70,          3.30,       1.05,      10.50,     34.66,          0.77
        -12,          2,    4,        -13.74,          3.30,       1.09,      10.89,     35.95,          0.74
        -12,          2,    5,        -12.93,          3.30,       1.13,      11.30,     37.29,          0.72
        -12,          2,    6,        -12.29,          3.30,       1.17,      11.68,     38.54,          0.71
        -12,          2,    7,        -11.72,          3.30,       1.20,      12.01,     39.63,          0.72
        -12,          3,    1,        -14.58,          3.30,       1.02,      10.22,     33.74,          1.70
        -12,          3,    2,        -13.23,          3.30,       1.07,      10.72,     35.38,          1.29
        -12,          3,    3,        -12.28,          3.30,       1.12,      11.24,     37.08,          1.10
        -12,          3,    4,        -11.46,          3.30,       1.17,      11.65,     38.45,          1.06
        -12,          3,    5,        -10.93,          3.30,       1.21,      12.03,     39.70,          1.01
        -12,          3,    6,        -10.42,          3.30,       1.24,      12.44,     41.06,          0.97
        -12,          3,    7,         -9.97,          3.30,       1.28,      12.78,     42.18,          0.96
        -12,          4,    1,        -12.60,          3.30,       1.08,      10.81,     35.67,          1.99
        -12,          4,    2,        -11.46,          3.30,       1.14,      11.44,     37.75,          1.48
        -12,          4,    3,        -10.58,          3.30,       1.19,      11.92,     39.32,          1.37
        -12,          4,    4,         -9.91,          3.30,       1.24,      12.36,     40.78,          1.30
        -12,          4,    5,         -9.38,          3.30,       1.28,      12.79,     42.22,          1.24
        -12,          4,    6,         -8.98,          3.30,       1.32,      13.19,     43.53,          1.19
        -12,          4,    7,         -8.60,          3.30,       1.36,      13.55,     44.71,          1.17
        -12,          5,    1,        -10.59,          3.30,       1.17,      11.67,     38.52,          2.29
        -12,          5,    2,         -9.50,          3.30,       1.23,      12.28,     40.53,          1.92
        -12,          5,    3,         -8.71,          3.30,       1.29,      12.90,     42.56,          1.71
        -12,          5,    4,         -8.22,          3.30,       1.34,      13.35,     44.05,          1.61
        -12,          5,    5,         -7.72,          3.30,       1.38,      13.79,     45.49,          1.57
        -12,          5,    6,         -7.42,          3.30,       1.42,      14.18,     46.77,          1.50
        -12,          5,    7,         -7.13,          3.30,       1.46,      14.58,     48.12,          1.44
        -12,          6,    1,         -9.18,          3.30,       1.24,      12.37,     40.83,          3.33
        -12,          6,    2,         -8.22,          3.30,       1.31,      13.11,     43.27,          2.48
        -12,          6,    3,         -7.50,          3.30,       1.37,      13.66,     45.07,          2.26
        -12,          6,    4,         -7.03,          3.30,       1.42,      14.15,     46.71,          2.08
        -12,          6,    5,         -6.70,          3.30,       1.47,      14.68,     48.45,          1.90
        -12,          6,    6,         -6.40,          3.30,       1.51,      15.08,     49.76,          1.82
        -12,          6,    7,         -6.17,          3.30,       1.55,      15.46,     51.02,          1.75
        -12,          7,    1,         -8.04,          3.30,       1.32,      13.16,     43.42,          3.60
        -12,          7,    2,         -7.08,          3.30,       1.39,      13.91,     45.91,          2.86
        -12,          7,    3,         -6.43,          3.30,       1.47,      14.66,     48.37,          2.44
        -12,          7,    4,         -6.04,          3.30,       1.52,      15.15,     49.97,          2.28
        -12,          7,    5,         -5.72,          3.30,       1.57,      15.65,     51.65,          2.13
        -12,          7,    6,         -5.49,          3.30,       1.61,      16.06,     52.99,          2.03
        -12,          7,    7,         -5.25,          3.30,       1.65,      16.50,     54.45,          1.94
        -11,          1,    1,        -19.58,          3.30,       0.94,       9.36,     30.88,          0.63
        -11,          1,    2,        -17.91,          3.30,       0.98,       9.79,     32.31,          0.51
        -11,          1,    3,        -16.30,          3.30,       1.02,      10.15,     33.51,          0.53
        -11,          1,    4,        -15.33,          3.30,       1.05,      10.52,     34.70,          0.53
        -11,          1,    5,        -14.46,          3.30,       1.08,      10.83,     35.76,          0.54
        -11,          1,    6,        -13.79,          3.30,       1.13,      11.26,     37.14,          0.52
        -11,          1,    7,        -13.12,          3.30,       1.16,      11.57,     38.17,          0.54
        -11,          2,    1,        -17.11,          3.30,       0.98,       9.77,     32.23,          1.23
        -11,          2,    2,        -15.48,          3.30,       1.02,      10.19,     33.63,          0.95
        -11,          2,    3,        -14.24,          3.30,       1.06,      10.58,     34.90,          0.89
        -11,          2,    4,        -13.19,          3.30,       1.11,      11.09,     36.59,          0.81
        -11,          2,    5,        -12.61,          3.30,       1.14,      11.45,     37.78,          0.77
        -11,          2,    6,        -11.90,          3.30,       1.18,      11.82,     39.01,          0.77
        -11,          2,    7,        -11.36,          3.30,       1.22,      12.19,     40.23,          0.76
        -11,          3,    1,        -14.24,          3.30,       1.04,      10.36,     34.19,          1.82
        -11,          3,    2,        -12.85,          3.30,       1.09,      10.88,     35.89,          1.37
        -11,          3,    3,        -11.80,          3.30,       1.14,      11.40,     37.63,          1.20
        -11,          3,    4,        -11.06,          3.30,       1.18,      11.83,     39.04,          1.13
        -11,          3,    5,        -10.49,          3.30,       1.22,      12.21,     40.29,          1.09
        -11,          3,    6,         -9.92,          3.30,       1.26,      12.63,     41.68,          1.07
        -11,          3,    7,         -9.55,          3.30,       1.30,      12.98,     42.81,          1.04
        -11,          4,    1,        -12.02,          3.30,       1.10,      10.99,     36.27,          2.23
        -11,          4,    2,        -10.98,          3.30,       1.16,      11.57,     38.19,          1.68
        -11,          4,    3,        -10.12,          3.30,       1.21,      12.12,     40.00,          1.49
        -11,          4,    4,         -9.41,          3.30,       1.26,      12.59,     41.53,          1.42
        -11,          4,    5,         -8.90,          3.30,       1.30,      13.03,     42.98,          1.35
        -11,          4,    6,         -8.52,          3.30,       1.34,      13.44,     44.36,          1.29
        -11,          4,    7,         -8.11,          3.30,       1.38,      13.82,     45.60,          1.27
        -11,          5,    1,        -10.08,          3.30,       1.19,      11.88,     39.19,          2.50
        -11,          5,    2,         -9.01,          3.30,       1.25,      12.56,     41.46,          2.03
        -11,          5,    3,         -8.26,          3.30,       1.32,      13.12,     43.30,          1.86
        -11,          5,    4,         -7.71,          3.30,       1.36,      13.63,     44.98,          1.74
        -11,          5,    5,         -7.27,          3.30,       1.40,      14.06,     46.41,          1.68
        -11,          5,    6,         -6.91,          3.30,       1.45,      14.53,     47.95,          1.61
        -11,          5,    7,         -6.63,          3.30,       1.49,      14.92,     49.22,          1.56
        -11,          6,    1,         -8.71,          3.30,       1.27,      12.64,     41.72,          3.54
        -11,          6,    2,         -7.68,          3.30,       1.34,      13.39,     44.18,          2.72
        -11,          6,    3,         -7.02,          3.30,       1.40,      14.00,     46.20,          2.40
        -11,          6,    4,         -6.57,          3.30,       1.45,      14.54,     47.98,          2.19
        -11,          6,    5,         -6.19,          3.30,       1.50,      14.99,     49.47,          2.08
        -11,          6,    6,         -5.92,          3.30,       1.54,      15.45,     50.98,          1.96
        -11,          6,    7,         -5.65,          3.30,       1.58,      15.78,     52.08,          1.92
        -11,          7,    1,         -7.53,          3.30,       1.35,      13.46,     44.40,          3.87
        -11,          7,    2,         -6.54,          3.30,       1.43,      14.32,     47.24,          3.00
        -11,          7,    3,         -5.94,          3.30,       1.50,      15.01,     49.55,          2.62
        -11,          7,    4,         -5.51,          3.30,       1.56,      15.56,     51.32,          2.45
        -11,          7,    5,         -5.19,          3.30,       1.61,      16.04,     52.93,          2.31
        -11,          7,    6,         -4.97,          3.30,       1.65,      16.52,     54.49,          2.17
        -11,          7,    7,         -4.79,          3.30,       1.69,      16.92,     55.80,          2.08
        -10,          1,    1,        -19.23,          3.30,       0.95,       9.51,     31.37,          0.68
        -10,          1,    2,        -17.45,          3.30,       0.99,       9.88,     32.60,          0.60
        -10,          1,    3,        -15.98,          3.30,       1.03,      10.31,     34.01,          0.57
        -10,          1,    4,        -14.91,          3.30,       1.07,      10.65,     35.16,          0.58
        -10,          1,    5,        -14.09,          3.30,       1.10,      11.01,     36.33,          0.58
        -10,          1,    6,        -13.34,          3.30,       1.14,      11.41,     37.66,          0.58
        -10,          1,    7,        -12.80,          3.30,       1.17,      11.70,     38.61,          0.58
        -10,          2,    1,        -16.73,          3.30,       0.99,       9.92,     32.72,          1.41
        -10,          2,    2,        -15.07,          3.30,       1.03,      10.32,     34.06,          1.09
        -10,          2,    3,        -13.81,          3.30,       1.08,      10.79,     35.59,          0.95
        -10,          2,    4,        -12.86,          3.30,       1.12,      11.22,     37.03,          0.89
        -10,          2,    5,        -12.16,          3.30,       1.16,      11.65,     38.44,          0.84
        -10,          2,    6,        -11.54,          3.30,       1.20,      11.98,     39.54,          0.84
        -10,          2,    7,        -10.98,          3.30,       1.24,      12.38,     40.86,          0.83
        -10,          3,    1,        -13.70,          3.30,       1.05,      10.51,     34.69,          2.01
        -10,          3,    2,        -12.39,          3.30,       1.11,      11.10,     36.63,          1.42
        -10,          3,    3,        -11.40,          3.30,       1.16,      11.61,     38.30,          1.27
        -10,          3,    4,        -10.67,          3.30,       1.20,      12.03,     39.68,          1.21
        -10,          3,    5,        -10.05,          3.30,       1.24,      12.43,     41.02,          1.17
        -10,          3,    6,         -9.54,          3.30,       1.29,      12.86,     42.44,          1.13
        -10,          3,    7,         -9.12,          3.30,       1.32,      13.24,     43.70,          1.10
        -10,          4,    1,        -11.77,          3.30,       1.12,      11.22,     37.03,          2.09
        -10,          4,    2,        -10.57,          3.30,       1.18,      11.82,     39.02,          1.69
        -10,          4,    3,         -9.68,          3.30,       1.24,      12.37,     40.81,          1.54
        -10,          4,    4,         -9.02,          3.30,       1.28,      12.82,     42.31,          1.48
        -10,          4,    5,         -8.50,          3.30,       1.33,      13.26,     43.78,          1.42
        -10,          4,    6,         -8.07,          3.30,       1.37,      13.70,     45.20,          1.37
        -10,          4,    7,         -7.67,          3.30,       1.41,      14.07,     46.41,          1.36
        -10,          5,    1,         -9.61,          3.30,       1.21,      12.13,     40.04,          2.70
        -10,          5,    2,         -8.56,          3.30,       1.29,      12.87,     42.48,          2.15
        -10,          5,    3,         -7.79,          3.30,       1.34,      13.46,     44.40,          1.98
        -10,          5,    4,         -7.21,          3.30,       1.39,      13.93,     45.97,          1.91
        -10,          5,    5,         -6.81,          3.30,       1.44,      14.44,     47.64,          1.79
        -10,          5,    6,         -6.46,          3.30,       1.49,      14.88,     49.11,          1.72
        -10,          5,    7,         -6.21,          3.30,       1.52,      15.25,     50.31,          1.67
        -10,          6,    1,         -8.21,          3.30,       1.30,      13.03,     42.98,          3.47
        -10,          6,    2,         -7.21,          3.30,       1.37,      13.73,     45.31,          2.85
        -10,          6,    3,         -6.58,          3.30,       1.44,      14.38,     47.46,          2.49
        -10,          6,    4,         -6.10,          3.30,       1.49,      14.88,     49.10,          2.35
        -10,          6,    5,         -5.73,          3.30,       1.54,      15.40,     50.81,          2.19
        -10,          6,    6,         -5.46,          3.30,       1.58,      15.80,     52.13,          2.11
        -10,          6,    7,         -5.23,          3.30,       1.62,      16.28,     53.71,          1.99
        -10,          7,    1,         -7.09,          3.30,       1.38,      13.85,     45.71,          4.03
        -10,          7,    2,         -6.06,          3.30,       1.48,      14.74,     48.65,          3.18
        -10,          7,    3,         -5.46,          3.30,       1.54,      15.41,     50.86,          2.84
        -10,          7,    4,         -5.06,          3.30,       1.60,      16.00,     52.81,          2.61
        -10,          7,    5,         -4.75,          3.30,       1.65,      16.50,     54.45,          2.46
        -10,          7,    6,         -4.52,          3.30,       1.69,      16.93,     55.87,          2.35
        -10,          7,    7,         -4.32,          3.30,       1.74,      17.37,     57.30,          2.25
         -9,          1,    1,        -18.62,          3.30,       0.96,       9.64,     31.81,          0.66
         -9,          1,    2,        -16.84,          3.30,       1.00,      10.00,     33.02,          0.63
         -9,          1,    3,        -15.55,          3.30,       1.04,      10.38,     34.25,          0.62
         -9,          1,    4,        -14.40,          3.30,       1.08,      10.83,     35.74,          0.60
         -9,          1,    5,        -13.56,          3.30,       1.12,      11.23,     37.06,          0.60
         -9,          1,    6,        -12.86,          3.30,       1.16,      11.57,     38.16,          0.61
         -9,          1,    7,        -12.28,          3.30,       1.19,      11.90,     39.28,          0.62
         -9,          2,    1,        -16.23,          3.30,       1.00,      10.02,     33.07,          1.64
         -9,          2,    2,        -14.60,          3.30,       1.05,      10.44,     34.47,          1.22
         -9,          2,    3,        -13.30,          3.30,       1.10,      10.99,     36.26,          1.01
         -9,          2,    4,        -12.41,          3.30,       1.14,      11.41,     37.67,          0.95
         -9,          2,    5,        -11.72,          3.30,       1.18,      11.79,     38.93,          0.92
         -9,          2,    6,        -11.06,          3.30,       1.22,      12.20,     40.26,          0.91
         -9,          2,    7,        -10.52,          3.30,       1.26,      12.56,     41.43,          0.91
         -9,          3,    1,        -13.24,          3.30,       1.07,      10.68,     35.25,          2.01
         -9,          3,    2,        -11.90,          3.30,       1.13,      11.27,     37.19,          1.50
         -9,          3,    3,        -10.88,          3.30,       1.18,      11.83,     39.03,          1.33
         -9,          3,    4,        -10.10,          3.30,       1.23,      12.26,     40.46,          1.29
         -9,          3,    5,         -9.52,          3.30,       1.27,      12.71,     41.94,          1.24
         -9,          3,    6,         -8.99,          3.30,       1.31,      13.14,     43.36,          1.20
         -9,          3,    7,         -8.57,          3.30,       1.35,      13.50,     44.54,          1.19
         -9,          4,    1,        -11.19,          3.30,       1.15,      11.44,     37.76,          2.34
         -9,          4,    2,        -10.02,          3.30,       1.21,      12.05,     39.77,          1.89
         -9,          4,    3,         -9.12,          3.30,       1.27,      12.64,     41.72,          1.70
         -9,          4,    4,         -8.46,          3.30,       1.31,      13.15,     43.37,          1.61
         -9,          4,    5,         -7.92,          3.30,       1.36,      13.62,     44.94,          1.55
         -9,          4,    6,         -7.51,          3.30,       1.40,      14.02,     46.24,          1.51
         -9,          4,    7,         -7.15,          3.30,       1.44,      14.43,     47.60,          1.47
         -9,          5,    1,         -9.07,          3.30,       1.24,      12.44,     41.04,          3.08
         -9,          5,    2,         -7.95,          3.30,       1.32,      13.16,     43.43,          2.50
         -9,          5,    3,         -7.19,          3.30,       1.38,      13.79,     45.50,          2.25
         -9,          5,    4,         -6.70,          3.30,       1.43,      14.32,     47.26,          2.09
         -9,          5,    5,         -6.25,          3.30,       1.48,      14.84,     48.96,          1.99
         -9,          5,    6,         -5.94,          3.30,       1.53,      15.24,     50.29,          1.92
         -9,          5,    7,         -5.63,          3.30,       1.56,      15.63,     51.57,          1.88
         -9,          6,    1,         -7.60,          3.30,       1.33,      13.32,     43.95,          4.10
         -9,          6,    2,         -6.60,          3.30,       1.41,      14.09,     46.47,          3.24
         -9,          6,    3,         -5.93,          3.30,       1.48,      14.80,     48.85,          2.79
         -9,          6,    4,         -5.51,          3.30,       1.53,      15.34,     50.60,          2.58
         -9,          6,    5,         -5.14,          3.30,       1.58,      15.85,     52.30,          2.43
         -9,          6,    6,         -4.88,          3.30,       1.63,      16.28,     53.72,          2.32
         -9,          6,    7,         -4.68,          3.30,       1.67,      16.70,     55.08,          2.22
         -9,          7,    1,         -6.45,          3.30,       1.42,      14.23,     46.96,          4.57
         -9,          7,    2,         -5.47,          3.30,       1.52,      15.19,     50.13,          3.49
         -9,          7,    3,         -4.88,          3.30,       1.59,      15.92,     52.53,          3.09
         -9,          7,    4,         -4.47,          3.30,       1.65,      16.50,     54.42,          2.88
         -9,          7,    5,         -4.19,          3.30,       1.70,      17.02,     56.15,          2.69
         -9,          7,    6,         -3.93,          3.30,       1.75,      17.47,     57.62,          2.59
         -9,          7,    7,         -3.74,          3.30,       1.80,      17.96,     59.24,          2.45
         -8,          1,    1,        -18.12,          3.30,       0.97,       9.66,     31.88,          0.89
         -8,          1,    2,        -16.55,          3.30,       1.01,      10.08,     33.25,          0.71
         -8,          1,    3,        -15.08,          3.30,       1.05,      10.51,     34.68,          0.69
         -8,          1,    4,        -14.08,          3.30,       1.09,      10.92,     36.04,          0.66
         -8,          1,    5,        -13.17,          3.30,       1.13,      11.35,     37.45,          0.66
         -8,          1,    6,        -12.52,          3.30,       1.17,      11.65,     38.43,          0.68
         -8,          1,    7,        -12.00,          3.30,       1.20,      12.00,     39.60,          0.67
         -8,          2,    1,        -15.71,          3.30,       1.01,      10.11,     33.38,          1.83
         -8,          2,    2,        -14.13,          3.30,       1.06,      10.57,     34.88,          1.30
         -8,          2,    3,        -12.94,          3.30,       1.11,      11.09,     36.59,          1.09
         -8,          2,    4,        -12.05,          3.30,       1.15,      11.56,     38.14,          1.00
         -8,          2,    5,        -11.30,          3.30,       1.19,      11.94,     39.40,          0.99
         -8,          2,    6,        -10.67,          3.30,       1.23,      12.29,     40.54,          0.99
         -8,          2,    7,        -10.17,          3.30,       1.28,      12.77,     42.13,          0.94
         -8,          3,    1,        -12.77,          3.30,       1.08,      10.82,     35.71,          2.20
         -8,          3,    2,        -11.55,          3.30,       1.15,      11.47,     37.86,          1.54
         -8,          3,    3,        -10.45,          3.30,       1.19,      11.96,     39.45,          1.47
         -8,          3,    4,         -9.72,          3.30,       1.25,      12.45,     41.09,          1.37
         -8,          3,    5,         -9.13,          3.30,       1.29,      12.89,     42.54,          1.32
         -8,          3,    6,         -8.65,          3.30,       1.33,      13.34,     44.01,          1.28
         -8,          3,    7,         -8.28,          3.30,       1.37,      13.72,     45.28,          1.24
         -8,          4,    1,        -10.77,          3.30,       1.16,      11.62,     38.35,          2.43
         -8,          4,    2,         -9.60,          3.30,       1.23,      12.25,     40.43,          1.98
         -8,          4,    3,         -8.74,          3.30,       1.29,      12.83,     42.35,          1.79
         -8,          4,    4,         -8.09,          3.30,       1.34,      13.33,     43.99,          1.71
         -8,          4,    5,         -7.57,          3.30,       1.38,      13.79,     45.52,          1.65
         -8,          4,    6,         -7.12,          3.30,       1.42,      14.26,     47.04,          1.60
         -8,          4,    7,         -6.77,          3.30,       1.47,      14.69,     48.47,          1.55
         -8,          5,    1,         -8.67,          3.30,       1.27,      12.63,     41.69,          3.17
         -8,          5,    2,         -7.54,          3.30,       1.34,      13.39,     44.18,          2.60
         -8,          5,    3,         -6.77,          3.30,       1.41,      14.07,     46.42,          2.33
         -8,          5,    4,         -6.25,          3.30,       1.46,      14.62,     48.23,          2.19
         -8,          5,    5,         -5.85,          3.30,       1.51,      15.09,     49.79,          2.10
         -8,          5,    6,         -5.50,          3.30,       1.55,      15.59,     51.44,          2.01
         -8,          5,    7,         -5.28,          3.30,       1.60,      15.94,     52.58,          1.95
         -8,          6,    1,         -7.19,          3.30,       1.36,      13.61,     44.91,          4.20
         -8,          6,    2,         -6.22,          3.30,       1.44,      14.43,     47.61,          3.29
         -8,          6,    3,         -5.56,          3.30,       1.51,      15.14,     49.94,          2.90
         -8,          6,    4,         -5.12,          3.30,       1.56,      15.68,     51.76,          2.70
         -8,          6,    5,         -4.79,          3.30,       1.62,      16.19,     53.42,          2.54
         -8,          6,    6,         -4.51,          3.30,       1.66,      16.62,     54.84,          2.44
         -8,          6,    7,         -4.27,          3.30,       1.70,      17.06,     56.28,          2.35
         -8,          7,    1,         -6.01,          3.30,       1.46,      14.62,     48.22,          4.63
         -8,          7,    2,         -5.05,          3.30,       1.55,      15.53,     51.24,          3.71
         -8,          7,    3,         -4.45,          3.30,       1.63,      16.31,     53.81,          3.26
         -8,          7,    4,         -4.06,          3.30,       1.69,      16.85,     55.59,          3.07
         -8,          7,    5,         -3.78,          3.30,       1.74,      17.39,     57.36,          2.88
         -8,          7,    6,         -3.53,          3.30,       1.80,      17.93,     59.16,          2.71
         -8,          7,    7,         -3.32,          3.30,       1.84,      18.43,     60.80,          2.59
         -7,          1,    1,        -17.77,          3.30,       0.98,       9.78,     32.28,          0.82
         -7,          1,    2,        -16.01,          3.30,       1.02,      10.22,     33.72,          0.72
         -7,          1,    3,        -14.62,          3.30,       1.06,      10.62,     35.03,          0.72
         -7,          1,    4,        -13.63,          3.30,       1.10,      11.04,     36.45,          0.70
         -7,          1,    5,        -12.78,          3.30,       1.14,      11.45,     37.77,          0.70
         -7,          1,    6,        -12.13,          3.30,       1.18,      11.82,     39.02,          0.70
         -7,          1,    7,        -11.61,          3.30,       1.22,      12.17,     40.16,          0.70
         -7,          2,    1,        -15.24,          3.30,       1.02,      10.22,     33.73,          1.91
         -7,          2,    2,        -13.66,          3.30,       1.07,      10.70,     35.30,          1.37
         -7,          2,    3,        -12.49,          3.30,       1.13,      11.26,     37.17,          1.13
         -7,          2,    4,        -11.58,          3.30,       1.17,      11.70,     38.59,          1.08
         -7,          2,    5,        -10.77,          3.30,       1.21,      12.12,     39.98,          1.07
         -7,          2,    6,        -10.20,          3.30,       1.25,      12.52,     41.33,          1.04
         -7,          2,    7,         -9.69,          3.30,       1.29,      12.95,     42.73,          1.02
         -7,          3,    1,        -12.36,          3.30,       1.10,      11.02,     36.37,          2.15
         -7,          3,    2,        -11.01,          3.30,       1.16,      11.61,     38.30,          1.71
         -7,          3,    3,        -10.06,          3.30,       1.22,      12.18,     40.20,          1.51
         -7,          3,    4,         -9.24,          3.30,       1.27,      12.66,     41.79,          1.47
         -7,          3,    5,         -8.65,          3.30,       1.31,      13.10,     43.24,          1.43
         -7,          3,    6,         -8.18,          3.30,       1.36,      13.57,     44.77,          1.37
         -7,          3,    7,         -7.76,          3.30,       1.39,      13.96,     46.04,          1.35
         -7,          4,    1,        -10.25,          3.30,       1.18,      11.82,     38.99,          2.63
         -7,          4,    2,         -9.09,          3.30,       1.25,      12.49,     41.23,          2.12
         -7,          4,    3,         -8.25,          3.30,       1.31,      13.12,     43.29,          1.90
         -7,          4,    4,         -7.62,          3.30,       1.36,      13.62,     44.94,          1.81
         -7,          4,    5,         -7.03,          3.30,       1.41,      14.12,     46.56,          1.78
         -7,          4,    6,         -6.66,          3.30,       1.46,      14.60,     48.18,          1.69
         -7,          4,    7,         -6.28,          3.30,       1.50,      15.01,     49.52,          1.67
         -7,          5,    1,         -8.15,          3.30,       1.29,      12.95,     42.72,          3.30
         -7,          5,    2,         -7.06,          3.30,       1.37,      13.74,     45.32,          2.72
         -7,          5,    3,         -6.25,          3.30,       1.44,      14.39,     47.47,          2.53
         -7,          5,    4,         -5.75,          3.30,       1.49,      14.95,     49.33,          2.37
         -7,          5,    5,         -5.34,          3.30,       1.55,      15.45,     50.98,          2.27
         -7,          5,    6,         -5.04,          3.30,       1.59,      15.90,     52.45,          2.18
         -7,          5,    7,         -4.77,          3.30,       1.64,      16.38,     54.03,          2.09
         -7,          6,    1,         -6.70,          3.30,       1.39,      13.89,     45.84,          4.54
         -7,          6,    2,         -5.68,          3.30,       1.48,      14.85,     48.99,          3.44
         -7,          6,    3,         -5.05,          3.30,       1.55,      15.51,     51.18,          3.11
         -7,          6,    4,         -4.62,          3.30,       1.61,      16.10,     53.11,          2.88
         -7,          6,    5,         -4.26,          3.30,       1.66,      16.62,     54.85,          2.73
         -7,          6,    6,         -4.00,          3.30,       1.71,      17.09,     56.38,          2.61
         -7,          6,    7,         -3.76,          3.30,       1.76,      17.53,     57.83,          2.52
         -7,          7,    1,         -5.49,          3.30,       1.50,      14.98,     49.42,          5.02
         -7,          7,    2,         -4.58,          3.30,       1.59,      15.96,     52.64,          3.94
         -7,          7,    3,         -3.95,          3.30,       1.68,      16.76,     55.29,          3.50
         -7,          7,    4,         -3.56,          3.30,       1.73,      17.36,     57.26,          3.28
         -7,          7,    5,         -3.24,          3.30,       1.80,      17.98,     59.31,          3.06
         -7,          7,    6,         -3.03,          3.30,       1.85,      18.47,     60.93,          2.91
         -7,          7,    7,         -2.80,          3.30,       1.90,      18.95,     62.52,          2.80
         -6,          1,    1,        -17.37,          3.30,       0.98,       9.88,     32.61,          0.87
         -6,          1,    2,        -15.63,          3.30,       1.03,      10.27,     33.88,          0.81
         -6,          1,    3,        -14.25,          3.30,       1.07,      10.71,     35.34,          0.78
         -6,          1,    4,        -13.23,          3.30,       1.12,      11.20,     36.96,          0.74
         -6,          1,    5,        -12.41,          3.30,       1.16,      11.55,     38.11,          0.75
         -6,          1,    6,        -11.75,          3.30,       1.20,      11.96,     39.47,          0.75
         -6,          1,    7,        -11.21,          3.30,       1.23,      12.28,     40.52,          0.76
         -6,          2,    1,        -14.71,          3.30,       1.03,      10.34,     34.14,          2.05
         -6,          2,    2,        -13.27,          3.30,       1.09,      10.86,     35.82,          1.41
         -6,          2,    3,        -12.04,          3.30,       1.14,      11.41,     37.67,          1.21
         -6,          2,    4,        -11.15,          3.30,       1.19,      11.90,     39.26,          1.13
         -6,          2,    5,        -10.42,          3.30,       1.23,      12.32,     40.66,          1.11
         -6,          2,    6,         -9.76,          3.30,       1.27,      12.75,     42.09,          1.10
         -6,          2,    7,         -9.29,          3.30,       1.31,      13.12,     43.29,          1.09
         -6,          3,    1,        -11.95,          3.30,       1.12,      11.21,     36.98,          2.21
         -6,          3,    2,        -10.64,          3.30,       1.18,      11.82,     39.02,          1.75
         -6,          3,    3,         -9.57,          3.30,       1.23,      12.35,     40.75,          1.66
         -6,          3,    4,         -8.80,          3.30,       1.29,      12.91,     42.60,          1.55
         -6,          3,    5,         -8.24,          3.30,       1.34,      13.37,     44.13,          1.49
         -6,          3,    6,         -7.75,          3.30,       1.38,      13.80,     45.53,          1.47
         -6,          3,    7,         -7.33,          3.30,       1.42,      14.20,     46.84,          1.45
         -6,          4,    1,         -9.82,          3.30,       1.20,      12.00,     39.58,          2.81
         -6,          4,    2,         -8.68,          3.30,       1.28,      12.73,     42.00,          2.21
         -6,          4,    3,         -7.77,          3.30,       1.34,      13.37,     44.13,          2.02
         -6,          4,    4,         -7.15,          3.30,       1.39,      13.87,     45.77,          1.95
         -6,          4,    5,         -6.59,          3.30,       1.44,      14.41,     47.55,          1.88
         -6,          4,    6,         -6.21,          3.30,       1.49,      14.89,     49.13,          1.81
         -6,          4,    7,         -5.82,          3.30,       1.53,      15.28,     50.42,          1.80
         -6,          5,    1,         -7.68,          3.30,       1.32,      13.19,     43.53,          3.67
         -6,          5,    2,         -6.54,          3.30,       1.40,      13.98,     46.13,          3.06
         -6,          5,    3,         -5.80,          3.30,       1.48,      14.77,     48.73,          2.67
         -6,          5,    4,         -5.31,          3.30,       1.53,      15.30,     50.46,          2.54
         -6,          5,    5,         -4.93,          3.30,       1.58,      15.80,     52.13,          2.43
         -6,          5,    6,         -4.58,          3.30,       1.63,      16.34,     53.89,          2.32
         -6,          5,    7,         -4.33,          3.30,       1.67,      16.76,     55.30,          2.25
         -6,          6,    1,         -6.23,          3.30,       1.42,      14.25,     47.03,          4.92
         -6,          6,    2,         -5.23,          3.30,       1.52,      15.19,     50.11,          3.78
         -6,          6,    3,         -4.60,          3.30,       1.59,      15.88,     52.40,          3.39
         -6,          6,    4,         -4.14,          3.30,       1.65,      16.49,     54.41,          3.15
         -6,          6,    5,         -3.82,          3.30,       1.70,      17.00,     56.08,          2.99
         -6,          6,    6,         -3.54,          3.30,       1.75,      17.52,     57.80,          2.83
         -6,          6,    7,         -3.29,          3.30,       1.80,      18.04,     59.51,          2.71
         -6,          7,    1,         -5.07,          3.30,       1.53,      15.36,     50.66,          5.23
         -6,          7,    2,         -4.11,          3.30,       1.64,      16.44,     54.24,          4.07
         -6,          7,    3,         -3.47,          3.30,       1.72,      17.19,     56.70,          3.76
         -6,          7,    4,         -3.08,          3.30,       1.79,      17.89,     59.01,          3.44
         -6,          7,    5,         -2.78,          3.30,       1.85,      18.48,     60.98,          3.25
         -6,          7,    6,         -2.55,          3.30,       1.90,      18.98,     62.61,          3.10
         -6,          7,    7,         -2.35,          3.30,       1.95,      19.48,     64.27,          2.98
         -5,          1,    1,        -16.97,          3.30,       0.99,       9.97,     32.90,          0.94
         -5,          1,    2,        -15.20,          3.30,       1.04,      10.40,     34.31,          0.85
         -5,          1,    3,        -13.76,          3.30,       1.08,      10.84,     35.77,          0.84
         -5,          1,    4,        -12.76,          3.30,       1.13,      11.33,     37.38,          0.80
         -5,          1,    5,        -12.02,          3.30,       1.17,      11.72,     38.67,          0.79
         -5,          1,    6,        -11.36,          3.30,       1.21,      12.10,     39.92,          0.80
         -5,          1,    7,        -10.78,          3.30,       1.24,      12.45,     41.07,          0.81
         -5,          2,    1,        -14.43,          3.30,       1.05,      10.46,     34.52,          2.23
         -5,          2,    2,        -12.86,          3.30,       1.10,      11.03,     36.38,          1.49
         -5,          2,    3,        -11.75,          3.30,       1.15,      11.55,     38.13,          1.28
         -5,          2,    4,        -10.73,          3.30,       1.20,      12.00,     39.61,          1.26
         -5,          2,    5,         -9.97,          3.30,       1.25,      12.48,     41.18,          1.22
         -5,          2,    6,         -9.39,          3.30,       1.29,      12.91,     42.60,          1.19
         -5,          2,    7,         -8.87,          3.30,       1.34,      13.34,     44.02,          1.17
         -5,          3,    1,        -11.46,          3.30,       1.14,      11.35,     37.46,          2.59
         -5,          3,    2,        -10.15,          3.30,       1.20,      11.97,     39.49,          2.02
         -5,          3,    3,         -9.19,          3.30,       1.26,      12.55,     41.42,          1.79
         -5,          3,    4,         -8.39,          3.30,       1.31,      13.11,     43.26,          1.69
         -5,          3,    5,         -7.81,          3.30,       1.36,      13.59,     44.86,          1.63
         -5,          3,    6,         -7.30,          3.30,       1.40,      14.00,     46.20,          1.62
         -5,          3,    7,         -6.93,          3.30,       1.45,      14.48,     47.78,          1.55
         -5,          4,    1,         -9.41,          3.30,       1.22,      12.24,     40.38,          3.08
         -5,          4,    2,         -8.19,          3.30,       1.30,      12.98,     42.84,          2.45
         -5,          4,    3,         -7.32,          3.30,       1.36,      13.59,     44.84,          2.27
         -5,          4,    4,         -6.67,          3.30,       1.42,      14.17,     46.74,          2.13
         -5,          4,    5,         -6.15,          3.30,       1.47,      14.72,     48.58,          2.04
         -5,          4,    6,         -5.75,          3.30,       1.52,      15.20,     50.15,          1.97
         -5,          4,    7,         -5.38,          3.30,       1.56,      15.61,     51.52,          1.95
         -5,          5,    1,         -7.25,          3.30,       1.35,      13.47,     44.45,          3.78
         -5,          5,    2,         -6.12,          3.30,       1.44,      14.38,     47.45,          3.06
         -5,          5,    3,         -5.37,          3.30,       1.51,      15.06,     49.71,          2.83
         -5,          5,    4,         -4.86,          3.30,       1.57,      15.67,     51.70,          2.67
         -5,          5,    5,         -4.46,          3.30,       1.62,      16.19,     53.43,          2.56
         -5,          5,    6,         -4.14,          3.30,       1.67,      16.64,     54.89,          2.50
         -5,          5,    7,         -3.89,          3.30,       1.71,      17.11,     56.44,          2.41
         -5,          6,    1,         -5.76,          3.30,       1.46,      14.63,     48.28,          5.11
         -5,          6,    2,         -4.79,          3.30,       1.55,      15.54,     51.27,          4.05
         -5,          6,    3,         -4.13,          3.30,       1.63,      16.31,     53.82,          3.60
         -5,          6,    4,         -3.68,          3.30,       1.69,      16.89,     55.73,          3.39
         -5,          6,    5,         -3.35,          3.30,       1.75,      17.48,     57.69,          3.17
         -5,          6,    6,         -3.09,          3.30,       1.80,      18.04,     59.52,          2.98
         -5,          6,    7,         -2.82,          3.30,       1.85,      18.50,     61.03,          2.91
         -5,          7,    1,         -4.60,          3.30,       1.58,      15.80,     52.13,          5.47
         -5,          7,    2,         -3.61,          3.30,       1.68,      16.84,     55.57,          4.46
         -5,          7,    3,         -3.00,          3.30,       1.77,      17.67,     58.29,          4.01
         -5,          7,    4,         -2.62,          3.30,       1.84,      18.40,     60.70,          3.67
         -5,          7,    5,         -2.31,          3.30,       1.90,      18.98,     62.61,          3.49
         -5,          7,    6,         -2.07,          3.30,       1.96,      19.54,     64.44,          3.33
         -5,          7,    7,         -1.89,          3.30,       2.00,      20.04,     66.10,          3.19
         -4,          1,    1,        -16.39,          3.30,       1.01,      10.07,     33.24,          1.10
         -4,          1,    2,        -14.71,          3.30,       1.05,      10.54,     34.78,          0.93
         -4,          1,    3,        -13.32,          3.30,       1.11,      11.02,     36.36,          0.90
         -4,          1,    4,        -12.32,          3.30,       1.15,      11.44,     37.76,          0.89
         -4,          1,    5,        -11.52,          3.30,       1.19,      11.87,     39.15,          0.88
         -4,          1,    6,        -10.90,          3.30,       1.23,      12.26,     40.46,          0.87
         -4,          1,    7,        -10.32,          3.30,       1.26,      12.62,     41.64,          0.89
         -4,          2,    1,        -13.85,          3.30,       1.06,      10.58,     34.89,          2.40
         -4,          2,    2,        -12.32,          3.30,       1.12,      11.23,     37.05,          1.51
         -4,          2,    3,        -11.17,          3.30,       1.17,      11.75,     38.76,          1.37
         -4,          2,    4,        -10.22,          3.30,       1.22,      12.20,     40.24,          1.34
         -4,          2,    5,         -9.52,          3.30,       1.27,      12.69,     41.88,          1.28
         -4,          2,    6,         -8.91,          3.30,       1.32,      13.15,     43.41,          1.25
         -4,          2,    7,         -8.44,          3.30,       1.35,      13.55,     44.71,          1.24
         -4,          3,    1,        -10.98,          3.30,       1.16,      11.56,     38.16,          2.70
         -4,          3,    2,         -9.69,          3.30,       1.22,      12.23,     40.36,          2.08
         -4,          3,    3,         -8.64,          3.30,       1.28,      12.84,     42.39,          1.90
         -4,          3,    4,         -7.86,          3.30,       1.34,      13.38,     44.15,          1.83
         -4,          3,    5,         -7.28,          3.30,       1.38,      13.86,     45.72,          1.78
         -4,          3,    6,         -6.79,          3.30,       1.43,      14.33,     47.28,          1.73
         -4,          3,    7,         -6.41,          3.30,       1.48,      14.81,     48.86,          1.67
         -4,          4,    1,         -8.87,          3.30,       1.25,      12.45,     41.09,          3.53
         -4,          4,    2,         -7.65,          3.30,       1.33,      13.25,     43.71,          2.73
         -4,          4,    3,         -6.82,          3.30,       1.39,      13.90,     45.86,          2.46
         -4,          4,    4,         -6.14,          3.30,       1.45,      14.53,     47.94,          2.31
         -4,          4,    5,         -5.65,          3.30,       1.51,      15.07,     49.73,          2.21
         -4,          4,    6,         -5.22,          3.30,       1.55,      15.52,     51.20,          2.18
         -4,          4,    7,         -4.89,          3.30,       1.60,      15.98,     52.70,          2.12
         -4,          5,    1,         -6.70,          3.30,       1.38,      13.81,     45.56,          4.08
         -4,          5,    2,         -5.56,          3.30,       1.47,      14.76,     48.72,          3.31
         -4,          5,    3,         -4.83,          3.30,       1.55,      15.49,     51.10,          3.05
         -4,          5,    4,         -4.36,          3.30,       1.61,      16.10,     53.12,          2.86
         -4,          5,    5,         -3.93,          3.30,       1.66,      16.64,     54.90,          2.77
         -4,          5,    6,         -3.60,          3.30,       1.71,      17.15,     56.59,          2.68
         -4,          5,    7,         -3.35,          3.30,       1.76,      17.60,     58.05,          2.61
         -4,          6,    1,         -5.23,          3.30,       1.50,      15.02,     49.58,          5.47
         -4,          6,    2,         -4.25,          3.30,       1.60,      15.98,     52.71,          4.37
         -4,          6,    3,         -3.59,          3.30,       1.68,      16.78,     55.36,          3.89
         -4,          6,    4,         -3.14,          3.30,       1.75,      17.46,     57.59,          3.60
         -4,          6,    5,         -2.80,          3.30,       1.81,      18.07,     59.63,          3.38
         -4,          6,    6,         -2.53,          3.30,       1.86,      18.59,     61.33,          3.24
         -4,          6,    7,         -2.31,          3.30,       1.91,      19.06,     62.88,          3.13
         -4,          7,    1,         -4.06,          3.30,       1.63,      16.29,     53.74,          6.03
         -4,          7,    2,         -3.06,          3.30,       1.74,      17.35,     57.25,          4.93
         -4,          7,    3,         -2.45,          3.30,       1.83,      18.31,     60.39,          4.32
         -4,          7,    4,         -2.04,          3.30,       1.90,      19.02,     62.72,          4.03
         -4,          7,    5,         -1.78,          3.30,       1.96,      19.64,     64.78,          3.78
         -4,          7,    6,         -1.55,          3.30,       2.02,      20.22,     66.68,          3.60
         -4,          7,    7,         -1.35,          3.30,       2.07,      20.67,     68.20,          3.49
         -3,          1,    1,        -16.08,          3.30,       1.01,      10.14,     33.46,          1.24
         -3,          1,    2,        -14.41,          3.30,       1.06,      10.63,     35.06,          1.01
         -3,          1,    3,        -12.98,          3.30,       1.11,      11.13,     36.72,          0.96
         -3,          1,    4,        -11.95,          3.30,       1.16,      11.60,     38.27,          0.94
         -3,          1,    5,        -11.20,          3.30,       1.20,      11.99,     39.57,          0.94
         -3,          1,    6,        -10.52,          3.30,       1.24,      12.38,     40.85,          0.95
         -3,          1,    7,         -9.98,          3.30,       1.28,      12.79,     42.19,          0.94
         -3,          2,    1,        -13.48,          3.30,       1.07,      10.72,     35.37,          2.60
         -3,          2,    2,        -12.04,          3.30,       1.13,      11.32,     37.35,          1.69
         -3,          2,    3,        -10.81,          3.30,       1.19,      11.89,     39.24,          1.48
         -3,          2,    4,         -9.88,          3.30,       1.24,      12.38,     40.84,          1.43
         -3,          2,    5,         -9.16,          3.30,       1.29,      12.90,     42.56,          1.36
         -3,          2,    6,         -8.54,          3.30,       1.33,      13.35,     44.07,          1.34
         -3,          2,    7,         -8.04,          3.30,       1.37,      13.72,     45.28,          1.35
         -3,          3,    1,        -10.64,          3.30,       1.17,      11.70,     38.61,          2.81
         -3,          3,    2,         -9.26,          3.30,       1.24,      12.40,     40.90,          2.21
         -3,          3,    3,         -8.27,          3.30,       1.31,      13.06,     43.08,          1.98
         -3,          3,    4,         -7.49,          3.30,       1.36,      13.59,     44.84,          1.92
         -3,          3,    5,         -6.90,          3.30,       1.41,      14.10,     46.54,          1.86
         -3,          3,    6,         -6.42,          3.30,       1.46,      14.58,     48.13,          1.81
         -3,          3,    7,         -5.99,          3.30,       1.50,      15.02,     49.54,          1.80
         -3,          4,    1,         -8.49,          3.30,       1.27,      12.71,     41.95,          3.43
         -3,          4,    2,         -7.29,          3.30,       1.35,      13.49,     44.51,          2.79
         -3,          4,    3,         -6.40,          3.30,       1.42,      14.20,     46.83,          2.54
         -3,          4,    4,         -5.74,          3.30,       1.48,      14.81,     48.88,          2.42
         -3,          4,    5,         -5.27,          3.30,       1.53,      15.33,     50.59,          2.33
         -3,          4,    6,         -4.83,          3.30,       1.59,      15.87,     52.36,          2.26
         -3,          4,    7,         -4.52,          3.30,       1.63,      16.36,     53.98,          2.19
         -3,          5,    1,         -6.26,          3.30,       1.41,      14.08,     46.45,          4.25
         -3,          5,    2,         -5.18,          3.30,       1.51,      15.04,     49.63,          3.47
         -3,          5,    3,         -4.47,          3.30,       1.58,      15.82,     52.21,          3.15
         -3,          5,    4,         -3.94,          3.30,       1.65,      16.47,     54.33,          3.00
         -3,          5,    5,         -3.54,          3.30,       1.70,      16.99,     56.06,          2.92
         -3,          5,    6,         -3.21,          3.30,       1.75,      17.52,     57.79,          2.83
         -3,          5,    7,         -2.94,          3.30,       1.80,      18.03,     59.47,          2.73
         -3,          6,    1,         -4.82,          3.30,       1.54,      15.37,     50.73,          5.74
         -3,          6,    2,         -3.84,          3.30,       1.64,      16.39,     54.08,          4.55
         -3,          6,    3,         -3.19,          3.30,       1.72,      17.14,     56.57,          4.14
         -3,          6,    4,         -2.74,          3.30,       1.79,      17.85,     58.89,          3.83
         -3,          6,    5,         -2.40,          3.30,       1.85,      18.49,     61.02,          3.59
         -3,          6,    6,         -2.14,          3.30,       1.90,      19.01,     62.70,          3.45
         -3,          6,    7,         -1.91,          3.30,       1.95,      19.54,     64.46,          3.31
         -3,          7,    1,         -3.67,          3.30,       1.66,      16.63,     54.87,          6.45
         -3,          7,    2,         -2.64,          3.30,       1.78,      17.81,     58.77,          5.15
         -3,          7,    3,         -2.04,          3.30,       1.88,      18.74,     61.82,          4.59
         -3,          7,    4,         -1.66,          3.30,       1.95,      19.54,     64.46,          4.20
         -3,          7,    5,         -1.34,          3.30,       2.01,      20.15,     66.46,          4.02
         -3,          7,    6,         -1.13,          3.30,       2.07,      20.70,     68.29,          3.84
         -3,          7,    7,         -0.93,          3.30,       2.13,      21.30,     70.26,          3.66
         -2,          1,    1,        -15.63,          3.30,       1.03,      10.32,     34.06,          1.24
         -2,          1,    2,        -13.95,          3.30,       1.08,      10.83,     35.73,          1.04
         -2,          1,    3,        -12.61,          3.30,       1.14,      11.37,     37.53,          0.97
         -2,          1,    4,        -11.50,          3.30,       1.18,      11.80,     38.95,          1.00
         -2,          1,    5,        -10.78,          3.30,       1.22,      12.19,     40.21,          1.00
         -2,          1,    6,        -10.12,          3.30,       1.26,      12.62,     41.64,          0.99
         -2,          1,    7,         -9.51,          3.30,       1.30,      13.03,     43.00,          1.00
         -2,          2,    1,        -13.08,          3.30,       1.09,      10.94,     36.12,          2.41
         -2,          2,    2,        -11.50,          3.30,       1.16,      11.60,     38.27,          1.69
         -2,          2,    3,        -10.36,          3.30,       1.21,      12.15,     40.08,          1.53
         -2,          2,    4,         -9.36,          3.30,       1.27,      12.65,     41.75,          1.51
         -2,          2,    5,         -8.67,          3.30,       1.31,      13.14,     43.36,          1.46
         -2,          2,    6,         -8.06,          3.30,       1.36,      13.61,     44.90,          1.45
         -2,          2,    7,         -7.57,          3.30,       1.40,      14.03,     46.29,          1.43
         -2,          3,    1,        -10.20,          3.30,       1.20,      12.03,     39.69,          2.96
         -2,          3,    2,         -8.85,          3.30,       1.27,      12.69,     41.86,          2.41
         -2,          3,    3,         -7.69,          3.30,       1.33,      13.33,     43.99,          2.26
         -2,          3,    4,         -7.03,          3.30,       1.39,      13.90,     45.86,          2.11
         -2,          3,    5,         -6.45,          3.30,       1.45,      14.47,     47.75,          2.01
         -2,          3,    6,         -5.95,          3.30,       1.49,      14.94,     49.31,          1.98
         -2,          3,    7,         -5.54,          3.30,       1.54,      15.38,     50.73,          1.96
         -2,          4,    1,         -8.00,          3.30,       1.30,      13.03,     43.00,          3.56
         -2,          4,    2,         -6.78,          3.30,       1.38,      13.82,     45.60,          2.98
         -2,          4,    3,         -5.96,          3.30,       1.46,      14.58,     48.12,          2.65
         -2,          4,    4,         -5.29,          3.30,       1.52,      15.20,     50.16,          2.55
         -2,          4,    5,         -4.79,          3.30,       1.58,      15.78,     52.06,          2.45
         -2,          4,    6,         -4.38,          3.30,       1.63,      16.29,     53.76,          2.40
         -2,          4,    7,         -4.04,          3.30,       1.67,      16.75,     55.26,          2.36
         -2,          5,    1,         -5.80,          3.30,       1.45,      14.53,     47.96,          4.41
         -2,          5,    2,         -4.70,          3.30,       1.55,      15.47,     51.04,          3.74
         -2,          5,    3,         -3.97,          3.30,       1.63,      16.31,     53.82,          3.39
         -2,          5,    4,         -3.47,          3.30,       1.69,      16.93,     55.87,          3.24
         -2,          5,    5,         -3.06,          3.30,       1.75,      17.50,     57.73,          3.14
         -2,          5,    6,         -2.72,          3.30,       1.81,      18.06,     59.58,          3.04
         -2,          5,    7,         -2.45,          3.30,       1.86,      18.60,     61.38,          2.94
         -2,          6,    1,         -4.30,          3.30,       1.58,      15.82,     52.19,          6.16
         -2,          6,    2,         -3.35,          3.30,       1.69,      16.85,     55.61,          4.90
         -2,          6,    3,         -2.68,          3.30,       1.78,      17.75,     58.56,          4.35
         -2,          6,    4,         -2.25,          3.30,       1.85,      18.48,     60.96,          4.02
         -2,          6,    5,         -1.91,          3.30,       1.91,      19.06,     62.90,          3.84
         -2,          6,    6,         -1.66,          3.30,       1.96,      19.68,     64.94,          3.63
         -2,          6,    7,         -1.41,          3.30,       2.02,      20.16,     66.49,          3.56
         -2,          7,    1,         -3.13,          3.30,       1.72,      17.22,     56.82,          6.82
         -2,          7,    2,         -2.19,          3.30,       1.85,      18.47,     60.95,          5.36
         -2,          7,    3,         -1.57,          3.30,       1.94,      19.43,     64.09,          4.83
         -2,          7,    4,         -1.16,          3.30,       2.02,      20.16,     66.49,          4.56
         -2,          7,    5,         -0.85,          3.30,       2.09,      20.83,     68.73,          4.32
         -2,          7,    6,         -0.64,          3.30,       2.14,      21.42,     70.64,          4.11
         -2,          7,    7,         -0.45,          3.30,       2.20,      21.99,     72.52,          3.95
         -1,          1,    1,        -15.11,          3.30,       1.04,      10.43,     34.42,          1.36
         -1,          1,    2,        -13.49,          3.30,       1.10,      10.96,     36.18,          1.11
         -1,          1,    3,        -12.10,          3.30,       1.15,      11.49,     37.93,          1.07
         -1,          1,    4,        -11.07,          3.30,       1.20,      11.95,     39.44,          1.07
         -1,          1,    5,        -10.26,          3.30,       1.24,      12.41,     40.97,          1.07
         -1,          1,    6,         -9.60,          3.30,       1.29,      12.86,     42.45,          1.07
         -1,          1,    7,         -9.06,          3.30,       1.33,      13.26,     43.75,          1.07
         -1,          2,    1,        -12.52,          3.30,       1.11,      11.10,     36.62,          2.82
         -1,          2,    2,        -11.10,          3.30,       1.18,      11.73,     38.71,          1.90
         -1,          2,    3,         -9.82,          3.30,       1.23,      12.33,     40.68,          1.72
         -1,          2,    4,         -8.92,          3.30,       1.29,      12.87,     42.48,          1.63
         -1,          2,    5,         -8.21,          3.30,       1.34,      13.38,     44.13,          1.59
         -1,          2,    6,         -7.55,          3.30,       1.39,      13.88,     45.80,          1.57
         -1,          2,    7,         -7.05,          3.30,       1.43,      14.33,     47.28,          1.56
         -1,          3,    1,         -9.64,          3.30,       1.22,      12.18,     40.20,          3.50
         -1,          3,    2,         -8.29,          3.30,       1.30,      12.96,     42.77,          2.61
         -1,          3,    3,         -7.25,          3.30,       1.36,      13.62,     44.95,          2.40
         -1,          3,    4,         -6.55,          3.30,       1.43,      14.26,     47.05,          2.22
         -1,          3,    5,         -5.90,          3.30,       1.48,      14.80,     48.83,          2.19
         -1,          3,    6,         -5.44,          3.30,       1.53,      15.28,     50.43,          2.14
         -1,          3,    7,         -4.96,          3.30,       1.57,      15.75,     51.97,          2.14
         -1,          4,    1,         -7.48,          3.30,       1.33,      13.34,     44.03,          3.80
         -1,          4,    2,         -6.27,          3.30,       1.42,      14.17,     46.75,          3.18
         -1,          4,    3,         -5.37,          3.30,       1.49,      14.93,     49.28,          2.91
         -1,          4,    4,         -4.78,          3.30,       1.56,      15.59,     51.44,          2.75
         -1,          4,    5,         -4.28,          3.30,       1.62,      16.18,     53.39,          2.65
         -1,          4,    6,         -3.83,          3.30,       1.67,      16.71,     55.12,          2.62
         -1,          4,    7,         -3.53,          3.30,       1.72,      17.21,     56.77,          2.54
         -1,          5,    1,         -5.25,          3.30,       1.49,      14.92,     49.24,          4.83
         -1,          5,    2,         -4.18,          3.30,       1.59,      15.90,     52.48,          4.06
         -1,          5,    3,         -3.41,          3.30,       1.67,      16.75,     55.27,          3.73
         -1,          5,    4,         -2.92,          3.30,       1.74,      17.43,     57.50,          3.54
         -1,          5,    5,         -2.52,          3.30,       1.81,      18.12,     59.78,          3.35
         -1,          5,    6,         -2.13,          3.30,       1.87,      18.64,     61.49,          3.32
         -1,          5,    7,         -1.95,          3.30,       1.92,      19.15,     63.17,          3.17
         -1,          6,    1,         -3.79,          3.30,       1.63,      16.34,     53.92,          6.43
         -1,          6,    2,         -2.78,          3.30,       1.74,      17.42,     57.46,          5.25
         -1,          6,    3,         -2.13,          3.30,       1.84,      18.38,     60.62,          4.64
         -1,          6,    4,         -1.71,          3.30,       1.91,      19.06,     62.87,          4.36
         -1,          6,    5,         -1.37,          3.30,       1.98,      19.76,     65.17,          4.11
         -1,          6,    6,         -1.09,          3.30,       2.04,      20.36,     67.16,          3.94
         -1,          6,    7,         -0.86,          3.30,       2.09,      20.87,     68.83,          3.83
         -1,          7,    1,         -2.58,          3.30,       1.78,      17.77,     58.64,          7.47
         -1,          7,    2,         -1.60,          3.30,       1.91,      19.10,     63.02,          5.87
         -1,          7,    3,         -1.01,          3.30,       2.01,      20.12,     66.38,          5.24
         -1,          7,    4,         -0.60,          3.30,       2.09,      20.92,     69.02,          4.90
         -1,          7,    5,         -0.26,          3.30,       2.16,      21.64,     71.38,          4.68
         -1,          7,    6,         -0.08,          3.30,       2.22,      22.22,     73.27,          4.46
         -1,          7,    7,          0.11,          3.30,       2.28,      22.83,     75.30,          4.26
          0,          1,    1,        -14.69,          3.30,       1.05,      10.53,     34.73,          1.50
          0,          1,    2,        -12.95,          3.30,       1.11,      11.11,     36.65,          1.21
          0,          1,    3,        -11.69,          3.30,       1.16,      11.62,     38.36,          1.15
          0,          1,    4,        -10.68,          3.30,       1.21,      12.09,     39.88,          1.15
          0,          1,    5,         -9.85,          3.30,       1.26,      12.54,     41.38,          1.16
          0,          1,    6,         -9.18,          3.30,       1.30,      13.02,     42.95,          1.15
          0,          1,    7,         -8.64,          3.30,       1.34,      13.43,     44.33,          1.15
          0,          2,    1,        -12.11,          3.30,       1.12,      11.25,     37.12,          2.68
          0,          2,    2,        -10.57,          3.30,       1.19,      11.85,     39.11,          2.04
          0,          2,    3,         -9.42,          3.30,       1.25,      12.53,     41.35,          1.75
          0,          2,    4,         -8.52,          3.30,       1.31,      13.09,     43.21,          1.68
          0,          2,    5,         -7.72,          3.30,       1.36,      13.60,     44.87,          1.68
          0,          2,    6,         -7.12,          3.30,       1.41,      14.08,     46.46,          1.67
          0,          2,    7,         -6.63,          3.30,       1.46,      14.57,     48.08,          1.64
          0,          3,    1,         -9.19,          3.30,       1.23,      12.37,     40.83,          3.58
          0,          3,    2,         -7.86,          3.30,       1.32,      13.16,     43.42,          2.74
          0,          3,    3,         -6.80,          3.30,       1.39,      13.84,     45.68,          2.54
          0,          3,    4,         -6.01,          3.30,       1.45,      14.52,     47.92,          2.40
          0,          3,    5,         -5.51,          3.30,       1.51,      15.06,     49.69,          2.30
          0,          3,    6,         -5.03,          3.30,       1.56,      15.58,     51.42,          2.25
          0,          3,    7,         -4.66,          3.30,       1.60,      16.05,     52.96,          2.21
          0,          4,    1,         -7.06,          3.30,       1.36,      13.58,     44.83,          4.12
          0,          4,    2,         -5.88,          3.30,       1.45,      14.47,     47.73,          3.36
          0,          4,    3,         -4.93,          3.30,       1.52,      15.23,     50.25,          3.15
          0,          4,    4,         -4.28,          3.30,       1.59,      15.93,     52.57,          2.98
          0,          4,    5,         -3.88,          3.30,       1.65,      16.55,     54.59,          2.81
          0,          4,    6,         -3.43,          3.30,       1.71,      17.04,     56.22,          2.81
          0,          4,    7,         -3.06,          3.30,       1.76,      17.57,     57.97,          2.76
          0,          5,    1,         -4.83,          3.30,       1.53,      15.24,     50.28,          5.08
          0,          5,    2,         -3.66,          3.30,       1.63,      16.29,     53.75,          4.34
          0,          5,    3,         -3.02,          3.30,       1.71,      17.13,     56.53,          3.93
          0,          5,    4,         -2.42,          3.30,       1.79,      17.90,     59.06,          3.76
          0,          5,    5,         -2.08,          3.30,       1.86,      18.54,     61.18,          3.57
          0,          5,    6,         -1.71,          3.30,       1.91,      19.09,     62.97,          3.53
          0,          5,    7,         -1.45,          3.30,       1.96,      19.65,     64.82,          3.41
          0,          6,    1,         -3.27,          3.30,       1.67,      16.72,     55.15,          7.32
          0,          6,    2,         -2.34,          3.30,       1.79,      17.91,     59.08,          5.63
          0,          6,    3,         -1.67,          3.30,       1.88,      18.81,     62.05,          5.10
          0,          6,    4,         -1.30,          3.30,       1.96,      19.57,     64.56,          4.68
          0,          6,    5,         -0.96,          3.30,       2.03,      20.26,     66.82,          4.43
          0,          6,    6,         -0.62,          3.30,       2.09,      20.84,     68.73,          4.34
          0,          6,    7,         -0.44,          3.30,       2.14,      21.45,     70.73,          4.10
          0,          7,    1,         -2.08,          3.30,       1.83,      18.31,     60.41,          7.74
          0,          7,    2,         -1.14,          3.30,       1.96,      19.65,     64.83,          6.19
          0,          7,    3,         -0.51,          3.30,       2.07,      20.66,     68.16,          5.64
          0,          7,    4,         -0.17,          3.30,       2.15,      21.52,     70.99,          5.17
          0,          7,    5,          0.13,          3.30,       2.23,      22.24,     73.37,          4.91
          0,          7,    6,          0.32,          3.30,       2.29,      22.88,     75.46,          4.67
          0,          7,    7,          0.59,          3.30,       2.35,      23.52,     77.57,          4.55
          1,          1,    1,        -14.13,          3.30,       0.97,       9.69,     31.99,          1.51
          1,          1,    2,        -12.52,          3.30,       1.02,      10.21,     33.68,          1.32
          1,          1,    3,        -11.30,          3.30,       1.07,      10.75,     35.47,          1.23
          1,          1,    4,        -10.27,          3.30,       1.13,      11.32,     37.35,          1.19
          1,          1,    5,         -9.46,          3.30,       1.18,      11.80,     38.93,          1.19
          1,          1,    6,         -8.72,          3.30,       1.23,      12.24,     40.41,          1.22
          1,          1,    7,         -8.18,          3.30,       1.26,      12.62,     41.64,          1.25
          1,          2,    1,        -11.60,          3.30,       1.04,      10.38,     34.25,          3.68
          1,          2,    2,        -10.21,          3.30,       1.11,      11.08,     36.55,          2.28
          1,          2,    3,         -9.01,          3.30,       1.17,      11.73,     38.71,          1.98
          1,          2,    4,         -8.04,          3.30,       1.23,      12.28,     40.53,          1.93
          1,          2,    5,         -7.33,          3.30,       1.29,      12.84,     42.37,          1.85
          1,          2,    6,         -6.70,          3.30,       1.34,      13.38,     44.14,          1.82
          1,          2,    7,         -6.15,          3.30,       1.38,      13.83,     45.62,          1.83
          1,          3,    1,         -8.69,          3.30,       1.16,      11.62,     38.34,          3.66
          1,          3,    2,         -7.37,          3.30,       1.24,      12.40,     40.92,          2.92
          1,          3,    3,         -6.28,          3.30,       1.32,      13.15,     43.40,          2.69
          1,          3,    4,         -5.60,          3.30,       1.38,      13.81,     45.58,          2.52
          1,          3,    5,         -5.00,          3.30,       1.44,      14.41,     47.56,          2.45
          1,          3,    6,         -4.59,          3.30,       1.50,      14.97,     49.38,          2.36
          1,          3,    7,         -4.11,          3.30,       1.55,      15.47,     51.02,          2.37
          1,          4,    1,         -6.51,          3.30,       1.29,      12.87,     42.47,          4.56
          1,          4,    2,         -5.37,          3.30,       1.38,      13.77,     45.45,          3.69
          1,          4,    3,         -4.52,          3.30,       1.46,      14.63,     48.27,          3.30
          1,          4,    4,         -3.81,          3.30,       1.53,      15.33,     50.59,          3.20
          1,          4,    5,         -3.37,          3.30,       1.59,      15.95,     52.62,          3.06
          1,          4,    6,         -2.97,          3.30,       1.65,      16.53,     54.52,          2.98
          1,          4,    7,         -2.61,          3.30,       1.71,      17.05,     56.27,          2.93
          1,          5,    1,         -4.33,          3.30,       1.47,      14.66,     48.37,          5.30
          1,          5,    2,         -3.20,          3.30,       1.57,      15.74,     51.92,          4.56
          1,          5,    3,         -2.45,          3.30,       1.67,      16.66,     54.95,          4.20
          1,          5,    4,         -1.94,          3.30,       1.74,      17.41,     57.44,          3.99
          1,          5,    5,         -1.53,          3.30,       1.81,      18.09,     59.66,          3.85
          1,          5,    6,         -1.22,          3.30,       1.87,      18.69,     61.65,          3.73
          1,          5,    7,         -0.97,          3.30,       1.92,      19.22,     63.41,          3.64
          1,          6,    1,         -2.79,          3.30,       1.62,      16.23,     53.56,          7.50
          1,          6,    2,         -1.81,          3.30,       1.74,      17.43,     57.51,          6.02
          1,          6,    3,         -1.17,          3.30,       1.84,      18.41,     60.72,          5.39
          1,          6,    4,         -0.73,          3.30,       1.92,      19.20,     63.34,          5.04
          1,          6,    5,         -0.45,          3.30,       2.00,      19.96,     65.84,          4.67
          1,          6,    6,         -0.12,          3.30,       2.05,      20.50,     67.63,          4.61
          1,          6,    7,          0.09,          3.30,       2.11,      21.14,     69.76,          4.40
          1,          7,    1,         -1.61,          3.30,       1.79,      17.88,     58.98,          8.27
          1,          7,    2,         -0.62,          3.30,       1.93,      19.30,     63.66,          6.65
          1,          7,    3,         -0.02,          3.30,       2.04,      20.41,     67.31,          5.97
          1,          7,    4,          0.37,          3.30,       2.13,      21.31,     70.30,          5.54
          1,          7,    5,          0.68,          3.30,       2.20,      22.01,     72.60,          5.32
          1,          7,    6,          0.90,          3.30,       2.27,      22.68,     74.78,          5.10
          1,          7,    7,          1.08,          3.30,       2.33,      23.35,     77.01,          4.87
          2,          1,    1,        -13.72,          3.30,       0.98,       9.78,     32.28,          1.63
          2,          1,    2,        -12.10,          3.30,       1.03,      10.34,     34.10,          1.39
          2,          1,    3,        -10.83,          3.30,       1.09,      10.92,     36.03,          1.30
          2,          1,    4,         -9.79,          3.30,       1.15,      11.48,     37.87,          1.28
          2,          1,    5,         -9.00,          3.30,       1.19,      11.91,     39.31,          1.31
          2,          1,    6,         -8.29,          3.30,       1.24,      12.38,     40.87,          1.32
          2,          1,    7,         -7.74,          3.30,       1.28,      12.80,     42.24,          1.34
          2,          2,    1,        -11.27,          3.30,       1.05,      10.51,     34.68,          3.58
          2,          2,    2,         -9.72,          3.30,       1.12,      11.26,     37.17,          2.33
          2,          2,    3,         -8.57,          3.30,       1.19,      11.88,     39.20,          2.10
          2,          2,    4,         -7.65,          3.30,       1.25,      12.48,     41.20,          2.00
          2,          2,    5,         -6.81,          3.30,       1.31,      13.09,     43.19,          1.97
          2,          2,    6,         -6.26,          3.30,       1.36,      13.60,     44.86,          1.93
          2,          2,    7,         -5.75,          3.30,       1.41,      14.08,     46.45,          1.92
          2,          3,    1,         -8.30,          3.30,       1.18,      11.83,     39.06,          3.82
          2,          3,    2,         -6.93,          3.30,       1.26,      12.65,     41.75,          3.09
          2,          3,    3,         -5.87,          3.30,       1.34,      13.41,     44.26,          2.85
          2,          3,    4,         -5.10,          3.30,       1.41,      14.08,     46.46,          2.74
          2,          3,    5,         -4.62,          3.30,       1.47,      14.70,     48.49,          2.60
          2,          3,    6,         -4.06,          3.30,       1.52,      15.28,     50.42,          2.58
          2,          3,    7,         -3.68,          3.30,       1.58,      15.74,     51.94,          2.56
          2,          4,    1,         -6.11,          3.30,       1.32,      13.12,     43.30,          4.73
          2,          4,    2,         -4.89,          3.30,       1.41,      14.09,     46.48,          3.89
          2,          4,    3,         -4.03,          3.30,       1.50,      14.99,     49.46,          3.49
          2,          4,    4,         -3.36,          3.30,       1.57,      15.70,     51.79,          3.38
          2,          4,    5,         -2.87,          3.30,       1.64,      16.39,     54.07,          3.24
          2,          4,    6,         -2.44,          3.30,       1.69,      16.91,     55.78,          3.23
          2,          4,    7,         -2.11,          3.30,       1.75,      17.46,     57.62,          3.16
          2,          5,    1,         -3.86,          3.30,       1.50,      14.99,     49.47,          5.99
          2,          5,    2,         -2.74,          3.30,       1.62,      16.17,     53.36,          4.95
          2,          5,    3,         -1.99,          3.30,       1.71,      17.07,     56.33,          4.61
          2,          5,    4,         -1.50,          3.30,       1.79,      17.89,     59.01,          4.32
          2,          5,    5,         -1.09,          3.30,       1.86,      18.58,     61.31,          4.17
          2,          5,    6,         -0.83,          3.30,       1.92,      19.19,     63.33,          3.99
          2,          5,    7,         -0.51,          3.30,       1.98,      19.81,     65.36,          3.91
          2,          6,    1,         -2.35,          3.30,       1.67,      16.68,     55.02,          7.97
          2,          6,    2,         -1.35,          3.30,       1.80,      17.95,     59.24,          6.36
          2,          6,    3,         -0.70,          3.30,       1.90,      18.98,     62.62,          5.71
          2,          6,    4,         -0.28,          3.30,       1.98,      19.80,     65.33,          5.33
          2,          6,    5,          0.09,          3.30,       2.05,      20.51,     67.66,          5.12
          2,          6,    6,          0.34,          3.30,       2.12,      21.18,     69.87,          4.88
          2,          6,    7,          0.56,          3.30,       2.17,      21.74,     71.69,          4.74
          2,          7,    1,         -1.12,          3.30,       1.84,      18.42,     60.77,          8.82
          2,          7,    2,         -0.14,          3.30,       1.99,      19.93,     65.76,          7.04
          2,          7,    3,          0.43,          3.30,       2.11,      21.08,     69.52,          6.31
          2,          7,    4,          0.84,          3.30,       2.20,      21.94,     72.38,          5.95
          2,          7,    5,          1.15,          3.30,       2.28,      22.74,     75.01,          5.66
          2,          7,    6,          1.37,          3.30,       2.35,      23.45,     77.33,          5.42
          2,          7,    7,          1.48,          3.30,       2.41,      24.12,     79.55,          5.11
          3,          1,    1,        -13.33,          3.30,       0.99,       9.87,     32.57,          1.68
          3,          1,    2,        -11.58,          3.30,       1.04,      10.44,     34.45,          1.50
          3,          1,    3,        -10.34,          3.30,       1.10,      11.06,     36.50,          1.38
          3,          1,    4,         -9.32,          3.30,       1.16,      11.63,     38.38,          1.36
          3,          1,    5,         -8.52,          3.30,       1.21,      12.11,     39.95,          1.39
          3,          1,    6,         -7.81,          3.30,       1.26,      12.60,     41.58,          1.41
          3,          1,    7,         -7.27,          3.30,       1.31,      13.07,     43.13,          1.41
          3,          2,    1,        -10.81,          3.30,       1.07,      10.66,     35.18,          3.94
          3,          2,    2,         -9.24,          3.30,       1.14,      11.43,     37.71,          2.57
          3,          2,    3,         -8.03,          3.30,       1.21,      12.09,     39.89,          2.31
          3,          2,    4,         -7.12,          3.30,       1.27,      12.74,     42.02,          2.17
          3,          2,    5,         -6.37,          3.30,       1.33,      13.34,     44.01,          2.11
          3,          2,    6,         -5.70,          3.30,       1.38,      13.85,     45.71,          2.13
          3,          2,    7,         -5.21,          3.30,       1.44,      14.39,     47.48,          2.09
          3,          3,    1,         -7.78,          3.30,       1.20,      12.04,     39.72,          4.22
          3,          3,    2,         -6.45,          3.30,       1.29,      12.92,     42.64,          3.29
          3,          3,    3,         -5.39,          3.30,       1.37,      13.72,     45.25,          3.05
          3,          3,    4,         -4.66,          3.30,       1.44,      14.43,     47.64,          2.88
          3,          3,    5,         -4.04,          3.30,       1.50,      15.04,     49.63,          2.85
          3,          3,    6,         -3.61,          3.30,       1.56,      15.65,     51.62,          2.75
          3,          3,    7,         -3.19,          3.30,       1.62,      16.15,     53.27,          2.74
          3,          4,    1,         -5.55,          3.30,       1.35,      13.47,     44.43,          5.00
          3,          4,    2,         -4.40,          3.30,       1.45,      14.48,     47.79,          4.07
          3,          4,    3,         -3.52,          3.30,       1.53,      15.37,     50.71,          3.75
          3,          4,    4,         -2.87,          3.30,       1.61,      16.10,     53.12,          3.62
          3,          4,    5,         -2.36,          3.30,       1.68,      16.79,     55.40,          3.51
          3,          4,    6,         -1.95,          3.30,       1.74,      17.38,     57.33,          3.45
          3,          4,    7,         -1.62,          3.30,       1.81,      18.02,     59.45,          3.34
          3,          5,    1,         -3.37,          3.30,       1.54,      15.43,     50.91,          6.14
          3,          5,    2,         -2.23,          3.30,       1.66,      16.61,     54.80,          5.25
          3,          5,    3,         -1.51,          3.30,       1.76,      17.63,     58.19,          4.78
          3,          5,    4,         -0.98,          3.30,       1.85,      18.48,     60.98,          4.54
          3,          5,    5,         -0.58,          3.30,       1.92,      19.20,     63.34,          4.39
          3,          5,    6,         -0.27,          3.30,       1.98,      19.86,     65.52,          4.25
          3,          5,    7,         -0.03,          3.30,       2.04,      20.42,     67.36,          4.15
          3,          6,    1,         -1.84,          3.30,       1.72,      17.15,     56.57,          8.76
          3,          6,    2,         -0.85,          3.30,       1.86,      18.55,     61.21,          6.79
          3,          6,    3,         -0.20,          3.30,       1.97,      19.65,     64.82,          6.08
          3,          6,    4,          0.26,          3.30,       2.04,      20.44,     67.41,          5.80
          3,          6,    5,          0.58,          3.30,       2.12,      21.25,     70.11,          5.43
          3,          6,    6,          0.86,          3.30,       2.19,      21.89,     72.17,          5.28
          3,          6,    7,          1.06,          3.30,       2.25,      22.54,     74.35,          5.05
          3,          7,    1,         -0.61,          3.30,       1.91,      19.04,     62.83,          9.44
          3,          7,    2,          0.34,          3.30,       2.06,      20.60,     67.95,          7.56
          3,          7,    3,          0.96,          3.30,       2.18,      21.86,     72.09,          6.76
          3,          7,    4,          1.36,          3.30,       2.28,      22.80,     75.20,          6.35
          3,          7,    5,          1.65,          3.30,       2.36,      23.62,     77.90,          6.02
          3,          7,    6,          1.89,          3.30,       2.44,      24.34,     80.28,          5.79
          3,          7,    7,          2.09,          3.30,       2.51,      25.06,     82.65,          5.58
          4,          1,    1,        -12.89,          3.30,       1.00,       9.98,     32.93,          1.82
          4,          1,    2,        -11.20,          3.30,       1.06,      10.59,     34.96,          1.56
          4,          1,    3,         -9.91,          3.30,       1.12,      11.24,     37.10,          1.46
          4,          1,    4,         -8.86,          3.30,       1.18,      11.79,     38.89,          1.48
          4,          1,    5,         -8.07,          3.30,       1.23,      12.29,     40.56,          1.49
          4,          1,    6,         -7.37,          3.30,       1.29,      12.87,     42.48,          1.48
          4,          1,    7,         -6.79,          3.30,       1.33,      13.25,     43.73,          1.54
          4,          2,    1,        -10.31,          3.30,       1.08,      10.83,     35.73,          3.85
          4,          2,    2,         -8.84,          3.30,       1.16,      11.63,     38.39,          2.57
          4,          2,    3,         -7.54,          3.30,       1.23,      12.28,     40.52,          2.44
          4,          2,    4,         -6.61,          3.30,       1.30,      12.97,     42.78,          2.30
          4,          2,    5,         -5.89,          3.30,       1.36,      13.55,     44.73,          2.26
          4,          2,    6,         -5.26,          3.30,       1.41,      14.13,     46.63,          2.24
          4,          2,    7,         -4.78,          3.30,       1.47,      14.68,     48.45,          2.20
          4,          3,    1,         -7.30,          3.30,       1.23,      12.26,     40.44,          4.77
          4,          3,    2,         -5.95,          3.30,       1.32,      13.16,     43.42,          3.69
          4,          3,    3,         -4.95,          3.30,       1.40,      14.00,     46.20,          3.31
          4,          3,    4,         -4.19,          3.30,       1.48,      14.77,     48.75,          3.12
          4,          3,    5,         -3.59,          3.30,       1.54,      15.42,     50.86,          3.06
          4,          3,    6,         -3.11,          3.30,       1.60,      16.00,     52.79,          3.01
          4,          3,    7,         -2.73,          3.30,       1.66,      16.57,     54.69,          2.94
          4,          4,    1,         -5.10,          3.30,       1.38,      13.77,     45.42,          5.29
          4,          4,    2,         -3.92,          3.30,       1.48,      14.83,     48.93,          4.33
          4,          4,    3,         -3.04,          3.30,       1.57,      15.73,     51.90,          4.03
          4,          4,    4,         -2.40,          3.30,       1.66,      16.55,     54.62,          3.83
          4,          4,    5,         -1.90,          3.30,       1.72,      17.23,     56.86,          3.74
          4,          4,    6,         -1.50,          3.30,       1.79,      17.89,     59.04,          3.64
          4,          4,    7,         -1.15,          3.30,       1.85,      18.51,     61.07,          3.57
          4,          5,    1,         -2.86,          3.30,       1.58,      15.83,     52.24,          6.50
          4,          5,    2,         -1.78,          3.30,       1.71,      17.09,     56.38,          5.49
          4,          5,    3,         -1.02,          3.30,       1.82,      18.18,     59.99,          5.03
          4,          5,    4,         -0.52,          3.30,       1.90,      19.01,     62.71,          4.82
          4,          5,    5,         -0.12,          3.30,       1.98,      19.79,     65.29,          4.63
          4,          5,    6,          0.22,          3.30,       2.04,      20.41,     67.34,          4.56
          4,          5,    7,          0.46,          3.30,       2.10,      21.04,     69.40,          4.43
          4,          6,    1,         -1.38,          3.30,       1.77,      17.69,     58.36,          9.12
          4,          6,    2,         -0.35,          3.30,       1.92,      19.15,     63.18,          7.21
          4,          6,    3,          0.28,          3.30,       2.02,      20.23,     66.76,          6.52
          4,          6,    4,          0.73,          3.30,       2.12,      21.16,     69.81,          6.09
          4,          6,    5,          1.04,          3.30,       2.19,      21.95,     72.42,          5.77
          4,          6,    6,          1.33,          3.30,       2.26,      22.64,     74.66,          5.60
          4,          6,    7,          1.54,          3.30,       2.33,      23.32,     76.90,          5.37
          4,          7,    1,         -0.13,          3.30,       1.97,      19.71,     65.01,          9.86
          4,          7,    2,          0.83,          3.30,       2.13,      21.34,     70.38,          7.95
          4,          7,    3,          1.46,          3.30,       2.26,      22.61,     74.55,          7.22
          4,          7,    4,          1.87,          3.30,       2.36,      23.59,     77.80,          6.79
          4,          7,    5,          2.16,          3.30,       2.45,      24.48,     80.73,          6.44
          4,          7,    6,          2.38,          3.30,       2.53,      25.25,     83.28,          6.16
          4,          7,    7,          2.58,          3.30,       2.59,      25.95,     85.56,          5.95
          5,          1,    1,        -12.47,          3.30,       1.01,      10.06,     33.21,          1.90
          5,          1,    2,        -10.85,          3.30,       1.07,      10.70,     35.30,          1.62
          5,          1,    3,         -9.56,          3.30,       1.14,      11.37,     37.53,          1.52
          5,          1,    4,         -8.47,          3.30,       1.19,      11.93,     39.38,          1.55
          5,          1,    5,         -7.72,          3.30,       1.24,      12.45,     41.08,          1.56
          5,          1,    6,         -6.99,          3.30,       1.30,      12.98,     42.83,          1.59
          5,          1,    7,         -6.41,          3.30,       1.35,      13.44,     44.34,          1.62
          5,          2,    1,         -9.97,          3.30,       1.10,      10.98,     36.22,          3.93
          5,          2,    2,         -8.49,          3.30,       1.18,      11.74,     38.74,          2.79
          5,          2,    3,         -7.16,          3.30,       1.25,      12.51,     41.27,          2.53
          5,          2,    4,         -6.23,          3.30,       1.32,      13.16,     43.44,          2.44
          5,          2,    5,         -5.51,          3.30,       1.38,      13.78,     45.47,          2.38
          5,          2,    6,         -4.90,          3.30,       1.44,      14.35,     47.34,          2.37
          5,          2,    7,         -4.40,          3.30,       1.50,      14.94,     49.29,          2.32
          5,          3,    1,         -6.87,          3.30,       1.25,      12.46,     41.10,          4.96
          5,          3,    2,         -5.53,          3.30,       1.34,      13.41,     44.25,          3.84
          5,          3,    3,         -4.56,          3.30,       1.43,      14.32,     47.25,          3.40
          5,          3,    4,         -3.79,          3.30,       1.51,      15.07,     49.74,          3.27
          5,          3,    5,         -3.20,          3.30,       1.57,      15.71,     51.84,          3.22
          5,          3,    6,         -2.72,          3.30,       1.64,      16.38,     54.06,          3.13
          5,          3,    7,         -2.31,          3.30,       1.69,      16.87,     55.64,          3.15
          5,          4,    1,         -4.70,          3.30,       1.40,      14.00,     46.21,          5.76
          5,          4,    2,         -3.53,          3.30,       1.51,      15.14,     49.94,          4.62
          5,          4,    3,         -2.67,          3.30,       1.61,      16.12,     53.21,          4.20
          5,          4,    4,         -1.99,          3.30,       1.69,      16.92,     55.83,          4.08
          5,          4,    5,         -1.49,          3.30,       1.76,      17.64,     58.20,          3.97
          5,          4,    6,         -1.08,          3.30,       1.84,      18.37,     60.58,          3.85
          5,          4,    7,         -0.74,          3.30,       1.90,      18.98,     62.60,          3.78
          5,          5,    1,         -2.46,          3.30,       1.62,      16.25,     53.63,          6.75
          5,          5,    2,         -1.37,          3.30,       1.75,      17.51,     57.77,          5.81
          5,          5,    3,         -0.62,          3.30,       1.86,      18.64,     61.51,          5.32
          5,          5,    4,         -0.10,          3.30,       1.95,      19.57,     64.54,          5.06
          5,          5,    5,          0.31,          3.30,       2.03,      20.29,     66.92,          4.95
          5,          5,    6,          0.63,          3.30,       2.10,      20.99,     69.25,          4.81
          5,          5,    7,          0.87,          3.30,       2.16,      21.62,     71.30,          4.68
          5,          6,    1,         -0.95,          3.30,       1.82,      18.24,     60.17,          9.38
          5,          6,    2,          0.07,          3.30,       1.97,      19.68,     64.91,          7.64
          5,          6,    3,          0.70,          3.30,       2.08,      20.82,     68.67,          6.88
          5,          6,    4,          1.14,          3.30,       2.18,      21.76,     71.78,          6.45
          5,          6,    5,          1.48,          3.30,       2.26,      22.61,     74.56,          6.13
          5,          6,    6,          1.75,          3.30,       2.33,      23.36,     77.04,          5.88
          5,          6,    7,          1.98,          3.30,       2.40,      23.99,     79.10,          5.74
          5,          7,    1,          0.29,          3.30,       2.02,      20.22,     66.70,         10.56
          5,          7,    2,          1.27,          3.30,       2.20,      22.00,     72.56,          8.38
          5,          7,    3,          1.89,          3.30,       2.34,      23.37,     77.07,          7.55
          5,          7,    4,          2.28,          3.30,       2.43,      24.33,     80.25,          7.15
          5,          7,    5,          2.57,          3.30,       2.53,      25.26,     83.32,          6.76
          5,          7,    6,          2.80,          3.30,       2.61,      26.10,     86.05,          6.46
          5,          7,    7,          3.00,          3.30,       2.68,      26.82,     88.44,          6.26
          6,          1,    1,        -12.02,          3.30,       1.03,      10.29,     33.96,          2.01
          6,          1,    2,        -10.34,          3.30,       1.10,      11.00,     36.28,          1.70
          6,          1,    3,         -9.09,          3.30,       1.16,      11.62,     38.36,          1.64
          6,          1,    4,         -8.02,          3.30,       1.22,      12.20,     40.27,          1.67
          6,          1,    5,         -7.21,          3.30,       1.28,      12.78,     42.18,          1.68
          6,          1,    6,         -6.52,          3.30,       1.33,      13.30,     43.90,          1.71
          6,          1,    7,         -5.95,          3.30,       1.38,      13.80,     45.52,          1.73
          6,          2,    1,         -9.48,          3.30,       1.13,      11.25,     37.13,          4.04
          6,          2,    2,         -7.98,          3.30,       1.20,      12.01,     39.61,          3.02
          6,          2,    3,         -6.72,          3.30,       1.28,      12.81,     42.27,          2.69
          6,          2,    4,         -5.78,          3.30,       1.35,      13.49,     44.53,          2.59
          6,          2,    5,         -5.07,          3.30,       1.41,      14.14,     46.66,          2.53
          6,          2,    6,         -4.45,          3.30,       1.48,      14.78,     48.79,          2.48
          6,          2,    7,         -3.94,          3.30,       1.54,      15.39,     50.77,          2.46
          6,          3,    1,         -6.43,          3.30,       1.28,      12.82,     42.31,          5.26
          6,          3,    2,         -5.09,          3.30,       1.38,      13.79,     45.52,          4.11
          6,          3,    3,         -4.08,          3.30,       1.48,      14.77,     48.72,          3.64
          6,          3,    4,         -3.29,          3.30,       1.55,      15.50,     51.13,          3.57
          6,          3,    5,         -2.73,          3.30,       1.63,      16.24,     53.57,          3.43
          6,          3,    6,         -2.25,          3.30,       1.69,      16.86,     55.64,          3.38
          6,          3,    7,         -1.87,          3.30,       1.75,      17.41,     57.46,          3.34
          6,          4,    1,         -4.25,          3.30,       1.45,      14.51,     47.87,          5.66
          6,          4,    2,         -3.07,          3.30,       1.56,      15.64,     51.59,          4.76
          6,          4,    3,         -2.15,          3.30,       1.66,      16.62,     54.83,          4.48
          6,          4,    4,         -1.53,          3.30,       1.75,      17.47,     57.64,          4.28
          6,          4,    5,         -1.02,          3.30,       1.82,      18.25,     60.21,          4.17
          6,          4,    6,         -0.60,          3.30,       1.89,      18.93,     62.46,          4.10
          6,          4,    7,         -0.26,          3.30,       1.96,      19.56,     64.52,          4.05
          6,          5,    1,         -2.00,          3.30,       1.68,      16.76,     55.29,          7.40
          6,          5,    2,         -0.89,          3.30,       1.82,      18.20,     60.03,          6.13
          6,          5,    3,         -0.14,          3.30,       1.93,      19.31,     63.69,          5.72
          6,          5,    4,          0.39,          3.30,       2.02,      20.24,     66.77,          5.46
          6,          5,    5,          0.78,          3.30,       2.11,      21.08,     69.52,          5.26
          6,          5,    6,          1.11,          3.30,       2.17,      21.74,     71.70,          5.17
          6,          5,    7,          1.35,          3.30,       2.24,      22.39,     73.85,          5.04
          6,          6,    1,         -0.47,          3.30,       1.89,      18.91,     62.38,         10.09
          6,          6,    2,          0.54,          3.30,       2.04,      20.43,     67.37,          8.15
          6,          6,    3,          1.17,          3.30,       2.16,      21.62,     71.31,          7.35
          6,          6,    4,          1.63,          3.30,       2.26,      22.63,     74.63,          6.89
          6,          6,    5,          1.98,          3.30,       2.35,      23.48,     77.43,          6.58
          6,          6,    6,          2.26,          3.30,       2.43,      24.27,     80.05,          6.33
          6,          6,    7,          2.48,          3.30,       2.50,      25.01,     82.47,          6.10
          6,          7,    1,          0.77,          3.30,       2.11,      21.03,     69.38,         11.05
          6,          7,    2,          1.75,          3.30,       2.29,      22.87,     75.40,          8.90
          6,          7,    3,          2.38,          3.30,       2.43,      24.27,     80.04,          8.07
          6,          7,    4,          2.79,          3.30,       2.54,      25.42,     83.82,          7.53
          6,          7,    5,          3.07,          3.30,       2.64,      26.33,     86.83,          7.18
          6,          7,    6,          3.31,          3.30,       2.72,      27.19,     89.66,          6.90
          6,          7,    7,          3.50,          3.30,       2.80,      27.96,     92.18,          6.66
          7,          1,    1,        -11.60,          3.30,       1.04,      10.33,     34.10,          2.45
          7,          1,    2,         -9.86,          3.30,       1.11,      11.09,     36.60,          1.94
          7,          1,    3,         -8.59,          3.30,       1.18,      11.79,     38.90,          1.81
          7,          1,    4,         -7.60,          3.30,       1.24,      12.43,     41.01,          1.79
          7,          1,    5,         -6.71,          3.30,       1.30,      12.98,     42.82,          1.85
          7,          1,    6,         -6.01,          3.30,       1.36,      13.54,     44.67,          1.87
          7,          1,    7,         -5.50,          3.30,       1.40,      14.01,     46.22,          1.88
          7,          2,    1,         -9.04,          3.30,       1.14,      11.40,     37.63,          4.62
          7,          2,    2,         -7.49,          3.30,       1.23,      12.27,     40.50,          3.20
          7,          2,    3,         -6.21,          3.30,       1.31,      13.06,     43.10,          2.93
          7,          2,    4,         -5.29,          3.30,       1.38,      13.78,     45.47,          2.81
          7,          2,    5,         -4.56,          3.30,       1.45,      14.53,     47.92,          2.69
          7,          2,    6,         -3.96,          3.30,       1.52,      15.14,     49.96,          2.67
          7,          2,    7,         -3.41,          3.30,       1.57,      15.68,     51.72,          2.72
          7,          3,    1,         -5.92,          3.30,       1.31,      13.13,     43.31,          5.31
          7,          3,    2,         -4.57,          3.30,       1.41,      14.15,     46.67,          4.27
          7,          3,    3,         -3.56,          3.30,       1.51,      15.11,     49.84,          3.88
          7,          3,    4,         -2.81,          3.30,       1.59,      15.90,     52.48,          3.74
          7,          3,    5,         -2.21,          3.30,       1.66,      16.63,     54.86,          3.67
          7,          3,    6,         -1.75,          3.30,       1.73,      17.26,     56.95,          3.62
          7,          3,    7,         -1.34,          3.30,       1.80,      17.98,     59.33,          3.53
          7,          4,    1,         -3.74,          3.30,       1.49,      14.87,     49.08,          6.15
          7,          4,    2,         -2.52,          3.30,       1.60,      16.04,     52.91,          5.23
          7,          4,    3,         -1.66,          3.30,       1.71,      17.07,     56.33,          4.83
          7,          4,    4,         -1.03,          3.30,       1.80,      18.04,     59.51,          4.56
          7,          4,    5,         -0.52,          3.30,       1.89,      18.83,     62.13,          4.45
          7,          4,    6,         -0.10,          3.30,       1.96,      19.58,     64.60,          4.37
          7,          4,    7,          0.24,          3.30,       2.02,      20.21,     66.65,          4.33
          7,          5,    1,         -1.48,          3.30,       1.73,      17.29,     57.04,          7.74
          7,          5,    2,         -0.38,          3.30,       1.88,      18.77,     61.94,          6.51
          7,          5,    3,          0.37,          3.30,       2.00,      20.00,     65.96,          6.02
          7,          5,    4,          0.91,          3.30,       2.09,      20.96,     69.15,          5.79
          7,          5,    5,          1.31,          3.30,       2.18,      21.76,     71.78,          5.65
          7,          5,    6,          1.63,          3.30,       2.25,      22.49,     74.18,          5.52
          7,          5,    7,          1.88,          3.30,       2.32,      23.23,     76.62,          5.36
          7,          6,    1,          0.06,          3.30,       1.95,      19.52,     64.40,         10.80
          7,          6,    2,          1.05,          3.30,       2.12,      21.19,     69.92,          8.53
          7,          6,    3,          1.71,          3.30,       2.24,      22.40,     73.88,          7.85
          7,          6,    4,          2.16,          3.30,       2.34,      23.45,     77.35,          7.36
          7,          6,    5,          2.51,          3.30,       2.44,      24.37,     80.39,          7.02
          7,          6,    6,          2.78,          3.30,       2.52,      25.18,     83.05,          6.76
          7,          6,    7,          2.99,          3.30,       2.60,      25.99,     85.70,          6.48
          7,          7,    1,          1.28,          3.30,       2.18,      21.83,     72.00,         11.95
          7,          7,    2,          2.28,          3.30,       2.38,      23.80,     78.48,          9.55
          7,          7,    3,          2.90,          3.30,       2.53,      25.30,     83.43,          8.60
          7,          7,    4,          3.30,          3.30,       2.65,      26.43,     87.15,          8.10
          7,          7,    5,          3.60,          3.30,       2.74,      27.40,     90.33,          7.74
          7,          7,    6,          3.82,          3.30,       2.84,      28.33,     93.41,          7.39
          7,          7,    7,          4.01,          3.30,       2.91,      29.10,     95.92,          7.16
          8,          1,    1,        -11.15,          3.30,       1.05,      10.51,     34.68,          2.37
          8,          1,    2,         -9.53,          3.30,       1.13,      11.24,     37.10,          1.97
          8,          1,    3,         -8.18,          3.30,       1.19,      11.92,     39.33,          1.93
          8,          1,    4,         -7.11,          3.30,       1.26,      12.56,     41.43,          1.95
          8,          1,    5,         -6.35,          3.30,       1.32,      13.22,     43.62,          1.91
          8,          1,    6,         -5.61,          3.30,       1.38,      13.80,     45.52,          1.95
          8,          1,    7,         -5.09,          3.30,       1.42,      14.24,     47.00,          1.99
          8,          2,    1,         -8.60,          3.30,       1.16,      11.62,     38.33,          4.57
          8,          2,    2,         -7.08,          3.30,       1.24,      12.41,     40.94,          3.48
          8,          2,    3,         -5.82,          3.30,       1.33,      13.27,     43.79,          3.09
          8,          2,    4,         -4.90,          3.30,       1.41,      14.06,     46.40,          2.92
          8,          2,    5,         -4.15,          3.30,       1.48,      14.76,     48.72,          2.87
          8,          2,    6,         -3.53,          3.30,       1.54,      15.44,     50.93,          2.84
          8,          2,    7,         -3.04,          3.30,       1.60,      16.01,     52.80,          2.84
          8,          3,    1,         -5.52,          3.30,       1.33,      13.36,     44.08,          5.76
          8,          3,    2,         -4.19,          3.30,       1.45,      14.47,     47.73,          4.47
          8,          3,    3,         -3.14,          3.30,       1.54,      15.43,     50.92,          4.15
          8,          3,    4,         -2.37,          3.30,       1.63,      16.31,     53.81,          3.97
          8,          3,    5,         -1.83,          3.30,       1.70,      16.98,     56.01,          3.91
          8,          3,    6,         -1.32,          3.30,       1.77,      17.68,     58.32,          3.86
          8,          3,    7,         -0.93,          3.30,       1.84,      18.36,     60.57,          3.78
          8,          4,    1,         -3.34,          3.30,       1.52,      15.20,     50.17,          6.69
          8,          4,    2,         -2.13,          3.30,       1.64,      16.43,     54.20,          5.58
          8,          4,    3,         -1.25,          3.30,       1.76,      17.51,     57.79,          5.16
          8,          4,    4,         -0.59,          3.30,       1.85,      18.46,     60.91,          4.94
          8,          4,    5,         -0.10,          3.30,       1.93,      19.34,     63.81,          4.75
          8,          4,    6,          0.33,          3.30,       2.01,      20.06,     66.17,          4.71
          8,          4,    7,          0.67,          3.30,       2.07,      20.73,     68.38,          4.64
          8,          5,    1,         -1.06,          3.30,       1.77,      17.71,     58.44,          8.43
          8,          5,    2,          0.05,          3.30,       1.93,      19.27,     63.56,          7.02
          8,          5,    3,          0.79,          3.30,       2.05,      20.52,     67.70,          6.46
          8,          5,    4,          1.33,          3.30,       2.16,      21.56,     71.12,          6.19
          8,          5,    5,          1.73,          3.30,       2.25,      22.44,     74.02,          5.99
          8,          5,    6,          2.07,          3.30,       2.33,      23.29,     76.80,          5.83
          8,          5,    7,          2.32,          3.30,       2.40,      23.95,     79.01,          5.72
          8,          6,    1,          0.48,          3.30,       2.01,      20.09,     66.27,         11.26
          8,          6,    2,          1.49,          3.30,       2.18,      21.78,     71.84,          9.11
          8,          6,    3,          2.14,          3.30,       2.32,      23.20,     76.53,          8.12
          8,          6,    4,          2.60,          3.30,       2.43,      24.26,     79.99,          7.69
          8,          6,    5,          2.94,          3.30,       2.53,      25.26,     83.29,          7.31
          8,          6,    6,          3.21,          3.30,       2.60,      26.03,     85.84,          7.11
          8,          6,    7,          3.43,          3.30,       2.69,      26.86,     88.58,          6.84
          8,          7,    1,          1.72,          3.30,       2.25,      22.52,     74.29,         12.49
          8,          7,    2,          2.71,          3.30,       2.46,      24.58,     81.05,         10.01
          8,          7,    3,          3.34,          3.30,       2.62,      26.21,     86.42,          8.98
          8,          7,    4,          3.76,          3.30,       2.74,      27.40,     90.34,          8.50
          8,          7,    5,          4.04,          3.30,       2.84,      28.43,     93.75,          8.09
          8,          7,    6,          4.27,          3.30,       2.93,      29.32,     96.66,          7.81
          8,          7,    7,          4.47,          3.30,       3.02,      30.13,     99.32,          7.57
          9,          1,    1,        -10.72,          3.30,       1.06,      10.63,     35.09,          2.64
          9,          1,    2,         -9.04,          3.30,       1.15,      11.45,     37.78,          2.11
          9,          1,    3,         -7.67,          3.30,       1.22,      12.16,     40.12,          2.07
          9,          1,    4,         -6.61,          3.30,       1.29,      12.87,     42.48,          2.06
          9,          1,    5,         -5.79,          3.30,       1.34,      13.43,     44.31,          2.12
          9,          1,    6,         -5.16,          3.30,       1.40,      14.00,     46.18,          2.13
          9,          1,    7,         -4.59,          3.30,       1.47,      14.61,     48.21,          2.13
          9,          2,    1,         -8.16,          3.30,       1.18,      11.81,     38.96,          4.78
          9,          2,    2,         -6.61,          3.30,       1.27,      12.73,     42.02,          3.49
          9,          2,    3,         -5.33,          3.30,       1.36,      13.56,     44.73,          3.27
          9,          2,    4,         -4.41,          3.30,       1.43,      14.37,     47.41,          3.11
          9,          2,    5,         -3.65,          3.30,       1.51,      15.10,     49.84,          3.07
          9,          2,    6,         -3.06,          3.30,       1.58,      15.76,     51.99,          3.05
          9,          2,    7,         -2.53,          3.30,       1.64,      16.43,     54.21,          3.03
          9,          3,    1,         -5.06,          3.30,       1.37,      13.66,     45.08,          6.08
          9,          3,    2,         -3.71,          3.30,       1.48,      14.77,     48.76,          4.83
          9,          3,    3,         -2.66,          3.30,       1.58,      15.82,     52.19,          4.43
          9,          3,    4,         -1.90,          3.30,       1.67,      16.69,     55.07,          4.27
          9,          3,    5,         -1.31,          3.30,       1.75,      17.47,     57.65,          4.18
          9,          3,    6,         -0.82,          3.30,       1.83,      18.29,     60.34,          4.06
          9,          3,    7,         -0.42,          3.30,       1.89,      18.90,     62.35,          4.05
          9,          4,    1,         -2.82,          3.30,       1.56,      15.61,     51.52,          6.93
          9,          4,    2,         -1.62,          3.30,       1.69,      16.91,     55.79,          5.84
          9,          4,    3,         -0.76,          3.30,       1.81,      18.07,     59.61,          5.37
          9,          4,    4,         -0.08,          3.30,       1.91,      19.09,     62.98,          5.17
          9,          4,    5,          0.41,          3.30,       2.00,      19.99,     65.95,          5.01
          9,          4,    6,          0.81,          3.30,       2.07,      20.69,     68.26,          4.97
          9,          4,    7,          1.16,          3.30,       2.15,      21.45,     70.74,          4.89
          9,          5,    1,         -0.55,          3.30,       1.83,      18.33,     60.48,          8.69
          9,          5,    2,          0.54,          3.30,       2.00,      19.99,     65.94,          7.27
          9,          5,    3,          1.33,          3.30,       2.13,      21.28,     70.18,          6.85
          9,          5,    4,          1.85,          3.30,       2.23,      22.32,     73.62,          6.59
          9,          5,    5,          2.26,          3.30,       2.33,      23.32,     76.91,          6.33
          9,          5,    6,          2.58,          3.30,       2.41,      24.11,     79.51,          6.22
          9,          5,    7,          2.84,          3.30,       2.49,      24.86,     82.00,          6.08
          9,          6,    1,          0.99,          3.30,       2.08,      20.83,     68.70,         11.88
          9,          6,    2,          2.02,          3.30,       2.27,      22.63,     74.65,          9.64
          9,          6,    3,          2.66,          3.30,       2.41,      24.04,     79.28,          8.71
          9,          6,    4,          3.12,          3.30,       2.52,      25.20,     83.12,          8.21
          9,          6,    5,          3.47,          3.30,       2.63,      26.24,     86.53,          7.82
          9,          6,    6,          3.74,          3.30,       2.71,      27.12,     89.43,          7.56
          9,          6,    7,          3.96,          3.30,       2.80,      27.94,     92.11,          7.33
          9,          7,    1,          2.24,          3.30,       2.34,      23.42,     77.23,         13.14
          9,          7,    2,          3.23,          3.30,       2.56,      25.57,     84.32,         10.62
          9,          7,    3,          3.86,          3.30,       2.73,      27.26,     89.88,          9.58
          9,          7,    4,          4.27,          3.30,       2.86,      28.53,     94.06,          9.03
          9,          7,    5,          4.56,          3.30,       2.97,      29.66,     97.78,          8.59
          9,          7,    6,          4.80,          3.30,       3.06,      30.57,    100.75,          8.32
          9,          7,    7,          4.99,          3.30,       3.14,      31.44,    103.62,          8.06
         10,          1,    1,        -10.28,          3.30,       1.08,      10.77,     35.54,          2.73
         10,          1,    2,         -8.61,          3.30,       1.16,      11.58,     38.20,          2.26
         10,          1,    3,         -7.24,          3.30,       1.23,      12.30,     40.59,          2.22
         10,          1,    4,         -6.15,          3.30,       1.31,      13.06,     43.10,          2.21
         10,          1,    5,         -5.37,          3.30,       1.37,      13.71,     45.24,          2.21
         10,          1,    6,         -4.69,          3.30,       1.44,      14.37,     47.42,          2.21
         10,          1,    7,         -4.14,          3.30,       1.49,      14.90,     49.15,          2.26
         10,          2,    1,         -7.70,          3.30,       1.20,      12.01,     39.62,          5.18
         10,          2,    2,         -6.15,          3.30,       1.29,      12.90,     42.56,          3.90
         10,          2,    3,         -4.93,          3.30,       1.38,      13.83,     45.63,          3.46
         10,          2,    4,         -3.95,          3.30,       1.47,      14.75,     48.67,          3.26
         10,          2,    5,         -3.21,          3.30,       1.54,      15.46,     51.00,          3.26
         10,          2,    6,         -2.60,          3.30,       1.62,      16.13,     53.21,          3.26
         10,          2,    7,         -2.07,          3.30,       1.68,      16.77,     55.33,          3.27
         10,          3,    1,         -4.59,          3.30,       1.40,      13.95,     46.04,          6.47
         10,          3,    2,         -3.23,          3.30,       1.51,      15.12,     49.90,          5.15
         10,          3,    3,         -2.20,          3.30,       1.63,      16.29,     53.73,          4.62
         10,          3,    4,         -1.44,          3.30,       1.71,      17.15,     56.60,          4.50
         10,          3,    5,         -0.85,          3.30,       1.80,      17.98,     59.32,          4.41
         10,          3,    6,         -0.35,          3.30,       1.87,      18.74,     61.81,          4.36
         10,          3,    7,          0.03,          3.30,       1.95,      19.46,     64.20,          4.28
         10,          4,    1,         -2.38,          3.30,       1.61,      16.04,     52.92,          7.27
         10,          4,    2,         -1.16,          3.30,       1.74,      17.39,     57.37,          6.17
         10,          4,    3,         -0.29,          3.30,       1.86,      18.60,     61.35,          5.71
         10,          4,    4,          0.39,          3.30,       1.97,      19.67,     64.88,          5.49
         10,          4,    5,          0.87,          3.30,       2.05,      20.51,     67.66,          5.39
         10,          4,    6,          1.30,          3.30,       2.14,      21.42,     70.64,          5.26
         10,          4,    7,          1.65,          3.30,       2.22,      22.17,     73.13,          5.19
         10,          5,    1,         -0.09,          3.30,       1.89,      18.88,     62.30,          9.26
         10,          5,    2,          1.03,          3.30,       2.06,      20.61,     67.99,          7.80
         10,          5,    3,          1.80,          3.30,       2.20,      22.05,     72.74,          7.20
         10,          5,    4,          2.33,          3.30,       2.32,      23.19,     76.48,          6.91
         10,          5,    5,          2.73,          3.30,       2.41,      24.05,     79.33,          6.79
         10,          5,    6,          3.06,          3.30,       2.50,      24.99,     82.42,          6.59
         10,          5,    7,          3.31,          3.30,       2.57,      25.76,     84.96,          6.45
         10,          6,    1,          1.47,          3.30,       2.16,      21.56,     71.10,         12.60
         10,          6,    2,          2.49,          3.30,       2.35,      23.48,     77.42,         10.17
         10,          6,    3,          3.15,          3.30,       2.50,      24.98,     82.34,          9.24
         10,          6,    4,          3.60,          3.30,       2.62,      26.19,     86.36,          8.69
         10,          6,    5,          3.95,          3.30,       2.72,      27.24,     89.80,          8.32
         10,          6,    6,          4.22,          3.30,       2.82,      28.19,     92.92,          8.03
         10,          6,    7,          4.44,          3.30,       2.90,      28.98,     95.51,          7.83
         10,          7,    1,          2.71,          3.30,       2.42,      24.21,     79.86,         14.01
         10,          7,    2,          3.71,          3.30,       2.66,      26.60,     87.72,         11.10
         10,          7,    3,          4.34,          3.30,       2.84,      28.37,     93.54,         10.06
         10,          7,    4,          4.75,          3.30,       2.97,      29.71,     97.92,          9.51
         10,          7,    5,          5.05,          3.30,       3.08,      30.76,    101.40,          9.17
         10,          7,    6,          5.29,          3.30,       3.18,      31.79,    104.79,          8.83
         10,          7,    7,          5.47,          3.30,       3.27,      32.70,    107.80,          8.55
         11,          1,    1,         -9.87,          3.30,       1.09,      10.90,     35.99,          2.84
         11,          1,    2,         -8.21,          3.30,       1.18,      11.80,     38.95,          2.29
         11,          1,    3,         -6.82,          3.30,       1.25,      12.54,     41.38,          2.31
         11,          1,    4,         -5.77,          3.30,       1.33,      13.31,     43.93,          2.29
         11,          1,    5,         -4.97,          3.30,       1.40,      13.94,     46.00,          2.34
         11,          1,    6,         -4.26,          3.30,       1.46,      14.63,     48.29,          2.35
         11,          1,    7,         -3.74,          3.30,       1.52,      15.15,     50.00,          2.39
         11,          2,    1,         -7.28,          3.30,       1.22,      12.19,     40.22,          6.04
         11,          2,    2,         -5.70,          3.30,       1.32,      13.15,     43.40,          4.28
         11,          2,    3,         -4.46,          3.30,       1.42,      14.17,     46.74,          3.72
         11,          2,    4,         -3.53,          3.30,       1.50,      15.03,     49.61,          3.55
         11,          2,    5,         -2.77,          3.30,       1.58,      15.81,     52.16,          3.51
         11,          2,    6,         -2.14,          3.30,       1.65,      16.52,     54.51,          3.51
         11,          2,    7,         -1.63,          3.30,       1.72,      17.21,     56.79,          3.49
         11,          3,    1,         -4.18,          3.30,       1.42,      14.22,     46.91,          6.76
         11,          3,    2,         -2.81,          3.30,       1.55,      15.47,     51.06,          5.35
         11,          3,    3,         -1.75,          3.30,       1.66,      16.61,     54.81,          4.93
         11,          3,    4,         -0.99,          3.30,       1.76,      17.57,     57.97,          4.77
         11,          3,    5,         -0.42,          3.30,       1.84,      18.45,     60.86,          4.63
         11,          3,    6,          0.08,          3.30,       1.93,      19.25,     63.52,          4.57
         11,          3,    7,          0.47,          3.30,       2.00,      20.03,     66.08,          4.49
         11,          4,    1,         -1.96,          3.30,       1.64,      16.43,     54.21,          7.64
         11,          4,    2,         -0.72,          3.30,       1.79,      17.91,     59.09,          6.41
         11,          4,    3,          0.16,          3.30,       1.91,      19.14,     63.13,          6.02
         11,          4,    4,          0.81,          3.30,       2.02,      20.18,     66.57,          5.83
         11,          4,    5,          1.32,          3.30,       2.12,      21.17,     69.84,          5.66
         11,          4,    6,          1.75,          3.30,       2.20,      22.00,     72.56,          5.61
         11,          4,    7,          2.10,          3.30,       2.28,      22.82,     75.26,          5.52
         11,          5,    1,          0.35,          3.30,       1.94,      19.44,     64.12,          9.81
         11,          5,    2,          1.48,          3.30,       2.13,      21.28,     70.19,          8.20
         11,          5,    3,          2.24,          3.30,       2.27,      22.72,     74.94,          7.66
         11,          5,    4,          2.78,          3.30,       2.39,      23.92,     78.89,          7.34
         11,          5,    5,          3.20,          3.30,       2.50,      24.99,     82.41,          7.12
         11,          5,    6,          3.52,          3.30,       2.58,      25.83,     85.16,          7.01
         11,          5,    7,          3.76,          3.30,       2.67,      26.64,     87.84,          6.84
         11,          6,    1,          1.91,          3.30,       2.22,      22.20,     73.20,         13.48
         11,          6,    2,          2.94,          3.30,       2.42,      24.25,     79.97,         10.77
         11,          6,    3,          3.61,          3.30,       2.59,      25.86,     85.28,          9.72
         11,          6,    4,          4.06,          3.30,       2.71,      27.14,     89.48,          9.16
         11,          6,    5,          4.41,          3.30,       2.83,      28.27,     93.20,          8.75
         11,          6,    6,          4.68,          3.30,       2.92,      29.20,     96.29,          8.48
         11,          6,    7,          4.89,          3.30,       3.00,      30.05,     99.05,          8.26
         11,          7,    1,          3.16,          3.30,       2.51,      25.13,     82.88,         14.58
         11,          7,    2,          4.17,          3.30,       2.75,      27.52,     90.73,         11.85
         11,          7,    3,          4.80,          3.30,       2.94,      29.44,     97.07,         10.62
         11,          7,    4,          5.21,          3.30,       3.08,      30.76,    101.39,         10.14
         11,          7,    5,          5.51,          3.30,       3.20,      31.99,    105.45,          9.67
         11,          7,    6,          5.75,          3.30,       3.30,      33.01,    108.81,          9.35
         11,          7,    7,          5.93,          3.30,       3.39,      33.93,    111.84,          9.07
         12,          1,    1,         -9.50,          3.30,       1.10,      11.05,     36.48,          3.03
         12,          1,    2,         -7.82,          3.30,       1.19,      11.95,     39.44,          2.47
         12,          1,    3,         -6.41,          3.30,       1.27,      12.72,     41.98,          2.48
         12,          1,    4,         -5.34,          3.30,       1.35,      13.52,     44.63,          2.46
         12,          1,    5,         -4.55,          3.30,       1.42,      14.16,     46.74,          2.51
         12,          1,    6,         -3.84,          3.30,       1.49,      14.92,     49.23,          2.51
         12,          1,    7,         -3.31,          3.30,       1.55,      15.44,     50.95,          2.57
         12,          2,    1,         -6.89,          3.30,       1.24,      12.38,     40.85,          6.11
         12,          2,    2,         -5.29,          3.30,       1.34,      13.39,     44.19,          4.42
         12,          2,    3,         -4.05,          3.30,       1.44,      14.45,     47.68,          3.87
         12,          2,    4,         -3.10,          3.30,       1.53,      15.35,     50.66,          3.72
         12,          2,    5,         -2.34,          3.30,       1.62,      16.17,     53.37,          3.68
         12,          2,    6,         -1.73,          3.30,       1.69,      16.90,     55.74,          3.68
         12,          2,    7,         -1.24,          3.30,       1.76,      17.56,     57.91,          3.68
         12,          3,    1,         -3.78,          3.30,       1.46,      14.60,     48.18,          6.92
         12,          3,    2,         -2.41,          3.30,       1.59,      15.88,     52.41,          5.59
         12,          3,    3,         -1.36,          3.30,       1.70,      17.05,     56.26,          5.18
         12,          3,    4,         -0.56,          3.30,       1.81,      18.10,     59.71,          5.00
         12,          3,    5,          0.01,          3.30,       1.89,      18.96,     62.55,          4.91
         12,          3,    6,          0.48,          3.30,       1.98,      19.77,     65.22,          4.83
         12,          3,    7,          0.88,          3.30,       2.05,      20.51,     67.67,          4.79
         12,          4,    1,         -1.55,          3.30,       1.68,      16.81,     55.46,          8.34
         12,          4,    2,         -0.30,          3.30,       1.84,      18.38,     60.65,          6.87
         12,          4,    3,          0.55,          3.30,       1.97,      19.73,     65.09,          6.31
         12,          4,    4,          1.25,          3.30,       2.07,      20.75,     68.44,          6.24
         12,          4,    5,          1.76,          3.30,       2.18,      21.77,     71.79,          6.07
         12,          4,    6,          2.18,          3.30,       2.26,      22.64,     74.67,          5.98
         12,          4,    7,          2.53,          3.30,       2.35,      23.53,     77.61,          5.86
         12,          5,    1,          0.74,          3.30,       2.00,      20.04,     66.12,          9.98
         12,          5,    2,          1.88,          3.30,       2.19,      21.91,     72.26,          8.55
         12,          5,    3,          2.67,          3.30,       2.34,      23.40,     77.18,          8.07
         12,          5,    4,          3.21,          3.30,       2.47,      24.71,     81.47,          7.69
         12,          5,    5,          3.62,          3.30,       2.57,      25.72,     84.81,          7.52
         12,          5,    6,          3.94,          3.30,       2.67,      26.74,     88.18,          7.29
         12,          5,    7,          4.21,          3.30,       2.76,      27.58,     90.93,          7.18
         12,          6,    1,          2.34,          3.30,       2.30,      22.98,     75.79,         13.80
         12,          6,    2,          3.36,          3.30,       2.51,      25.05,     82.64,         11.26
         12,          6,    3,          4.03,          3.30,       2.68,      26.77,     88.25,         10.16
         12,          6,    4,          4.49,          3.30,       2.81,      28.08,     92.58,          9.64
         12,          6,    5,          4.83,          3.30,       2.92,      29.24,     96.40,          9.21
         12,          6,    6,          5.11,          3.30,       3.02,      30.22,     99.61,          8.95
         12,          6,    7,          5.34,          3.30,       3.11,      31.08,    102.46,          8.74
         12,          7,    1,          3.59,          3.30,       2.60,      26.00,     85.72,         15.36
         12,          7,    2,          4.61,          3.30,       2.86,      28.58,     94.23,         12.35
         12,          7,    3,          5.22,          3.30,       3.05,      30.48,    100.51,         11.22
         12,          7,    4,          5.64,          3.30,       3.20,      31.97,    105.38,         10.62
         12,          7,    5,          5.95,          3.30,       3.32,      33.25,    109.60,         10.14
         12,          7,    6,          6.18,          3.30,       3.42,      34.20,    112.74,          9.91
         12,          7,    7,          6.37,          3.30,       3.52,      35.24,    116.15,          9.57
         13,          1,    1,         -9.07,          3.30,       1.12,      11.22,     37.04,          3.17
         13,          1,    2,         -7.36,          3.30,       1.22,      12.13,     40.03,          2.66
         13,          1,    3,         -5.94,          3.30,       1.30,      13.03,     42.99,          2.58
         13,          1,    4,         -4.91,          3.30,       1.38,      13.77,     45.46,          2.62
         13,          1,    5,         -4.11,          3.30,       1.46,      14.56,     48.02,          2.60
         13,          1,    6,         -3.41,          3.30,       1.52,      15.23,     50.24,          2.67
         13,          1,    7,         -2.86,          3.30,       1.58,      15.80,     52.12,          2.72
         13,          2,    1,         -6.37,          3.30,       1.26,      12.62,     41.63,          6.65
         13,          2,    2,         -4.87,          3.30,       1.37,      13.69,     45.16,          4.65
         13,          2,    3,         -3.62,          3.30,       1.48,      14.74,     48.64,          4.15
         13,          2,    4,         -2.65,          3.30,       1.57,      15.70,     51.81,          3.98
         13,          2,    5,         -1.91,          3.30,       1.65,      16.53,     54.54,          3.93
         13,          2,    6,         -1.30,          3.30,       1.73,      17.32,     57.15,          3.91
         13,          2,    7,         -0.79,          3.30,       1.81,      18.08,     59.65,          3.88
         13,          3,    1,         -3.33,          3.30,       1.49,      14.92,     49.23,          7.52
         13,          3,    2,         -1.94,          3.30,       1.63,      16.31,     53.80,          5.96
         13,          3,    3,         -0.89,          3.30,       1.75,      17.47,     57.61,          5.60
         13,          3,    4,         -0.10,          3.30,       1.86,      18.57,     61.26,          5.36
         13,          3,    5,          0.48,          3.30,       1.96,      19.55,     64.51,          5.21
         13,          3,    6,          0.97,          3.30,       2.04,      20.37,     67.21,          5.18
         13,          3,    7,          1.36,          3.30,       2.12,      21.18,     69.85,          5.10
         13,          4,    1,         -1.09,          3.30,       1.73,      17.29,     57.03,          8.72
         13,          4,    2,          0.15,          3.30,       1.89,      18.93,     62.46,          7.21
         13,          4,    3,          1.04,          3.30,       2.03,      20.30,     66.95,          6.74
         13,          4,    4,          1.70,          3.30,       2.14,      21.45,     70.77,          6.53
         13,          4,    5,          2.22,          3.30,       2.25,      22.51,     74.25,          6.38
         13,          4,    6,          2.66,          3.30,       2.35,      23.49,     77.46,          6.29
         13,          4,    7,          3.01,          3.30,       2.43,      24.33,     80.22,          6.22
         13,          5,    1,          1.19,          3.30,       2.07,      20.64,     68.10,         10.73
         13,          5,    2,          2.36,          3.30,       2.26,      22.59,     74.50,          9.23
         13,          5,    3,          3.14,          3.30,       2.43,      24.26,     80.01,          8.52
         13,          5,    4,          3.69,          3.30,       2.56,      25.56,     84.28,          8.22
         13,          5,    5,          4.10,          3.30,       2.67,      26.70,     88.03,          7.99
         13,          5,    6,          4.43,          3.30,       2.77,      27.73,     91.42,          7.79
         13,          5,    7,          4.69,          3.30,       2.87,      28.64,     94.42,          7.63
         13,          6,    1,          2.80,          3.30,       2.38,      23.75,     78.34,         15.01
         13,          6,    2,          3.85,          3.30,       2.61,      26.05,     85.90,         11.97
         13,          6,    3,          4.51,          3.30,       2.78,      27.73,     91.46,         10.93
         13,          6,    4,          4.97,          3.30,       2.92,      29.17,     96.17,         10.29
         13,          6,    5,          5.32,          3.30,       3.04,      30.39,    100.20,          9.84
         13,          6,    6,          5.60,          3.30,       3.14,      31.46,    103.73,          9.53
         13,          6,    7,          5.82,          3.30,       3.24,      32.42,    106.87,          9.25
         13,          7,    1,          4.05,          3.30,       2.70,      26.96,     88.91,         16.24
         13,          7,    2,          5.08,          3.30,       2.97,      29.73,     97.99,         13.03
         13,          7,    3,          5.71,          3.30,       3.17,      31.72,    104.55,         11.91
         13,          7,    4,          6.13,          3.30,       3.33,      33.29,    109.73,         11.24
         13,          7,    5,          6.44,          3.30,       3.45,      34.52,    113.79,         10.87
         13,          7,    6,          6.67,          3.30,       3.57,      35.71,    117.71,         10.45
         13,          7,    7,          6.86,          3.30,       3.68,      36.77,    121.20,         10.12
         14,          1,    1,         -8.64,          3.30,       1.15,      11.50,     37.96,          3.18
         14,          1,    2,         -6.88,          3.30,       1.24,      12.41,     40.95,          2.81
         14,          1,    3,         -5.52,          3.30,       1.33,      13.30,     43.88,          2.75
         14,          1,    4,         -4.49,          3.30,       1.41,      14.12,     46.59,          2.75
         14,          1,    5,         -3.70,          3.30,       1.48,      14.83,     48.94,          2.79
         14,          1,    6,         -2.97,          3.30,       1.56,      15.57,     51.38,          2.85
         14,          1,    7,         -2.43,          3.30,       1.62,      16.25,     53.63,          2.86
         14,          2,    1,         -6.01,          3.30,       1.29,      12.88,     42.49,          6.84
         14,          2,    2,         -4.45,          3.30,       1.40,      14.04,     46.31,          4.80
         14,          2,    3,         -3.16,          3.30,       1.51,      15.11,     49.86,          4.38
         14,          2,    4,         -2.20,          3.30,       1.61,      16.13,     53.21,          4.19
         14,          2,    5,         -1.48,          3.30,       1.70,      16.98,     56.02,          4.14
         14,          2,    6,         -0.85,          3.30,       1.78,      17.79,     58.70,          4.14
         14,          2,    7,         -0.34,          3.30,       1.86,      18.61,     61.38,          4.10
         14,          3,    1,         -2.91,          3.30,       1.53,      15.32,     50.54,          7.68
         14,          3,    2,         -1.52,          3.30,       1.67,      16.74,     55.22,          6.22
         14,          3,    3,         -0.45,          3.30,       1.81,      18.11,     59.73,          5.69
         14,          3,    4,          0.31,          3.30,       1.92,      19.17,     63.24,          5.55
         14,          3,    5,          0.91,          3.30,       2.02,      20.17,     66.53,          5.44
         14,          3,    6,          1.43,          3.30,       2.10,      21.02,     69.33,          5.46
         14,          3,    7,          1.81,          3.30,       2.19,      21.86,     72.11,          5.38
         14,          4,    1,         -0.67,          3.30,       1.79,      17.83,     58.84,          9.16
         14,          4,    2,          0.59,          3.30,       1.95,      19.52,     64.38,          7.69
         14,          4,    3,          1.48,          3.30,       2.10,      20.94,     69.06,          7.18
         14,          4,    4,          2.16,          3.30,       2.22,      22.18,     73.17,          6.95
         14,          4,    5,          2.68,          3.30,       2.33,      23.28,     76.79,          6.79
         14,          4,    6,          3.11,          3.30,       2.43,      24.28,     80.06,          6.69
         14,          4,    7,          3.45,          3.30,       2.52,      25.18,     83.04,          6.60
         14,          5,    1,          1.65,          3.30,       2.14,      21.39,     70.56,         11.14
         14,          5,    2,          2.81,          3.30,       2.34,      23.44,     77.32,          9.60
         14,          5,    3,          3.59,          3.30,       2.52,      25.23,     83.21,          8.87
         14,          5,    4,          4.14,          3.30,       2.66,      26.59,     87.69,          8.58
         14,          5,    5,          4.55,          3.30,       2.77,      27.70,     91.33,          8.40
         14,          5,    6,          4.89,          3.30,       2.88,      28.79,     94.91,          8.22
         14,          5,    7,          5.15,          3.30,       2.97,      29.76,     98.10,          8.05
         14,          6,    1,          3.24,          3.30,       2.46,      24.66,     81.33,         15.22
         14,          6,    2,          4.30,          3.30,       2.70,      27.04,     89.14,         12.42
         14,          6,    3,          4.97,          3.30,       2.89,      28.91,     95.30,         11.27
         14,          6,    4,          5.43,          3.30,       3.03,      30.31,     99.94,         10.76
         14,          6,    5,          5.78,          3.30,       3.16,      31.62,    104.25,         10.28
         14,          6,    6,          6.06,          3.30,       3.27,      32.71,    107.84,         10.00
         14,          6,    7,          6.29,          3.30,       3.37,      33.70,    111.10,          9.76
         14,          7,    1,          4.51,          3.30,       2.80,      28.05,     92.47,         17.01
         14,          7,    2,          5.53,          3.30,       3.09,      30.88,    101.80,         13.78
         14,          7,    3,          6.17,          3.30,       3.31,      33.08,    109.02,         12.50
         14,          7,    4,          6.59,          3.30,       3.46,      34.60,    114.04,         11.94
         14,          7,    5,          6.90,          3.30,       3.60,      35.99,    118.63,         11.45
         14,          7,    6,          7.13,          3.30,       3.72,      37.19,    122.59,         11.06
         14,          7,    7,          7.33,          3.30,       3.83,      38.32,    126.29,         10.72
         15,          1,    1,         -4.06,          3.30,       1.37,      13.68,     45.15,          4.63
         15,          1,    2,         -2.19,          3.30,       1.54,      15.35,     50.64,          4.33
         15,          1,    3,         -0.90,          3.30,       1.67,      16.72,     55.16,          4.39
         15,          1,    4,         -0.00,          3.30,       1.80,      18.01,     59.42,          4.39
         15,          1,    5,          0.68,          3.30,       1.91,      19.17,     63.23,          4.40
         15,          1,    6,          1.24,          3.30,       2.02,      20.22,     66.69,          4.43
         15,          1,    7,          1.68,          3.30,       2.12,      21.22,     69.98,          4.42
         15,          2,    1,         -2.15,          3.30,       1.54,      15.41,     50.85,          8.57
         15,          2,    2,         -0.45,          3.30,       1.73,      17.25,     56.93,          6.84
         15,          2,    3,          0.72,          3.30,       1.89,      18.93,     62.45,          6.31
         15,          2,    4,          1.57,          3.30,       2.04,      20.38,     67.24,          6.11
         15,          2,    5,          2.20,          3.30,       2.17,      21.70,     71.56,          5.97
         15,          2,    6,          2.69,          3.30,       2.29,      22.90,     75.52,          5.85
         15,          2,    7,          3.10,          3.30,       2.40,      23.99,     79.11,          5.77
         15,          3,    1,          0.15,          3.30,       1.82,      18.19,     59.99,         11.75
         15,          3,    2,          1.66,          3.30,       2.04,      20.38,     67.22,          9.14
         15,          3,    3,          2.66,          3.30,       2.22,      22.25,     73.37,          8.32
         15,          3,    4,          3.33,          3.30,       2.38,      23.81,     78.52,          7.88
         15,          3,    5,          3.84,          3.30,       2.53,      25.31,     83.46,          7.50
         15,          3,    6,          4.23,          3.30,       2.66,      26.62,     87.76,          7.25
         15,          3,    7,          4.56,          3.30,       2.78,      27.81,     91.70,          7.05
         15,          4,    1,          1.82,          3.30,       2.08,      20.84,     68.74,         13.25
         15,          4,    2,          3.15,          3.30,       2.33,      23.34,     76.98,         10.48
         15,          4,    3,          4.00,          3.30,       2.54,      25.43,     83.87,          9.43
         15,          4,    4,          4.59,          3.30,       2.72,      27.16,     89.54,          8.91
         15,          4,    5,          5.01,          3.30,       2.87,      28.74,     94.75,          8.45
         15,          4,    6,          5.36,          3.30,       3.02,      30.16,     99.42,          8.16
         15,          4,    7,          5.63,          3.30,       3.15,      31.55,    104.01,          7.83
         15,          5,    1,          3.49,          3.30,       2.44,      24.39,     80.45,         13.63
         15,          5,    2,          4.66,          3.30,       2.73,      27.25,     89.86,         11.35
         15,          5,    3,          5.40,          3.30,       2.96,      29.60,     97.58,         10.36
         15,          5,    4,          5.88,          3.30,       3.15,      31.48,    103.78,          9.77
         15,          5,    5,          6.25,          3.30,       3.32,      33.19,    109.42,          9.30
         15,          5,    6,          6.52,          3.30,       3.47,      34.69,    114.35,          8.93
         15,          5,    7,          6.73,          3.30,       3.62,      36.19,    119.30,          8.54
         15,          6,    1,          4.66,          3.30,       2.76,      27.65,     91.15,         16.11
         15,          6,    2,          5.74,          3.30,       3.08,      30.81,    101.59,         13.10
         15,          6,    3,          6.36,          3.30,       3.33,      33.36,    109.95,         11.71
         15,          6,    4,          6.80,          3.30,       3.54,      35.37,    116.58,         10.97
         15,          6,    5,          7.10,          3.30,       3.73,      37.30,    122.94,         10.26
         15,          6,    6,          7.34,          3.30,       3.90,      39.01,    128.57,          9.74
         15,          6,    7,          7.53,          3.30,       4.07,      40.66,    134.03,          9.27
         15,          7,    1,          5.57,          3.30,       3.09,      30.92,    101.93,         17.77
         15,          7,    2,          6.61,          3.30,       3.46,      34.57,    113.94,         14.17
         15,          7,    3,          7.20,          3.30,       3.74,      37.40,    123.26,         12.61
         15,          7,    4,          7.58,          3.30,       3.98,      39.79,    131.17,         11.57
         15,          7,    5,          7.85,          3.30,       4.20,      42.00,    138.44,         10.74
         15,          7,    6,          8.07,          3.30,       4.39,      43.93,    144.80,         10.15
         15,          7,    7,          8.23,          3.30,       4.59,      45.91,    151.31,          9.56
         16,          1,    1,         -3.62,          3.30,       1.40,      13.98,     46.12,          4.82
         16,          1,    2,         -1.73,          3.30,       1.57,      15.65,     51.65,          4.61
         16,          1,    3,         -0.44,          3.30,       1.72,      17.18,     56.70,          4.61
         16,          1,    4,          0.47,          3.30,       1.85,      18.53,     61.13,          4.64
         16,          1,    5,          1.14,          3.30,       1.98,      19.73,     65.09,          4.65
         16,          1,    6,          1.69,          3.30,       2.07,      20.74,     68.43,          4.72
         16,          1,    7,          2.16,          3.30,       2.18,      21.80,     71.90,          4.72
         16,          2,    1,         -1.75,          3.30,       1.58,      15.72,     51.86,          9.18
         16,          2,    2,         -0.00,          3.30,       1.77,      17.74,     58.51,          7.17
         16,          2,    3,          1.17,          3.30,       1.95,      19.55,     64.50,          6.56
         16,          2,    4,          2.02,          3.30,       2.10,      20.98,     69.21,          6.46
         16,          2,    5,          2.67,          3.30,       2.23,      22.34,     73.70,          6.34
         16,          2,    6,          3.16,          3.30,       2.36,      23.61,     77.86,          6.22
         16,          2,    7,          3.56,          3.30,       2.49,      24.88,     82.06,          6.06
         16,          3,    1,          0.58,          3.30,       1.87,      18.70,     61.69,         12.45
         16,          3,    2,          2.10,          3.30,       2.11,      21.05,     69.44,          9.58
         16,          3,    3,          3.11,          3.30,       2.31,      23.04,     75.97,          8.73
         16,          3,    4,          3.80,          3.30,       2.47,      24.71,     81.49,          8.27
         16,          3,    5,          4.30,          3.30,       2.62,      26.23,     86.48,          7.93
         16,          3,    6,          4.71,          3.30,       2.75,      27.53,     90.75,          7.74
         16,          3,    7,          5.03,          3.30,       2.89,      28.87,     95.21,          7.45
         16,          4,    1,          2.24,          3.30,       2.15,      21.52,     70.99,         13.89
         16,          4,    2,          3.60,          3.30,       2.41,      24.06,     79.37,         11.20
         16,          4,    3,          4.46,          3.30,       2.63,      26.31,     86.77,         10.04
         16,          4,    4,          5.06,          3.30,       2.82,      28.14,     92.76,          9.47
         16,          4,    5,          5.50,          3.30,       2.98,      29.86,     98.43,          8.97
         16,          4,    6,          5.84,          3.30,       3.13,      31.32,    103.22,          8.66
         16,          4,    7,          6.12,          3.30,       3.28,      32.77,    108.02,          8.33
         16,          5,    1,          3.93,          3.30,       2.52,      25.21,     83.15,         14.51
         16,          5,    2,          5.13,          3.30,       2.83,      28.33,     93.39,         11.95
         16,          5,    3,          5.85,          3.30,       3.08,      30.72,    101.28,         10.95
         16,          5,    4,          6.36,          3.30,       3.27,      32.71,    107.81,         10.38
         16,          5,    5,          6.72,          3.30,       3.45,      34.46,    113.58,          9.91
         16,          5,    6,          7.00,          3.30,       3.62,      36.17,    119.21,          9.43
         16,          5,    7,          7.21,          3.30,       3.77,      37.72,    124.33,          9.04
         16,          6,    1,          5.13,          3.30,       2.88,      28.76,     94.81,         16.84
         16,          6,    2,          6.22,          3.30,       3.21,      32.13,    105.92,         13.73
         16,          6,    3,          6.84,          3.30,       3.47,      34.65,    114.23,         12.47
         16,          6,    4,          7.27,          3.30,       3.69,      36.85,    121.48,         11.59
         16,          6,    5,          7.57,          3.30,       3.88,      38.83,    127.98,         10.89
         16,          6,    6,          7.81,          3.30,       4.07,      40.68,    134.10,         10.29
         16,          6,    7,          8.01,          3.30,       4.24,      42.42,    139.80,          9.82
         16,          7,    1,          6.04,          3.30,       3.23,      32.25,    106.30,         18.49
         16,          7,    2,          7.09,          3.30,       3.60,      36.02,    118.73,         14.97
         16,          7,    3,          7.67,          3.30,       3.91,      39.06,    128.73,         13.24
         16,          7,    4,          8.06,          3.30,       4.16,      41.55,    136.96,         12.20
         16,          7,    5,          8.33,          3.30,       4.37,      43.73,    144.14,         11.44
         16,          7,    6,          8.54,          3.30,       4.59,      45.89,    151.26,         10.72
         16,          7,    7,          8.72,          3.30,       4.78,      47.84,    157.67,         10.18
         17,          1,    1,         -3.22,          3.30,       1.42,      14.26,     47.05,          4.98
         17,          1,    2,         -1.32,          3.30,       1.61,      16.08,     53.04,          4.74
         17,          1,    3,          0.00,          3.30,       1.76,      17.57,     57.97,          4.88
         17,          1,    4,          0.90,          3.30,       1.90,      18.99,     62.66,          4.89
         17,          1,    5,          1.59,          3.30,       2.02,      20.22,     66.68,          4.94
         17,          1,    6,          2.17,          3.30,       2.14,      21.43,     70.67,          4.96
         17,          1,    7,          2.60,          3.30,       2.25,      22.48,     74.15,          4.96
         17,          2,    1,         -1.36,          3.30,       1.61,      16.12,     53.21,          9.38
         17,          2,    2,          0.42,          3.30,       1.82,      18.18,     59.99,          7.56
         17,          2,    3,          1.59,          3.30,       2.01,      20.07,     66.20,          6.94
         17,          2,    4,          2.46,          3.30,       2.16,      21.62,     71.31,          6.80
         17,          2,    5,          3.09,          3.30,       2.31,      23.08,     76.11,          6.63
         17,          2,    6,          3.60,          3.30,       2.44,      24.38,     80.41,          6.54
         17,          2,    7,          4.01,          3.30,       2.57,      25.67,     84.65,          6.42
         17,          3,    1,          0.98,          3.30,       1.92,      19.17,     63.23,         13.23
         17,          3,    2,          2.53,          3.30,       2.16,      21.66,     71.43,         10.13
         17,          3,    3,          3.55,          3.30,       2.37,      23.73,     78.27,          9.24
         17,          3,    4,          4.24,          3.30,       2.55,      25.48,     84.03,          8.77
         17,          3,    5,          4.76,          3.30,       2.71,      27.04,     89.16,          8.45
         17,          3,    6,          5.16,          3.30,       2.86,      28.57,     94.20,          8.11
         17,          3,    7,          5.48,          3.30,       2.98,      29.86,     98.42,          7.90
         17,          4,    1,          2.68,          3.30,       2.22,      22.14,     73.02,         14.69
         17,          4,    2,          4.02,          3.30,       2.49,      24.93,     82.20,         11.58
         17,          4,    3,          4.89,          3.30,       2.72,      27.18,     89.62,         10.56
         17,          4,    4,          5.49,          3.30,       2.92,      29.15,     96.09,          9.93
         17,          4,    5,          5.94,          3.30,       3.09,      30.85,    101.70,          9.50
         17,          4,    6,          6.28,          3.30,       3.25,      32.47,    107.04,          9.11
         17,          4,    7,          6.57,          3.30,       3.39,      33.92,    111.81,          8.82
         17,          5,    1,          4.35,          3.30,       2.61,      26.10,     86.07,         15.10
         17,          5,    2,          5.56,          3.30,       2.93,      29.30,     96.59,         12.59
         17,          5,    3,          6.31,          3.30,       3.19,      31.88,    105.08,         11.56
         17,          5,    4,          6.80,          3.30,       3.39,      33.93,    111.82,         10.94
         17,          5,    5,          7.17,          3.30,       3.58,      35.81,    118.03,         10.42
         17,          5,    6,          7.44,          3.30,       3.75,      37.52,    123.66,          9.97
         17,          5,    7,          7.67,          3.30,       3.92,      39.23,    129.32,          9.55
         17,          6,    1,          5.56,          3.30,       2.98,      29.77,     98.15,         17.76
         17,          6,    2,          6.65,          3.30,       3.33,      33.35,    109.93,         14.43
         17,          6,    3,          7.29,          3.30,       3.60,      35.97,    118.57,         13.16
         17,          6,    4,          7.72,          3.30,       3.84,      38.37,    126.47,         12.18
         17,          6,    5,          8.03,          3.30,       4.04,      40.42,    133.21,         11.48
         17,          6,    6,          8.26,          3.30,       4.23,      42.29,    139.40,         10.90
         17,          6,    7,          8.46,          3.30,       4.42,      44.13,    145.46,         10.38
         17,          7,    1,          6.49,          3.30,       3.34,      33.42,    110.15,         19.72
         17,          7,    2,          7.53,          3.30,       3.74,      37.45,    123.44,         15.78
         17,          7,    3,          8.12,          3.30,       4.07,      40.67,    134.06,         13.95
         17,          7,    4,          8.51,          3.30,       4.32,      43.17,    142.28,         12.96
         17,          7,    5,          8.78,          3.30,       4.56,      45.59,    150.26,         12.05
         17,          7,    6,          9.00,          3.30,       4.77,      47.70,    157.22,         11.41
         17,          7,    7,          9.18,          3.30,       4.98,      49.77,    164.03,         10.82
         18,          1,    1,         -2.79,          3.30,       1.46,      14.62,     48.24,          5.26
         18,          1,    2,         -0.88,          3.30,       1.65,      16.47,     54.36,          5.07
         18,          1,    3,          0.44,          3.30,       1.81,      18.11,     59.76,          5.14
         18,          1,    4,          1.35,          3.30,       1.96,      19.55,     64.49,          5.21
         18,          1,    5,          2.08,          3.30,       2.09,      20.85,     68.77,          5.29
         18,          1,    6,          2.63,          3.30,       2.20,      22.05,     72.73,          5.31
         18,          1,    7,          3.07,          3.30,       2.32,      23.21,     76.56,          5.30
         18,          2,    1,         -0.92,          3.30,       1.65,      16.49,     54.42,          9.70
         18,          2,    2,          0.84,          3.30,       1.87,      18.66,     61.58,          7.83
         18,          2,    3,          2.05,          3.30,       2.06,      20.59,     67.93,          7.34
         18,          2,    4,          2.92,          3.30,       2.22,      22.24,     73.35,          7.18
         18,          2,    5,          3.56,          3.30,       2.38,      23.75,     78.33,          7.04
         18,          2,    6,          4.07,          3.30,       2.52,      25.18,     83.04,          6.91
         18,          2,    7,          4.48,          3.30,       2.66,      26.58,     87.64,          6.75
         18,          3,    1,          1.41,          3.30,       1.97,      19.73,     65.09,         13.84
         18,          3,    2,          2.97,          3.30,       2.23,      22.26,     73.42,         10.82
         18,          3,    3,          4.00,          3.30,       2.45,      24.54,     80.91,          9.73
         18,          3,    4,          4.71,          3.30,       2.64,      26.40,     87.04,          9.27
         18,          3,    5,          5.22,          3.30,       2.81,      28.10,     92.64,          8.86
         18,          3,    6,          5.63,          3.30,       2.96,      29.57,     97.49,          8.62
         18,          3,    7,          5.95,          3.30,       3.10,      30.93,    101.97,          8.40
         18,          4,    1,          3.10,          3.30,       2.29,      22.88,     75.46,         15.18
         18,          4,    2,          4.47,          3.30,       2.57,      25.73,     84.84,         12.26
         18,          4,    3,          5.33,          3.30,       2.82,      28.21,     92.99,         11.02
         18,          4,    4,          5.96,          3.30,       3.02,      30.21,     99.62,         10.49
         18,          4,    5,          6.41,          3.30,       3.20,      32.02,    105.53,         10.05
         18,          4,    6,          6.76,          3.30,       3.37,      33.65,    110.93,          9.70
         18,          4,    7,          7.03,          3.30,       3.53,      35.30,    116.33,          9.29
         18,          5,    1,          4.81,          3.30,       2.70,      27.02,     89.09,         16.10
         18,          5,    2,          6.03,          3.30,       3.04,      30.37,    100.14,         13.42
         18,          5,    3,          6.77,          3.30,       3.31,      33.12,    109.17,         12.23
         18,          5,    4,          7.28,          3.30,       3.53,      35.29,    116.32,         11.61
         18,          5,    5,          7.64,          3.30,       3.73,      37.24,    122.73,         11.08
         18,          5,    6,          7.93,          3.30,       3.91,      39.12,    128.92,         10.58
         18,          5,    7,          8.15,          3.30,       4.09,      40.88,    134.75,         10.13
         18,          6,    1,          6.03,          3.30,       3.09,      30.90,    101.84,         18.98
         18,          6,    2,          7.11,          3.30,       3.46,      34.61,    114.07,         15.42
         18,          6,    3,          7.75,          3.30,       3.75,      37.54,    123.72,         13.86
         18,          6,    4,          8.19,          3.30,       4.00,      39.96,    131.70,         12.91
         18,          6,    5,          8.50,          3.30,       4.21,      42.08,    138.69,         12.22
         18,          6,    6,          8.75,          3.30,       4.41,      44.07,    145.27,         11.61
         18,          6,    7,          8.93,          3.30,       4.60,      46.01,    151.66,         11.03
         18,          7,    1,          6.96,          3.30,       3.48,      34.83,    114.81,         20.66
         18,          7,    2,          8.00,          3.30,       3.91,      39.07,    128.78,         16.59
         18,          7,    3,          8.60,          3.30,       4.24,      42.40,    139.75,         14.80
         18,          7,    4,          8.99,          3.30,       4.52,      45.11,    148.69,         13.69
         18,          7,    5,          9.27,          3.30,       4.75,      47.56,    156.73,         12.81
         18,          7,    6,          9.49,          3.30,       4.98,      49.77,    164.05,         12.13
         18,          7,    7,          9.66,          3.30,       5.20,      51.98,    171.29,         11.48
         19,          1,    1,         -2.35,          3.30,       1.50,      14.94,     49.30,          5.54
         19,          1,    2,         -0.41,          3.30,       1.68,      16.84,     55.56,          5.43
         19,          1,    3,          0.89,          3.30,       1.87,      18.68,     61.63,          5.38
         19,          1,    4,          1.86,          3.30,       2.02,      20.17,     66.53,          5.53
         19,          1,    5,          2.57,          3.30,       2.15,      21.51,     70.96,          5.61
         19,          1,    6,          3.13,          3.30,       2.28,      22.81,     75.25,          5.64
         19,          1,    7,          3.58,          3.30,       2.40,      24.00,     79.15,          5.65
         19,          2,    1,         -0.48,          3.30,       1.69,      16.90,     55.76,         10.48
         19,          2,    2,          1.28,          3.30,       1.92,      19.18,     63.29,          8.36
         19,          2,    3,          2.51,          3.30,       2.12,      21.22,     70.01,          7.82
         19,          2,    4,          3.38,          3.30,       2.30,      22.99,     75.85,          7.61
         19,          2,    5,          4.03,          3.30,       2.46,      24.60,     81.12,          7.46
         19,          2,    6,          4.56,          3.30,       2.61,      26.09,     86.02,          7.36
         19,          2,    7,          4.96,          3.30,       2.75,      27.52,     90.74,          7.21
         19,          3,    1,          1.85,          3.30,       2.03,      20.28,     66.89,         14.49
         19,          3,    2,          3.42,          3.30,       2.31,      23.05,     76.00,         11.17
         19,          3,    3,          4.46,          3.30,       2.54,      25.35,     83.60,         10.25
         19,          3,    4,          5.18,          3.30,       2.74,      27.36,     90.22,          9.73
         19,          3,    5,          5.71,          3.30,       2.92,      29.14,     96.08,          9.36
         19,          3,    6,          6.12,          3.30,       3.07,      30.72,    101.28,          9.10
         19,          3,    7,          6.45,          3.30,       3.22,      32.22,    106.22,          8.85
         19,          4,    1,          3.57,          3.30,       2.36,      23.54,     77.64,         16.59
         19,          4,    2,          4.93,          3.30,       2.67,      26.66,     87.93,         12.98
         19,          4,    3,          5.81,          3.30,       2.93,      29.23,     96.38,         11.75
         19,          4,    4,          6.44,          3.30,       3.14,      31.39,    103.47,         11.14
         19,          4,    5,          6.89,          3.30,       3.34,      33.30,    109.78,         10.65
         19,          4,    6,          7.25,          3.30,       3.51,      35.06,    115.58,         10.27
         19,          4,    7,          7.53,          3.30,       3.67,      36.70,    120.96,          9.93
         19,          5,    1,          5.27,          3.30,       2.81,      28.09,     92.60,         16.67
         19,          5,    2,          6.50,          3.30,       3.16,      31.62,    104.22,         14.05
         19,          5,    3,          7.27,          3.30,       3.44,      34.42,    113.44,         13.00
         19,          5,    4,          7.77,          3.30,       3.68,      36.78,    121.21,         12.26
         19,          5,    5,          8.14,          3.30,       3.89,      38.93,    128.32,         11.65
         19,          5,    6,          8.43,          3.30,       4.08,      40.78,    134.41,         11.23
         19,          5,    7,          8.65,          3.30,       4.26,      42.61,    140.45,         10.76
         19,          6,    1,          6.52,          3.30,       3.23,      32.27,    106.37,         19.83
         19,          6,    2,          7.62,          3.30,       3.61,      36.08,    118.93,         16.42
         19,          6,    3,          8.26,          3.30,       3.92,      39.16,    129.08,         14.77
         19,          6,    4,          8.70,          3.30,       4.17,      41.69,    137.41,         13.81
         19,          6,    5,          9.01,          3.30,       4.39,      43.93,    144.80,         13.04
         19,          6,    6,          9.25,          3.30,       4.60,      46.01,    151.64,         12.39
         19,          6,    7,          9.44,          3.30,       4.80,      47.94,    157.99,         11.84
         19,          7,    1,          7.46,          3.30,       3.63,      36.32,    119.71,         22.10
         19,          7,    2,          8.51,          3.30,       4.08,      40.82,    134.54,         17.74
         19,          7,    3,          9.11,          3.30,       4.43,      44.34,    146.14,         15.77
         19,          7,    4,          9.50,          3.30,       4.72,      47.15,    155.41,         14.64
         19,          7,    5,          9.78,          3.30,       4.97,      49.71,    163.84,         13.71
         19,          7,    6,         10.00,          3.30,       5.21,      52.04,    171.50,         12.98
         19,          7,    7,         10.17,          3.30,       5.43,      54.28,    178.88,         12.33
         20,          1,    1,         -2.00,          3.30,       1.52,      15.19,     50.14,          5.73
         20,          1,    2,         -0.06,          3.30,       1.72,      17.24,     56.88,          5.56
         20,          1,    3,          1.29,          3.30,       1.91,      19.06,     62.89,          5.66
         20,          1,    4,          2.26,          3.30,       2.06,      20.64,     68.08,          5.81
         20,          1,    5,          2.98,          3.30,       2.21,      22.12,     72.96,          5.86
         20,          1,    6,          3.54,          3.30,       2.34,      23.46,     77.36,          5.90
         20,          1,    7,          3.98,          3.30,       2.47,      24.76,     81.67,          5.88
         20,          2,    1,         -0.14,          3.30,       1.72,      17.23,     56.87,         10.99
         20,          2,    2,          1.64,          3.30,       1.97,      19.64,     64.80,          8.73
         20,          2,    3,          2.88,          3.30,       2.18,      21.76,     71.78,          8.19
         20,          2,    4,          3.76,          3.30,       2.36,      23.61,     77.85,          7.99
         20,          2,    5,          4.42,          3.30,       2.53,      25.33,     83.55,          7.79
         20,          2,    6,          4.94,          3.30,       2.69,      26.87,     88.60,          7.70
         20,          2,    7,          5.36,          3.30,       2.84,      28.37,     93.54,          7.56
         20,          3,    1,          2.21,          3.30,       2.08,      20.77,     68.52,         15.11
         20,          3,    2,          3.79,          3.30,       2.37,      23.64,     77.95,         11.70
         20,          3,    3,          4.84,          3.30,       2.61,      26.11,     86.10,         10.67
         20,          3,    4,          5.57,          3.30,       2.82,      28.22,     93.04,         10.15
         20,          3,    5,          6.10,          3.30,       3.00,      30.06,     99.09,          9.80
         20,          3,    6,          6.53,          3.30,       3.18,      31.74,    104.63,          9.55
         20,          3,    7,          6.85,          3.30,       3.33,      33.30,    109.75,          9.27
         20,          4,    1,          3.92,          3.30,       2.42,      24.23,     79.89,         17.08
         20,          4,    2,          5.31,          3.30,       2.75,      27.45,     90.51,         13.54
         20,          4,    3,          6.20,          3.30,       3.01,      30.11,     99.26,         12.33
         20,          4,    4,          6.83,          3.30,       3.24,      32.38,    106.72,         11.66
         20,          4,    5,          7.28,          3.30,       3.43,      34.28,    112.99,         11.23
         20,          4,    6,          7.64,          3.30,       3.61,      36.21,    119.33,         10.78
         20,          4,    7,          7.93,          3.30,       3.79,      37.86,    124.81,         10.46
         20,          5,    1,          5.66,          3.30,       2.89,      28.92,     95.33,         17.56
         20,          5,    2,          6.89,          3.30,       3.26,      32.62,    107.53,         14.75
         20,          5,    3,          7.67,          3.30,       3.56,      35.64,    117.47,         13.56
         20,          5,    4,          8.17,          3.30,       3.81,      38.10,    125.57,         12.82
         20,          5,    5,          8.55,          3.30,       4.03,      40.23,    132.59,         12.31
         20,          5,    6,          8.83,          3.30,       4.23,      42.27,    139.31,         11.77
         20,          5,    7,          9.06,          3.30,       4.41,      44.07,    145.26,         11.38
         20,          6,    1,          6.92,          3.30,       3.34,      33.34,    109.90,         20.90
         20,          6,    2,          8.02,          3.30,       3.74,      37.39,    123.23,         17.20
         20,          6,    3,          8.67,          3.30,       4.06,      40.59,    133.79,         15.52
         20,          6,    4,          9.11,          3.30,       4.32,      43.25,    142.54,         14.50
         20,          6,    5,          9.42,          3.30,       4.56,      45.54,    150.10,         13.73
         20,          6,    6,          9.66,          3.30,       4.77,      47.67,    157.11,         13.07
         20,          6,    7,          9.86,          3.30,       4.97,      49.70,    163.78,         12.51
         20,          7,    1,          7.87,          3.30,       3.76,      37.62,    124.00,         23.34
         20,          7,    2,          8.93,          3.30,       4.24,      42.39,    139.71,         18.65
         20,          7,    3,          9.53,          3.30,       4.61,      46.04,    151.75,         16.63
         20,          7,    4,          9.92,          3.30,       4.89,      48.89,    161.12,         15.51
         20,          7,    5,         10.21,          3.30,       5.16,      51.60,    170.06,         14.52
         20,          7,    6,         10.42,          3.30,       5.40,      53.98,    177.89,         13.75
         20,          7,    7,         10.60,          3.29,       5.62,      56.21,    185.21,         13.12
         21,          1,    1,         -1.62,          3.30,       1.55,      15.46,     51.03,          6.09
         21,          1,    2,          0.36,          3.30,       1.76,      17.61,     58.12,          5.90
         21,          1,    3,          1.70,          3.30,       1.96,      19.58,     64.59,          5.95
         21,          1,    4,          2.67,          3.30,       2.13,      21.30,     70.28,          6.05
         21,          1,    5,          3.40,          3.30,       2.28,      22.74,     75.00,          6.20
         21,          1,    6,          3.98,          3.30,       2.42,      24.12,     79.53,          6.29
         21,          1,    7,          4.44,          3.30,       2.55,      25.50,     84.10,          6.26
         21,          2,    1,          0.24,          3.30,       1.76,      17.63,     58.17,         11.35
         21,          2,    2,          2.04,          3.30,       2.01,      20.10,     66.31,          9.16
         21,          2,    3,          3.27,          3.30,       2.23,      22.33,     73.64,          8.56
         21,          2,    4,          4.17,          3.30,       2.42,      24.24,     79.93,          8.40
         21,          2,    5,          4.83,          3.30,       2.61,      26.06,     85.92,          8.21
         21,          2,    6,          5.37,          3.30,       2.77,      27.66,     91.20,          8.12
         21,          2,    7,          5.80,          3.30,       2.93,      29.25,     96.43,          7.98
         21,          3,    1,          2.60,          3.30,       2.13,      21.33,     70.37,         16.08
         21,          3,    2,          4.20,          3.30,       2.43,      24.31,     80.18,         12.44
         21,          3,    3,          5.27,          3.30,       2.70,      26.99,     88.97,         11.23
         21,          3,    4,          6.00,          3.30,       2.91,      29.07,     95.86,         10.80
         21,          3,    5,          6.54,          3.30,       3.10,      30.98,    102.15,         10.46
         21,          3,    6,          6.96,          3.30,       3.28,      32.82,    108.19,         10.10
         21,          3,    7,          7.29,          3.30,       3.44,      34.37,    113.31,          9.88
         21,          4,    1,          4.33,          3.30,       2.50,      25.00,     82.45,         17.66
         21,          4,    2,          5.72,          3.30,       2.84,      28.37,     93.54,         14.12
         21,          4,    3,          6.63,          3.30,       3.11,      31.10,    102.53,         12.98
         21,          4,    4,          7.26,          3.30,       3.34,      33.42,    110.15,         12.35
         21,          4,    5,          7.71,          3.30,       3.55,      35.54,    117.15,         11.80
         21,          4,    6,          8.08,          3.30,       3.74,      37.44,    123.41,         11.41
         21,          4,    7,          8.37,          3.30,       3.93,      39.23,    129.32,         11.05
         21,          5,    1,          6.08,          3.30,       3.00,      29.95,     98.75,         18.33
         21,          5,    2,          7.33,          3.30,       3.38,      33.80,    111.42,         15.54
         21,          5,    3,          8.11,          3.30,       3.70,      36.99,    121.92,         14.27
         21,          5,    4,          8.62,          3.30,       3.95,      39.48,    130.12,         13.61
         21,          5,    5,          9.00,          3.30,       4.19,      41.86,    137.97,         12.94
         21,          5,    6,          9.28,          3.30,       4.39,      43.86,    144.57,         12.47
         21,          5,    7,          9.52,          3.30,       4.58,      45.80,    150.95,         12.04
         21,          6,    1,          7.36,          3.30,       3.46,      34.61,    114.06,         22.14
         21,          6,    2,          8.48,          3.30,       3.89,      38.92,    128.30,         18.13
         21,          6,    3,          9.13,          3.30,       4.23,      42.24,    139.22,         16.45
         21,          6,    4,          9.57,          3.30,       4.50,      44.96,    148.19,         15.41
         21,          6,    5,          9.88,          3.30,       4.73,      47.35,    156.06,         14.61
         21,          6,    6,         10.13,          3.30,       4.95,      49.54,    163.26,         13.96
         21,          6,    7,         10.32,          3.30,       5.17,      51.70,    170.36,         13.31
         21,          7,    1,          8.33,          3.30,       3.92,      39.26,    129.39,         24.28
         21,          7,    2,          9.39,          3.30,       4.41,      44.18,    145.59,         19.63
         21,          7,    3,         10.00,          3.30,       4.80,      47.95,    158.05,         17.62
         21,          7,    4,         10.40,          3.30,       5.10,      50.96,    167.97,         16.44
         21,          7,    5,         10.69,          3.30,       5.37,      53.73,    177.04,         15.47
         21,          7,    6,         10.90,          3.29,       5.61,      56.11,    184.88,         14.72
         21,          7,    7,         11.08,          3.29,       5.85,      58.52,    192.80,         14.01
         22,          1,    1,         -1.26,          3.30,       1.58,      15.82,     52.19,          6.35
         22,          1,    2,          0.69,          3.30,       1.81,      18.09,     59.70,          6.09
         22,          1,    3,          2.10,          3.30,       2.01,      20.12,     66.38,          6.24
         22,          1,    4,          3.08,          3.30,       2.18,      21.81,     71.93,          6.45
         22,          1,    5,          3.80,          3.30,       2.34,      23.42,     77.24,          6.52
         22,          1,    6,          4.39,          3.30,       2.49,      24.94,     82.27,          6.56
         22,          1,    7,          4.86,          3.30,       2.64,      26.36,     86.92,          6.59
         22,          2,    1,          0.58,          3.30,       1.81,      18.12,     59.77,         11.62
         22,          2,    2,          2.41,          3.30,       2.06,      20.64,     68.08,          9.61
         22,          2,    3,          3.65,          3.30,       2.29,      22.94,     75.66,          9.01
         22,          2,    4,          4.55,          3.30,       2.50,      25.01,     82.49,          8.75
         22,          2,    5,          5.23,          3.30,       2.68,      26.83,     88.46,          8.65
         22,          2,    6,          5.77,          3.30,       2.85,      28.53,     94.04,          8.56
         22,          2,    7,          6.21,          3.30,       3.01,      30.13,     99.33,          8.46
         22,          3,    1,          2.97,          3.30,       2.20,      21.92,     72.31,         16.81
         22,          3,    2,          4.57,          3.30,       2.51,      25.05,     82.59,         12.98
         22,          3,    3,          5.66,          3.30,       2.78,      27.82,     91.73,         11.80
         22,          3,    4,          6.40,          3.30,       3.01,      30.06,     99.12,         11.31
         22,          3,    5,          6.94,          3.30,       3.21,      32.06,    105.67,         10.95
         22,          3,    6,          7.38,          3.30,       3.38,      33.85,    111.57,         10.72
         22,          3,    7,          7.71,          3.30,       3.56,      35.58,    117.29,         10.39
         22,          4,    1,          4.72,          3.30,       2.58,      25.79,     85.06,         18.56
         22,          4,    2,          6.13,          3.30,       2.93,      29.30,     96.60,         14.90
         22,          4,    3,          7.03,          3.30,       3.22,      32.22,    106.20,         13.60
         22,          4,    4,          7.66,          3.30,       3.46,      34.56,    113.93,         13.03
         22,          4,    5,          8.13,          3.30,       3.68,      36.79,    121.25,         12.48
         22,          4,    6,          8.51,          3.30,       3.87,      38.77,    127.79,         12.08
         22,          4,    7,          8.80,          3.30,       4.07,      40.68,    134.07,         11.66
         22,          5,    1,          6.51,          3.30,       3.10,      30.99,    102.17,         19.39
         22,          5,    2,          7.75,          3.30,       3.51,      35.09,    115.67,         16.29
         22,          5,    3,          8.53,          3.30,       3.84,      38.40,    126.58,         15.03
         22,          5,    4,          9.06,          3.30,       4.10,      41.02,    135.20,         14.36
         22,          5,    5,          9.44,          3.30,       4.34,      43.40,    143.04,         13.74
         22,          5,    6,          9.72,          3.30,       4.55,      45.56,    150.17,         13.20
         22,          5,    7,          9.96,          3.30,       4.75,      47.50,    156.56,         12.80
         22,          6,    1,          7.80,          3.30,       3.60,      35.95,    118.50,         23.28
         22,          6,    2,          8.91,          3.30,       4.05,      40.48,    133.43,         19.07
         22,          6,    3,          9.57,          3.30,       4.40,      43.96,    144.88,         17.34
         22,          6,    4,         10.01,          3.30,       4.68,      46.75,    154.08,         16.32
         22,          6,    5,         10.33,          3.30,       4.93,      49.24,    162.28,         15.50
         22,          6,    6,         10.57,          3.30,       5.15,      51.51,    169.76,         14.78
         22,          6,    7,         10.78,          3.29,       5.37,      53.68,    176.86,         14.20
         22,          7,    1,          8.77,          3.30,       4.08,      40.84,    134.61,         25.85
         22,          7,    2,          9.85,          3.30,       4.61,      46.09,    151.93,         20.78
         22,          7,    3,         10.46,          3.30,       5.00,      50.01,    164.81,         18.73
         22,          7,    4,         10.86,          3.30,       5.32,      53.19,    175.31,         17.45
         22,          7,    5,         11.15,          3.30,       5.60,      55.98,    184.44,         16.50
         22,          7,    6,         11.37,          3.29,       5.85,      58.50,    192.72,         15.72
         22,          7,    7,         11.55,          3.29,       6.09,      60.90,    200.59,         15.03
         23,          1,    1,         -0.96,          3.30,       1.61,      16.11,     53.17,          6.54
         23,          1,    2,          1.04,          3.30,       1.84,      18.40,     60.73,          6.41
         23,          1,    3,          2.44,          3.30,       2.05,      20.49,     67.58,          6.58
         23,          1,    4,          3.42,          3.30,       2.23,      22.28,     73.50,          6.74
         23,          1,    5,          4.16,          3.30,       2.40,      23.99,     79.14,          6.82
         23,          1,    6,          4.77,          3.30,       2.55,      25.54,     84.24,          6.92
         23,          1,    7,          5.24,          3.30,       2.70,      27.04,     89.13,          6.93
         23,          2,    1,          0.88,          3.30,       1.84,      18.44,     60.85,         12.18
         23,          2,    2,          2.72,          3.30,       2.11,      21.06,     69.47,         10.03
         23,          2,    3,          3.98,          3.30,       2.35,      23.47,     77.40,          9.41
         23,          2,    4,          4.91,          3.30,       2.56,      25.59,     84.38,          9.22
         23,          2,    5,          5.58,          3.30,       2.75,      27.47,     90.55,          9.09
         23,          2,    6,          6.14,          3.30,       2.93,      29.27,     96.48,          9.00
         23,          2,    7,          6.57,          3.30,       3.10,      30.97,    102.09,          8.85
         23,          3,    1,          3.29,          3.30,       2.24,      22.42,     73.97,         17.69
         23,          3,    2,          4.91,          3.30,       2.57,      25.71,     84.77,         13.56
         23,          3,    3,          6.01,          3.30,       2.86,      28.59,     94.29,         12.33
         23,          3,    4,          6.76,          3.30,       3.09,      30.88,    101.82,         11.89
         23,          3,    5,          7.33,          3.30,       3.30,      32.99,    108.74,         11.56
         23,          3,    6,          7.75,          3.30,       3.48,      34.83,    114.82,         11.26
         23,          3,    7,          8.09,          3.30,       3.67,      36.67,    120.86,         10.93
         23,          4,    1,          5.07,          3.30,       2.65,      26.51,     87.43,         19.42
         23,          4,    2,          6.48,          3.30,       3.01,      30.11,     99.26,         15.66
         23,          4,    3,          7.40,          3.30,       3.32,      33.12,    109.16,         14.34
         23,          4,    4,          8.05,          3.30,       3.56,      35.62,    117.40,         13.71
         23,          4,    5,          8.52,          3.30,       3.79,      37.87,    124.81,         13.20
         23,          4,    6,          8.89,          3.30,       4.00,      39.96,    131.73,         12.73
         23,          4,    7,          9.19,          3.30,       4.19,      41.92,    138.18,         12.34
         23,          5,    1,          6.87,          3.30,       3.20,      32.00,    105.48,         20.27
         23,          5,    2,          8.13,          3.30,       3.62,      36.23,    119.43,         17.13
         23,          5,    3,          8.93,          3.30,       3.97,      39.71,    130.88,         15.82
         23,          5,    4,          9.45,          3.30,       4.25,      42.49,    140.04,         15.05
         23,          5,    5,          9.85,          3.30,       4.49,      44.91,    148.02,         14.50
         23,          5,    6,         10.14,          3.30,       4.71,      47.08,    155.16,         14.01
         23,          5,    7,         10.38,          3.30,       4.91,      49.13,    161.94,         13.56
         23,          6,    1,          8.19,          3.30,       3.73,      37.25,    122.78,         24.25
         23,          6,    2,          9.32,          3.30,       4.20,      41.98,    138.36,         19.97
         23,          6,    3,          9.98,          3.30,       4.56,      45.61,    150.33,         18.19
         23,          6,    4,         10.44,          3.30,       4.85,      48.46,    159.71,         17.24
         23,          6,    5,         10.76,          3.30,       5.11,      51.07,    168.29,         16.38
         23,          6,    6,         11.01,          3.29,       5.34,      53.38,    175.90,         15.69
         23,          6,    7,         11.21,          3.30,       5.56,      55.63,    183.31,         15.07
         23,          7,    1,          9.20,          3.30,       4.25,      42.45,    139.91,         26.97
         23,          7,    2,         10.27,          3.30,       4.78,      47.82,    157.61,         21.96
         23,          7,    3,         10.89,          3.30,       5.21,      52.06,    171.55,         19.65
         23,          7,    4,         11.30,          3.29,       5.53,      55.32,    182.26,         18.43
         23,          7,    5,         11.60,          3.29,       5.82,      58.15,    191.58,         17.52
         23,          7,    6,         11.83,          3.29,       6.07,      60.71,    199.97,         16.77
         23,          7,    7,         12.01,          3.29,       6.32,      63.21,    208.16,         16.03
         24,          1,    1,         -0.70,          3.30,       1.64,      16.37,     54.02,          6.69
         24,          1,    2,          1.32,          3.30,       1.88,      18.76,     61.88,          6.59
         24,          1,    3,          2.75,          3.30,       2.09,      20.88,     68.89,          6.83
         24,          1,    4,          3.77,          3.30,       2.28,      22.83,     75.29,          7.01
         24,          1,    5,          4.53,          3.30,       2.46,      24.53,     80.91,          7.17
         24,          1,    6,          5.13,          3.30,       2.62,      26.19,     86.34,          7.23
         24,          1,    7,          5.61,          3.30,       2.77,      27.69,     91.29,          7.28
         24,          2,    1,          1.15,          3.30,       1.88,      18.76,     61.88,         12.48
         24,          2,    2,          3.02,          3.30,       2.15,      21.49,     70.91,         10.30
         24,          2,    3,          4.30,          3.30,       2.40,      23.93,     78.92,          9.80
         24,          2,    4,          5.23,          3.30,       2.62,      26.16,     86.28,          9.57
         24,          2,    5,          5.93,          3.30,       2.82,      28.17,     92.90,          9.45
         24,          2,    6,          6.49,          3.30,       3.00,      29.99,     98.88,          9.40
         24,          2,    7,          6.94,          3.30,       3.18,      31.76,    104.70,          9.28
         24,          3,    1,          3.59,          3.30,       2.30,      22.94,     75.66,         18.30
         24,          3,    2,          5.23,          3.30,       2.64,      26.37,     86.96,         14.01
         24,          3,    3,          6.36,          3.30,       2.93,      29.32,     96.65,         12.91
         24,          3,    4,          7.12,          3.30,       3.18,      31.74,    104.63,         12.41
         24,          3,    5,          7.70,          3.30,       3.39,      33.93,    111.83,         12.10
         24,          3,    6,          8.14,          3.30,       3.59,      35.87,    118.24,         11.83
         24,          3,    7,          8.50,          3.30,       3.77,      37.72,    124.34,         11.56
         24,          4,    1,          5.41,          3.30,       2.72,      27.20,     89.70,         20.52
         24,          4,    2,          6.82,          3.30,       3.10,      31.00,    102.19,         16.35
         24,          4,    3,          7.75,          3.30,       3.41,      34.09,    112.38,         15.03
         24,          4,    4,          8.42,          3.30,       3.67,      36.71,    120.98,         14.40
         24,          4,    5,          8.90,          3.30,       3.91,      39.07,    128.79,         13.86
         24,          4,    6,          9.29,          3.30,       4.12,      41.22,    135.85,         13.44
         24,          4,    7,          9.59,          3.30,       4.32,      43.28,    142.66,         13.02
         24,          5,    1,          7.24,          3.30,       3.31,      33.05,    108.94,         21.15
         24,          5,    2,          8.51,          3.30,       3.74,      37.43,    123.38,         17.97
         24,          5,    3,          9.32,          3.30,       4.11,      41.07,    135.37,         16.63
         24,          5,    4,          9.86,          3.30,       4.39,      43.92,    144.75,         15.91
         24,          5,    5,         10.26,          3.30,       4.65,      46.49,    153.23,         15.32
         24,          5,    6,         10.56,          3.30,       4.87,      48.72,    160.56,         14.84
         24,          5,    7,         10.81,          3.30,       5.09,      50.86,    167.62,         14.39
         24,          6,    1,          8.60,          3.30,       3.86,      38.60,    127.25,         25.47
         24,          6,    2,          9.74,          3.30,       4.36,      43.57,    143.61,         21.01
         24,          6,    3,         10.40,          3.30,       4.73,      47.29,    155.88,         19.24
         24,          6,    4,         10.86,          3.30,       5.03,      50.29,    165.74,         18.24
         24,          6,    5,         11.19,          3.30,       5.30,      53.03,    174.75,         17.34
         24,          6,    6,         11.45,          3.30,       5.55,      55.44,    182.66,         16.64
         24,          6,    7,         11.66,          3.29,       5.77,      57.64,    189.88,         16.09
         24,          7,    1,          9.63,          3.30,       4.41,      44.12,    145.43,         28.30
         24,          7,    2,         10.71,          3.30,       4.98,      49.82,    164.21,         22.99
         24,          7,    3,         11.34,          3.30,       5.42,      54.19,    178.56,         20.77
         24,          7,    4,         11.76,          3.29,       5.76,      57.60,    189.76,         19.54
         24,          7,    5,         12.06,          3.29,       6.06,      60.59,    199.57,         18.58
         24,          7,    6,         12.31,          3.29,       6.33,      63.26,    208.33,         17.83
         24,          7,    7,         12.50,          3.29,       6.59,      65.87,    216.91,         17.13
         25,          1,    1,         -0.46,          3.30,       1.66,      16.60,     54.77,          6.84
         25,          1,    2,          1.58,          3.30,       1.91,      19.05,     62.83,          6.78
         25,          1,    3,          3.04,          3.30,       2.14,      21.34,     70.40,          7.00
         25,          1,    4,          4.08,          3.30,       2.33,      23.28,     76.78,          7.28
         25,          1,    5,          4.85,          3.30,       2.52,      25.12,     82.84,          7.41
         25,          1,    6,          5.46,          3.30,       2.68,      26.82,     88.45,          7.52
         25,          1,    7,          5.96,          3.30,       2.84,      28.36,     93.49,          7.61
         25,          2,    1,          1.39,          3.30,       1.91,      19.07,     62.93,         13.04
         25,          2,    2,          3.28,          3.30,       2.19,      21.88,     72.19,         10.74
         25,          2,    3,          4.58,          3.30,       2.45,      24.44,     80.62,         10.17
         25,          2,    4,          5.53,          3.30,       2.67,      26.72,     88.13,          9.99
         25,          2,    5,          6.25,          3.30,       2.88,      28.86,     95.13,          9.85
         25,          2,    6,          6.82,          3.30,       3.07,      30.68,    101.15,          9.86
         25,          2,    7,          7.29,          3.30,       3.26,      32.55,    107.31,          9.75
         25,          3,    1,          3.89,          3.30,       2.34,      23.44,     77.30,         19.04
         25,          3,    2,          5.53,          3.30,       2.70,      26.96,     88.89,         14.61
         25,          3,    3,          6.67,          3.30,       3.00,      30.03,     98.99,         13.44
         25,          3,    4,          7.45,          3.30,       3.26,      32.61,    107.50,         12.92
         25,          3,    5,          8.03,          3.30,       3.49,      34.84,    114.85,         12.60
         25,          3,    6,          8.50,          3.30,       3.69,      36.88,    121.55,         12.38
         25,          3,    7,          8.86,          3.30,       3.88,      38.84,    128.00,         12.10
         25,          4,    1,          5.75,          3.30,       2.80,      28.03,     92.43,         20.92
         25,          4,    2,          7.17,          3.30,       3.19,      31.89,    105.13,         17.00
         25,          4,    3,          8.09,          3.30,       3.51,      35.07,    115.60,         15.66
         25,          4,    4,          8.77,          3.30,       3.78,      37.81,    124.63,         15.02
         25,          4,    5,          9.26,          3.30,       4.03,      40.27,    132.73,         14.48
         25,          4,    6,          9.66,          3.30,       4.25,      42.49,    140.05,         14.10
         25,          4,    7,          9.98,          3.30,       4.46,      44.58,    146.94,         13.73
         25,          5,    1,          7.61,          3.30,       3.40,      34.04,    112.19,         22.43
         25,          5,    2,          8.90,          3.30,       3.88,      38.75,    127.71,         18.83
         25,          5,    3,          9.72,          3.30,       4.25,      42.56,    140.26,         17.43
         25,          5,    4,         10.26,          3.30,       4.55,      45.53,    150.06,         16.70
         25,          5,    5,         10.68,          3.30,       4.82,      48.16,    158.72,         16.17
         25,          5,    6,         10.98,          3.30,       5.05,      50.44,    166.24,         15.70
         25,          5,    7,         11.23,          3.30,       5.27,      52.73,    173.78,         15.21
         25,          6,    1,          9.01,          3.30,       4.01,      40.11,    132.20,         26.53
         25,          6,    2,         10.16,          3.30,       4.53,      45.26,    149.16,         22.08
         25,          6,    3,         10.83,          3.30,       4.92,      49.19,    162.12,         20.21
         25,          6,    4,         11.30,          3.30,       5.24,      52.36,    172.56,         19.16
         25,          6,    5,         11.64,          3.29,       5.51,      55.11,    181.57,         18.35
         25,          6,    6,         11.90,          3.29,       5.76,      57.57,    189.66,         17.72
         25,          6,    7,         12.12,          3.29,       5.99,      59.93,    197.40,         17.10
         25,          7,    1,         10.06,          3.30,       4.60,      45.98,    151.55,         29.50
         25,          7,    2,         11.16,          3.30,       5.20,      51.97,    171.28,         24.16
         25,          7,    3,         11.80,          3.29,       5.65,      56.50,    186.16,         21.95
         25,          7,    4,         12.23,          3.29,       6.01,      60.07,    197.88,         20.71
         25,          7,    5,         12.56,          3.29,       6.32,      63.22,    208.20,         19.79
         25,          7,    6,         12.80,          3.29,       6.61,      66.06,    217.51,         18.99
         25,          7,    7,         13.01,          3.29,       6.88,      68.75,    226.36,         18.34
         26,          1,    1,         -0.25,          3.30,       1.68,      16.78,     55.38,          7.14
         26,          1,    2,          1.81,          3.30,       1.93,      19.30,     63.69,          7.04
         26,          1,    3,          3.25,          3.30,       2.17,      21.66,     71.46,          7.21
         26,          1,    4,          4.31,          3.30,       2.37,      23.67,     78.07,          7.51
         26,          1,    5,          5.12,          3.30,       2.56,      25.57,     84.32,          7.71
         26,          1,    6,          5.76,          3.30,       2.73,      27.31,     90.03,          7.87
         26,          1,    7,          6.27,          3.30,       2.90,      28.97,     95.49,          7.95
         26,          2,    1,          1.65,          3.30,       1.94,      19.38,     63.95,         13.42
         26,          2,    2,          3.52,          3.30,       2.22,      22.24,     73.35,         11.08
         26,          2,    3,          4.83,          3.30,       2.49,      24.94,     82.24,         10.41
         26,          2,    4,          5.78,          3.30,       2.73,      27.27,     89.92,         10.28
         26,          2,    5,          6.54,          3.30,       2.94,      29.39,     96.90,         10.27
         26,          2,    6,          7.11,          3.30,       3.14,      31.37,    103.40,         10.21
         26,          2,    7,          7.59,          3.30,       3.32,      33.25,    109.62,         10.16
         26,          3,    1,          4.17,          3.30,       2.39,      23.94,     78.94,         20.00
         26,          3,    2,          5.82,          3.30,       2.76,      27.58,     90.92,         15.25
         26,          3,    3,          6.97,          3.30,       3.08,      30.79,    101.48,         13.99
         26,          3,    4,          7.76,          3.30,       3.34,      33.41,    110.12,         13.51
         26,          3,    5,          8.36,          3.30,       3.58,      35.73,    117.78,         13.20
         26,          3,    6,          8.83,          3.30,       3.79,      37.91,    124.97,         12.93
         26,          3,    7,          9.21,          3.30,       3.99,      39.92,    131.58,         12.70
         26,          4,    1,          6.07,          3.30,       2.87,      28.72,     94.68,         22.18
         26,          4,    2,          7.50,          3.30,       3.28,      32.79,    108.09,         17.77
         26,          4,    3,          8.42,          3.30,       3.61,      36.08,    118.93,         16.37
         26,          4,    4,          9.11,          3.30,       3.90,      38.92,    128.29,         15.71
         26,          4,    5,          9.62,          3.30,       4.15,      41.55,    136.95,         15.15
         26,          4,    6,         10.03,          3.30,       4.38,      43.77,    144.24,         14.84
         26,          4,    7,         10.36,          3.30,       4.60,      45.98,    151.54,         14.47
         26,          5,    1,          7.98,          3.30,       3.52,      35.19,    116.01,         23.20
         26,          5,    2,          9.28,          3.30,       4.01,      40.06,    132.04,         19.65
         26,          5,    3,         10.10,          3.30,       4.40,      44.03,    145.12,         18.23
         26,          5,    4,         10.67,          3.30,       4.71,      47.11,    155.26,         17.58
         26,          5,    5,         11.08,          3.30,       4.99,      49.91,    164.48,         16.98
         26,          5,    6,         11.40,          3.30,       5.23,      52.34,    172.48,         16.52
         26,          5,    7,         11.67,          3.30,       5.46,      54.60,    179.93,         16.13
         26,          6,    1,          9.42,          3.30,       4.16,      41.64,    137.24,         27.97
         26,          6,    2,         10.58,          3.30,       4.70,      47.02,    154.99,         23.31
         26,          6,    3,         11.26,          3.30,       5.11,      51.09,    168.38,         21.39
         26,          6,    4,         11.73,          3.30,       5.44,      54.40,    179.27,         20.32
         26,          6,    5,         12.08,          3.29,       5.73,      57.28,    188.71,         19.49
         26,          6,    6,         12.36,          3.29,       5.99,      59.91,    197.31,         18.83
         26,          6,    7,         12.59,          3.29,       6.24,      62.35,    205.32,         18.25
         26,          7,    1,         10.51,          3.30,       4.78,      47.82,    157.60,         31.22
         26,          7,    2,         11.62,          3.30,       5.42,      54.21,    178.62,         25.48
         26,          7,    3,         12.27,          3.29,       5.90,      59.00,    194.35,         23.21
         26,          7,    4,         12.71,          3.29,       6.28,      62.76,    206.69,         21.95
         26,          7,    5,         13.05,          3.29,       6.61,      66.11,    217.68,         21.00
         26,          7,    6,         13.31,          3.29,       6.91,      69.07,    227.41,         20.27
         26,          7,    7,         13.54,          3.29,       7.18,      71.77,    236.28,         19.69
         27,          1,    1,         -0.09,          3.30,       1.69,      16.91,     55.78,          7.41
         27,          1,    2,          1.97,          3.30,       1.96,      19.53,     64.42,          7.20
         27,          1,    3,          3.43,          3.30,       2.19,      21.87,     72.14,          7.45
         27,          1,    4,          4.50,          3.30,       2.40,      24.00,     79.16,          7.70
         27,          1,    5,          5.29,          3.30,       2.59,      25.94,     85.56,          7.87
         27,          1,    6,          5.95,          3.30,       2.77,      27.73,     91.41,          8.07
         27,          1,    7,          6.48,          3.30,       2.94,      29.39,     96.90,          8.18
         27,          2,    1,          1.81,          3.30,       1.96,      19.63,     64.76,         13.76
         27,          2,    2,          3.68,          3.30,       2.25,      22.48,     74.16,         11.43
         27,          2,    3,          5.00,          3.30,       2.52,      25.27,     83.32,         10.69
         27,          2,    4,          5.98,          3.30,       2.76,      27.63,     91.08,         10.60
         27,          2,    5,          6.73,          3.30,       2.99,      29.89,     98.55,         10.52
         27,          2,    6,          7.33,          3.30,       3.19,      31.90,    105.16,         10.51
         27,          2,    7,          7.83,          3.30,       3.38,      33.77,    111.34,         10.52
         27,          3,    1,          4.39,          3.30,       2.43,      24.34,     80.27,         20.26
         27,          3,    2,          6.04,          3.30,       2.81,      28.11,     92.68,         15.49
         27,          3,    3,          7.20,          3.30,       3.14,      31.40,    103.50,         14.28
         27,          3,    4,          8.00,          3.30,       3.41,      34.10,    112.39,         13.81
         27,          3,    5,          8.60,          3.30,       3.65,      36.49,    120.28,         13.54
         27,          3,    6,          9.09,          3.30,       3.87,      38.75,    127.71,         13.31
         27,          3,    7,          9.48,          3.30,       4.08,      40.74,    134.29,         13.12
         27,          4,    1,          6.33,          3.30,       2.94,      29.39,     96.88,         22.58
         27,          4,    2,          7.75,          3.30,       3.35,      33.51,    110.45,         18.29
         27,          4,    3,          8.68,          3.30,       3.69,      36.90,    121.63,         16.87
         27,          4,    4,          9.37,          3.30,       3.98,      39.83,    131.28,         16.20
         27,          4,    5,          9.89,          3.30,       4.24,      42.45,    139.89,         15.72
         27,          4,    6,         10.31,          3.30,       4.49,      44.86,    147.86,         15.34
         27,          4,    7,         10.65,          3.30,       4.70,      47.02,    154.96,         15.06
         27,          5,    1,          8.27,          3.30,       3.61,      36.05,    118.82,         24.16
         27,          5,    2,          9.57,          3.30,       4.11,      41.10,    135.48,         20.36
         27,          5,    3,         10.40,          3.30,       4.53,      45.25,    149.12,         18.89
         27,          5,    4,         10.97,          3.30,       4.85,      48.47,    159.73,         18.20
         27,          5,    5,         11.41,          3.30,       5.13,      51.31,    169.12,         17.70
         27,          5,    6,         11.74,          3.30,       5.39,      53.87,    177.49,         17.25
         27,          5,    7,         12.01,          3.30,       5.63,      56.26,    185.37,         16.83
         27,          6,    1,          9.75,          3.30,       4.28,      42.84,    141.20,         29.29
         27,          6,    2,         10.92,          3.30,       4.85,      48.51,    159.88,         24.26
         27,          6,    3,         11.60,          3.30,       5.28,      52.80,    174.00,         22.22
         27,          6,    4,         12.08,          3.29,       5.62,      56.16,    185.04,         21.22
         27,          6,    5,         12.44,          3.29,       5.92,      59.17,    194.92,         20.40
         27,          6,    6,         12.72,          3.29,       6.18,      61.85,    203.70,         19.75
         27,          6,    7,         12.96,          3.29,       6.44,      64.40,    212.06,         19.18
         27,          7,    1,         10.85,          3.30,       4.94,      49.43,    162.91,         32.19
         27,          7,    2,         11.98,          3.29,       5.61,      56.08,    184.78,         26.43
         27,          7,    3,         12.64,          3.29,       6.11,      61.06,    201.12,         24.18
         27,          7,    4,         13.10,          3.29,       6.50,      64.98,    213.98,         22.95
         27,          7,    5,         13.44,          3.29,       6.85,      68.52,    225.62,         21.98
         27,          7,    6,         13.72,          3.29,       7.14,      71.43,    235.14,         21.41
         27,          7,    7,         13.95,          3.29,       7.42,      74.20,    244.27,         20.83
         28,          1,    1,          0.08,          3.30,       1.71,      17.16,     56.61,          7.45
         28,          1,    2,          2.16,          3.30,       1.98,      19.80,     65.31,          7.35
         28,          1,    3,          3.62,          3.30,       2.22,      22.21,     73.27,          7.59
         28,          1,    4,          4.68,          3.30,       2.43,      24.32,     80.20,          7.89
         28,          1,    5,          5.50,          3.30,       2.64,      26.40,     87.07,          8.04
         28,          1,    6,          6.18,          3.30,       2.82,      28.25,     93.13,          8.28
         28,          1,    7,          6.73,          3.30,       3.00,      29.98,     98.83,          8.44
         28,          2,    1,          2.04,          3.30,       2.00,      19.94,     65.78,         14.26
         28,          2,    2,          3.89,          3.30,       2.29,      22.91,     75.58,         11.65
         28,          2,    3,          5.21,          3.30,       2.57,      25.66,     84.61,         11.03
         28,          2,    4,          6.21,          3.30,       2.81,      28.13,     92.75,         10.94
         28,          2,    5,          6.97,          3.30,       3.04,      30.40,    100.22,         10.90
         28,          2,    6,          7.59,          3.30,       3.25,      32.52,    107.20,         10.91
         28,          2,    7,          8.10,          3.30,       3.45,      34.45,    113.54,         10.95
         28,          3,    1,          4.66,          3.30,       2.50,      24.93,     82.20,         20.67
         28,          3,    2,          6.33,          3.30,       2.88,      28.78,     94.90,         16.02
         28,          3,    3,          7.50,          3.30,       3.22,      32.19,    106.10,         14.78
         28,          3,    4,          8.31,          3.30,       3.50,      34.97,    115.26,         14.37
         28,          3,    5,          8.94,          3.30,       3.75,      37.48,    123.54,         14.12
         28,          3,    6,          9.43,          3.30,       3.98,      39.78,    131.12,         13.92
         28,          3,    7,          9.83,          3.30,       4.20,      41.99,    138.38,         13.68
         28,          4,    1,          6.68,          3.30,       3.02,      30.21,     99.58,         23.77
         28,          4,    2,          8.10,          3.30,       3.45,      34.49,    113.69,         19.16
         28,          4,    3,          9.03,          3.30,       3.81,      38.06,    125.46,         17.60
         28,          4,    4,          9.73,          3.30,       4.10,      41.08,    135.41,         16.95
         28,          4,    5,         10.26,          3.30,       4.38,      43.78,    144.29,         16.50
         28,          4,    6,         10.68,          3.30,       4.63,      46.28,    152.55,         16.12
         28,          4,    7,         11.03,          3.30,       4.86,      48.59,    160.13,         15.84
         28,          5,    1,          8.66,          3.30,       3.73,      37.30,    122.95,         25.47
         28,          5,    2,          9.97,          3.30,       4.27,      42.65,    140.57,         21.40
         28,          5,    3,         10.81,          3.30,       4.69,      46.94,    154.70,         19.89
         28,          5,    4,         11.40,          3.30,       5.03,      50.34,    165.90,         19.23
         28,          5,    5,         11.84,          3.30,       5.34,      53.38,    175.91,         18.68
         28,          5,    6,         12.18,          3.30,       5.60,      56.01,    184.58,         18.28
         28,          5,    7,         12.47,          3.29,       5.86,      58.59,    193.01,         17.87
         28,          6,    1,         10.19,          3.30,       4.46,      44.63,    147.11,         30.32
         28,          6,    2,         11.37,          3.30,       5.06,      50.61,    166.80,         25.31
         28,          6,    3,         12.07,          3.30,       5.51,      55.08,    181.50,         23.39
         28,          6,    4,         12.55,          3.29,       5.87,      58.72,    193.43,         22.29
         28,          6,    5,         12.92,          3.29,       6.18,      61.77,    203.45,         21.60
         28,          6,    6,         13.22,          3.29,       6.46,      64.55,    212.58,         21.00
         28,          6,    7,         13.47,          3.29,       6.74,      67.36,    221.80,         20.37
         28,          7,    1,         11.33,          3.30,       5.17,      51.73,    170.46,         33.67
         28,          7,    2,         12.47,          3.29,       5.88,      58.82,    193.79,         27.77
         28,          7,    3,         13.15,          3.29,       6.40,      64.01,    210.78,         25.62
         28,          7,    4,         13.61,          3.29,       6.82,      68.18,    224.47,         24.36
         28,          7,    5,         13.98,          3.29,       7.19,      71.84,    236.51,         23.49
         28,          7,    6,         14.26,          3.29,       7.49,      74.90,    246.58,         22.92
         28,          7,    7,         14.50,          3.29,       7.79,      77.89,    256.40,         22.33
         29,          1,    1,          0.22,          3.30,       1.73,      17.31,     57.12,          7.62
         29,          1,    2,          2.31,          3.30,       2.00,      19.98,     65.93,          7.54
         29,          1,    3,          3.77,          3.30,       2.25,      22.46,     74.07,          7.75
         29,          1,    4,          4.85,          3.30,       2.47,      24.71,     81.49,          8.00
         29,          1,    5,          5.67,          3.30,       2.67,      26.70,     88.04,          8.26
         29,          1,    6,          6.37,          3.30,       2.86,      28.57,     94.22,          8.51
         29,          1,    7,          6.91,          3.30,       3.04,      30.35,    100.08,          8.66
         29,          2,    1,          2.22,          3.30,       2.02,      20.18,     66.57,         14.61
         29,          2,    2,          4.06,          3.30,       2.32,      23.21,     76.54,         11.91
         29,          2,    3,          5.38,          3.30,       2.60,      26.00,     85.74,         11.28
         29,          2,    4,          6.37,          3.30,       2.85,      28.52,     94.03,         11.16
         29,          2,    5,          7.15,          3.30,       3.08,      30.81,    101.58,         11.17
         29,          2,    6,          7.79,          3.30,       3.30,      33.00,    108.79,         11.19
         29,          2,    7,          8.31,          3.30,       3.50,      35.02,    115.45,         11.24
         29,          3,    1,          4.90,          3.30,       2.54,      25.38,     83.68,         21.46
         29,          3,    2,          6.56,          3.30,       2.93,      29.32,     96.67,         16.54
         29,          3,    3,          7.73,          3.30,       3.29,      32.86,    108.32,         15.18
         29,          3,    4,          8.57,          3.30,       3.57,      35.71,    117.71,         14.84
         29,          3,    5,          9.20,          3.30,       3.83,      38.34,    126.36,         14.57
         29,          3,    6,          9.70,          3.30,       4.07,      40.69,    134.10,         14.41
         29,          3,    7,         10.11,          3.30,       4.29,      42.90,    141.39,         14.23
         29,          4,    1,          6.94,          3.30,       3.09,      30.92,    101.95,         24.69
         29,          4,    2,          8.38,          3.30,       3.54,      35.39,    116.65,         19.84
         29,          4,    3,          9.32,          3.30,       3.90,      39.00,    128.54,         18.34
         29,          4,    4,         10.02,          3.30,       4.21,      42.13,    138.87,         17.63
         29,          4,    5,         10.55,          3.30,       4.49,      44.91,    148.04,         17.17
         29,          4,    6,         10.98,          3.30,       4.75,      47.44,    156.35,         16.84
         29,          4,    7,         11.35,          3.30,       4.99,      49.85,    164.30,         16.57
         29,          5,    1,          8.97,          3.30,       3.84,      38.48,    126.83,         26.02
         29,          5,    2,         10.30,          3.30,       4.39,      43.93,    144.81,         22.17
         29,          5,    3,         11.15,          3.30,       4.84,      48.42,    159.58,         20.65
         29,          5,    4,         11.74,          3.30,       5.19,      51.94,    171.18,         19.99
         29,          5,    5,         12.19,          3.30,       5.51,      55.13,    181.64,         19.46
         29,          5,    6,         12.54,          3.29,       5.79,      57.86,    190.60,         19.09
         29,          5,    7,         12.85,          3.29,       6.05,      60.46,    199.16,         18.78
         29,          6,    1,         10.54,          3.30,       4.61,      46.13,    152.04,         31.49
         29,          6,    2,         11.74,          3.30,       5.24,      52.44,    172.82,         26.28
         29,          6,    3,         12.44,          3.29,       5.71,      57.06,    188.02,         24.35
         29,          6,    4,         12.94,          3.29,       6.08,      60.73,    200.05,         23.42
         29,          6,    5,         13.32,          3.29,       6.40,      63.96,    210.63,         22.70
         29,          6,    6,         13.62,          3.29,       6.70,      66.99,    220.57,         22.02
         29,          6,    7,         13.88,          3.29,       6.98,      69.78,    229.74,         21.48
         29,          7,    1,         11.71,          3.30,       5.37,      53.67,    176.87,         34.99
         29,          7,    2,         12.87,          3.29,       6.10,      61.01,    200.93,         29.13
         29,          7,    3,         13.56,          3.29,       6.66,      66.61,    219.30,         26.75
         29,          7,    4,         14.04,          3.29,       7.09,      70.90,    233.43,         25.60
         29,          7,    5,         14.42,          3.29,       7.47,      74.68,    245.87,         24.82
         29,          7,    6,         14.70,          3.29,       7.79,      77.95,    256.60,         24.18
         29,          7,    7,         14.95,          3.29,       8.10,      80.97,    266.54,         23.66
         30,          1,    1,          0.37,          3.30,       1.75,      17.51,     57.76,          7.93
         30,          1,    2,          2.42,          3.30,       2.02,      20.21,     66.69,          7.70
         30,          1,    3,          3.92,          3.30,       2.27,      22.78,     75.16,          7.92
         30,          1,    4,          5.00,          3.30,       2.50,      25.03,     82.56,          8.21
         30,          1,    5,          5.83,          3.30,       2.71,      27.08,     89.28,          8.46
         30,          1,    6,          6.54,          3.30,       2.90,      29.02,     95.68,          8.73
         30,          1,    7,          7.10,          3.30,       3.09,      30.83,    101.62,          8.90
         30,          2,    1,          2.42,          3.30,       2.05,      20.47,     67.55,         15.28
         30,          2,    2,          4.23,          3.30,       2.36,      23.57,     77.73,         12.28
         30,          2,    3,          5.55,          3.30,       2.64,      26.42,     87.14,         11.58
         30,          2,    4,          6.56,          3.30,       2.90,      29.00,     95.60,         11.47
         30,          2,    5,          7.33,          3.30,       3.13,      31.36,    103.38,         11.44
         30,          2,    6,          7.98,          3.30,       3.36,      33.57,    110.65,         11.52
         30,          2,    7,          8.52,          3.30,       3.57,      35.66,    117.54,         11.58
         30,          3,    1,          5.14,          3.30,       2.60,      25.93,     85.52,         22.20
         30,          3,    2,          6.79,          3.30,       3.00,      29.97,     98.80,         17.07
         30,          3,    3,          7.98,          3.30,       3.36,      33.61,    110.78,         15.72
         30,          3,    4,          8.82,          3.30,       3.66,      36.58,    120.55,         15.31
         30,          3,    5,          9.46,          3.30,       3.93,      39.29,    129.49,         15.04
         30,          3,    6,          9.98,          3.30,       4.17,      41.74,    137.57,         14.92
         30,          3,    7,         10.41,          3.30,       4.40,      43.98,    144.97,         14.82
         30,          4,    1,          7.24,          3.30,       3.18,      31.83,    104.91,         25.29
         30,          4,    2,          8.66,          3.30,       3.65,      36.45,    120.16,         20.31
         30,          4,    3,          9.62,          3.30,       4.02,      40.13,    132.28,         18.95
         30,          4,    4,         10.32,          3.30,       4.34,      43.33,    142.83,         18.28
         30,          4,    5,         10.85,          3.30,       4.62,      46.23,    152.38,         17.79
         30,          4,    6,         11.30,          3.30,       4.88,      48.81,    160.87,         17.55
         30,          4,    7,         11.68,          3.30,       5.13,      51.30,    169.07,         17.28
         30,          5,    1,          9.31,          3.30,       3.97,      39.67,    130.77,         27.20
         30,          5,    2,         10.64,          3.30,       4.55,      45.45,    149.81,         23.00
         30,          5,    3,         11.50,          3.30,       5.01,      50.05,    164.94,         21.56
         30,          5,    4,         12.10,          3.30,       5.39,      53.86,    177.49,         20.78
         30,          5,    5,         12.56,          3.29,       5.70,      57.01,    187.84,         20.39
         30,          5,    6,         12.93,          3.29,       5.99,      59.88,    197.28,         20.06
         30,          5,    7,         13.24,          3.29,       6.27,      62.67,    206.41,         19.73
         30,          6,    1,         10.92,          3.30,       4.78,      47.80,    157.54,         32.91
         30,          6,    2,         12.13,          3.30,       5.44,      54.45,    179.43,         27.45
         30,          6,    3,         12.85,          3.29,       5.94,      59.35,    195.50,         25.49
         30,          6,    4,         13.35,          3.29,       6.32,      63.17,    208.05,         24.57
         30,          6,    5,         13.74,          3.29,       6.66,      66.59,    219.25,         23.81
         30,          6,    6,         14.05,          3.29,       6.97,      69.70,    229.48,         23.20
         30,          6,    7,         14.33,          3.29,       7.28,      72.75,    239.50,         22.65
         30,          7,    1,         12.13,          3.29,       5.59,      55.85,    184.02,         36.31
         30,          7,    2,         13.30,          3.29,       6.37,      63.64,    209.57,         30.33
         30,          7,    3,         14.01,          3.29,       6.95,      69.55,    229.00,         27.98
         30,          7,    4,         14.49,          3.29,       7.40,      74.03,    243.70,         26.87
         30,          7,    5,         14.87,          3.29,       7.80,      78.02,    256.83,         26.08
         30,          7,    6,         15.17,          3.29,       8.14,      81.39,    267.92,         25.53
         30,          7,    7,         15.43,          3.29,       8.46,      84.56,    278.36,         25.06
         31,          1,    1,          0.49,          3.30,       1.77,      17.69,     58.39,          8.07
         31,          1,    2,          2.55,          3.30,       2.04,      20.41,     67.33,          7.88
         31,          1,    3,          4.05,          3.30,       2.30,      23.05,     76.01,          8.07
         31,          1,    4,          5.14,          3.30,       2.53,      25.30,     83.42,          8.40
         31,          1,    5,          5.99,          3.30,       2.74,      27.42,     90.41,          8.65
         31,          1,    6,          6.69,          3.30,       2.94,      29.44,     97.06,          8.88
         31,          1,    7,          7.26,          3.30,       3.13,      31.29,    103.16,          9.08
         31,          2,    1,          2.59,          3.30,       2.08,      20.79,     68.57,         15.43
         31,          2,    2,          4.40,          3.30,       2.39,      23.90,     78.82,         12.52
         31,          2,    3,          5.70,          3.30,       2.68,      26.82,     88.45,         11.74
         31,          2,    4,          6.71,          3.30,       2.94,      29.40,     96.95,         11.68
         31,          2,    5,          7.50,          3.30,       3.19,      31.85,    105.00,         11.67
         31,          2,    6,          8.16,          3.30,       3.41,      34.09,    112.39,         11.77
         31,          2,    7,          8.71,          3.30,       3.63,      36.23,    119.42,         11.86
         31,          3,    1,          5.36,          3.30,       2.65,      26.49,     87.36,         22.45
         31,          3,    2,          7.02,          3.30,       3.06,      30.54,    100.69,         17.57
         31,          3,    3,          8.21,          3.30,       3.43,      34.27,    112.98,         16.17
         31,          3,    4,          9.05,          3.30,       3.73,      37.36,    123.13,         15.75
         31,          3,    5,          9.71,          3.30,       4.02,      40.14,    132.31,         15.52
         31,          3,    6,         10.24,          3.30,       4.27,      42.68,    140.67,         15.42
         31,          3,    7,         10.68,          3.30,       4.51,      45.09,    148.61,         15.27
         31,          4,    1,          7.51,          3.30,       3.26,      32.61,    107.50,         26.17
         31,          4,    2,          8.95,          3.30,       3.73,      37.31,    122.97,         21.20
         31,          4,    3,          9.89,          3.30,       4.11,      41.12,    135.52,         19.66
         31,          4,    4,         10.61,          3.30,       4.45,      44.45,    146.52,         18.99
         31,          4,    5,         11.14,          3.30,       4.74,      47.41,    156.25,         18.51
         31,          4,    6,         11.60,          3.30,       5.01,      50.11,    165.15,         18.25
         31,          4,    7,         11.99,          3.30,       5.27,      52.71,    173.70,         18.00
         31,          5,    1,          9.63,          3.30,       4.09,      40.87,    134.70,         28.13
         31,          5,    2,         10.97,          3.30,       4.69,      46.87,    154.47,         23.85
         31,          5,    3,         11.84,          3.30,       5.17,      51.72,    170.44,         22.33
         31,          5,    4,         12.44,          3.29,       5.56,      55.54,    183.00,         21.67
         31,          5,    5,         12.91,          3.29,       5.89,      58.95,    194.20,         21.21
         31,          5,    6,         13.28,          3.29,       6.19,      61.92,    203.92,         20.91
         31,          5,    7,         13.61,          3.29,       6.48,      64.78,    213.33,         20.62
         31,          6,    1,         11.28,          3.30,       4.95,      49.52,    163.21,         33.71
         31,          6,    2,         12.50,          3.29,       5.66,      56.54,    186.31,         28.26
         31,          6,    3,         13.22,          3.29,       6.15,      61.49,    202.52,         26.55
         31,          6,    4,         13.74,          3.29,       6.56,      65.59,    216.01,         25.54
         31,          6,    5,         14.13,          3.29,       6.92,      69.20,    227.84,         24.79
         31,          6,    6,         14.45,          3.29,       7.24,      72.41,    238.38,         24.24
         31,          6,    7,         14.73,          3.29,       7.55,      75.50,    248.55,         23.76
         31,          7,    1,         12.52,          3.29,       5.80,      57.95,    190.91,         37.85
         31,          7,    2,         13.71,          3.29,       6.63,      66.25,    218.15,         31.61
         31,          7,    3,         14.42,          3.29,       7.25,      72.45,    238.53,         29.22
         31,          7,    4,         14.92,          3.29,       7.72,      77.12,    253.89,         28.17
         31,          7,    5,         15.31,          3.29,       8.13,      81.30,    267.62,         27.40
         31,          7,    6,         15.61,          3.29,       8.48,      84.76,    279.03,         26.91
         31,          7,    7,         15.86,          3.29,       8.81,      88.04,    289.77,         26.43
         32,          1,    1,          0.58,          3.30,       1.79,      17.94,     59.20,          8.05
         32,          1,    2,          2.64,          3.30,       2.06,      20.62,     68.02,          7.98
         32,          1,    3,          4.15,          3.30,       2.33,      23.28,     76.77,          8.19
         32,          1,    4,          5.26,          3.30,       2.56,      25.56,     84.30,          8.54
         32,          1,    5,          6.13,          3.30,       2.78,      27.78,     91.59,          8.81
         32,          1,    6,          6.84,          3.30,       2.98,      29.78,     98.21,          9.08
         32,          1,    7,          7.43,          3.30,       3.17,      31.74,    104.62,          9.29
         32,          2,    1,          2.77,          3.30,       2.11,      21.13,     69.72,         15.67
         32,          2,    2,          4.58,          3.30,       2.43,      24.27,     80.04,         12.80
         32,          2,    3,          5.87,          3.30,       2.72,      27.18,     89.63,         12.07
         32,          2,    4,          6.87,          3.30,       2.98,      29.83,     98.36,         11.94
         32,          2,    5,          7.67,          3.30,       3.23,      32.29,    106.47,         11.97
         32,          2,    6,          8.33,          3.30,       3.46,      34.56,    113.91,         12.10
         32,          2,    7,          8.89,          3.30,       3.68,      36.80,    121.28,         12.18
         32,          3,    1,          5.59,          3.30,       2.70,      27.02,     89.08,         22.83
         32,          3,    2,          7.24,          3.30,       3.12,      31.20,    102.87,         17.87
         32,          3,    3,          8.45,          3.30,       3.50,      35.04,    115.50,         16.54
         32,          3,    4,          9.29,          3.30,       3.82,      38.19,    125.87,         16.13
         32,          3,    5,          9.96,          3.30,       4.11,      41.04,    135.26,         15.97
         32,          3,    6,         10.50,          3.30,       4.37,      43.66,    143.90,         15.89
         32,          3,    7,         10.95,          3.30,       4.61,      46.13,    152.04,         15.80
         32,          4,    1,          7.80,          3.30,       3.35,      33.46,    110.29,         27.14
         32,          4,    2,          9.24,          3.30,       3.84,      38.33,    126.33,         21.94
         32,          4,    3,         10.18,          3.30,       4.23,      42.33,    139.53,         20.26
         32,          4,    4,         10.90,          3.30,       4.57,      45.70,    150.62,         19.65
         32,          4,    5,         11.45,          3.30,       4.87,      48.74,    160.63,         19.24
         32,          4,    6,         11.91,          3.30,       5.15,      51.50,    169.73,         19.03
         32,          4,    7,         12.30,          3.30,       5.42,      54.21,    178.65,         18.76
         32,          5,    1,          9.96,          3.30,       4.22,      42.20,    139.09,         29.40
         32,          5,    2,         11.31,          3.30,       4.84,      48.40,    159.51,         25.01
         32,          5,    3,         12.18,          3.30,       5.35,      53.47,    176.20,         23.36
         32,          5,    4,         12.80,          3.29,       5.74,      57.40,    189.11,         22.76
         32,          5,    5,         13.27,          3.29,       6.09,      60.92,    200.66,         22.30
         32,          5,    6,         13.66,          3.29,       6.41,      64.06,    210.97,         21.99
         32,          5,    7,         13.99,          3.29,       6.71,      67.13,    221.04,         21.69
         32,          6,    1,         11.65,          3.30,       5.13,      51.35,    169.23,         34.91
         32,          6,    2,         12.89,          3.29,       5.87,      58.72,    193.45,         29.43
         32,          6,    3,         13.62,          3.29,       6.39,      63.95,    210.60,         27.65
         32,          6,    4,         14.14,          3.29,       6.83,      68.29,    224.86,         26.61
         32,          6,    5,         14.54,          3.29,       7.19,      71.93,    236.81,         25.98
         32,          6,    6,         14.87,          3.29,       7.53,      75.28,    247.82,         25.50
         32,          6,    7,         15.16,          3.29,       7.85,      78.50,    258.41,         25.06
         32,          7,    1,         12.92,          3.29,       6.03,      60.32,    198.71,         38.69
         32,          7,    2,         14.13,          3.29,       6.91,      69.12,    227.56,         32.56
         32,          7,    3,         14.86,          3.29,       7.56,      75.59,    248.84,         30.40
         32,          7,    4,         15.37,          3.29,       8.06,      80.54,    265.11,         29.39
         32,          7,    5,         15.76,          3.29,       8.49,      84.87,    279.37,         28.71
         32,          7,    6,         16.07,          3.29,       8.85,      88.50,    291.31,         28.22
         32,          7,    7,         16.33,          3.29,       9.20,      91.98,    302.66,         27.79
         33,          1,    1,          0.70,          3.30,       1.81,      18.06,     59.60,          8.32
         33,          1,    2,          2.75,          3.30,       2.08,      20.78,     68.54,          8.17
         33,          1,    3,          4.28,          3.30,       2.35,      23.47,     77.42,          8.38
         33,          1,    4,          5.38,          3.30,       2.58,      25.85,     85.25,          8.67
         33,          1,    5,          6.26,          3.30,       2.81,      28.04,     92.49,          8.98
         33,          1,    6,          6.98,          3.30,       3.01,      30.10,     99.23,          9.29
         33,          1,    7,          7.57,          3.30,       3.21,      32.08,    105.77,          9.48
         33,          2,    1,          2.92,          3.30,       2.14,      21.40,     70.58,         15.96
         33,          2,    2,          4.72,          3.30,       2.45,      24.54,     80.94,         13.09
         33,          2,    3,          6.02,          3.30,       2.75,      27.49,     90.66,         12.37
         33,          2,    4,          7.02,          3.30,       3.01,      30.15,     99.42,         12.25
         33,          2,    5,          7.82,          3.30,       3.27,      32.69,    107.75,         12.24
         33,          2,    6,          8.49,          3.30,       3.50,      35.01,    115.40,         12.38
         33,          2,    7,          9.07,          3.30,       3.73,      37.31,    122.98,         12.47
         33,          3,    1,          5.80,          3.30,       2.75,      27.47,     90.58,         23.52
         33,          3,    2,          7.45,          3.30,       3.18,      31.80,    104.84,         18.28
         33,          3,    3,          8.67,          3.30,       3.59,      35.84,    118.16,         16.81
         33,          3,    4,          9.51,          3.30,       3.89,      38.97,    128.43,         16.55
         33,          3,    5,         10.19,          3.30,       4.20,      41.94,    138.24,         16.38
         33,          3,    6,         10.75,          3.30,       4.46,      44.60,    147.01,         16.37
         33,          3,    7,         11.21,          3.30,       4.71,      47.09,    155.21,         16.36
         33,          4,    1,          8.08,          3.30,       3.43,      34.27,    112.96,         27.72
         33,          4,    2,          9.52,          3.30,       3.93,      39.29,    129.50,         22.52
         33,          4,    3,         10.46,          3.30,       4.34,      43.35,    142.89,         20.94
         33,          4,    4,         11.18,          3.30,       4.69,      46.86,    154.45,         20.29
         33,          4,    5,         11.73,          3.30,       5.00,      49.95,    164.62,         19.92
         33,          4,    6,         12.20,          3.30,       5.29,      52.86,    174.19,         19.67
         33,          4,    7,         12.60,          3.29,       5.57,      55.64,    183.34,         19.43
         33,          5,    1,         10.27,          3.30,       4.34,      43.42,    143.10,         30.09
         33,          5,    2,         11.64,          3.30,       4.99,      49.89,    164.42,         25.69
         33,          5,    3,         12.52,          3.29,       5.52,      55.21,    181.92,         24.09
         33,          5,    4,         13.14,          3.29,       5.93,      59.28,    195.27,         23.51
         33,          5,    5,         13.62,          3.29,       6.30,      62.95,    207.33,         23.12
         33,          5,    6,         14.01,          3.29,       6.63,      66.25,    218.12,         22.79
         33,          5,    7,         14.35,          3.29,       6.94,      69.37,    228.39,         22.54
         33,          6,    1,         12.01,          3.30,       5.31,      53.13,    175.09,         35.85
         33,          6,    2,         13.26,          3.29,       6.08,      60.78,    200.22,         30.51
         33,          6,    3,         14.00,          3.29,       6.63,      66.32,    218.36,         28.69
         33,          6,    4,         14.53,          3.29,       7.07,      70.75,    232.92,         27.78
         33,          6,    5,         14.93,          3.29,       7.46,      74.56,    245.47,         27.15
         33,          6,    6,         15.27,          3.29,       7.81,      78.09,    257.06,         26.63
         33,          6,    7,         15.56,          3.29,       8.15,      81.49,    268.27,         26.20
         33,          7,    1,         13.30,          3.29,       6.26,      62.56,    206.04,         39.48
         33,          7,    2,         14.54,          3.29,       7.19,      71.93,    236.82,         33.49
         33,          7,    3,         15.27,          3.29,       7.87,      78.70,    259.07,         31.44
         33,          7,    4,         15.78,          3.29,       8.38,      83.86,    276.06,         30.50
         33,          7,    5,         16.19,          3.29,       8.83,      88.36,    290.84,         29.91
         33,          7,    6,         16.50,          3.29,       9.22,      92.21,    303.42,         29.45
         33,          7,    7,         16.77,          3.29,       9.58,      95.82,    315.26,         29.07
         34,          1,    1,          0.81,          3.30,       1.82,      18.23,     60.15,          8.43
         34,          1,    2,          2.84,          3.30,       2.10,      20.98,     69.22,          8.22
         34,          1,    3,          4.37,          3.30,       2.37,      23.67,     78.09,          8.48
         34,          1,    4,          5.48,          3.30,       2.60,      26.02,     85.81,          8.84
         34,          1,    5,          6.38,          3.30,       2.83,      28.30,     93.30,          9.16
         34,          1,    6,          7.11,          3.30,       3.04,      30.41,    100.26,          9.45
         34,          1,    7,          7.72,          3.30,       3.24,      32.40,    106.80,          9.70
         34,          2,    1,          3.10,          3.30,       2.16,      21.65,     71.42,         16.37
         34,          2,    2,          4.87,          3.30,       2.49,      24.86,     81.99,         13.31
         34,          2,    3,          6.18,          3.30,       2.79,      27.85,     91.82,         12.62
         34,          2,    4,          7.17,          3.30,       3.06,      30.55,    100.70,         12.48
         34,          2,    5,          7.97,          3.30,       3.31,      33.09,    109.09,         12.49
         34,          2,    6,          8.65,          3.30,       3.55,      35.48,    116.93,         12.65
         34,          2,    7,          9.23,          3.30,       3.78,      37.78,    124.53,         12.77
         34,          3,    1,          6.02,          3.30,       2.80,      28.02,     92.38,         24.01
         34,          3,    2,          7.67,          3.30,       3.24,      32.40,    106.80,         18.83
         34,          3,    3,          8.89,          3.30,       3.65,      36.47,    120.20,         17.42
         34,          3,    4,          9.75,          3.30,       3.98,      39.78,    131.10,         17.04
         34,          3,    5,         10.42,          3.30,       4.28,      42.79,    141.03,         16.88
         34,          3,    6,         10.98,          3.30,       4.56,      45.60,    150.30,         16.81
         34,          3,    7,         11.46,          3.30,       4.81,      48.11,    158.58,         16.88
         34,          4,    1,          8.34,          3.30,       3.51,      35.12,    115.76,         28.27
         34,          4,    2,          9.78,          3.30,       4.04,      40.32,    132.89,         23.07
         34,          4,    3,         10.74,          3.30,       4.45,      44.50,    146.67,         21.57
         34,          4,    4,         11.46,          3.30,       4.81,      48.07,    158.44,         20.97
         34,          4,    5,         12.02,          3.30,       5.13,      51.28,    168.99,         20.61
         34,          4,    6,         12.49,          3.30,       5.43,      54.30,    178.93,         20.35
         34,          4,    7,         12.89,          3.29,       5.71,      57.08,    188.05,         20.19
         34,          5,    1,         10.59,          3.30,       4.47,      44.74,    147.45,         30.78
         34,          5,    2,         11.97,          3.30,       5.16,      51.54,    169.87,         26.37
         34,          5,    3,         12.86,          3.29,       5.70,      57.00,    187.80,         24.88
         34,          5,    4,         13.48,          3.29,       6.12,      61.19,    201.54,         24.39
         34,          5,    5,         13.96,          3.29,       6.51,      65.14,    214.48,         23.89
         34,          5,    6,         14.36,          3.29,       6.85,      68.46,    225.38,         23.69
         34,          5,    7,         14.70,          3.29,       7.17,      71.67,    235.95,         23.48
         34,          6,    1,         12.36,          3.30,       5.50,      54.98,    181.16,         36.67
         34,          6,    2,         13.63,          3.29,       6.30,      63.03,    207.56,         31.49
         34,          6,    3,         14.38,          3.29,       6.89,      68.90,    226.84,         29.60
         34,          6,    4,         14.91,          3.29,       7.36,      73.56,    242.18,         28.67
         34,          6,    5,         15.32,          3.29,       7.75,      77.44,    254.94,         28.18
         34,          6,    6,         15.66,          3.29,       8.12,      81.14,    267.10,         27.69
         34,          6,    7,         15.96,          3.29,       8.46,      84.57,    278.39,         27.36
         34,          7,    1,         13.67,          3.29,       6.49,      64.91,    213.75,         40.23
         34,          7,    2,         14.94,          3.29,       7.47,      74.72,    245.98,         34.59
         34,          7,    3,         15.69,          3.29,       8.20,      81.94,    269.75,         32.52
         34,          7,    4,         16.20,          3.29,       8.73,      87.32,    287.41,         31.71
         34,          7,    5,         16.61,          3.29,       9.21,      92.09,    303.05,         31.12
         34,          7,    6,         16.92,          3.29,       9.61,      96.04,    315.95,         30.76
         34,          7,    7,         17.19,          3.29,       9.98,      99.77,    328.15,         30.41
         35,          1,    1,          0.92,          3.30,       1.84,      18.39,     60.68,          8.77
         35,          1,    2,          2.91,          3.30,       2.13,      21.31,     70.29,          8.24
         35,          1,    3,          4.47,          3.30,       2.39,      23.90,     78.84,          8.68
         35,          1,    4,          5.59,          3.30,       2.63,      26.32,     86.81,          9.01
         35,          1,    5,          6.51,          3.30,       2.86,      28.62,     94.36,          9.36
         35,          1,    6,          7.24,          3.30,       3.07,      30.71,    101.24,          9.70
         35,          1,    7,          7.87,          3.30,       3.28,      32.77,    108.04,          9.95
         35,          2,    1,          3.27,          3.30,       2.20,      21.96,     72.46,         16.86
         35,          2,    2,          5.03,          3.30,       2.52,      25.23,     83.20,         13.65
         35,          2,    3,          6.34,          3.30,       2.82,      28.22,     93.04,         12.99
         35,          2,    4,          7.32,          3.30,       3.10,      30.94,    102.03,         12.81
         35,          2,    5,          8.13,          3.30,       3.36,      33.54,    110.54,         12.84
         35,          2,    6,          8.81,          3.30,       3.60,      35.97,    118.56,         12.95
         35,          2,    7,          9.41,          3.30,       3.84,      38.33,    126.34,         13.13
         35,          3,    1,          6.26,          3.30,       2.86,      28.58,     94.23,         24.43
         35,          3,    2,          7.91,          3.30,       3.31,      33.10,    109.12,         19.19
         35,          3,    3,          9.13,          3.30,       3.73,      37.26,    122.80,         17.85
         35,          3,    4,          9.99,          3.30,       4.07,      40.67,    134.05,         17.47
         35,          3,    5,         10.68,          3.30,       4.38,      43.78,    144.28,         17.37
         35,          3,    6,         11.25,          3.30,       4.67,      46.67,    153.83,         17.35
         35,          3,    7,         11.73,          3.30,       4.93,      49.31,    162.50,         17.41
         35,          4,    1,          8.65,          3.30,       3.61,      36.10,    119.00,         28.97
         35,          4,    2,         10.09,          3.30,       4.15,      41.53,    136.86,         23.68
         35,          4,    3,         11.06,          3.30,       4.59,      45.86,    151.16,         22.20
         35,          4,    4,         11.78,          3.30,       4.95,      49.51,    163.18,         21.69
         35,          4,    5,         12.34,          3.30,       5.28,      52.82,    174.06,         21.33
         35,          4,    6,         12.81,          3.30,       5.60,      55.94,    184.32,         21.10
         35,          4,    7,         13.23,          3.29,       5.89,      58.86,    193.93,         20.97
         35,          5,    1,         10.94,          3.30,       4.63,      46.30,    152.61,         31.34
         35,          5,    2,         12.33,          3.30,       5.34,      53.45,    176.14,         27.08
         35,          5,    3,         13.23,          3.29,       5.92,      59.18,    194.93,         25.68
         35,          5,    4,         13.85,          3.29,       6.36,      63.61,    209.48,         25.17
         35,          5,    5,         14.35,          3.29,       6.76,      67.65,    222.72,         24.83
         35,          5,    6,         14.75,          3.29,       7.11,      71.12,    234.16,         24.63
         35,          5,    7,         15.10,          3.29,       7.44,      74.40,    244.92,         24.52
         35,          6,    1,         12.75,          3.29,       5.71,      57.16,    188.33,         37.55
         35,          6,    2,         14.04,          3.29,       6.58,      65.77,    216.60,         32.32
         35,          6,    3,         14.79,          3.29,       7.20,      71.99,    237.01,         30.50
         35,          6,    4,         15.32,          3.29,       7.66,      76.62,    252.22,         29.88
         35,          6,    5,         15.74,          3.29,       8.09,      80.83,    266.09,         29.34
         35,          6,    6,         16.09,          3.29,       8.47,      84.67,    278.71,         28.89
         35,          6,    7,         16.40,          3.29,       8.82,      88.18,    290.22,         28.68
         35,          7,    1,         14.07,          3.29,       6.76,      67.59,    222.56,         40.95
         35,          7,    2,         15.37,          3.29,       7.81,      78.14,    257.25,         35.48
         35,          7,    3,         16.13,          3.29,       8.57,      85.75,    282.27,         33.64
         35,          7,    4,         16.65,          3.29,       9.14,      91.35,    300.63,         32.95
         35,          7,    5,         17.07,          3.29,       9.64,      96.35,    316.94,         32.48
         35,          7,    6,         17.38,          3.29,      10.05,     100.46,    330.41,         32.13
         35,          7,    7,         17.66,          3.29,      10.44,     104.35,    343.17,         31.88
         36,          1,    1,          1.00,          3.30,       1.85,      18.52,     61.11,          9.05
         36,          1,    2,          3.00,          3.30,       2.13,      21.33,     70.36,          8.62
         36,          1,    3,          4.56,          3.30,       2.40,      24.06,     79.35,          8.89
         36,          1,    4,          5.68,          3.30,       2.65,      26.53,     87.48,          9.18
         36,          1,    5,          6.61,          3.30,       2.88,      28.84,     95.11,          9.55
         36,          1,    6,          7.36,          3.30,       3.10,      30.98,    102.13,          9.91
         36,          1,    7,          7.99,          3.30,       3.31,      33.12,    109.18,         10.17
         36,          2,    1,          3.43,          3.30,       2.22,      22.23,     73.34,         17.34
         36,          2,    2,          5.17,          3.30,       2.55,      25.50,     84.11,         14.02
         36,          2,    3,          6.47,          3.30,       2.86,      28.56,     94.16,         13.25
         36,          2,    4,          7.47,          3.30,       3.13,      31.35,    103.34,         13.09
         36,          2,    5,          8.28,          3.30,       3.39,      33.91,    111.80,         13.16
         36,          2,    6,          8.97,          3.30,       3.64,      36.42,    120.06,         13.27
         36,          2,    7,          9.56,          3.30,       3.89,      38.87,    128.14,         13.40
         36,          3,    1,          6.48,          3.30,       2.91,      29.12,     96.02,         24.66
         36,          3,    2,          8.13,          3.30,       3.38,      33.73,    111.18,         19.60
         36,          3,    3,          9.38,          3.30,       3.81,      38.12,    125.64,         18.18
         36,          3,    4,         10.23,          3.30,       4.16,      41.61,    137.14,         17.85
         36,          3,    5,         10.93,          3.30,       4.49,      44.86,    147.87,         17.74
         36,          3,    6,         11.50,          3.30,       4.77,      47.74,    157.35,         17.82
         36,          3,    7,         11.99,          3.30,       5.05,      50.50,    166.44,         17.87
         36,          4,    1,          8.94,          3.30,       3.71,      37.14,    122.40,         29.30
         36,          4,    2,         10.39,          3.30,       4.28,      42.77,    140.95,         24.14
         36,          4,    3,         11.36,          3.30,       4.73,      47.21,    155.58,         22.82
         36,          4,    4,         12.09,          3.30,       5.11,      51.02,    168.15,         22.30
         36,          4,    5,         12.65,          3.30,       5.45,      54.46,    179.44,         21.99
         36,          4,    6,         13.13,          3.29,       5.76,      57.62,    189.84,         21.83
         36,          4,    7,         13.54,          3.29,       6.06,      60.57,    199.50,         21.74
         36,          5,    1,         11.28,          3.30,       4.78,      47.82,    157.59,         32.16
         36,          5,    2,         12.67,          3.30,       5.55,      55.44,    182.69,         27.66
         36,          5,    3,         13.58,          3.29,       6.14,      61.37,    202.12,         26.44
         36,          5,    4,         14.21,          3.29,       6.61,      66.10,    217.67,         25.88
         36,          5,    5,         14.71,          3.29,       7.03,      70.32,    231.51,         25.58
         36,          5,    6,         15.11,          3.29,       7.39,      73.90,    243.27,         25.47
         36,          5,    7,         15.46,          3.29,       7.73,      77.32,    254.56,         25.37
         36,          6,    1,         13.11,          3.29,       5.94,      59.41,    195.72,         37.83
         36,          6,    2,         14.42,          3.29,       6.86,      68.54,    225.67,         32.92
         36,          6,    3,         15.18,          3.29,       7.49,      74.90,    246.58,         31.43
         36,          6,    4,         15.72,          3.29,       8.00,      79.98,    263.29,         30.66
         36,          6,    5,         16.14,          3.29,       8.44,      84.38,    277.75,         30.22
         36,          6,    6,         16.49,          3.29,       8.83,      88.25,    290.48,         29.94
         36,          6,    7,         16.80,          3.29,       9.19,      91.89,    302.42,         29.76
         36,          7,    1,         14.46,          3.29,       7.03,      70.31,    231.49,         41.40
         36,          7,    2,         15.78,          3.29,       8.15,      81.56,    268.49,         36.20
         36,          7,    3,         16.56,          3.29,       8.95,      89.52,    294.64,         34.66
         36,          7,    4,         17.08,          3.29,       9.56,      95.55,    314.38,         33.94
         36,          7,    5,         17.49,          3.29,      10.07,     100.66,    331.08,         33.60
         36,          7,    6,         17.81,          3.29,      10.50,     104.96,    345.12,         33.34
         36,          7,    7,         18.09,          3.29,      10.92,     109.18,    359.00,         33.03
         37,          1,    1,          6.16,          3.30,       2.70,      27.00,     89.06,         51.24
         37,          1,    2,          6.88,          3.30,       2.90,      28.95,     95.45,         33.74
         37,          1,    3,          7.39,          3.30,       3.05,      30.44,    100.37,         28.30
         37,          1,    4,          7.64,          3.30,       3.14,      31.43,    103.62,         25.68
         37,          1,    5,          7.86,          3.30,       3.23,      32.26,    106.35,         24.11
         37,          1,    6,          8.01,          3.30,       3.29,      32.86,    108.34,         23.11
         37,          1,    7,          8.12,          3.30,       3.34,      33.41,    110.12,         22.28
         37,          2,    1,          7.85,          3.30,       3.19,      31.88,    105.10,         34.24
         37,          2,    2,          8.58,          3.30,       3.42,      34.27,    112.95,         28.14
         37,          2,    3,          9.01,          3.30,       3.59,      35.86,    118.19,         25.78
         37,          2,    4,          9.25,          3.30,       3.69,      36.91,    121.65,         24.50
         37,          2,    5,          9.44,          3.30,       3.79,      37.85,    124.75,         23.50
         37,          2,    6,          9.59,          3.30,       3.86,      38.63,    127.31,         22.75
         37,          2,    7,          9.74,          3.30,       3.94,      39.41,    129.89,         22.11
         37,          3,    1,          9.78,          3.30,       3.92,      39.19,    129.19,         30.56
         37,          3,    2,         10.70,          3.30,       4.32,      43.18,    142.32,         26.58
         37,          3,    3,         11.31,          3.30,       4.62,      46.21,    152.31,         24.94
         37,          3,    4,         11.64,          3.30,       4.80,      47.94,    158.02,         24.33
         37,          3,    5,         11.92,          3.30,       4.96,      49.62,    163.54,         23.79
         37,          3,    6,         12.10,          3.30,       5.08,      50.78,    167.35,         23.43
         37,          3,    7,         12.27,          3.30,       5.19,      51.88,    171.00,         23.11
         37,          4,    1,         11.48,          3.30,       4.76,      47.62,    156.97,         33.63
         37,          4,    2,         12.45,          3.30,       5.30,      53.06,    174.83,         29.50
         37,          4,    3,         13.01,          3.29,       5.64,      56.40,    185.84,         28.28
         37,          4,    4,         13.31,          3.29,       5.86,      58.59,    193.02,         27.52
         37,          4,    5,         13.54,          3.29,       6.02,      60.20,    198.32,         27.19
         37,          4,    6,         13.71,          3.29,       6.15,      61.46,    202.45,         26.93
         37,          4,    7,         13.86,          3.29,       6.28,      62.72,    206.57,         26.64
         37,          5,    1,         13.05,          3.29,       5.80,      57.95,    190.89,         37.05
         37,          5,    2,         14.15,          3.29,       6.57,      65.67,    216.24,         32.56
         37,          5,    3,         14.79,          3.29,       7.08,      70.74,    232.91,         31.21
         37,          5,    4,         15.15,          3.29,       7.40,      74.04,    243.76,         30.51
         37,          5,    5,         15.46,          3.29,       7.69,      76.89,    253.12,         30.12
         37,          5,    6,         15.65,          3.29,       7.90,      78.95,    259.89,         29.77
         37,          5,    7,         15.84,          3.29,       8.08,      80.83,    266.09,         29.59
         37,          6,    1,         14.35,          3.29,       6.90,      69.03,    227.28,         39.08
         37,          6,    2,         15.56,          3.29,       7.90,      78.98,    260.01,         35.13
         37,          6,    3,         16.21,          3.29,       8.52,      85.15,    280.28,         34.06
         37,          6,    4,         16.58,          3.29,       8.91,      89.09,    293.22,         33.51
         37,          6,    5,         16.85,          3.29,       9.21,      92.11,    303.10,         33.26
         37,          6,    6,         17.04,          3.29,       9.44,      94.38,    310.53,         33.04
         37,          6,    7,         17.20,          3.29,       9.64,      96.32,    316.91,         32.95
         37,          7,    1,         15.39,          3.29,       7.95,      79.50,    261.72,         39.74
         37,          7,    2,         16.70,          3.29,       9.19,      91.87,    302.33,         36.64
         37,          7,    3,         17.42,          3.29,       9.98,      99.73,    328.03,         36.05
         37,          7,    4,         17.82,          3.29,      10.47,     104.66,    344.19,         35.69
         37,          7,    5,         18.14,          3.29,      10.87,     108.72,    357.50,         35.65
         37,          7,    6,         18.34,          3.29,      11.16,     111.58,    366.88,         35.50
         37,          7,    7,         18.54,          3.29,      11.43,     114.27,    375.71,         35.52
         38,          1,    1,          6.21,          3.30,       2.73,      27.30,     90.02,         47.83
         38,          1,    2,          6.96,          3.30,       2.92,      29.18,     96.23,         33.21
         38,          1,    3,          7.47,          3.30,       3.07,      30.75,    101.37,         27.83
         38,          1,    4,          7.75,          3.30,       3.19,      31.87,    105.07,         25.01
         38,          1,    5,          7.97,          3.30,       3.26,      32.62,    107.53,         23.87
         38,          1,    6,          8.12,          3.30,       3.32,      33.22,    109.50,         23.01
         38,          1,    7,          8.23,          3.30,       3.39,      33.86,    111.60,         21.94
         38,          2,    1,          7.98,          3.30,       3.24,      32.38,    106.73,         33.42
         38,          2,    2,          8.72,          3.30,       3.48,      34.74,    114.53,         28.03
         38,          2,    3,          9.16,          3.30,       3.64,      36.42,    120.04,         25.66
         38,          2,    4,          9.40,          3.30,       3.75,      37.50,    123.62,         24.42
         38,          2,    5,          9.61,          3.30,       3.85,      38.50,    126.90,         23.45
         38,          2,    6,          9.75,          3.30,       3.93,      39.26,    129.40,         22.78
         38,          2,    7,          9.91,          3.30,       4.01,      40.08,    132.11,         22.15
         38,          3,    1,          9.96,          3.30,       4.01,      40.06,    132.05,         29.94
         38,          3,    2,         10.91,          3.30,       4.42,      44.19,    145.66,         26.40
         38,          3,    3,         11.53,          3.30,       4.75,      47.48,    156.49,         24.73
         38,          3,    4,         11.86,          3.30,       4.93,      49.32,    162.54,         24.16
         38,          3,    5,         12.16,          3.30,       5.11,      51.08,    168.35,         23.71
         38,          3,    6,         12.35,          3.30,       5.25,      52.47,    172.91,         23.25
         38,          3,    7,         12.52,          3.30,       5.35,      53.51,    176.33,         23.10
         38,          4,    1,         11.72,          3.30,       4.89,      48.95,    161.32,         33.61
         38,          4,    2,         12.72,          3.30,       5.49,      54.82,    180.64,         29.40
         38,          4,    3,         13.27,          3.29,       5.84,      58.38,    192.34,         28.21
         38,          4,    4,         13.59,          3.29,       6.07,      60.67,    199.86,         27.58
         38,          4,    5,         13.82,          3.29,       6.25,      62.51,    205.87,         27.17
         38,          4,    6,         14.00,          3.29,       6.40,      64.03,    210.87,         26.77
         38,          4,    7,         14.16,          3.29,       6.53,      65.27,    214.96,         26.60
         38,          5,    1,         13.34,          3.29,       5.98,      59.79,    197.00,         37.31
         38,          5,    2,         14.46,          3.29,       6.81,      68.14,    224.38,         32.78
         38,          5,    3,         15.10,          3.29,       7.37,      73.69,    242.60,         31.25
         38,          5,    4,         15.48,          3.29,       7.73,      77.33,    254.59,         30.57
         38,          5,    5,         15.77,          3.29,       8.05,      80.54,    265.13,         30.01
         38,          5,    6,         15.98,          3.29,       8.26,      82.63,    272.01,         29.85
         38,          5,    7,         16.17,          3.29,       8.48,      84.75,    278.98,         29.60
         38,          6,    1,         14.69,          3.29,       7.14,      71.39,    235.05,         39.09
         38,          6,    2,         15.92,          3.29,       8.24,      82.39,    271.22,         35.04
         38,          6,    3,         16.56,          3.29,       8.90,      88.95,    292.78,         34.03
         38,          6,    4,         16.94,          3.29,       9.33,      93.25,    306.83,         33.59
         38,          6,    5,         17.21,          3.29,       9.67,      96.70,    318.14,         33.18
         38,          6,    6,         17.40,          3.29,       9.91,      99.09,    325.96,         33.04
         38,          6,    7,         17.55,          3.29,      10.12,     101.16,    332.76,         32.91
         38,          7,    1,         15.74,          3.29,       8.24,      82.37,    271.14,         39.91
         38,          7,    2,         17.08,          3.29,       9.59,      95.86,    315.40,         36.97
         38,          7,    3,         17.82,          3.29,      10.42,     104.17,    342.56,         36.61
         38,          7,    4,         18.22,          3.29,      10.96,     109.58,    360.31,         36.21
         38,          7,    5,         18.54,          3.29,      11.40,     114.00,    374.84,         36.14
         38,          7,    6,         18.75,          3.29,      11.71,     117.08,    384.94,         36.06
         38,          7,    7,         18.94,          3.29,      12.01,     120.03,    394.64,         36.01
         39,          1,    1,          6.26,          3.30,       2.74,      27.39,     90.35,         46.82
         39,          1,    2,          7.02,          3.30,       2.95,      29.49,     97.24,         31.66
         39,          1,    3,          7.57,          3.30,       3.10,      31.01,    102.24,         27.30
         39,          1,    4,          7.84,          3.30,       3.21,      32.13,    105.93,         24.72
         39,          1,    5,          8.08,          3.30,       3.31,      33.04,    108.93,         23.30
         39,          1,    6,          8.23,          3.30,       3.35,      33.52,    110.51,         22.79
         39,          1,    7,          8.35,          3.30,       3.41,      34.12,    112.47,         21.97
         39,          2,    1,          8.11,          3.30,       3.26,      32.64,    107.61,         33.34
         39,          2,    2,          8.86,          3.30,       3.53,      35.33,    116.47,         27.21
         39,          2,    3,          9.31,          3.30,       3.71,      37.07,    122.19,         25.11
         39,          2,    4,          9.57,          3.30,       3.81,      38.13,    125.68,         24.18
         39,          2,    5,          9.78,          3.30,       3.91,      39.13,    128.98,         23.33
         39,          2,    6,          9.93,          3.30,       4.00,      39.96,    131.72,         22.62
         39,          2,    7,         10.09,          3.30,       4.09,      40.85,    134.64,         21.99
         39,          3,    1,         10.14,          3.30,       4.08,      40.79,    134.44,         29.73
         39,          3,    2,         11.11,          3.30,       4.55,      45.47,    149.85,         25.73
         39,          3,    3,         11.75,          3.30,       4.88,      48.74,    160.62,         24.54
         39,          3,    4,         12.10,          3.30,       5.09,      50.86,    167.63,         23.86
         39,          3,    5,         12.40,          3.30,       5.28,      52.80,    174.01,         23.39
         39,          3,    6,         12.59,          3.30,       5.41,      54.10,    178.28,         23.10
         39,          3,    7,         12.77,          3.30,       5.55,      55.50,    182.90,         22.74
         39,          4,    1,         11.97,          3.30,       5.05,      50.47,    166.33,         33.05
         39,          4,    2,         12.99,          3.29,       5.68,      56.81,    187.18,         29.08
         39,          4,    3,         13.54,          3.29,       6.07,      60.72,    200.02,         27.79
         39,          4,    4,         13.86,          3.29,       6.33,      63.27,    208.39,         27.15
         39,          4,    5,         14.10,          3.29,       6.52,      65.22,    214.78,         26.78
         39,          4,    6,         14.28,          3.29,       6.68,      66.79,    219.91,         26.50
         39,          4,    7,         14.44,          3.29,       6.83,      68.31,    224.89,         26.17
         39,          5,    1,         13.64,          3.29,       6.21,      62.05,    204.38,         36.54
         39,          5,    2,         14.79,          3.29,       7.12,      71.22,    234.46,         32.30
         39,          5,    3,         15.44,          3.29,       7.73,      77.33,    254.58,         30.81
         39,          5,    4,         15.82,          3.29,       8.12,      81.22,    267.37,         30.25
         39,          5,    5,         16.11,          3.29,       8.46,      84.62,    278.55,         29.72
         39,          5,    6,         16.32,          3.29,       8.71,      87.14,    286.83,         29.42
         39,          5,    7,         16.50,          3.29,       8.94,      89.40,    294.23,         29.20
         39,          6,    1,         15.02,          3.29,       7.41,      74.08,    243.89,         38.97
         39,          6,    2,         16.28,          3.29,       8.61,      86.05,    283.24,         35.16
         39,          6,    3,         16.92,          3.29,       9.35,      93.53,    307.75,         33.87
         39,          6,    4,         17.30,          3.29,       9.82,      98.19,    323.00,         33.46
         39,          6,    5,         17.57,          3.29,      10.20,     101.96,    335.28,         33.01
         39,          6,    6,         17.76,          3.29,      10.46,     104.60,    343.98,         32.85
         39,          6,    7,         17.92,          3.29,      10.71,     107.04,    351.97,         32.63
         39,          7,    1,         16.10,          3.29,       8.53,      85.29,    280.74,         40.25
         39,          7,    2,         17.47,          3.29,      10.00,     100.00,    328.91,         37.42
         39,          7,    3,         18.21,          3.29,      10.93,     109.32,    359.44,         36.84
         39,          7,    4,         18.61,          3.29,      11.51,     115.08,    378.40,         36.55
         39,          7,    5,         18.93,          3.29,      12.01,     120.07,    394.78,         36.35
         39,          7,    6,         19.14,          3.29,      12.35,     123.44,    405.84,         36.24
         39,          7,    7,         19.33,          3.29,      12.65,     126.51,    415.87,         36.26
         40,          1,    1,          6.32,          3.30,       2.75,      27.53,     90.79,         47.06
         40,          1,    2,          7.10,          3.30,       2.96,      29.62,     97.66,         32.09
         40,          1,    3,          7.66,          3.30,       3.13,      31.28,    103.13,         27.20
         40,          1,    4,          7.95,          3.30,       3.25,      32.44,    106.95,         24.69
         40,          1,    5,          8.20,          3.30,       3.34,      33.39,    110.05,         23.28
         40,          1,    6,          8.36,          3.30,       3.39,      33.93,    111.85,         22.71
         40,          1,    7,          8.48,          3.30,       3.45,      34.47,    113.63,         22.04
         40,          2,    1,          8.24,          3.30,       3.32,      33.21,    109.47,         31.20
         40,          2,    2,          9.00,          3.30,       3.59,      35.93,    118.44,         26.22
         40,          2,    3,          9.47,          3.30,       3.77,      37.68,    124.20,         24.54
         40,          2,    4,          9.74,          3.30,       3.89,      38.88,    128.15,         23.54
         40,          2,    5,          9.97,          3.30,       4.01,      40.09,    132.14,         22.54
         40,          2,    6,         10.12,          3.30,       4.08,      40.80,    134.49,         22.20
         40,          2,    7,         10.29,          3.30,       4.17,      41.72,    137.51,         21.64
         40,          3,    1,         10.34,          3.30,       4.20,      41.96,    138.29,         28.62
         40,          3,    2,         11.33,          3.30,       4.69,      46.88,    154.51,         25.16
         40,          3,    3,         11.98,          3.30,       5.05,      50.53,    166.52,         23.92
         40,          3,    4,         12.34,          3.30,       5.30,      52.95,    174.49,         23.16
         40,          3,    5,         12.64,          3.30,       5.50,      55.01,    181.26,         22.75
         40,          3,    6,         12.84,          3.30,       5.64,      56.39,    185.81,         22.53
         40,          3,    7,         13.02,          3.29,       5.78,      57.83,    190.54,         22.24
         40,          4,    1,         12.25,          3.30,       5.23,      52.31,    172.40,         32.30
         40,          4,    2,         13.29,          3.29,       5.94,      59.38,    195.63,         28.41
         40,          4,    3,         13.86,          3.29,       6.37,      63.75,    209.98,         27.16
         40,          4,    4,         14.19,          3.29,       6.65,      66.48,    218.89,         26.64
         40,          4,    5,         14.43,          3.29,       6.89,      68.84,    226.65,         26.12
         40,          4,    6,         14.61,          3.29,       7.04,      70.43,    231.88,         25.94
         40,          4,    7,         14.76,          3.29,       7.20,      72.02,    237.11,         25.67
         40,          5,    1,         13.98,          3.29,       6.47,      64.73,    213.19,         35.97
         40,          5,    2,         15.17,          3.29,       7.51,      75.06,    247.12,         31.79
         40,          5,    3,         15.83,          3.29,       8.19,      81.90,    269.63,         30.39
         40,          5,    4,         16.22,          3.29,       8.64,      86.36,    284.29,         29.76
         40,          5,    5,         16.52,          3.29,       9.01,      90.03,    296.34,         29.38
         40,          5,    6,         16.73,          3.29,       9.28,      92.75,    305.22,         29.12
         40,          5,    7,         16.90,          3.29,       9.54,      95.33,    313.67,         28.83
         40,          6,    1,         15.39,          3.29,       7.75,      77.47,    255.04,         38.23
         40,          6,    2,         16.70,          3.29,       9.10,      91.03,    299.62,         34.61
         40,          6,    3,         17.34,          3.29,       9.93,      99.23,    326.41,         33.53
         40,          6,    4,         17.73,          3.29,      10.47,     104.70,    344.31,         32.97
         40,          6,    5,         18.00,          3.29,      10.87,     108.72,    357.51,         32.67
         40,          6,    6,         18.18,          3.29,      11.18,     111.75,    367.44,         32.44
         40,          6,    7,         18.34,          3.29,      11.45,     114.46,    376.35,         32.21
         40,          7,    1,         16.47,          3.29,       8.87,      88.68,    291.90,         40.17
         40,          7,    2,         17.90,          3.29,      10.54,     105.36,    346.47,         37.32
         40,          7,    3,         18.63,          3.29,      11.55,     115.51,    379.79,         36.80
         40,          7,    4,         19.04,          3.29,      12.22,     122.15,    401.62,         36.41
         40,          7,    5,         19.35,          3.29,      12.77,     127.67,    419.68,         36.17
         40,          7,    6,         19.56,          3.29,      13.15,     131.46,    432.06,         36.06
         40,          7,    7,         19.74,          3.29,      13.49,     134.92,    443.38,         35.96
         41,          1,    1,          6.36,          3.30,       2.77,      27.67,     91.27,         44.97
         41,          1,    2,          7.15,          3.30,       2.99,      29.89,     98.56,         30.67
         41,          1,    3,          7.73,          3.30,       3.16,      31.63,    104.28,         26.23
         41,          1,    4,          8.04,          3.30,       3.27,      32.66,    107.66,         24.47
         41,          1,    5,          8.29,          3.30,       3.36,      33.64,    110.89,         23.09
         41,          1,    6,          8.45,          3.30,       3.44,      34.38,    113.33,         22.08
         41,          1,    7,          8.59,          3.30,       3.50,      35.02,    115.42,         21.41
         41,          2,    1,          8.33,          3.30,       3.37,      33.67,    111.01,         30.12
         41,          2,    2,          9.12,          3.30,       3.65,      36.50,    120.33,         25.57
         41,          2,    3,          9.60,          3.30,       3.86,      38.60,    127.25,         23.51
         41,          2,    4,          9.88,          3.30,       3.99,      39.88,    131.44,         22.60
         41,          2,    5,         10.11,          3.30,       4.10,      41.00,    135.13,         21.98
         41,          2,    6,         10.28,          3.30,       4.19,      41.93,    138.21,         21.45
         41,          2,    7,         10.45,          3.30,       4.27,      42.73,    140.84,         21.17
         41,          3,    1,         10.54,          3.30,       4.31,      43.06,    141.91,         28.04
         41,          3,    2,         11.55,          3.30,       4.84,      48.43,    159.62,         24.58
         41,          3,    3,         12.22,          3.30,       5.26,      52.56,    173.21,         23.26
         41,          3,    4,         12.58,          3.30,       5.51,      55.10,    181.57,         22.62
         41,          3,    5,         12.89,          3.30,       5.75,      57.48,    189.42,         22.12
         41,          3,    6,         13.08,          3.29,       5.89,      58.93,    194.14,         21.95
         41,          3,    7,         13.26,          3.29,       6.05,      60.46,    199.16,         21.68
         41,          4,    1,         12.53,          3.30,       5.45,      54.54,    179.73,         31.40
         41,          4,    2,         13.61,          3.29,       6.22,      62.19,    204.82,         27.95
         41,          4,    3,         14.18,          3.29,       6.70,      67.00,    220.61,         26.75
         41,          4,    4,         14.52,          3.29,       7.01,      70.12,    230.86,         26.16
         41,          4,    5,         14.77,          3.29,       7.27,      72.75,    239.49,         25.65
         41,          4,    6,         14.94,          3.29,       7.45,      74.48,    245.18,         25.46
         41,          4,    7,         15.10,          3.29,       7.63,      76.34,    251.30,         25.15
         41,          5,    1,         14.33,          3.29,       6.80,      68.03,    224.01,         35.02
         41,          5,    2,         15.55,          3.29,       7.89,      78.90,    259.73,         31.69
         41,          5,    3,         16.23,          3.29,       8.68,      86.83,    285.84,         30.11
         41,          5,    4,         16.62,          3.29,       9.15,      91.52,    301.18,         29.71
         41,          5,    5,         16.94,          3.29,       9.60,      96.01,    315.86,         29.19
         41,          5,    6,         17.14,          3.29,       9.88,      98.85,    325.16,         28.99
         41,          5,    7,         17.32,          3.29,      10.17,     101.73,    334.57,         28.72
         41,          6,    1,         15.76,          3.29,       8.13,      81.29,    267.60,         37.36
         41,          6,    2,         17.09,          3.29,       9.56,      95.59,    314.53,         34.62
         41,          6,    3,         17.77,          3.29,      10.55,     105.43,    346.67,         33.27
         41,          6,    4,         18.15,          3.29,      11.08,     110.79,    364.29,         33.09
         41,          6,    5,         18.43,          3.29,      11.59,     115.88,    381.01,         32.55
         41,          6,    6,         18.62,          3.29,      11.90,     118.98,    391.18,         32.43
         41,          6,    7,         18.78,          3.29,      12.25,     122.48,    402.68,         32.04
         41,          7,    1,         16.81,          3.29,       9.22,      92.15,    303.28,         40.05
         41,          7,    2,         18.29,          3.29,      11.08,     110.78,    364.25,         37.33
         41,          7,    3,         19.02,          3.29,      12.21,     122.12,    401.49,         36.65
         41,          7,    4,         19.45,          3.29,      12.96,     129.59,    425.92,         36.33
         41,          7,    5,         19.75,          3.29,      13.58,     135.77,    446.11,         35.99
         41,          7,    6,         19.96,          3.28,      14.01,     140.06,    460.05,         35.83
         41,          7,    7,         20.14,          3.28,      14.39,     143.89,    472.58,         35.76
         42,          1,    1,          6.38,          3.30,       2.78,      27.76,     91.53,         44.57
         42,          1,    2,          7.19,          3.30,       3.01,      30.09,     99.23,         29.97
         42,          1,    3,          7.80,          3.30,       3.21,      32.10,    105.81,         25.05
         42,          1,    4,          8.11,          3.30,       3.32,      33.23,    109.54,         23.29
         42,          1,    5,          8.38,          3.30,       3.41,      34.11,    112.45,         22.44
         42,          1,    6,          8.54,          3.30,       3.50,      34.95,    115.22,         21.38
         42,          1,    7,          8.68,          3.30,       3.55,      35.46,    116.89,         21.03
         42,          2,    1,          8.45,          3.30,       3.43,      34.26,    112.93,         28.92
         42,          2,    2,          9.27,          3.30,       3.74,      37.40,    123.27,         24.44
         42,          2,    3,          9.74,          3.30,       3.96,      39.54,    130.31,         22.68
         42,          2,    4,         10.02,          3.30,       4.10,      41.04,    135.27,         21.61
         42,          2,    5,         10.27,          3.30,       4.23,      42.33,    139.52,         20.93
         42,          2,    6,         10.44,          3.30,       4.32,      43.23,    142.48,         20.58
         42,          2,    7,         10.62,          3.30,       4.41,      44.12,    145.40,         20.34
         42,          3,    1,         10.78,          3.30,       4.47,      44.79,    147.65,         26.84
         42,          3,    2,         11.84,          3.30,       5.08,      50.76,    167.29,         23.76
         42,          3,    3,         12.52,          3.30,       5.54,      55.41,    182.57,         22.44
         42,          3,    4,         12.88,          3.29,       5.81,      58.05,    191.27,         22.02
         42,          3,    5,         13.20,          3.29,       6.07,      60.75,    200.12,         21.54
         42,          3,    6,         13.39,          3.29,       6.23,      62.35,    205.39,         21.34
         42,          3,    7,         13.57,          3.29,       6.40,      63.95,    210.61,         21.17
         42,          4,    1,         12.90,          3.29,       5.74,      57.47,    189.35,         30.87
         42,          4,    2,         14.00,          3.29,       6.56,      65.65,    216.18,         27.95
         42,          4,    3,         14.61,          3.29,       7.11,      71.13,    234.17,         26.76
         42,          4,    4,         14.96,          3.29,       7.47,      74.71,    245.94,         26.15
         42,          4,    5,         15.22,          3.29,       7.78,      77.83,    256.22,         25.61
         42,          4,    6,         15.40,          3.29,       8.00,      79.97,    263.28,         25.31
         42,          4,    7,         15.57,          3.29,       8.22,      82.21,    270.62,         24.95
         42,          5,    1,         14.73,          3.29,       7.15,      71.52,    235.45,         35.18
         42,          5,    2,         15.96,          3.29,       8.31,      83.07,    273.44,         32.21
         42,          5,    3,         16.64,          3.29,       9.10,      90.96,    299.35,         31.04
         42,          5,    4,         17.05,          3.29,       9.65,      96.48,    317.44,         30.45
         42,          5,    5,         17.36,          3.29,      10.10,     101.02,    332.23,         30.05
         42,          5,    6,         17.59,          3.29,      10.45,     104.49,    343.61,         29.77
         42,          5,    7,         17.77,          3.29,      10.78,     107.79,    354.45,         29.40
         42,          6,    1,         16.21,          3.29,       8.62,      86.16,    283.64,         36.90
         42,          6,    2,         17.53,          3.29,      10.13,     101.24,    332.98,         34.88
         42,          6,    3,         18.21,          3.29,      11.09,     110.85,    364.48,         34.11
         42,          6,    4,         18.60,          3.29,      11.71,     117.08,    384.97,         33.82
         42,          6,    5,         18.88,          3.29,      12.21,     122.07,    401.36,         33.50
         42,          6,    6,         19.09,          3.29,      12.61,     126.11,    414.58,         33.19
         42,          6,    7,         19.25,          3.29,      12.93,     129.30,    425.00,         33.03
         42,          7,    1,         17.21,          3.29,       9.70,      97.01,    319.14,         39.29
         42,          7,    2,         18.72,          3.29,      11.67,     116.75,    383.88,         37.49
         42,          7,    3,         19.49,          3.29,      13.04,     130.41,    428.64,         36.55
         42,          7,    4,         19.90,          3.29,      13.77,     137.68,    452.31,         36.61
         42,          7,    5,         20.22,          3.28,      14.49,     144.84,    475.68,         36.26
         42,          7,    6,         20.43,          3.28,      14.94,     149.39,    490.60,         36.13
         42,          7,    7,         20.61,          3.28,      15.41,     154.12,    506.14,         35.87
         43,          1,    1,          6.40,          3.30,       2.80,      28.00,     92.36,         40.10
         43,          1,    2,          7.24,          3.30,       3.05,      30.53,    100.67,         27.56
         43,          1,    3,          7.85,          3.30,       3.25,      32.42,    106.87,         23.99
         43,          1,    4,          8.17,          3.30,       3.37,      33.72,    111.14,         22.11
         43,          1,    5,          8.44,          3.30,       3.47,      34.66,    114.25,         21.32
         43,          1,    6,          8.61,          3.30,       3.55,      35.54,    117.14,         20.37
         43,          1,    7,          8.76,          3.30,       3.61,      36.08,    118.91,         20.08
         43,          2,    1,          8.58,          3.30,       3.52,      35.16,    115.88,         27.37
         43,          2,    2,          9.41,          3.30,       3.86,      38.56,    127.09,         23.26
         43,          2,    3,          9.91,          3.30,       4.09,      40.85,    134.66,         21.70
         43,          2,    4,         10.19,          3.30,       4.25,      42.46,    139.96,         20.72
         43,          2,    5,         10.43,          3.30,       4.37,      43.71,    144.08,         20.26
         43,          2,    6,         10.61,          3.30,       4.47,      44.68,    147.25,         19.94
         43,          2,    7,         10.79,          3.30,       4.59,      45.94,    151.41,         19.38
         43,          3,    1,         11.09,          3.30,       4.69,      46.86,    154.47,         26.16
         43,          3,    2,         12.15,          3.30,       5.32,      53.19,    175.29,         23.48
         43,          3,    3,         12.89,          3.29,       5.86,      58.59,    193.04,         22.18
         43,          3,    4,         13.27,          3.29,       6.16,      61.62,    202.98,         21.73
         43,          3,    5,         13.61,          3.29,       6.48,      64.81,    213.43,         21.25
         43,          3,    6,         13.80,          3.29,       6.66,      66.61,    219.36,         21.06
         43,          3,    7,         13.98,          3.29,       6.86,      68.59,    225.82,         20.77
         43,          4,    1,         13.19,          3.29,       5.94,      59.34,    195.47,         31.85
         43,          4,    2,         14.33,          3.29,       6.83,      68.33,    224.97,         28.56
         43,          4,    3,         14.95,          3.29,       7.40,      74.00,    243.60,         27.50
         43,          4,    4,         15.32,          3.29,       7.81,      78.04,    256.92,         26.82
         43,          4,    5,         15.59,          3.29,       8.14,      81.39,    267.94,         26.27
         43,          4,    6,         15.80,          3.29,       8.41,      84.07,    276.76,         25.93
         43,          4,    7,         15.98,          3.29,       8.65,      86.48,    284.67,         25.59
         43,          5,    1,         15.07,          3.29,       7.41,      74.12,    244.02,         36.68
         43,          5,    2,         16.32,          3.29,       8.66,      86.61,    285.08,         33.33
         43,          5,    3,         17.00,          3.29,       9.49,      94.92,    312.33,         32.20
         43,          5,    4,         17.43,          3.29,      10.08,     100.79,    331.51,         31.61
         43,          5,    5,         17.75,          3.29,      10.58,     105.80,    347.89,         31.16
         43,          5,    6,         17.98,          3.29,      10.96,     109.60,    360.39,         30.81
         43,          5,    7,         18.17,          3.29,      11.30,     112.99,    371.50,         30.51
         43,          6,    1,         16.58,          3.29,       8.96,      89.57,    294.80,         37.87
         43,          6,    2,         17.93,          3.29,      10.58,     105.84,    348.03,         35.84
         43,          6,    3,         18.60,          3.29,      11.59,     115.86,    380.94,         35.18
         43,          6,    4,         19.01,          3.29,      12.29,     122.91,    404.08,         34.75
         43,          6,    5,         19.30,          3.29,      12.81,     128.10,    421.06,         34.57
         43,          6,    6,         19.51,          3.29,      13.23,     132.33,    434.89,         34.31
         43,          6,    7,         19.67,          3.29,      13.61,     136.02,    446.88,         34.06
         43,          7,    1,         17.65,          3.29,      10.28,     102.81,    338.13,         38.73
         43,          7,    2,         19.15,          3.29,      12.33,     123.31,    405.43,         37.76
         43,          7,    3,         19.92,          3.29,      13.69,     136.87,    449.64,         37.45
         43,          7,    4,         20.34,          3.28,      14.54,     145.40,    477.50,         37.33
         43,          7,    5,         20.66,          3.28,      15.24,     152.36,    500.36,         37.20
         43,          7,    6,         20.86,          3.28,      15.76,     157.58,    517.48,         37.01
         43,          7,    7,         21.05,          3.28,      16.23,     162.27,    532.81,         36.87
         44,          1,    1,          6.44,          3.30,       2.85,      28.49,     93.94,         36.03
         44,          1,    2,          7.29,          3.30,       3.10,      30.93,    102.00,         26.42
         44,          1,    3,          7.91,          3.30,       3.32,      33.19,    109.43,         22.29
         44,          1,    4,          8.24,          3.30,       3.44,      34.41,    113.44,         21.03
         44,          1,    5,          8.52,          3.30,       3.56,      35.57,    117.25,         20.03
         44,          1,    6,          8.69,          3.30,       3.64,      36.37,    119.87,         19.39
         44,          1,    7,          8.84,          3.30,       3.71,      37.05,    122.11,         18.95
         44,          2,    1,          8.77,          3.30,       3.65,      36.45,    120.14,         25.48
         44,          2,    2,          9.65,          3.30,       4.03,      40.31,    132.88,         21.82
         44,          2,    3,         10.15,          3.30,       4.29,      42.94,    141.53,         20.33
         44,          2,    4,         10.44,          3.30,       4.45,      44.53,    146.76,         19.71
         44,          2,    5,         10.70,          3.30,       4.62,      46.23,    152.39,         19.00
         44,          2,    6,         10.87,          3.30,       4.72,      47.16,    155.43,         18.86
         44,          2,    7,         11.05,          3.30,       4.86,      48.57,    160.09,         18.33
         44,          3,    1,         11.37,          3.30,       4.84,      48.46,    159.72,         26.56
         44,          3,    2,         12.49,          3.30,       5.55,      55.54,    183.01,         23.68
         44,          3,    3,         13.23,          3.29,       6.10,      60.96,    200.84,         22.67
         44,          3,    4,         13.64,          3.29,       6.46,      64.62,    212.79,         22.11
         44,          3,    5,         14.00,          3.29,       6.81,      68.11,    224.27,         21.61
         44,          3,    6,         14.23,          3.29,       7.05,      70.47,    231.99,         21.38
         44,          3,    7,         14.43,          3.29,       7.28,      72.76,    239.54,         21.09
         44,          4,    1,         13.50,          3.29,       6.15,      61.52,    202.62,         33.63
         44,          4,    2,         14.67,          3.29,       7.11,      71.05,    233.92,         29.93
         44,          4,    3,         15.30,          3.29,       7.74,      77.32,    254.55,         28.60
         44,          4,    4,         15.69,          3.29,       8.16,      81.63,    268.71,         27.93
         44,          4,    5,         15.97,          3.29,       8.53,      85.25,    280.63,         27.37
         44,          4,    6,         16.19,          3.29,       8.82,      88.19,    290.31,         26.98
         44,          4,    7,         16.38,          3.29,       9.10,      90.96,    299.36,         26.58
         44,          5,    1,         15.41,          3.29,       7.71,      77.12,    253.88,         39.26
         44,          5,    2,         16.71,          3.29,       9.05,      90.52,    297.91,         35.34
         44,          5,    3,         17.41,          3.29,       9.96,      99.58,    327.57,         33.94
         44,          5,    4,         17.84,          3.29,      10.60,     105.98,    348.50,         33.19
         44,          5,    5,         18.18,          3.29,      11.12,     111.22,    365.68,         32.80
         44,          5,    6,         18.41,          3.29,      11.54,     115.35,    379.27,         32.37
         44,          5,    7,         18.60,          3.29,      11.90,     118.99,    391.22,         32.05
         44,          6,    1,         16.95,          3.29,       9.34,      93.38,    307.30,         39.54
         44,          6,    2,         18.35,          3.29,      11.10,     110.97,    364.88,         37.37
         44,          6,    3,         19.03,          3.29,      12.19,     121.90,    400.80,         36.59
         44,          6,    4,         19.45,          3.29,      12.94,     129.35,    425.20,         36.26
         44,          6,    5,         19.74,          3.29,      13.51,     135.05,    443.73,         36.01
         44,          6,    6,         19.96,          3.28,      13.97,     139.65,    458.71,         35.77
         44,          6,    7,         20.12,          3.28,      14.36,     143.53,    471.42,         35.51
         44,          7,    1,         18.07,          3.29,      10.78,     107.75,    354.32,         39.31
         44,          7,    2,         19.60,          3.29,      13.02,     130.23,    428.07,         38.46
         44,          7,    3,         20.36,          3.28,      14.40,     143.99,    472.93,         38.55
         44,          7,    4,         20.79,          3.28,      15.34,     153.36,    503.65,         38.40
         44,          7,    5,         21.11,          3.28,      16.09,     160.84,    528.11,         38.31
         44,          7,    6,         20.97,          3.28,      15.96,     159.54,    523.92,         37.56
         44,          7,    7,         20.94,          3.28,      16.02,     160.17,    525.97,         37.06

