[Radio] Initializing ... success!
Connected to RF power monitor: Rohde&Schwarz,FPC1500,1328.6660K03/205785,V1.80
Connected to DC power monitor: radiolib-org,DCpowerMon,070dd3d
setCurrentLimit skipped

Set [dBm/2],paDutyCycle,paSlc,Measured [dBm],Bus voltage[V],Voltage[mV],Current[mA],Power [mW],Efficiency [%]
        -18,          1,    1,        -22.37,          3.30,       0.89,       8.93,     29.45,          0.40
        -18,          1,    2,        -20.59,          3.30,       0.93,       9.26,     30.55,          0.34
        -18,          1,    3,        -19.16,          3.30,       0.96,       9.59,     31.66,          0.33
        -18,          1,    4,        -18.13,          3.30,       0.99,       9.94,     32.80,          0.32
        -18,          1,    5,        -17.20,          3.30,       1.02,      10.23,     33.76,          0.33
        -18,          1,    6,        -16.44,          3.30,       1.05,      10.52,     34.73,          0.34
        -18,          1,    7,        -15.86,          3.30,       1.08,      10.78,     35.58,          0.34
        -18,          2,    1,        -20.12,          3.30,       0.91,       9.15,     30.20,          0.76
        -18,          2,    2,        -18.65,          3.30,       0.95,       9.55,     31.51,          0.53
        -18,          2,    3,        -17.19,          3.30,       0.99,       9.92,     32.74,          0.50
        -18,          2,    4,        -16.26,          3.30,       1.03,      10.26,     33.85,          0.48
        -18,          2,    5,        -15.31,          3.30,       1.06,      10.57,     34.89,          0.49
        -18,          2,    6,        -14.84,          3.30,       1.09,      10.90,     35.97,          0.47
        -18,          2,    7,        -14.25,          3.30,       1.12,      11.28,     37.21,          0.45
        -18,          3,    1,        -17.40,          3.30,       0.96,       9.58,     31.60,          0.98
        -18,          3,    2,        -16.05,          3.30,       1.00,      10.00,     32.99,          0.77
        -18,          3,    3,        -14.99,          3.30,       1.04,      10.40,     34.34,          0.69
        -18,          3,    4,        -14.05,          3.30,       1.08,      10.78,     35.57,          0.68
        -18,          3,    5,        -13.49,          3.30,       1.11,      11.15,     36.80,          0.63
        -18,          3,    6,        -12.94,          3.30,       1.15,      11.50,     37.94,          0.62
        -18,          3,    7,        -12.36,          3.30,       1.18,      11.80,     38.93,          0.63
        -18,          4,    1,        -15.37,          3.30,       1.00,       9.98,     32.93,          1.30
        -18,          4,    2,        -14.15,          3.30,       1.04,      10.41,     34.34,          1.06
        -18,          4,    3,        -13.26,          3.30,       1.09,      10.84,     35.79,          0.93
        -18,          4,    4,        -12.61,          3.30,       1.13,      11.31,     37.32,          0.83
        -18,          4,    5,        -11.99,          3.30,       1.16,      11.65,     38.42,          0.82
        -18,          4,    6,        -11.60,          3.30,       1.20,      11.99,     39.57,          0.78
        -18,          4,    7,        -11.19,          3.30,       1.23,      12.32,     40.65,          0.76
        -18,          5,    1,        -13.42,          3.30,       1.05,      10.56,     34.83,          1.64
        -18,          5,    2,        -12.29,          3.30,       1.11,      11.10,     36.61,          1.29
        -18,          5,    3,        -11.51,          3.30,       1.16,      11.55,     38.12,          1.16
        -18,          5,    4,        -10.95,          3.30,       1.20,      11.97,     39.50,          1.08
        -18,          5,    5,        -10.48,          3.30,       1.23,      12.31,     40.61,          1.04
        -18,          5,    6,        -10.12,          3.30,       1.27,      12.67,     41.80,          1.00
        -18,          5,    7,         -9.83,          3.30,       1.30,      13.01,     42.90,          0.96
        -18,          6,    1,        -12.12,          3.30,       1.11,      11.04,     36.43,          2.16
        -18,          6,    2,        -11.08,          3.30,       1.17,      11.62,     38.34,          1.64
        -18,          6,    3,        -10.43,          3.30,       1.21,      12.09,     39.87,          1.44
        -18,          6,    4,         -9.94,          3.30,       1.25,      12.52,     41.29,          1.32
        -18,          6,    5,         -9.56,          3.30,       1.29,      12.95,     42.72,          1.21
        -18,          6,    6,         -9.30,          3.30,       1.33,      13.30,     43.87,          1.14
        -18,          6,    7,         -9.05,          3.30,       1.36,      13.63,     44.96,          1.09
        -18,          7,    1,        -11.00,          3.30,       1.16,      11.61,     38.32,          2.24
        -18,          7,    2,        -10.04,          3.30,       1.22,      12.20,     40.24,          1.81
        -18,          7,    3,         -9.47,          3.30,       1.27,      12.77,     42.11,          1.54
        -18,          7,    4,         -8.98,          3.30,       1.32,      13.19,     43.52,          1.45
        -18,          7,    5,         -8.67,          3.30,       1.36,      13.58,     44.79,          1.36
        -18,          7,    6,         -8.42,          3.30,       1.40,      13.97,     46.09,          1.27
        -18,          7,    7,         -8.19,          3.30,       1.43,      14.35,     47.33,          1.21
        -17,          1,    1,        -22.02,          3.30,       0.89,       8.92,     29.42,          0.49
        -17,          1,    2,        -20.41,          3.30,       0.93,       9.31,     30.74,          0.35
        -17,          1,    3,        -18.76,          3.30,       0.97,       9.67,     31.91,          0.35
        -17,          1,    4,        -17.84,          3.30,       1.00,       9.97,     32.91,          0.35
        -17,          1,    5,        -16.94,          3.30,       1.03,      10.28,     33.92,          0.35
        -17,          1,    6,        -16.07,          3.30,       1.06,      10.60,     34.99,          0.36
        -17,          1,    7,        -15.43,          3.30,       1.09,      10.87,     35.84,          0.37
        -17,          2,    1,        -19.81,          3.30,       0.92,       9.20,     30.37,          0.86
        -17,          2,    2,        -18.12,          3.30,       0.96,       9.60,     31.68,          0.61
        -17,          2,    3,        -16.86,          3.30,       1.00,       9.98,     32.91,          0.55
        -17,          2,    4,        -15.89,          3.30,       1.03,      10.32,     34.07,          0.52
        -17,          2,    5,        -15.00,          3.30,       1.07,      10.66,     35.16,          0.53
        -17,          2,    6,        -14.41,          3.30,       1.10,      11.02,     36.34,          0.50
        -17,          2,    7,        -13.84,          3.30,       1.14,      11.36,     37.49,          0.50
        -17,          3,    1,        -17.06,          3.30,       0.96,       9.66,     31.86,          1.10
        -17,          3,    2,        -15.60,          3.30,       1.01,      10.09,     33.28,          0.86
        -17,          3,    3,        -14.47,          3.30,       1.05,      10.50,     34.63,          0.78
        -17,          3,    4,        -13.67,          3.30,       1.09,      10.88,     35.89,          0.74
        -17,          3,    5,        -13.09,          3.30,       1.13,      11.27,     37.17,          0.69
        -17,          3,    6,        -12.52,          3.30,       1.16,      11.58,     38.19,          0.69
        -17,          3,    7,        -12.08,          3.30,       1.19,      11.93,     39.35,          0.67
        -17,          4,    1,        -15.01,          3.30,       1.01,      10.09,     33.30,          1.38
        -17,          4,    2,        -13.78,          3.30,       1.05,      10.54,     34.76,          1.12
        -17,          4,    3,        -12.89,          3.30,       1.10,      11.01,     36.34,          0.97
        -17,          4,    4,        -12.16,          3.30,       1.15,      11.44,     37.73,          0.90
        -17,          4,    5,        -11.61,          3.30,       1.18,      11.80,     38.91,          0.87
        -17,          4,    6,        -11.16,          3.30,       1.21,      12.15,     40.06,          0.85
        -17,          4,    7,        -10.79,          3.30,       1.25,      12.43,     40.99,          0.84
        -17,          5,    1,        -13.03,          3.30,       1.07,      10.67,     35.21,          1.73
        -17,          5,    2,        -11.86,          3.30,       1.13,      11.27,     37.18,          1.34
        -17,          5,    3,        -11.02,          3.30,       1.17,      11.74,     38.72,          1.24
        -17,          5,    4,        -10.51,          3.30,       1.21,      12.10,     39.91,          1.17
        -17,          5,    5,        -10.07,          3.30,       1.25,      12.53,     41.36,          1.09
        -17,          5,    6,         -9.74,          3.30,       1.29,      12.89,     42.54,          1.04
        -17,          5,    7,         -9.47,          3.30,       1.32,      13.21,     43.56,          1.01
        -17,          6,    1,        -11.64,          3.30,       1.13,      11.27,     37.19,          2.12
        -17,          6,    2,        -10.64,          3.30,       1.18,      11.82,     39.00,          1.71
        -17,          6,    3,         -9.95,          3.30,       1.23,      12.32,     40.65,          1.51
        -17,          6,    4,         -9.50,          3.30,       1.28,      12.75,     42.06,          1.38
        -17,          6,    5,         -9.06,          3.30,       1.32,      13.13,     43.32,          1.33
        -17,          6,    6,         -8.85,          3.30,       1.35,      13.51,     44.57,          1.23
        -17,          6,    7,         -8.60,          3.30,       1.39,      13.86,     45.70,          1.17
        -17,          7,    1,        -10.56,          3.30,       1.18,      11.81,     38.97,          2.41
        -17,          7,    2,         -9.58,          3.30,       1.25,      12.44,     41.05,          1.92
        -17,          7,    3,         -8.96,          3.30,       1.30,      13.02,     42.93,          1.67
        -17,          7,    4,         -8.49,          3.30,       1.35,      13.44,     44.33,          1.57
        -17,          7,    5,         -8.19,          3.30,       1.38,      13.84,     45.64,          1.47
        -17,          7,    6,         -7.94,          3.30,       1.42,      14.24,     46.97,          1.38
        -17,          7,    7,         -7.71,          3.30,       1.46,      14.62,     48.23,          1.31
        -16,          1,    1,        -21.31,          3.30,       0.90,       9.02,     29.78,          0.51
        -16,          1,    2,        -19.69,          3.30,       0.94,       9.40,     31.02,          0.40
        -16,          1,    3,        -18.20,          3.30,       0.97,       9.77,     32.26,          0.38
        -16,          1,    4,        -17.19,          3.30,       1.01,      10.09,     33.28,          0.39
        -16,          1,    5,        -16.36,          3.30,       1.04,      10.39,     34.29,          0.39
        -16,          1,    6,        -15.61,          3.30,       1.07,      10.67,     35.21,          0.40
        -16,          1,    7,        -14.89,          3.30,       1.10,      11.02,     36.36,          0.40
        -16,          2,    1,        -19.18,          3.30,       0.93,       9.36,     30.88,          0.82
        -16,          2,    2,        -17.63,          3.30,       0.97,       9.73,     32.11,          0.64
        -16,          2,    3,        -16.18,          3.30,       1.01,      10.12,     33.39,          0.61
        -16,          2,    4,        -15.29,          3.30,       1.05,      10.46,     34.53,          0.58
        -16,          2,    5,        -14.46,          3.30,       1.08,      10.83,     35.73,          0.57
        -16,          2,    6,        -13.86,          3.30,       1.12,      11.19,     36.91,          0.55
        -16,          2,    7,        -13.37,          3.30,       1.15,      11.53,     38.03,          0.53
        -16,          3,    1,        -16.42,          3.30,       0.98,       9.82,     32.39,          1.14
        -16,          3,    2,        -14.84,          3.30,       1.02,      10.24,     33.77,          0.97
        -16,          3,    3,        -13.94,          3.30,       1.06,      10.64,     35.10,          0.86
        -16,          3,    4,        -13.13,          3.30,       1.10,      11.07,     36.52,          0.79
        -16,          3,    5,        -12.48,          3.30,       1.15,      11.45,     37.77,          0.76
        -16,          3,    6,        -11.90,          3.30,       1.18,      11.78,     38.84,          0.76
        -16,          3,    7,        -11.52,          3.30,       1.21,      12.10,     39.92,          0.74
        -16,          4,    1,        -14.39,          3.30,       1.03,      10.26,     33.85,          1.53
        -16,          4,    2,        -13.18,          3.30,       1.08,      10.74,     35.42,          1.22
        -16,          4,    3,        -12.23,          3.30,       1.12,      11.26,     37.13,          1.06
        -16,          4,    4,        -11.55,          3.30,       1.17,      11.66,     38.45,          1.00
        -16,          4,    5,        -11.02,          3.30,       1.20,      12.04,     39.72,          0.96
        -16,          4,    6,        -10.61,          3.30,       1.24,      12.38,     40.82,          0.93
        -16,          4,    7,        -10.24,          3.30,       1.27,      12.70,     41.89,          0.91
        -16,          5,    1,        -12.33,          3.30,       1.09,      10.91,     36.00,          1.90
        -16,          5,    2,        -11.25,          3.30,       1.15,      11.50,     37.94,          1.50
        -16,          5,    3,        -10.47,          3.30,       1.20,      12.01,     39.61,          1.34
        -16,          5,    4,         -9.89,          3.30,       1.24,      12.42,     40.99,          1.27
        -16,          5,    5,         -9.48,          3.30,       1.28,      12.82,     42.28,          1.21
        -16,          5,    6,         -9.19,          3.30,       1.32,      13.19,     43.52,          1.14
        -16,          5,    7,         -8.85,          3.30,       1.35,      13.54,     44.67,          1.11
        -16,          6,    1,        -10.95,          3.30,       1.15,      11.50,     37.94,          2.40
        -16,          6,    2,        -10.00,          3.30,       1.21,      12.12,     39.97,          1.86
        -16,          6,    3,         -9.34,          3.30,       1.26,      12.62,     41.64,          1.65
        -16,          6,    4,         -8.90,          3.30,       1.31,      13.09,     43.19,          1.50
        -16,          6,    5,         -8.46,          3.30,       1.35,      13.47,     44.42,          1.45
        -16,          6,    6,         -8.20,          3.30,       1.39,      13.84,     45.68,          1.37
        -16,          6,    7,         -7.96,          3.30,       1.42,      14.21,     46.88,          1.30
        -16,          7,    1,         -9.87,          3.30,       1.21,      12.10,     39.92,          2.80
        -16,          7,    2,         -8.94,          3.30,       1.28,      12.78,     42.17,          2.15
        -16,          7,    3,         -8.33,          3.30,       1.34,      13.39,     44.16,          1.85
        -16,          7,    4,         -7.88,          3.30,       1.38,      13.82,     45.60,          1.74
        -16,          7,    5,         -7.51,          3.30,       1.43,      14.29,     47.12,          1.63
        -16,          7,    6,         -7.26,          3.30,       1.47,      14.72,     48.54,          1.53
        -16,          7,    7,         -7.05,          3.30,       1.51,      15.06,     49.67,          1.47
        -15,          1,    1,        -21.17,          3.30,       0.91,       9.10,     30.02,          0.49
        -15,          1,    2,        -19.36,          3.30,       0.95,       9.47,     31.26,          0.41
        -15,          1,    3,        -17.93,          3.30,       0.99,       9.82,     32.40,          0.41
        -15,          1,    4,        -16.90,          3.30,       1.02,      10.17,     33.55,          0.40
        -15,          1,    5,        -16.02,          3.30,       1.04,      10.43,     34.43,          0.42
        -15,          1,    6,        -15.28,          3.30,       1.08,      10.76,     35.49,          0.42
        -15,          1,    7,        -14.72,          3.30,       1.12,      11.10,     36.63,          0.41
        -15,          2,    1,        -18.82,          3.30,       0.94,       9.39,     30.97,          0.97
        -15,          2,    2,        -17.14,          3.30,       0.98,       9.78,     32.26,          0.73
        -15,          2,    3,        -15.87,          3.30,       1.02,      10.16,     33.53,          0.66
        -15,          2,    4,        -14.92,          3.30,       1.06,      10.56,     34.83,          0.62
        -15,          2,    5,        -14.19,          3.30,       1.09,      10.88,     35.90,          0.61
        -15,          2,    6,        -13.55,          3.30,       1.13,      11.26,     37.16,          0.59
        -15,          2,    7,        -13.00,          3.30,       1.16,      11.58,     38.21,          0.58
        -15,          3,    1,        -16.06,          3.30,       0.99,       9.92,     32.71,          1.19
        -15,          3,    2,        -14.58,          3.30,       1.03,      10.35,     34.15,          0.99
        -15,          3,    3,        -13.59,          3.30,       1.08,      10.76,     35.51,          0.90
        -15,          3,    4,        -12.73,          3.30,       1.12,      11.20,     36.96,          0.84
        -15,          3,    5,        -12.13,          3.30,       1.16,      11.56,     38.16,          0.81
        -15,          3,    6,        -11.58,          3.30,       1.19,      11.92,     39.31,          0.80
        -15,          3,    7,        -11.10,          3.30,       1.23,      12.27,     40.48,          0.79
        -15,          4,    1,        -13.97,          3.30,       1.04,      10.35,     34.16,          1.70
        -15,          4,    2,        -12.80,          3.30,       1.09,      10.88,     35.87,          1.29
        -15,          4,    3,        -11.84,          3.30,       1.14,      11.36,     37.48,          1.15
        -15,          4,    4,        -11.14,          3.30,       1.18,      11.79,     38.89,          1.09
        -15,          4,    5,        -10.66,          3.30,       1.22,      12.17,     40.13,          1.03
        -15,          4,    6,        -10.25,          3.30,       1.26,      12.54,     41.36,          0.99
        -15,          4,    7,         -9.88,          3.30,       1.29,      12.91,     42.60,          0.95
        -15,          5,    1,        -11.96,          3.30,       1.11,      11.10,     36.62,          1.86
        -15,          5,    2,        -10.81,          3.30,       1.17,      11.66,     38.47,          1.58
        -15,          5,    3,        -10.08,          3.30,       1.22,      12.18,     40.19,          1.41
        -15,          5,    4,         -9.51,          3.30,       1.26,      12.63,     41.66,          1.32
        -15,          5,    5,         -9.09,          3.30,       1.30,      13.01,     42.91,          1.27
        -15,          5,    6,         -8.77,          3.30,       1.34,      13.39,     44.15,          1.21
        -15,          5,    7,         -8.47,          3.30,       1.38,      13.76,     45.40,          1.17
        -15,          6,    1,        -10.58,          3.30,       1.17,      11.72,     38.67,          2.45
        -15,          6,    2,         -9.62,          3.30,       1.23,      12.32,     40.66,          1.96
        -15,          6,    3,         -8.94,          3.30,       1.29,      12.87,     42.45,          1.74
        -15,          6,    4,         -8.41,          3.30,       1.33,      13.31,     43.90,          1.64
        -15,          6,    5,         -8.08,          3.30,       1.37,      13.73,     45.29,          1.53
        -15,          6,    6,         -7.84,          3.30,       1.41,      14.06,     46.40,          1.46
        -15,          6,    7,         -7.57,          3.30,       1.46,      14.53,     47.94,          1.36
        -15,          7,    1,         -9.51,          3.30,       1.23,      12.33,     40.67,          2.96
        -15,          7,    2,         -8.52,          3.30,       1.31,      13.07,     43.10,          2.26
        -15,          7,    3,         -7.90,          3.30,       1.36,      13.63,     44.97,          2.01
        -15,          7,    4,         -7.45,          3.30,       1.41,      14.12,     46.57,          1.86
        -15,          7,    5,         -7.13,          3.30,       1.46,      14.58,     48.09,          1.73
        -15,          7,    6,         -6.86,          3.30,       1.50,      14.98,     49.41,          1.65
        -15,          7,    7,         -6.66,          3.30,       1.53,      15.34,     50.60,          1.57
        -14,          1,    1,        -20.63,          3.30,       0.92,       9.12,     30.12,          0.57
        -14,          1,    2,        -18.88,          3.30,       0.96,       9.57,     31.57,          0.44
        -14,          1,    3,        -17.57,          3.30,       0.99,       9.92,     32.72,          0.43
        -14,          1,    4,        -16.50,          3.30,       1.03,      10.24,     33.77,          0.43
        -14,          1,    5,        -15.51,          3.30,       1.06,      10.56,     34.86,          0.45
        -14,          1,    6,        -14.75,          3.30,       1.09,      10.90,     35.96,          0.46
        -14,          1,    7,        -14.18,          3.30,       1.12,      11.25,     37.13,          0.45
        -14,          2,    1,        -18.30,          3.30,       0.95,       9.49,     31.31,          1.03
        -14,          2,    2,        -16.84,          3.30,       0.99,       9.88,     32.61,          0.76
        -14,          2,    3,        -15.43,          3.30,       1.03,      10.34,     34.10,          0.68
        -14,          2,    4,        -14.49,          3.30,       1.07,      10.66,     35.18,          0.67
        -14,          2,    5,        -13.61,          3.30,       1.11,      11.09,     36.59,          0.65
        -14,          2,    6,        -13.06,          3.30,       1.14,      11.45,     37.78,          0.63
        -14,          2,    7,        -12.52,          3.30,       1.17,      11.75,     38.76,          0.63
        -14,          3,    1,        -15.44,          3.30,       1.00,      10.03,     33.09,          1.43
        -14,          3,    2,        -14.08,          3.30,       1.05,      10.50,     34.65,          1.10
        -14,          3,    3,        -12.97,          3.30,       1.09,      10.95,     36.13,          1.00
        -14,          3,    4,        -12.23,          3.30,       1.14,      11.37,     37.51,          0.93
        -14,          3,    5,        -11.56,          3.30,       1.18,      11.77,     38.82,          0.90
        -14,          3,    6,        -11.06,          3.30,       1.21,      12.10,     39.91,          0.89
        -14,          3,    7,        -10.70,          3.30,       1.25,      12.46,     41.08,          0.85
        -14,          4,    1,        -13.41,          3.30,       1.06,      10.57,     34.85,          1.69
        -14,          4,    2,        -12.24,          3.30,       1.11,      11.10,     36.63,          1.33
        -14,          4,    3,        -11.32,          3.30,       1.16,      11.59,     38.25,          1.21
        -14,          4,    4,        -10.63,          3.30,       1.20,      11.98,     39.53,          1.17
        -14,          4,    5,        -10.11,          3.30,       1.24,      12.40,     40.91,          1.11
        -14,          4,    6,         -9.68,          3.30,       1.28,      12.79,     42.20,          1.07
        -14,          4,    7,         -9.36,          3.30,       1.32,      13.17,     43.46,          1.02
        -14,          5,    1,        -11.35,          3.30,       1.13,      11.32,     37.34,          2.05
        -14,          5,    2,        -10.27,          3.30,       1.19,      11.89,     39.23,          1.72
        -14,          5,    3,         -9.49,          3.30,       1.24,      12.40,     40.89,          1.58
        -14,          5,    4,         -8.97,          3.30,       1.29,      12.90,     42.55,          1.44
        -14,          5,    5,         -8.56,          3.30,       1.33,      13.32,     43.93,          1.37
        -14,          5,    6,         -8.16,          3.30,       1.37,      13.69,     45.14,          1.34
        -14,          5,    7,         -7.90,          3.30,       1.40,      14.02,     46.23,          1.30
        -14,          6,    1,        -10.08,          3.30,       1.20,      11.97,     39.49,          2.71
        -14,          6,    2,         -8.98,          3.30,       1.26,      12.64,     41.69,          2.17
        -14,          6,    3,         -8.31,          3.30,       1.32,      13.17,     43.45,          1.95
        -14,          6,    4,         -7.90,          3.30,       1.36,      13.63,     44.95,          1.79
        -14,          6,    5,         -7.49,          3.30,       1.40,      14.07,     46.40,          1.69
        -14,          6,    6,         -7.22,          3.30,       1.45,      14.49,     47.79,          1.59
        -14,          6,    7,         -6.94,          3.30,       1.49,      14.87,     49.05,          1.53
        -14,          7,    1,         -8.95,          3.30,       1.26,      12.64,     41.70,          3.22
        -14,          7,    2,         -7.93,          3.30,       1.34,      13.39,     44.15,          2.51
        -14,          7,    3,         -7.28,          3.30,       1.40,      13.98,     46.12,          2.23
        -14,          7,    4,         -6.85,          3.30,       1.45,      14.52,     47.90,          2.03
        -14,          7,    5,         -6.50,          3.30,       1.50,      14.99,     49.46,          1.91
        -14,          7,    6,         -6.30,          3.30,       1.54,      15.39,     50.78,          1.80
        -14,          7,    7,         -6.02,          3.30,       1.58,      15.80,     52.09,          1.74
        -13,          1,    1,        -20.33,          3.30,       0.92,       9.20,     30.34,          0.61
        -13,          1,    2,        -18.64,          3.30,       0.96,       9.62,     31.74,          0.47
        -13,          1,    3,        -17.21,          3.30,       1.00,      10.00,     32.99,          0.46
        -13,          1,    4,        -16.15,          3.30,       1.03,      10.34,     34.10,          0.46
        -13,          1,    5,        -15.27,          3.30,       1.07,      10.64,     35.08,          0.47
        -13,          1,    6,        -14.52,          3.30,       1.10,      10.98,     36.22,          0.48
        -13,          1,    7,        -13.98,          3.30,       1.13,      11.32,     37.34,          0.47
        -13,          2,    1,        -18.04,          3.30,       0.96,       9.57,     31.57,          1.03
        -13,          2,    2,        -16.33,          3.30,       1.00,       9.98,     32.92,          0.81
        -13,          2,    3,        -15.12,          3.30,       1.04,      10.37,     34.22,          0.74
        -13,          2,    4,        -14.15,          3.30,       1.08,      10.79,     35.61,          0.69
        -13,          2,    5,        -13.38,          3.30,       1.12,      11.16,     36.82,          0.68
        -13,          2,    6,        -12.74,          3.30,       1.15,      11.52,     38.00,          0.67
        -13,          2,    7,        -12.21,          3.30,       1.18,      11.85,     39.09,          0.67
        -13,          3,    1,        -15.10,          3.30,       1.01,      10.08,     33.27,          1.69
        -13,          3,    2,        -13.74,          3.30,       1.06,      10.57,     34.88,          1.23
        -13,          3,    3,        -12.70,          3.30,       1.11,      11.09,     36.60,          1.04
        -13,          3,    4,        -11.93,          3.30,       1.15,      11.50,     37.94,          0.99
        -13,          3,    5,        -11.25,          3.30,       1.19,      11.87,     39.15,          0.97
        -13,          3,    6,        -10.78,          3.30,       1.22,      12.23,     40.33,          0.94
        -13,          3,    7,        -10.35,          3.30,       1.26,      12.59,     41.54,          0.91
        -13,          4,    1,        -13.11,          3.30,       1.06,      10.64,     35.11,          1.84
        -13,          4,    2,        -11.89,          3.30,       1.12,      11.25,     37.10,          1.39
        -13,          4,    3,        -10.98,          3.30,       1.17,      11.73,     38.70,          1.28
        -13,          4,    4,        -10.32,          3.30,       1.22,      12.15,     40.08,          1.22
        -13,          4,    5,         -9.82,          3.30,       1.26,      12.57,     41.48,          1.16
        -13,          4,    6,         -9.39,          3.30,       1.30,      12.96,     42.76,          1.12
        -13,          4,    7,         -9.02,          3.30,       1.33,      13.31,     43.90,          1.09
        -13,          5,    1,        -11.00,          3.30,       1.15,      11.47,     37.82,          2.15
        -13,          5,    2,         -9.91,          3.30,       1.21,      12.07,     39.82,          1.79
        -13,          5,    3,         -9.16,          3.30,       1.26,      12.62,     41.62,          1.62
        -13,          5,    4,         -8.64,          3.30,       1.31,      13.09,     43.20,          1.51
        -13,          5,    5,         -8.19,          3.30,       1.35,      13.50,     44.53,          1.46
        -13,          5,    6,         -7.88,          3.30,       1.39,      13.87,     45.76,          1.40
        -13,          5,    7,         -7.58,          3.30,       1.43,      14.29,     47.14,          1.34
        -13,          6,    1,         -9.63,          3.30,       1.21,      12.12,     40.00,          2.99
        -13,          6,    2,         -8.63,          3.30,       1.28,      12.80,     42.22,          2.34
        -13,          6,    3,         -7.99,          3.30,       1.34,      13.37,     44.10,          2.05
        -13,          6,    4,         -7.53,          3.30,       1.38,      13.83,     45.63,          1.90
        -13,          6,    5,         -7.11,          3.30,       1.43,      14.28,     47.11,          1.81
        -13,          6,    6,         -6.90,          3.30,       1.47,      14.72,     48.54,          1.68
        -13,          6,    7,         -6.60,          3.30,       1.51,      15.14,     49.93,          1.61
        -13,          7,    1,         -8.55,          3.30,       1.29,      12.84,     42.35,          3.32
        -13,          7,    2,         -7.56,          3.30,       1.36,      13.59,     44.83,          2.62
        -13,          7,    3,         -6.93,          3.30,       1.43,      14.26,     47.01,          2.29
        -13,          7,    4,         -6.49,          3.30,       1.48,      14.78,     48.73,          2.12
        -13,          7,    5,         -6.13,          3.30,       1.53,      15.24,     50.25,          2.01
        -13,          7,    6,         -5.91,          3.30,       1.57,      15.64,     51.60,          1.91
        -13,          7,    7,         -5.72,          3.30,       1.61,      16.08,     53.02,          1.80
        -12,          1,    1,        -19.95,          3.30,       0.93,       9.30,     30.67,          0.59
        -12,          1,    2,        -18.19,          3.30,       0.97,       9.68,     31.93,          0.51
        -12,          1,    3,        -16.91,          3.30,       1.01,      10.09,     33.28,          0.47
        -12,          1,    4,        -15.69,          3.30,       1.04,      10.40,     34.30,          0.51
        -12,          1,    5,        -14.89,          3.30,       1.08,      10.75,     35.47,          0.50
        -12,          1,    6,        -14.16,          3.30,       1.11,      11.11,     36.64,          0.50
        -12,          1,    7,        -13.51,          3.30,       1.15,      11.43,     37.72,          0.51
        -12,          2,    1,        -17.52,          3.30,       0.97,       9.67,     31.92,          1.15
        -12,          2,    2,        -15.82,          3.30,       1.01,      10.07,     33.23,          0.92
        -12,          2,    3,        -14.60,          3.30,       1.05,      10.53,     34.74,          0.79
        -12,          2,    4,        -13.68,          3.30,       1.09,      10.94,     36.09,          0.75
        -12,          2,    5,        -12.89,          3.30,       1.13,      11.32,     37.33,          0.74
        -12,          2,    6,        -12.30,          3.30,       1.17,      11.66,     38.45,          0.73
        -12,          2,    7,        -11.71,          3.30,       1.20,      12.02,     39.65,          0.73
        -12,          3,    1,        -14.56,          3.30,       1.02,      10.23,     33.75,          1.73
        -12,          3,    2,        -13.17,          3.30,       1.07,      10.73,     35.41,          1.31
        -12,          3,    3,        -12.23,          3.30,       1.12,      11.25,     37.09,          1.12
        -12,          3,    4,        -11.41,          3.30,       1.17,      11.65,     38.42,          1.08
        -12,          3,    5,        -10.85,          3.30,       1.20,      12.03,     39.70,          1.03
        -12,          3,    6,        -10.31,          3.30,       1.24,      12.43,     40.99,          1.01
        -12,          3,    7,         -9.95,          3.30,       1.28,      12.82,     42.27,          0.96
        -12,          4,    1,        -12.57,          3.30,       1.08,      10.80,     35.63,          2.02
        -12,          4,    2,        -11.36,          3.30,       1.14,      11.41,     37.63,          1.54
        -12,          4,    3,        -10.43,          3.30,       1.19,      11.89,     39.23,          1.43
        -12,          4,    4,         -9.84,          3.30,       1.24,      12.37,     40.79,          1.31
        -12,          4,    5,         -9.37,          3.30,       1.28,      12.79,     42.20,          1.24
        -12,          4,    6,         -8.92,          3.30,       1.32,      13.21,     43.56,          1.20
        -12,          4,    7,         -8.57,          3.30,       1.36,      13.56,     44.73,          1.17
        -12,          5,    1,        -10.47,          3.30,       1.17,      11.66,     38.45,          2.37
        -12,          5,    2,         -9.47,          3.30,       1.23,      12.31,     40.60,          1.90
        -12,          5,    3,         -8.64,          3.30,       1.29,      12.87,     42.45,          1.76
        -12,          5,    4,         -8.14,          3.30,       1.34,      13.36,     44.07,          1.63
        -12,          5,    5,         -7.71,          3.30,       1.38,      13.79,     45.47,          1.57
        -12,          5,    6,         -7.38,          3.30,       1.42,      14.19,     46.80,          1.51
        -12,          5,    7,         -7.09,          3.30,       1.46,      14.56,     48.03,          1.46
        -12,          6,    1,         -9.11,          3.30,       1.24,      12.39,     40.85,          3.36
        -12,          6,    2,         -8.14,          3.30,       1.31,      13.09,     43.19,          2.56
        -12,          6,    3,         -7.50,          3.30,       1.37,      13.69,     45.14,          2.24
        -12,          6,    4,         -7.00,          3.30,       1.42,      14.18,     46.75,          2.09
        -12,          6,    5,         -6.63,          3.30,       1.47,      14.69,     48.44,          1.93
        -12,          6,    6,         -6.32,          3.30,       1.51,      15.07,     49.69,          1.87
        -12,          6,    7,         -6.08,          3.30,       1.55,      15.47,     51.01,          1.79
        -12,          7,    1,         -8.00,          3.30,       1.31,      13.18,     43.46,          3.51
        -12,          7,    2,         -6.99,          3.30,       1.39,      13.96,     46.05,          2.82
        -12,          7,    3,         -6.40,          3.30,       1.46,      14.63,     48.26,          2.46
        -12,          7,    4,         -5.99,          3.30,       1.51,      15.16,     50.01,          2.28
        -12,          7,    5,         -5.64,          3.30,       1.57,      15.63,     51.56,          2.17
        -12,          7,    6,         -5.41,          3.30,       1.61,      16.08,     53.02,          2.04
        -12,          7,    7,         -5.19,          3.30,       1.65,      16.51,     54.43,          1.96
        -11,          1,    1,        -19.46,          3.30,       0.94,       9.38,     30.94,          0.64
        -11,          1,    2,        -17.69,          3.30,       0.98,       9.78,     32.25,          0.55
        -11,          1,    3,        -16.29,          3.30,       1.02,      10.16,     33.50,          0.54
        -11,          1,    4,        -15.26,          3.30,       1.05,      10.52,     34.72,          0.54
        -11,          1,    5,        -14.35,          3.30,       1.09,      10.87,     35.87,          0.55
        -11,          1,    6,        -13.64,          3.30,       1.13,      11.25,     37.12,          0.55
        -11,          1,    7,        -13.11,          3.30,       1.16,      11.56,     38.13,          0.55
        -11,          2,    1,        -17.04,          3.30,       0.97,       9.74,     32.13,          1.36
        -11,          2,    2,        -15.47,          3.30,       1.02,      10.18,     33.58,          0.98
        -11,          2,    3,        -14.14,          3.30,       1.06,      10.59,     34.93,          0.91
        -11,          2,    4,        -13.20,          3.30,       1.11,      11.02,     36.37,          0.84
        -11,          2,    5,        -12.48,          3.30,       1.14,      11.46,     37.82,          0.79
        -11,          2,    6,        -11.83,          3.30,       1.18,      11.84,     39.07,          0.78
        -11,          2,    7,        -11.31,          3.30,       1.21,      12.15,     40.08,          0.79
        -11,          3,    1,        -14.21,          3.30,       1.03,      10.33,     34.06,          1.92
        -11,          3,    2,        -12.83,          3.30,       1.09,      10.88,     35.91,          1.37
        -11,          3,    3,        -11.75,          3.30,       1.14,      11.42,     37.66,          1.20
        -11,          3,    4,        -10.98,          3.30,       1.18,      11.82,     38.99,          1.16
        -11,          3,    5,        -10.36,          3.30,       1.22,      12.21,     40.28,          1.12
        -11,          3,    6,         -9.89,          3.30,       1.26,      12.64,     41.69,          1.07
        -11,          3,    7,         -9.48,          3.30,       1.30,      13.02,     42.93,          1.04
        -11,          4,    1,        -12.07,          3.30,       1.10,      11.00,     36.28,          2.14
        -11,          4,    2,        -10.88,          3.30,       1.16,      11.60,     38.27,          1.67
        -11,          4,    3,        -10.05,          3.30,       1.21,      12.10,     39.90,          1.52
        -11,          4,    4,         -9.45,          3.30,       1.26,      12.57,     41.46,          1.40
        -11,          4,    5,         -8.85,          3.30,       1.30,      13.01,     42.91,          1.37
        -11,          4,    6,         -8.44,          3.30,       1.34,      13.42,     44.26,          1.32
        -11,          4,    7,         -8.09,          3.30,       1.38,      13.80,     45.51,          1.28
        -11,          5,    1,        -10.02,          3.30,       1.19,      11.88,     39.18,          2.49
        -11,          5,    2,         -8.93,          3.30,       1.26,      12.57,     41.45,          2.04
        -11,          5,    3,         -8.14,          3.30,       1.31,      13.15,     43.38,          1.87
        -11,          5,    4,         -7.62,          3.30,       1.36,      13.63,     44.96,          1.77
        -11,          5,    5,         -7.24,          3.30,       1.41,      14.06,     46.37,          1.69
        -11,          5,    6,         -6.87,          3.30,       1.45,      14.53,     47.91,          1.62
        -11,          5,    7,         -6.61,          3.30,       1.49,      14.91,     49.17,          1.56
        -11,          6,    1,         -8.65,          3.30,       1.27,      12.66,     41.77,          3.49
        -11,          6,    2,         -7.62,          3.30,       1.34,      13.41,     44.24,          2.71
        -11,          6,    3,         -6.97,          3.30,       1.40,      14.00,     46.18,          2.41
        -11,          6,    4,         -6.52,          3.30,       1.45,      14.54,     47.97,          2.21
        -11,          6,    5,         -6.11,          3.30,       1.50,      15.01,     49.51,          2.10
        -11,          6,    6,         -5.87,          3.30,       1.54,      15.43,     50.87,          1.99
        -11,          6,    7,         -5.63,          3.30,       1.58,      15.83,     52.21,          1.91
        -11,          7,    1,         -7.47,          3.30,       1.35,      13.47,     44.43,          3.81
        -11,          7,    2,         -6.49,          3.30,       1.43,      14.32,     47.22,          3.00
        -11,          7,    3,         -5.87,          3.30,       1.50,      15.01,     49.51,          2.65
        -11,          7,    4,         -5.44,          3.30,       1.56,      15.56,     51.30,          2.47
        -11,          7,    5,         -5.16,          3.30,       1.61,      16.07,     53.01,          2.30
        -11,          7,    6,         -4.92,          3.30,       1.65,      16.50,     54.42,          2.19
        -11,          7,    7,         -4.74,          3.30,       1.69,      16.90,     55.74,          2.10
        -10,          1,    1,        -19.10,          3.30,       0.95,       9.49,     31.30,          0.72
        -10,          1,    2,        -17.35,          3.30,       0.99,       9.92,     32.74,          0.58
        -10,          1,    3,        -15.88,          3.30,       1.03,      10.27,     33.88,          0.60
        -10,          1,    4,        -14.85,          3.30,       1.07,      10.69,     35.28,          0.58
        -10,          1,    5,        -14.00,          3.30,       1.10,      11.03,     36.40,          0.58
        -10,          1,    6,        -13.36,          3.30,       1.14,      11.44,     37.75,          0.57
        -10,          1,    7,        -12.73,          3.30,       1.18,      11.76,     38.78,          0.58
        -10,          2,    1,        -16.56,          3.30,       0.99,       9.91,     32.70,          1.49
        -10,          2,    2,        -15.02,          3.30,       1.03,      10.35,     34.13,          1.08
        -10,          2,    3,        -13.77,          3.30,       1.08,      10.79,     35.59,          0.96
        -10,          2,    4,        -12.85,          3.30,       1.13,      11.29,     37.24,          0.86
        -10,          2,    5,        -11.98,          3.30,       1.16,      11.62,     38.33,          0.89
        -10,          2,    6,        -11.41,          3.30,       1.20,      12.01,     39.62,          0.86
        -10,          2,    7,        -10.91,          3.30,       1.23,      12.34,     40.71,          0.85
        -10,          3,    1,        -13.71,          3.30,       1.05,      10.54,     34.78,          1.85
        -10,          3,    2,        -12.38,          3.30,       1.11,      11.09,     36.60,          1.40
        -10,          3,    3,        -11.33,          3.30,       1.16,      11.61,     38.29,          1.27
        -10,          3,    4,        -10.58,          3.30,       1.20,      12.05,     39.75,          1.20
        -10,          3,    5,         -9.99,          3.30,       1.25,      12.46,     41.09,          1.16
        -10,          3,    6,         -9.51,          3.30,       1.29,      12.87,     42.45,          1.12
        -10,          3,    7,         -9.08,          3.30,       1.33,      13.24,     43.67,          1.10
        -10,          4,    1,        -11.66,          3.30,       1.12,      11.22,     37.03,          2.19
        -10,          4,    2,        -10.51,          3.30,       1.18,      11.84,     39.05,          1.73
        -10,          4,    3,         -9.60,          3.30,       1.24,      12.36,     40.77,          1.60
        -10,          4,    4,         -8.93,          3.30,       1.29,      12.88,     42.48,          1.50
        -10,          4,    5,         -8.46,          3.30,       1.33,      13.28,     43.81,          1.44
        -10,          4,    6,         -8.04,          3.30,       1.37,      13.69,     45.16,          1.40
        -10,          4,    7,         -7.66,          3.30,       1.41,      14.10,     46.51,          1.36
        -10,          5,    1,         -9.58,          3.30,       1.22,      12.16,     40.10,          2.68
        -10,          5,    2,         -8.50,          3.30,       1.29,      12.85,     42.39,          2.21
        -10,          5,    3,         -7.74,          3.30,       1.35,      13.46,     44.39,          2.00
        -10,          5,    4,         -7.16,          3.30,       1.39,      13.92,     45.92,          1.94
        -10,          5,    5,         -6.78,          3.30,       1.44,      14.42,     47.55,          1.81
        -10,          5,    6,         -6.42,          3.30,       1.48,      14.86,     49.00,          1.75
        -10,          5,    7,         -6.15,          3.30,       1.53,      15.25,     50.31,          1.70
        -10,          6,    1,         -8.17,          3.30,       1.30,      12.97,     42.80,          3.82
        -10,          6,    2,         -7.16,          3.30,       1.37,      13.71,     45.23,          2.99
        -10,          6,    3,         -6.51,          3.30,       1.44,      14.40,     47.48,          2.57
        -10,          6,    4,         -6.01,          3.30,       1.49,      14.92,     49.21,          2.41
        -10,          6,    5,         -5.70,          3.30,       1.54,      15.38,     50.72,          2.26
        -10,          6,    6,         -5.43,          3.30,       1.58,      15.80,     52.12,          2.15
        -10,          6,    7,         -5.17,          3.30,       1.63,      16.26,     53.61,          2.05
        -10,          7,    1,         -6.99,          3.30,       1.38,      13.82,     45.56,          4.08
        -10,          7,    2,         -6.01,          3.30,       1.47,      14.74,     48.61,          3.15
        -10,          7,    3,         -5.45,          3.30,       1.54,      15.42,     50.88,          2.79
        -10,          7,    4,         -4.99,          3.30,       1.60,      15.97,     52.65,          2.65
        -10,          7,    5,         -4.72,          3.30,       1.65,      16.52,     54.48,          2.44
        -10,          7,    6,         -4.46,          3.30,       1.69,      16.92,     55.81,          2.37
        -10,          7,    7,         -4.27,          3.30,       1.74,      17.38,     57.31,          2.24
         -9,          1,    1,        -18.67,          3.30,       0.96,       9.61,     31.70,          0.72
         -9,          1,    2,        -16.77,          3.30,       1.00,      10.03,     33.09,          0.64
         -9,          1,    3,        -15.37,          3.30,       1.04,      10.43,     34.42,          0.63
         -9,          1,    4,        -14.38,          3.30,       1.08,      10.80,     35.65,          0.63
         -9,          1,    5,        -13.52,          3.30,       1.12,      11.20,     36.95,          0.62
         -9,          1,    6,        -12.80,          3.30,       1.16,      11.54,     38.08,          0.64
         -9,          1,    7,        -12.26,          3.30,       1.19,      11.91,     39.28,          0.63
         -9,          2,    1,        -16.16,          3.30,       1.00,      10.02,     33.06,          1.56
         -9,          2,    2,        -14.45,          3.30,       1.05,      10.46,     34.52,          1.19
         -9,          2,    3,        -13.29,          3.30,       1.10,      11.01,     36.33,          0.97
         -9,          2,    4,        -12.34,          3.30,       1.14,      11.39,     37.57,          0.96
         -9,          2,    5,        -11.56,          3.30,       1.19,      11.84,     39.05,          0.93
         -9,          2,    6,        -10.89,          3.30,       1.22,      12.20,     40.24,          0.93
         -9,          2,    7,        -10.43,          3.30,       1.26,      12.57,     41.44,          0.91
         -9,          3,    1,        -13.16,          3.30,       1.07,      10.70,     35.29,          2.15
         -9,          3,    2,        -11.81,          3.30,       1.13,      11.29,     37.25,          1.57
         -9,          3,    3,        -10.78,          3.30,       1.18,      11.83,     39.02,          1.40
         -9,          3,    4,        -10.03,          3.30,       1.23,      12.29,     40.55,          1.32
         -9,          3,    5,         -9.48,          3.30,       1.27,      12.68,     41.84,          1.28
         -9,          3,    6,         -8.98,          3.30,       1.31,      13.14,     43.34,          1.23
         -9,          3,    7,         -8.57,          3.30,       1.35,      13.49,     44.50,          1.21
         -9,          4,    1,        -11.06,          3.30,       1.14,      11.46,     37.81,          2.29
         -9,          4,    2,         -9.99,          3.30,       1.21,      12.09,     39.89,          1.82
         -9,          4,    3,         -9.06,          3.30,       1.27,      12.67,     41.78,          1.68
         -9,          4,    4,         -8.43,          3.30,       1.31,      13.14,     43.34,          1.60
         -9,          4,    5,         -7.89,          3.30,       1.36,      13.58,     44.80,          1.56
         -9,          4,    6,         -7.46,          3.30,       1.40,      13.99,     46.16,          1.52
         -9,          4,    7,         -7.13,          3.30,       1.44,      14.42,     47.58,          1.47
         -9,          5,    1,         -9.04,          3.30,       1.25,      12.45,     41.08,          2.85
         -9,          5,    2,         -7.90,          3.30,       1.32,      13.20,     43.53,          2.37
         -9,          5,    3,         -7.17,          3.30,       1.38,      13.78,     45.46,          2.19
         -9,          5,    4,         -6.60,          3.30,       1.44,      14.34,     47.29,          2.06
         -9,          5,    5,         -6.19,          3.30,       1.48,      14.82,     48.89,          1.97
         -9,          5,    6,         -5.85,          3.30,       1.52,      15.24,     50.26,          1.92
         -9,          5,    7,         -5.59,          3.30,       1.57,      15.66,     51.65,          1.85
         -9,          6,    1,         -7.57,          3.30,       1.33,      13.32,     43.93,          4.04
         -9,          6,    2,         -6.55,          3.30,       1.41,      14.09,     46.46,          3.22
         -9,          6,    3,         -5.91,          3.30,       1.48,      14.82,     48.87,          2.77
         -9,          6,    4,         -5.44,          3.30,       1.54,      15.36,     50.64,          2.59
         -9,          6,    5,         -5.09,          3.30,       1.58,      15.84,     52.24,          2.45
         -9,          6,    6,         -4.85,          3.30,       1.63,      16.28,     53.70,          2.32
         -9,          6,    7,         -4.63,          3.30,       1.67,      16.74,     55.20,          2.21
         -9,          7,    1,         -6.43,          3.30,       1.42,      14.26,     47.02,          4.52
         -9,          7,    2,         -5.46,          3.30,       1.52,      15.18,     50.08,          3.52
         -9,          7,    3,         -4.83,          3.30,       1.59,      15.89,     52.40,          3.16
         -9,          7,    4,         -4.43,          3.30,       1.65,      16.49,     54.38,          2.91
         -9,          7,    5,         -4.12,          3.30,       1.70,      16.99,     56.02,          2.76
         -9,          7,    6,         -3.90,          3.30,       1.75,      17.45,     57.53,          2.62
         -9,          7,    7,         -3.70,          3.30,       1.80,      18.00,     59.36,          2.46
         -8,          1,    1,        -18.13,          3.30,       0.97,       9.71,     32.05,          0.77
         -8,          1,    2,        -16.51,          3.30,       1.01,      10.10,     33.33,          0.68
         -8,          1,    3,        -15.13,          3.30,       1.05,      10.52,     34.70,          0.66
         -8,          1,    4,        -14.05,          3.30,       1.09,      10.92,     36.03,          0.66
         -8,          1,    5,        -13.31,          3.30,       1.14,      11.33,     37.38,          0.64
         -8,          1,    6,        -12.57,          3.30,       1.16,      11.63,     38.39,          0.66
         -8,          1,    7,        -11.85,          3.30,       1.20,      11.99,     39.55,          0.69
         -8,          2,    1,        -15.66,          3.30,       1.01,      10.15,     33.48,          1.75
         -8,          2,    2,        -14.11,          3.30,       1.06,      10.59,     34.95,          1.29
         -8,          2,    3,        -12.85,          3.30,       1.11,      11.09,     36.60,          1.11
         -8,          2,    4,        -11.93,          3.30,       1.16,      11.58,     38.21,          1.02
         -8,          2,    5,        -11.17,          3.30,       1.20,      11.96,     39.46,          1.01
         -8,          2,    6,        -10.55,          3.30,       1.24,      12.35,     40.74,          1.00
         -8,          2,    7,        -10.03,          3.30,       1.27,      12.70,     41.90,          1.00
         -8,          3,    1,        -12.75,          3.30,       1.09,      10.85,     35.80,          2.22
         -8,          3,    2,        -11.40,          3.30,       1.14,      11.42,     37.68,          1.70
         -8,          3,    3,        -10.41,          3.30,       1.20,      11.98,     39.50,          1.50
         -8,          3,    4,         -9.69,          3.30,       1.24,      12.44,     41.03,          1.41
         -8,          3,    5,         -9.07,          3.30,       1.29,      12.93,     42.64,          1.34
         -8,          3,    6,         -8.62,          3.30,       1.33,      13.35,     44.02,          1.30
         -8,          3,    7,         -8.17,          3.30,       1.37,      13.70,     45.21,          1.29
         -8,          4,    1,        -10.75,          3.30,       1.16,      11.61,     38.31,          2.48
         -8,          4,    2,         -9.54,          3.30,       1.22,      12.24,     40.37,          2.04
         -8,          4,    3,         -8.73,          3.30,       1.28,      12.83,     42.30,          1.81
         -8,          4,    4,         -8.03,          3.30,       1.34,      13.39,     44.16,          1.70
         -8,          4,    5,         -7.50,          3.30,       1.38,      13.80,     45.52,          1.68
         -8,          4,    6,         -7.09,          3.30,       1.43,      14.29,     47.13,          1.60
         -8,          4,    7,         -6.71,          3.30,       1.47,      14.67,     48.37,          1.58
         -8,          5,    1,         -8.61,          3.30,       1.27,      12.68,     41.84,          3.19
         -8,          5,    2,         -7.50,          3.30,       1.34,      13.40,     44.18,          2.67
         -8,          5,    3,         -6.73,          3.30,       1.41,      14.04,     46.32,          2.41
         -8,          5,    4,         -6.18,          3.30,       1.46,      14.62,     48.22,          2.25
         -8,          5,    5,         -5.79,          3.30,       1.51,      15.12,     49.88,          2.13
         -8,          5,    6,         -5.44,          3.30,       1.55,      15.53,     51.23,          2.08
         -8,          5,    7,         -5.24,          3.30,       1.60,      15.98,     52.70,          1.97
         -8,          6,    1,         -7.17,          3.30,       1.36,      13.57,     44.76,          4.28
         -8,          6,    2,         -6.15,          3.30,       1.44,      14.45,     47.65,          3.29
         -8,          6,    3,         -5.49,          3.30,       1.51,      15.09,     49.78,          2.97
         -8,          6,    4,         -5.08,          3.30,       1.57,      15.66,     51.66,          2.73
         -8,          6,    5,         -4.72,          3.30,       1.62,      16.16,     53.28,          2.59
         -8,          6,    6,         -4.41,          3.30,       1.66,      16.61,     54.79,          2.50
         -8,          6,    7,         -4.19,          3.30,       1.71,      17.07,     56.29,          2.38
         -8,          7,    1,         -5.96,          3.30,       1.46,      14.59,     48.12,          4.68
         -8,          7,    2,         -5.02,          3.30,       1.55,      15.52,     51.18,          3.71
         -8,          7,    3,         -4.39,          3.30,       1.63,      16.33,     53.85,          3.26
         -8,          7,    4,         -3.99,          3.30,       1.69,      16.86,     55.59,          3.09
         -8,          7,    5,         -3.69,          3.30,       1.74,      17.41,     57.42,          2.90
         -8,          7,    6,         -3.48,          3.30,       1.79,      17.94,     59.15,          2.73
         -8,          7,    7,         -3.29,          3.30,       1.84,      18.41,     60.70,          2.60
         -7,          1,    1,        -17.79,          3.30,       0.98,       9.76,     32.22,          0.85
         -7,          1,    2,        -16.03,          3.30,       1.02,      10.17,     33.55,          0.76
         -7,          1,    3,        -14.62,          3.30,       1.06,      10.60,     34.98,          0.73
         -7,          1,    4,        -13.51,          3.30,       1.11,      11.06,     36.48,          0.72
         -7,          1,    5,        -12.69,          3.30,       1.15,      11.47,     37.84,          0.71
         -7,          1,    6,        -12.03,          3.30,       1.18,      11.78,     38.87,          0.73
         -7,          1,    7,        -11.44,          3.30,       1.22,      12.15,     40.08,          0.73
         -7,          2,    1,        -15.29,          3.30,       1.02,      10.23,     33.75,          1.78
         -7,          2,    2,        -13.67,          3.30,       1.07,      10.71,     35.35,          1.32
         -7,          2,    3,        -12.42,          3.30,       1.13,      11.28,     37.21,          1.12
         -7,          2,    4,        -11.44,          3.30,       1.17,      11.71,     38.63,          1.10
         -7,          2,    5,        -10.74,          3.30,       1.21,      12.11,     39.94,          1.08
         -7,          2,    6,        -10.13,          3.30,       1.25,      12.53,     41.32,          1.05
         -7,          2,    7,         -9.61,          3.30,       1.30,      12.96,     42.75,          1.03
         -7,          3,    1,        -12.28,          3.30,       1.10,      11.04,     36.42,          2.34
         -7,          3,    2,        -10.93,          3.30,       1.16,      11.64,     38.39,          1.80
         -7,          3,    3,         -9.93,          3.30,       1.22,      12.16,     40.11,          1.63
         -7,          3,    4,         -9.20,          3.30,       1.27,      12.65,     41.74,          1.53
         -7,          3,    5,         -8.59,          3.30,       1.31,      13.14,     43.33,          1.47
         -7,          3,    6,         -8.12,          3.30,       1.36,      13.58,     44.79,          1.42
         -7,          3,    7,         -7.71,          3.30,       1.40,      13.94,     45.98,          1.40
         -7,          4,    1,        -10.19,          3.30,       1.18,      11.84,     39.05,          2.58
         -7,          4,    2,         -9.03,          3.30,       1.25,      12.50,     41.24,          2.12
         -7,          4,    3,         -8.18,          3.30,       1.31,      13.11,     43.25,          1.92
         -7,          4,    4,         -7.53,          3.30,       1.36,      13.65,     45.03,          1.82
         -7,          4,    5,         -6.99,          3.30,       1.41,      14.07,     46.40,          1.81
         -7,          4,    6,         -6.58,          3.30,       1.46,      14.60,     48.14,          1.72
         -7,          4,    7,         -6.22,          3.30,       1.50,      15.00,     49.47,          1.69
         -7,          5,    1,         -8.11,          3.30,       1.30,      12.98,     42.81,          3.30
         -7,          5,    2,         -6.96,          3.30,       1.37,      13.75,     45.34,          2.79
         -7,          5,    3,         -6.24,          3.30,       1.44,      14.39,     47.48,          2.54
         -7,          5,    4,         -5.70,          3.30,       1.50,      14.98,     49.39,          2.39
         -7,          5,    5,         -5.32,          3.30,       1.55,      15.48,     51.06,          2.27
         -7,          5,    6,         -4.98,          3.30,       1.59,      15.93,     52.52,          2.21
         -7,          5,    7,         -4.71,          3.30,       1.64,      16.37,     54.00,          2.13
         -7,          6,    1,         -6.64,          3.30,       1.39,      13.91,     45.89,          4.58
         -7,          6,    2,         -5.64,          3.30,       1.48,      14.79,     48.78,          3.58
         -7,          6,    3,         -5.02,          3.30,       1.55,      15.54,     51.23,          3.12
         -7,          6,    4,         -4.56,          3.30,       1.61,      16.10,     53.10,          2.93
         -7,          6,    5,         -4.24,          3.30,       1.66,      16.62,     54.83,          2.75
         -7,          6,    6,         -3.92,          3.30,       1.71,      17.10,     56.39,          2.66
         -7,          6,    7,         -3.74,          3.30,       1.75,      17.51,     57.74,          2.55
         -7,          7,    1,         -5.47,          3.30,       1.50,      14.99,     49.42,          4.99
         -7,          7,    2,         -4.51,          3.30,       1.60,      15.98,     52.70,          3.95
         -7,          7,    3,         -3.89,          3.30,       1.68,      16.75,     55.25,          3.55
         -7,          7,    4,         -3.44,          3.30,       1.74,      17.39,     57.34,          3.33
         -7,          7,    5,         -3.18,          3.30,       1.80,      17.99,     59.31,          3.09
         -7,          7,    6,         -2.94,          3.30,       1.85,      18.49,     60.99,          2.94
         -7,          7,    7,         -2.76,          3.30,       1.89,      18.94,     62.47,          2.83
         -6,          1,    1,        -17.22,          3.30,       0.98,       9.82,     32.40,          0.99
         -6,          1,    2,        -15.56,          3.30,       1.03,      10.32,     34.03,          0.78
         -6,          1,    3,        -14.18,          3.30,       1.07,      10.71,     35.34,          0.79
         -6,          1,    4,        -13.12,          3.30,       1.12,      11.21,     36.98,          0.75
         -6,          1,    5,        -12.32,          3.30,       1.16,      11.58,     38.20,          0.76
         -6,          1,    6,        -11.67,          3.30,       1.20,      11.97,     39.49,          0.76
         -6,          1,    7,        -11.05,          3.30,       1.23,      12.26,     40.43,          0.79
         -6,          2,    1,        -14.74,          3.30,       1.03,      10.35,     34.14,          1.95
         -6,          2,    2,        -13.27,          3.30,       1.09,      10.87,     35.88,          1.36
         -6,          2,    3,        -11.98,          3.30,       1.14,      11.40,     37.59,          1.23
         -6,          2,    4,        -11.03,          3.30,       1.19,      11.89,     39.21,          1.16
         -6,          2,    5,        -10.33,          3.30,       1.23,      12.29,     40.54,          1.14
         -6,          2,    6,         -9.76,          3.30,       1.27,      12.71,     41.92,          1.11
         -6,          2,    7,         -9.20,          3.30,       1.31,      13.12,     43.29,          1.11
         -6,          3,    1,        -11.84,          3.30,       1.12,      11.19,     36.90,          2.33
         -6,          3,    2,        -10.50,          3.30,       1.18,      11.85,     39.09,          1.78
         -6,          3,    3,         -9.50,          3.30,       1.24,      12.34,     40.69,          1.70
         -6,          3,    4,         -8.79,          3.30,       1.29,      12.88,     42.49,          1.57
         -6,          3,    5,         -8.18,          3.30,       1.34,      13.37,     44.11,          1.52
         -6,          3,    6,         -7.69,          3.30,       1.38,      13.78,     45.46,          1.50
         -6,          3,    7,         -7.26,          3.30,       1.42,      14.18,     46.75,          1.49
         -6,          4,    1,         -9.79,          3.30,       1.20,      11.99,     39.55,          2.91
         -6,          4,    2,         -8.58,          3.30,       1.27,      12.71,     41.91,          2.33
         -6,          4,    3,         -7.75,          3.30,       1.34,      13.33,     43.98,          2.09
         -6,          4,    4,         -7.07,          3.30,       1.39,      13.89,     45.81,          1.99
         -6,          4,    5,         -6.56,          3.30,       1.44,      14.40,     47.50,          1.91
         -6,          4,    6,         -6.10,          3.30,       1.49,      14.86,     49.01,          1.88
         -6,          4,    7,         -5.78,          3.30,       1.53,      15.28,     50.40,          1.83
         -6,          5,    1,         -7.66,          3.30,       1.32,      13.18,     43.49,          3.56
         -6,          5,    2,         -6.52,          3.30,       1.40,      14.01,     46.21,          2.96
         -6,          5,    3,         -5.76,          3.30,       1.47,      14.72,     48.55,          2.69
         -6,          5,    4,         -5.28,          3.30,       1.53,      15.32,     50.52,          2.50
         -6,          5,    5,         -4.85,          3.30,       1.58,      15.81,     52.14,          2.43
         -6,          5,    6,         -4.54,          3.30,       1.63,      16.34,     53.87,          2.31
         -6,          5,    7,         -4.26,          3.30,       1.67,      16.72,     55.12,          2.28
         -6,          6,    1,         -6.13,          3.30,       1.42,      14.25,     47.01,          4.98
         -6,          6,    2,         -5.19,          3.30,       1.52,      15.17,     50.03,          3.82
         -6,          6,    3,         -4.53,          3.30,       1.59,      15.89,     52.42,          3.41
         -6,          6,    4,         -4.08,          3.30,       1.65,      16.51,     54.43,          3.17
         -6,          6,    5,         -3.75,          3.30,       1.70,      17.04,     56.19,          3.00
         -6,          6,    6,         -3.48,          3.30,       1.75,      17.49,     57.68,          2.88
         -6,          6,    7,         -3.23,          3.30,       1.80,      18.05,     59.53,          2.73
         -6,          7,    1,         -5.01,          3.30,       1.54,      15.37,     50.71,          5.29
         -6,          7,    2,         -4.06,          3.30,       1.64,      16.39,     54.05,          4.22
         -6,          7,    3,         -3.42,          3.30,       1.72,      17.18,     56.66,          3.82
         -6,          7,    4,         -3.02,          3.30,       1.79,      17.88,     58.97,          3.51
         -6,          7,    5,         -2.73,          3.30,       1.85,      18.47,     60.91,          3.30
         -6,          7,    6,         -2.49,          3.30,       1.90,      18.98,     62.58,          3.16
         -6,          7,    7,         -2.29,          3.30,       1.95,      19.45,     64.14,          3.04
         -5,          1,    1,        -16.93,          3.30,       1.00,       9.93,     32.74,          1.05
         -5,          1,    2,        -15.22,          3.30,       1.04,      10.42,     34.39,          0.84
         -5,          1,    3,        -13.76,          3.30,       1.08,      10.84,     35.76,          0.85
         -5,          1,    4,        -12.74,          3.30,       1.13,      11.35,     37.45,          0.80
         -5,          1,    5,        -11.94,          3.30,       1.17,      11.73,     38.71,          0.81
         -5,          1,    6,        -11.19,          3.30,       1.21,      12.12,     39.99,          0.83
         -5,          1,    7,        -10.68,          3.30,       1.24,      12.43,     41.02,          0.84
         -5,          2,    1,        -14.29,          3.30,       1.04,      10.44,     34.44,          2.20
         -5,          2,    2,        -12.82,          3.30,       1.10,      11.03,     36.40,          1.43
         -5,          2,    3,        -11.58,          3.30,       1.16,      11.58,     38.19,          1.28
         -5,          2,    4,        -10.63,          3.30,       1.20,      12.01,     39.61,          1.26
         -5,          2,    5,         -9.89,          3.30,       1.25,      12.48,     41.17,          1.22
         -5,          2,    6,         -9.34,          3.30,       1.29,      12.94,     42.68,          1.17
         -5,          2,    7,         -8.79,          3.30,       1.33,      13.32,     43.94,          1.18
         -5,          3,    1,        -11.44,          3.30,       1.13,      11.39,     37.58,          2.40
         -5,          3,    2,        -10.04,          3.30,       1.20,      12.00,     39.59,          1.98
         -5,          3,    3,         -9.13,          3.30,       1.26,      12.59,     41.53,          1.76
         -5,          3,    4,         -8.34,          3.30,       1.31,      13.12,     43.27,          1.69
         -5,          3,    5,         -7.75,          3.30,       1.36,      13.58,     44.82,          1.64
         -5,          3,    6,         -7.30,          3.30,       1.40,      14.03,     46.26,          1.59
         -5,          3,    7,         -6.80,          3.30,       1.45,      14.49,     47.79,          1.58
         -5,          4,    1,         -9.36,          3.30,       1.22,      12.27,     40.48,          2.94
         -5,          4,    2,         -8.16,          3.30,       1.30,      12.99,     42.85,          2.42
         -5,          4,    3,         -7.27,          3.30,       1.36,      13.61,     44.91,          2.24
         -5,          4,    4,         -6.60,          3.30,       1.41,      14.19,     46.79,          2.13
         -5,          4,    5,         -6.07,          3.30,       1.47,      14.72,     48.56,          2.06
         -5,          4,    6,         -5.68,          3.30,       1.52,      15.19,     50.11,          1.99
         -5,          4,    7,         -5.34,          3.30,       1.57,      15.64,     51.59,          1.94
         -5,          5,    1,         -7.17,          3.30,       1.35,      13.47,     44.42,          3.84
         -5,          5,    2,         -6.06,          3.30,       1.43,      14.36,     47.37,          3.12
         -5,          5,    3,         -5.33,          3.30,       1.51,      15.08,     49.72,          2.84
         -5,          5,    4,         -4.81,          3.30,       1.57,      15.68,     51.70,          2.69
         -5,          5,    5,         -4.39,          3.30,       1.62,      16.25,     53.58,          2.57
         -5,          5,    6,         -4.08,          3.30,       1.67,      16.69,     55.03,          2.50
         -5,          5,    7,         -3.82,          3.30,       1.71,      17.10,     56.39,          2.45
         -5,          6,    1,         -5.69,          3.30,       1.46,      14.61,     48.20,          5.15
         -5,          6,    2,         -4.71,          3.30,       1.55,      15.51,     51.16,          4.13
         -5,          6,    3,         -4.10,          3.30,       1.63,      16.34,     53.91,          3.55
         -5,          6,    4,         -3.62,          3.30,       1.69,      16.89,     55.68,          3.42
         -5,          6,    5,         -3.29,          3.30,       1.75,      17.46,     57.57,          3.21
         -5,          6,    6,         -3.03,          3.30,       1.80,      17.98,     59.29,          3.05
         -5,          6,    7,         -2.78,          3.30,       1.85,      18.49,     60.97,          2.93
         -5,          7,    1,         -4.52,          3.30,       1.57,      15.75,     51.94,          5.73
         -5,          7,    2,         -3.54,          3.30,       1.68,      16.84,     55.55,          4.53
         -5,          7,    3,         -2.93,          3.30,       1.77,      17.68,     58.28,          4.07
         -5,          7,    4,         -2.54,          3.30,       1.84,      18.38,     60.60,          3.76
         -5,          7,    5,         -2.24,          3.30,       1.90,      18.99,     62.63,          3.55
         -5,          7,    6,         -2.01,          3.30,       1.96,      19.55,     64.45,          3.37
         -5,          7,    7,         -1.86,          3.30,       2.01,      20.04,     66.08,          3.21
         -4,          1,    1,        -16.34,          3.30,       1.01,      10.09,     33.30,          1.12
         -4,          1,    2,        -14.64,          3.30,       1.05,      10.51,     34.68,          0.99
         -4,          1,    3,        -13.38,          3.30,       1.11,      11.04,     36.41,          0.88
         -4,          1,    4,        -12.29,          3.30,       1.15,      11.51,     37.96,          0.88
         -4,          1,    5,        -11.45,          3.30,       1.19,      11.91,     39.27,          0.89
         -4,          1,    6,        -10.77,          3.30,       1.23,      12.30,     40.58,          0.90
         -4,          1,    7,        -10.25,          3.30,       1.27,      12.69,     41.85,          0.89
         -4,          2,    1,        -13.79,          3.30,       1.06,      10.58,     34.91,          2.61
         -4,          2,    2,        -12.24,          3.30,       1.12,      11.24,     37.07,          1.59
         -4,          2,    3,        -11.08,          3.30,       1.17,      11.73,     38.69,          1.45
         -4,          2,    4,        -10.15,          3.30,       1.22,      12.21,     40.26,          1.39
         -4,          2,    5,         -9.43,          3.30,       1.27,      12.72,     41.95,          1.32
         -4,          2,    6,         -8.82,          3.30,       1.32,      13.14,     43.35,          1.31
         -4,          2,    7,         -8.37,          3.30,       1.36,      13.59,     44.84,          1.26
         -4,          3,    1,        -10.89,          3.30,       1.16,      11.56,     38.12,          2.77
         -4,          3,    2,         -9.58,          3.30,       1.23,      12.23,     40.34,          2.13
         -4,          3,    3,         -8.59,          3.30,       1.29,      12.85,     42.39,          1.92
         -4,          3,    4,         -7.86,          3.30,       1.34,      13.41,     44.22,          1.81
         -4,          3,    5,         -7.28,          3.30,       1.39,      13.85,     45.69,          1.78
         -4,          3,    6,         -6.76,          3.30,       1.43,      14.34,     47.30,          1.74
         -4,          3,    7,         -6.30,          3.30,       1.48,      14.81,     48.86,          1.71
         -4,          4,    1,         -8.81,          3.30,       1.25,      12.51,     41.28,          3.28
         -4,          4,    2,         -7.65,          3.30,       1.33,      13.27,     43.79,          2.63
         -4,          4,    3,         -6.74,          3.30,       1.39,      13.93,     45.93,          2.45
         -4,          4,    4,         -6.08,          3.30,       1.45,      14.54,     47.96,          2.31
         -4,          4,    5,         -5.58,          3.30,       1.51,      15.06,     49.65,          2.23
         -4,          4,    6,         -5.17,          3.30,       1.56,      15.55,     51.29,          2.17
         -4,          4,    7,         -4.83,          3.30,       1.60,      16.00,     52.76,          2.13
         -4,          5,    1,         -6.60,          3.30,       1.38,      13.81,     45.56,          4.15
         -4,          5,    2,         -5.54,          3.30,       1.48,      14.76,     48.68,          3.33
         -4,          5,    3,         -4.81,          3.30,       1.55,      15.48,     51.04,          3.07
         -4,          5,    4,         -4.28,          3.30,       1.61,      16.11,     53.13,          2.91
         -4,          5,    5,         -3.89,          3.30,       1.66,      16.66,     54.92,          2.79
         -4,          5,    6,         -3.54,          3.30,       1.71,      17.15,     56.56,          2.72
         -4,          5,    7,         -3.29,          3.30,       1.76,      17.60,     58.03,          2.65
         -4,          6,    1,         -5.17,          3.30,       1.51,      15.06,     49.67,          5.36
         -4,          6,    2,         -4.21,          3.30,       1.60,      15.99,     52.72,          4.35
         -4,          6,    3,         -3.56,          3.30,       1.68,      16.79,     55.37,          3.87
         -4,          6,    4,         -3.09,          3.30,       1.74,      17.43,     57.46,          3.64
         -4,          6,    5,         -2.73,          3.30,       1.80,      18.03,     59.45,          3.45
         -4,          6,    6,         -2.48,          3.30,       1.86,      18.58,     61.26,          3.27
         -4,          6,    7,         -2.25,          3.30,       1.91,      19.10,     62.98,          3.14
         -4,          7,    1,         -4.01,          3.30,       1.63,      16.26,     53.64,          6.05
         -4,          7,    2,         -3.02,          3.30,       1.73,      17.35,     57.23,          4.92
         -4,          7,    3,         -2.40,          3.30,       1.83,      18.28,     60.28,          4.36
         -4,          7,    4,         -1.98,          3.30,       1.90,      19.01,     62.69,          4.06
         -4,          7,    5,         -1.70,          3.30,       1.96,      19.63,     64.73,          3.83
         -4,          7,    6,         -1.48,          3.30,       2.02,      20.17,     66.51,          3.66
         -4,          7,    7,         -1.29,          3.30,       2.07,      20.71,     68.27,          3.51
         -3,          1,    1,        -16.05,          3.30,       1.01,      10.15,     33.48,          1.23
         -3,          1,    2,        -14.27,          3.30,       1.06,      10.62,     35.04,          1.04
         -3,          1,    3,        -12.97,          3.30,       1.11,      11.14,     36.74,          0.96
         -3,          1,    4,        -12.00,          3.30,       1.16,      11.62,     38.32,          0.92
         -3,          1,    5,        -11.12,          3.30,       1.20,      11.99,     39.55,          0.95
         -3,          1,    6,        -10.42,          3.30,       1.24,      12.41,     40.94,          0.96
         -3,          1,    7,         -9.85,          3.30,       1.28,      12.83,     42.31,          0.95
         -3,          2,    1,        -13.46,          3.30,       1.07,      10.72,     35.36,          2.41
         -3,          2,    2,        -11.90,          3.30,       1.13,      11.33,     37.36,          1.67
         -3,          2,    3,        -10.69,          3.30,       1.19,      11.90,     39.25,          1.48
         -3,          2,    4,         -9.79,          3.30,       1.24,      12.41,     40.92,          1.41
         -3,          2,    5,         -9.10,          3.30,       1.29,      12.88,     42.50,          1.37
         -3,          2,    6,         -8.50,          3.30,       1.33,      13.32,     43.93,          1.35
         -3,          2,    7,         -7.99,          3.30,       1.37,      13.73,     45.27,          1.35
         -3,          3,    1,        -10.53,          3.30,       1.17,      11.70,     38.59,          2.79
         -3,          3,    2,         -9.23,          3.30,       1.24,      12.37,     40.80,          2.21
         -3,          3,    3,         -8.21,          3.30,       1.31,      13.07,     43.10,          1.96
         -3,          3,    4,         -7.42,          3.30,       1.36,      13.57,     44.75,          1.94
         -3,          3,    5,         -6.88,          3.30,       1.41,      14.09,     46.48,          1.85
         -3,          3,    6,         -6.33,          3.30,       1.46,      14.60,     48.15,          1.83
         -3,          3,    7,         -5.91,          3.30,       1.50,      15.07,     49.70,          1.79
         -3,          4,    1,         -8.48,          3.30,       1.27,      12.73,     41.99,          3.43
         -3,          4,    2,         -7.27,          3.30,       1.35,      13.51,     44.53,          2.80
         -3,          4,    3,         -6.33,          3.30,       1.41,      14.16,     46.72,          2.62
         -3,          4,    4,         -5.70,          3.30,       1.48,      14.80,     48.82,          2.46
         -3,          4,    5,         -5.20,          3.30,       1.53,      15.35,     50.64,          2.36
         -3,          4,    6,         -4.79,          3.30,       1.58,      15.87,     52.33,          2.29
         -3,          4,    7,         -4.45,          3.30,       1.64,      16.36,     53.95,          2.23
         -3,          5,    1,         -6.22,          3.30,       1.41,      14.08,     46.44,          4.26
         -3,          5,    2,         -5.14,          3.30,       1.50,      15.02,     49.55,          3.51
         -3,          5,    3,         -4.39,          3.30,       1.58,      15.80,     52.12,          3.22
         -3,          5,    4,         -3.87,          3.30,       1.65,      16.48,     54.35,          3.04
         -3,          5,    5,         -3.46,          3.30,       1.70,      17.00,     56.07,          2.96
         -3,          5,    6,         -3.15,          3.30,       1.75,      17.53,     57.82,          2.85
         -3,          5,    7,         -2.87,          3.30,       1.81,      18.06,     59.55,          2.76
         -3,          6,    1,         -4.80,          3.30,       1.53,      15.35,     50.64,          5.71
         -3,          6,    2,         -3.78,          3.30,       1.64,      16.40,     54.09,          4.52
         -3,          6,    3,         -3.13,          3.30,       1.72,      17.17,     56.63,          4.12
         -3,          6,    4,         -2.69,          3.30,       1.79,      17.85,     58.87,          3.83
         -3,          6,    5,         -2.33,          3.30,       1.85,      18.46,     60.84,          3.65
         -3,          6,    6,         -2.07,          3.30,       1.90,      19.03,     62.76,          3.47
         -3,          6,    7,         -1.86,          3.30,       1.96,      19.58,     64.56,          3.30
         -3,          7,    1,         -3.59,          3.30,       1.67,      16.65,     54.90,          6.48
         -3,          7,    2,         -2.60,          3.30,       1.78,      17.80,     58.71,          5.20
         -3,          7,    3,         -2.01,          3.30,       1.88,      18.75,     61.82,          4.60
         -3,          7,    4,         -1.60,          3.30,       1.95,      19.53,     64.40,          4.25
         -3,          7,    5,         -1.31,          3.30,       2.01,      20.14,     66.39,          4.05
         -3,          7,    6,         -1.06,          3.30,       2.07,      20.70,     68.26,          3.89
         -3,          7,    7,         -0.87,          3.30,       2.13,      21.28,     70.13,          3.73
         -2,          1,    1,        -15.64,          3.30,       1.03,      10.32,     34.05,          1.22
         -2,          1,    2,        -13.93,          3.30,       1.08,      10.84,     35.77,          1.02
         -2,          1,    3,        -12.55,          3.30,       1.13,      11.35,     37.43,          0.99
         -2,          1,    4,        -11.46,          3.30,       1.18,      11.81,     38.96,          1.00
         -2,          1,    5,        -10.63,          3.30,       1.22,      12.24,     40.39,          1.01
         -2,          1,    6,         -9.96,          3.30,       1.26,      12.68,     41.82,          1.01
         -2,          1,    7,         -9.49,          3.30,       1.31,      13.06,     43.08,          1.00
         -2,          2,    1,        -12.98,          3.30,       1.09,      10.93,     36.04,          2.62
         -2,          2,    2,        -11.44,          3.30,       1.15,      11.55,     38.12,          1.79
         -2,          2,    3,        -10.24,          3.30,       1.21,      12.13,     40.01,          1.61
         -2,          2,    4,         -9.38,          3.30,       1.27,      12.63,     41.68,          1.53
         -2,          2,    5,         -8.65,          3.30,       1.32,      13.13,     43.30,          1.49
         -2,          2,    6,         -8.02,          3.30,       1.36,      13.60,     44.88,          1.47
         -2,          2,    7,         -7.49,          3.30,       1.40,      14.03,     46.29,          1.47
         -2,          3,    1,        -10.05,          3.30,       1.20,      11.98,     39.53,          3.15
         -2,          3,    2,         -8.77,          3.30,       1.27,      12.69,     41.85,          2.43
         -2,          3,    3,         -7.73,          3.30,       1.34,      13.33,     43.97,          2.23
         -2,          3,    4,         -6.98,          3.30,       1.39,      13.89,     45.81,          2.13
         -2,          3,    5,         -6.41,          3.30,       1.45,      14.47,     47.73,          2.02
         -2,          3,    6,         -5.88,          3.30,       1.49,      14.95,     49.30,          2.00
         -2,          3,    7,         -5.51,          3.30,       1.54,      15.39,     50.75,          1.96
         -2,          4,    1,         -7.96,          3.30,       1.30,      13.03,     42.99,          3.67
         -2,          4,    2,         -6.74,          3.30,       1.38,      13.81,     45.56,          3.06
         -2,          4,    3,         -5.83,          3.30,       1.47,      14.65,     48.33,          2.69
         -2,          4,    4,         -5.23,          3.30,       1.52,      15.21,     50.16,          2.60
         -2,          4,    5,         -4.70,          3.30,       1.57,      15.76,     51.97,          2.54
         -2,          4,    6,         -4.32,          3.30,       1.63,      16.29,     53.71,          2.45
         -2,          4,    7,         -3.97,          3.30,       1.68,      16.78,     55.32,          2.40
         -2,          5,    1,         -5.73,          3.30,       1.45,      14.52,     47.90,          4.54
         -2,          5,    2,         -4.66,          3.30,       1.55,      15.47,     51.01,          3.80
         -2,          5,    3,         -3.90,          3.30,       1.63,      16.30,     53.75,          3.47
         -2,          5,    4,         -3.38,          3.30,       1.69,      16.96,     55.91,          3.31
         -2,          5,    5,         -2.99,          3.30,       1.75,      17.49,     57.68,          3.21
         -2,          5,    6,         -2.66,          3.30,       1.81,      18.10,     59.69,          3.07
         -2,          5,    7,         -2.40,          3.30,       1.87,      18.66,     61.53,          2.95
         -2,          6,    1,         -4.28,          3.30,       1.58,      15.85,     52.28,          6.06
         -2,          6,    2,         -3.29,          3.30,       1.69,      16.84,     55.54,          4.98
         -2,          6,    3,         -2.63,          3.30,       1.77,      17.75,     58.52,          4.40
         -2,          6,    4,         -2.15,          3.30,       1.85,      18.46,     60.88,          4.13
         -2,          6,    5,         -1.85,          3.30,       1.91,      19.06,     62.87,          3.89
         -2,          6,    6,         -1.58,          3.30,       1.96,      19.65,     64.78,          3.72
         -2,          6,    7,         -1.37,          3.30,       2.02,      20.14,     66.41,          3.60
         -2,          7,    1,         -3.08,          3.30,       1.71,      17.14,     56.54,          6.96
         -2,          7,    2,         -2.10,          3.30,       1.85,      18.50,     61.02,          5.34
         -2,          7,    3,         -1.50,          3.30,       1.94,      19.42,     64.05,          4.86
         -2,          7,    4,         -1.11,          3.30,       2.02,      20.17,     66.49,          4.56
         -2,          7,    5,         -0.80,          3.30,       2.09,      20.83,     68.67,          4.33
         -2,          7,    6,         -0.57,          3.30,       2.14,      21.42,     70.64,          4.14
         -2,          7,    7,         -0.38,          3.30,       2.20,      22.00,     72.51,          3.98
         -1,          1,    1,        -15.12,          3.30,       1.04,      10.41,     34.35,          1.40
         -1,          1,    2,        -13.40,          3.30,       1.09,      10.97,     36.20,          1.13
         -1,          1,    3,        -12.05,          3.30,       1.15,      11.54,     38.07,          1.06
         -1,          1,    4,        -10.97,          3.30,       1.20,      11.96,     39.46,          1.10
         -1,          1,    5,        -10.18,          3.30,       1.24,      12.41,     40.94,          1.09
         -1,          1,    6,         -9.56,          3.30,       1.29,      12.87,     42.45,          1.08
         -1,          1,    7,         -8.98,          3.30,       1.33,      13.28,     43.79,          1.09
         -1,          2,    1,        -12.53,          3.30,       1.12,      11.13,     36.71,          2.57
         -1,          2,    2,        -10.94,          3.30,       1.18,      11.74,     38.74,          1.92
         -1,          2,    3,         -9.78,          3.30,       1.23,      12.36,     40.76,          1.69
         -1,          2,    4,         -8.85,          3.30,       1.29,      12.89,     42.53,          1.63
         -1,          2,    5,         -8.08,          3.30,       1.34,      13.43,     44.30,          1.60
         -1,          2,    6,         -7.52,          3.30,       1.39,      13.90,     45.83,          1.57
         -1,          2,    7,         -7.02,          3.30,       1.44,      14.34,     47.30,          1.56
         -1,          3,    1,         -9.57,          3.30,       1.22,      12.19,     40.21,          3.55
         -1,          3,    2,         -8.27,          3.30,       1.30,      12.99,     42.84,          2.60
         -1,          3,    3,         -7.21,          3.30,       1.36,      13.64,     44.99,          2.41
         -1,          3,    4,         -6.44,          3.30,       1.42,      14.20,     46.84,          2.33
         -1,          3,    5,         -5.86,          3.30,       1.48,      14.80,     48.80,          2.22
         -1,          3,    6,         -5.34,          3.30,       1.53,      15.30,     50.46,          2.19
         -1,          3,    7,         -4.98,          3.30,       1.58,      15.78,     52.03,          2.13
         -1,          4,    1,         -7.41,          3.30,       1.33,      13.34,     44.02,          3.92
         -1,          4,    2,         -6.24,          3.30,       1.42,      14.18,     46.75,          3.23
         -1,          4,    3,         -5.35,          3.30,       1.50,      14.95,     49.31,          2.94
         -1,          4,    4,         -4.71,          3.30,       1.56,      15.62,     51.51,          2.79
         -1,          4,    5,         -4.22,          3.30,       1.62,      16.19,     53.40,          2.70
         -1,          4,    6,         -3.78,          3.30,       1.67,      16.71,     55.11,          2.67
         -1,          4,    7,         -3.44,          3.30,       1.72,      17.22,     56.77,          2.61
         -1,          5,    1,         -5.22,          3.30,       1.49,      14.93,     49.23,          4.82
         -1,          5,    2,         -4.11,          3.30,       1.59,      15.95,     52.59,          4.05
         -1,          5,    3,         -3.38,          3.30,       1.68,      16.77,     55.31,          3.73
         -1,          5,    4,         -2.85,          3.30,       1.74,      17.42,     57.44,          3.59
         -1,          5,    5,         -2.45,          3.30,       1.81,      18.07,     59.59,          3.43
         -1,          5,    6,         -2.13,          3.30,       1.87,      18.66,     61.53,          3.30
         -1,          5,    7,         -1.86,          3.30,       1.92,      19.13,     63.06,          3.24
         -1,          6,    1,         -3.71,          3.30,       1.63,      16.32,     53.84,          6.62
         -1,          6,    2,         -2.73,          3.30,       1.74,      17.43,     57.47,          5.31
         -1,          6,    3,         -2.09,          3.30,       1.84,      18.37,     60.59,          4.69
         -1,          6,    4,         -1.63,          3.30,       1.91,      19.08,     62.90,          4.43
         -1,          6,    5,         -1.29,          3.30,       1.98,      19.77,     65.17,          4.18
         -1,          6,    6,         -1.02,          3.30,       2.03,      20.32,     66.99,          4.03
         -1,          6,    7,         -0.80,          3.30,       2.08,      20.85,     68.75,          3.90
         -1,          7,    1,         -2.52,          3.30,       1.78,      17.77,     58.58,          7.45
         -1,          7,    2,         -1.55,          3.30,       1.91,      19.11,     63.01,          5.86
         -1,          7,    3,         -0.95,          3.30,       2.01,      20.13,     66.36,          5.26
         -1,          7,    4,         -0.56,          3.30,       2.09,      20.88,     68.83,          4.95
         -1,          7,    5,         -0.25,          3.30,       2.16,      21.59,     71.18,          4.70
         -1,          7,    6,         -0.03,          3.30,       2.22,      22.21,     73.21,          4.49
         -1,          7,    7,          0.16,          3.30,       2.29,      22.84,     75.31,          4.28
          0,          1,    1,        -14.63,          3.30,       1.05,      10.51,     34.66,          1.55
          0,          1,    2,        -13.07,          3.30,       1.11,      11.12,     36.68,          1.16
          0,          1,    3,        -11.57,          3.30,       1.16,      11.64,     38.39,          1.17
          0,          1,    4,        -10.56,          3.30,       1.21,      12.15,     40.09,          1.15
          0,          1,    5,         -9.81,          3.30,       1.26,      12.58,     41.51,          1.15
          0,          1,    6,         -9.16,          3.30,       1.31,      13.06,     43.08,          1.14
          0,          1,    7,         -8.63,          3.30,       1.35,      13.45,     44.36,          1.15
          0,          2,    1,        -12.11,          3.30,       1.12,      11.27,     37.17,          2.70
          0,          2,    2,        -10.53,          3.30,       1.19,      11.89,     39.22,          2.04
          0,          2,    3,         -9.37,          3.30,       1.25,      12.51,     41.28,          1.81
          0,          2,    4,         -8.48,          3.30,       1.31,      13.12,     43.27,          1.69
          0,          2,    5,         -7.70,          3.30,       1.36,      13.60,     44.87,          1.70
          0,          2,    6,         -7.09,          3.30,       1.41,      14.10,     46.52,          1.68
          0,          2,    7,         -6.58,          3.30,       1.46,      14.61,     48.21,          1.65
          0,          3,    1,         -9.20,          3.30,       1.24,      12.41,     40.94,          3.51
          0,          3,    2,         -7.87,          3.30,       1.32,      13.19,     43.52,          2.72
          0,          3,    3,         -6.78,          3.30,       1.39,      13.88,     45.78,          2.54
          0,          3,    4,         -6.01,          3.30,       1.45,      14.51,     47.86,          2.42
          0,          3,    5,         -5.46,          3.30,       1.51,      15.05,     49.63,          2.35
          0,          3,    6,         -4.97,          3.30,       1.56,      15.59,     51.42,          2.29
          0,          3,    7,         -4.57,          3.30,       1.61,      16.08,     53.02,          2.25
          0,          4,    1,         -6.94,          3.30,       1.36,      13.59,     44.81,          4.21
          0,          4,    2,         -5.81,          3.30,       1.45,      14.47,     47.74,          3.39
          0,          4,    3,         -4.92,          3.30,       1.52,      15.25,     50.30,          3.13
          0,          4,    4,         -4.33,          3.30,       1.59,      15.93,     52.54,          2.94
          0,          4,    5,         -3.77,          3.30,       1.65,      16.53,     54.49,          2.89
          0,          4,    6,         -3.37,          3.30,       1.70,      17.06,     56.24,          2.83
          0,          4,    7,         -3.03,          3.30,       1.76,      17.57,     57.95,          2.77
          0,          5,    1,         -4.75,          3.30,       1.52,      15.21,     50.17,          5.23
          0,          5,    2,         -3.68,          3.30,       1.63,      16.32,     53.82,          4.27
          0,          5,    3,         -2.95,          3.30,       1.71,      17.15,     56.58,          3.95
          0,          5,    4,         -2.40,          3.30,       1.79,      17.89,     58.99,          3.78
          0,          5,    5,         -2.01,          3.30,       1.86,      18.53,     61.10,          3.64
          0,          5,    6,         -1.70,          3.30,       1.91,      19.10,     62.98,          3.52
          0,          5,    7,         -1.45,          3.30,       1.97,      19.71,     64.97,          3.38
          0,          6,    1,         -3.26,          3.30,       1.67,      16.66,     54.95,          7.36
          0,          6,    2,         -2.28,          3.30,       1.79,      17.87,     58.95,          5.68
          0,          6,    3,         -1.65,          3.30,       1.88,      18.80,     61.98,          5.08
          0,          6,    4,         -1.22,          3.30,       1.96,      19.58,     64.57,          4.71
          0,          6,    5,         -0.86,          3.30,       2.02,      20.24,     66.73,          4.51
          0,          6,    6,         -0.61,          3.30,       2.08,      20.81,     68.60,          4.33
          0,          6,    7,         -0.36,          3.30,       2.14,      21.41,     70.59,          4.17
          0,          7,    1,         -2.10,          3.30,       1.83,      18.24,     60.13,          7.87
          0,          7,    2,         -1.14,          3.30,       1.97,      19.63,     64.73,          6.18
          0,          7,    3,         -0.53,          3.30,       2.07,      20.67,     68.16,          5.58
          0,          7,    4,         -0.11,          3.30,       2.15,      21.50,     70.89,          5.24
          0,          7,    5,          0.17,          3.30,       2.22,      22.24,     73.33,          4.95
          0,          7,    6,          0.41,          3.30,       2.29,      22.89,     75.46,          4.74
          0,          7,    7,          0.60,          3.30,       2.35,      23.47,     77.36,          4.58
          1,          1,    1,        -14.27,          3.30,       0.97,       9.71,     32.05,          1.39
          1,          1,    2,        -12.55,          3.30,       1.03,      10.22,     33.71,          1.28
          1,          1,    3,        -11.13,          3.30,       1.07,      10.75,     35.47,          1.26
          1,          1,    4,        -10.14,          3.30,       1.13,      11.29,     37.25,          1.23
          1,          1,    5,         -9.40,          3.30,       1.18,      11.77,     38.84,          1.21
          1,          1,    6,         -8.71,          3.30,       1.22,      12.22,     40.32,          1.23
          1,          1,    7,         -8.12,          3.30,       1.27,      12.66,     41.77,          1.24
          1,          2,    1,        -11.64,          3.30,       1.04,      10.39,     34.28,          3.33
          1,          2,    2,        -10.18,          3.30,       1.11,      11.12,     36.68,          2.15
          1,          2,    3,         -8.97,          3.30,       1.18,      11.74,     38.74,          1.94
          1,          2,    4,         -8.02,          3.30,       1.23,      12.33,     40.68,          1.87
          1,          2,    5,         -7.25,          3.30,       1.29,      12.88,     42.48,          1.84
          1,          2,    6,         -6.66,          3.30,       1.34,      13.36,     44.06,          1.82
          1,          2,    7,         -6.10,          3.30,       1.39,      13.85,     45.68,          1.82
          1,          3,    1,         -8.68,          3.30,       1.16,      11.64,     38.40,          3.72
          1,          3,    2,         -7.31,          3.30,       1.24,      12.45,     41.05,          2.95
          1,          3,    3,         -6.31,          3.30,       1.32,      13.18,     43.47,          2.68
          1,          3,    4,         -5.57,          3.30,       1.38,      13.81,     45.54,          2.57
          1,          3,    5,         -4.98,          3.30,       1.45,      14.45,     47.67,          2.46
          1,          3,    6,         -4.50,          3.30,       1.49,      14.94,     49.29,          2.44
          1,          3,    7,         -4.11,          3.30,       1.54,      15.44,     50.92,          2.40
          1,          4,    1,         -6.49,          3.30,       1.29,      12.90,     42.55,          4.52
          1,          4,    2,         -5.35,          3.30,       1.38,      13.79,     45.47,          3.69
          1,          4,    3,         -4.47,          3.30,       1.47,      14.65,     48.32,          3.33
          1,          4,    4,         -3.81,          3.30,       1.53,      15.33,     50.56,          3.20
          1,          4,    5,         -3.31,          3.30,       1.60,      15.97,     52.68,          3.09
          1,          4,    6,         -2.90,          3.30,       1.66,      16.56,     54.61,          3.01
          1,          4,    7,         -2.56,          3.30,       1.70,      17.06,     56.25,          2.97
          1,          5,    1,         -4.33,          3.30,       1.47,      14.64,     48.31,          5.38
          1,          5,    2,         -3.22,          3.30,       1.57,      15.75,     51.94,          4.54
          1,          5,    3,         -2.46,          3.30,       1.67,      16.67,     55.00,          4.19
          1,          5,    4,         -1.95,          3.30,       1.74,      17.37,     57.27,          4.03
          1,          5,    5,         -1.56,          3.30,       1.81,      18.10,     59.68,          3.83
          1,          5,    6,         -1.23,          3.30,       1.87,      18.68,     61.60,          3.74
          1,          5,    7,         -0.99,          3.30,       1.92,      19.22,     63.38,          3.63
          1,          6,    1,         -2.80,          3.30,       1.63,      16.21,     53.46,          7.41
          1,          6,    2,         -1.82,          3.30,       1.74,      17.40,     57.39,          5.98
          1,          6,    3,         -1.17,          3.30,       1.84,      18.42,     60.74,          5.32
          1,          6,    4,         -0.72,          3.30,       1.92,      19.21,     63.34,          5.00
          1,          6,    5,         -0.38,          3.30,       1.99,      19.94,     65.74,          4.73
          1,          6,    6,         -0.11,          3.30,       2.05,      20.52,     67.67,          4.58
          1,          6,    7,          0.10,          3.30,       2.11,      21.15,     69.72,          4.38
          1,          7,    1,         -1.58,          3.30,       1.78,      17.82,     58.76,          8.35
          1,          7,    2,         -0.64,          3.30,       1.93,      19.27,     63.56,          6.59
          1,          7,    3,         -0.03,          3.30,       2.04,      20.38,     67.18,          5.94
          1,          7,    4,          0.38,          3.30,       2.13,      21.34,     70.35,          5.48
          1,          7,    5,          0.69,          3.30,       2.20,      22.05,     72.68,          5.27
          1,          7,    6,          0.90,          3.30,       2.27,      22.67,     74.76,          5.06
          1,          7,    7,          1.10,          3.30,       2.33,      23.32,     76.86,          4.88
          2,          1,    1,        -13.82,          3.30,       0.98,       9.77,     32.22,          1.62
          2,          1,    2,        -12.10,          3.30,       1.03,      10.30,     33.97,          1.43
          2,          1,    3,        -10.81,          3.30,       1.09,      10.91,     35.98,          1.31
          2,          1,    4,         -9.77,          3.30,       1.14,      11.47,     37.84,          1.29
          2,          1,    5,         -9.00,          3.30,       1.19,      11.91,     39.31,          1.30
          2,          1,    6,         -8.24,          3.30,       1.24,      12.40,     40.90,          1.33
          2,          1,    7,         -7.74,          3.30,       1.29,      12.84,     42.35,          1.33
          2,          2,    1,        -11.19,          3.30,       1.05,      10.51,     34.69,          3.52
          2,          2,    2,         -9.72,          3.30,       1.12,      11.24,     37.08,          2.34
          2,          2,    3,         -8.49,          3.30,       1.19,      11.92,     39.34,          2.08
          2,          2,    4,         -7.59,          3.30,       1.25,      12.52,     41.32,          1.98
          2,          2,    5,         -6.81,          3.30,       1.31,      13.08,     43.14,          1.96
          2,          2,    6,         -6.21,          3.30,       1.36,      13.58,     44.80,          1.95
          2,          2,    7,         -5.69,          3.30,       1.41,      14.10,     46.52,          1.93
          2,          3,    1,         -8.25,          3.30,       1.18,      11.85,     39.08,          3.80
          2,          3,    2,         -6.88,          3.30,       1.27,      12.67,     41.81,          3.07
          2,          3,    3,         -5.85,          3.30,       1.34,      13.41,     44.25,          2.85
          2,          3,    4,         -5.13,          3.30,       1.41,      14.06,     46.36,          2.73
          2,          3,    5,         -4.53,          3.30,       1.47,      14.69,     48.45,          2.65
          2,          3,    6,         -4.03,          3.30,       1.53,      15.27,     50.34,          2.60
          2,          3,    7,         -3.68,          3.30,       1.58,      15.75,     51.95,          2.55
          2,          4,    1,         -6.02,          3.30,       1.32,      13.16,     43.39,          4.79
          2,          4,    2,         -4.88,          3.30,       1.41,      14.09,     46.46,          3.92
          2,          4,    3,         -4.04,          3.30,       1.50,      15.01,     49.51,          3.48
          2,          4,    4,         -3.39,          3.30,       1.57,      15.71,     51.82,          3.35
          2,          4,    5,         -2.86,          3.30,       1.63,      16.37,     53.98,          3.27
          2,          4,    6,         -2.46,          3.30,       1.69,      16.92,     55.78,          3.23
          2,          4,    7,         -2.09,          3.30,       1.75,      17.48,     57.64,          3.17
          2,          5,    1,         -3.83,          3.30,       1.50,      15.02,     49.53,          5.74
          2,          5,    2,         -2.78,          3.30,       1.62,      16.15,     53.26,          4.82
          2,          5,    3,         -1.99,          3.30,       1.71,      17.09,     56.37,          4.50
          2,          5,    4,         -1.50,          3.30,       1.79,      17.91,     59.04,          4.23
          2,          5,    5,         -1.08,          3.30,       1.86,      18.60,     61.32,          4.11
          2,          5,    6,         -0.76,          3.30,       1.92,      19.19,     63.26,          4.01
          2,          5,    7,         -0.51,          3.30,       1.98,      19.80,     65.30,          3.87
          2,          6,    1,         -2.33,          3.30,       1.66,      16.64,     54.87,          8.17
          2,          6,    2,         -1.35,          3.30,       1.80,      17.95,     59.21,          6.38
          2,          6,    3,         -0.73,          3.30,       1.90,      18.97,     62.57,          5.70
          2,          6,    4,         -0.26,          3.30,       1.98,      19.80,     65.26,          5.36
          2,          6,    5,          0.09,          3.30,       2.05,      20.48,     67.51,          5.15
          2,          6,    6,          0.34,          3.30,       2.12,      21.17,     69.78,          4.90
          2,          6,    7,          0.57,          3.30,       2.17,      21.75,     71.72,          4.75
          2,          7,    1,         -1.15,          3.30,       1.84,      18.41,     60.69,          8.68
          2,          7,    2,         -0.17,          3.30,       2.00,      19.95,     65.77,          6.92
          2,          7,    3,          0.43,          3.30,       2.11,      21.05,     69.39,          6.29
          2,          7,    4,          0.85,          3.30,       2.19,      21.96,     72.39,          5.92
          2,          7,    5,          1.13,          3.30,       2.27,      22.74,     74.97,          5.62
          2,          7,    6,          1.37,          3.30,       2.35,      23.46,     77.32,          5.38
          2,          7,    7,          1.56,          3.30,       2.41,      24.11,     79.45,          5.19
          3,          1,    1,        -13.24,          3.30,       0.99,       9.88,     32.59,          1.75
          3,          1,    2,        -11.61,          3.30,       1.05,      10.46,     34.51,          1.49
          3,          1,    3,        -10.30,          3.30,       1.11,      11.09,     36.58,          1.39
          3,          1,    4,         -9.31,          3.30,       1.16,      11.64,     38.40,          1.38
          3,          1,    5,         -8.48,          3.30,       1.21,      12.09,     39.89,          1.42
          3,          1,    6,         -7.83,          3.30,       1.26,      12.58,     41.49,          1.42
          3,          1,    7,         -7.24,          3.30,       1.31,      13.06,     43.07,          1.43
          3,          2,    1,        -10.71,          3.30,       1.07,      10.74,     35.41,          3.45
          3,          2,    2,         -9.28,          3.30,       1.14,      11.42,     37.69,          2.49
          3,          2,    3,         -8.05,          3.30,       1.21,      12.09,     39.88,          2.26
          3,          2,    4,         -7.08,          3.30,       1.28,      12.75,     42.06,          2.15
          3,          2,    5,         -6.29,          3.30,       1.33,      13.34,     44.00,          2.13
          3,          2,    6,         -5.74,          3.30,       1.39,      13.85,     45.68,          2.10
          3,          2,    7,         -5.22,          3.30,       1.44,      14.38,     47.43,          2.08
          3,          3,    1,         -7.80,          3.30,       1.21,      12.06,     39.80,          4.13
          3,          3,    2,         -6.43,          3.30,       1.30,      12.96,     42.75,          3.26
          3,          3,    3,         -5.38,          3.30,       1.37,      13.72,     45.25,          3.06
          3,          3,    4,         -4.66,          3.30,       1.45,      14.45,     47.64,          2.89
          3,          3,    5,         -4.03,          3.30,       1.51,      15.09,     49.76,          2.83
          3,          3,    6,         -3.57,          3.30,       1.57,      15.65,     51.63,          2.77
          3,          3,    7,         -3.18,          3.30,       1.62,      16.21,     53.46,          2.72
          3,          4,    1,         -5.58,          3.30,       1.35,      13.46,     44.41,          5.05
          3,          4,    2,         -4.39,          3.30,       1.45,      14.49,     47.78,          4.12
          3,          4,    3,         -3.51,          3.30,       1.54,      15.32,     50.54,          3.84
          3,          4,    4,         -2.88,          3.30,       1.61,      16.12,     53.17,          3.62
          3,          4,    5,         -2.37,          3.30,       1.68,      16.77,     55.32,          3.53
          3,          4,    6,         -1.95,          3.30,       1.74,      17.40,     57.35,          3.47
          3,          4,    7,         -1.63,          3.30,       1.81,      18.03,     59.45,          3.35
          3,          5,    1,         -3.35,          3.30,       1.54,      15.42,     50.86,          6.14
          3,          5,    2,         -2.25,          3.30,       1.66,      16.65,     54.90,          5.15
          3,          5,    3,         -1.50,          3.30,       1.76,      17.62,     58.11,          4.79
          3,          5,    4,         -0.98,          3.30,       1.84,      18.45,     60.84,          4.56
          3,          5,    5,         -0.59,          3.30,       1.92,      19.19,     63.26,          4.38
          3,          5,    6,         -0.25,          3.30,       1.98,      19.85,     65.46,          4.27
          3,          5,    7,         -0.02,          3.30,       2.04,      20.37,     67.17,          4.18
          3,          6,    1,         -1.84,          3.30,       1.72,      17.18,     56.65,          8.59
          3,          6,    2,         -0.87,          3.30,       1.86,      18.52,     61.06,          6.81
          3,          6,    3,         -0.19,          3.30,       1.96,      19.61,     64.66,          6.13
          3,          6,    4,          0.24,          3.30,       2.04,      20.42,     67.31,          5.78
          3,          6,    5,          0.59,          3.30,       2.12,      21.26,     70.08,          5.45
          3,          6,    6,          0.87,          3.30,       2.19,      21.87,     72.10,          5.29
          3,          6,    7,          1.08,          3.30,       2.25,      22.52,     74.24,          5.09
          3,          7,    1,         -0.64,          3.30,       1.90,      19.02,     62.71,          9.50
          3,          7,    2,          0.35,          3.30,       2.06,      20.56,     67.79,          7.65
          3,          7,    3,          0.98,          3.30,       2.18,      21.81,     71.91,          6.85
          3,          7,    4,          1.35,          3.30,       2.28,      22.79,     75.12,          6.35
          3,          7,    5,          1.67,          3.30,       2.36,      23.61,     77.82,          6.07
          3,          7,    6,          1.90,          3.30,       2.43,      24.35,     80.27,          5.81
          3,          7,    7,          2.07,          3.30,       2.50,      25.02,     82.47,          5.59
          4,          1,    1,        -12.91,          3.30,       1.00,       9.98,     32.93,          1.86
          4,          1,    2,        -11.24,          3.30,       1.06,      10.59,     34.93,          1.58
          4,          1,    3,         -9.89,          3.30,       1.12,      11.22,     37.02,          1.50
          4,          1,    4,         -8.93,          3.30,       1.18,      11.76,     38.81,          1.48
          4,          1,    5,         -8.09,          3.30,       1.23,      12.31,     40.62,          1.49
          4,          1,    6,         -7.35,          3.30,       1.28,      12.84,     42.35,          1.51
          4,          1,    7,         -6.83,          3.30,       1.33,      13.28,     43.79,          1.52
          4,          2,    1,        -10.30,          3.30,       1.08,      10.82,     35.70,          3.91
          4,          2,    2,         -8.77,          3.30,       1.16,      11.62,     38.35,          2.64
          4,          2,    3,         -7.59,          3.30,       1.23,      12.33,     40.66,          2.37
          4,          2,    4,         -6.60,          3.30,       1.30,      12.97,     42.78,          2.31
          4,          2,    5,         -5.89,          3.30,       1.36,      13.62,     44.93,          2.22
          4,          2,    6,         -5.25,          3.30,       1.41,      14.15,     46.70,          2.23
          4,          2,    7,         -4.79,          3.30,       1.47,      14.71,     48.50,          2.19
          4,          3,    1,         -7.29,          3.30,       1.23,      12.31,     40.61,          4.45
          4,          3,    2,         -5.94,          3.30,       1.32,      13.21,     43.58,          3.56
          4,          3,    3,         -4.92,          3.30,       1.40,      14.04,     46.32,          3.25
          4,          3,    4,         -4.18,          3.30,       1.48,      14.76,     48.67,          3.12
          4,          3,    5,         -3.59,          3.30,       1.54,      15.42,     50.85,          3.03
          4,          3,    6,         -3.10,          3.30,       1.60,      16.01,     52.79,          2.99
          4,          3,    7,         -2.71,          3.30,       1.66,      16.55,     54.57,          2.95
          4,          4,    1,         -5.13,          3.30,       1.37,      13.75,     45.36,          5.29
          4,          4,    2,         -3.93,          3.30,       1.48,      14.82,     48.89,          4.33
          4,          4,    3,         -3.06,          3.30,       1.57,      15.73,     51.87,          4.01
          4,          4,    4,         -2.41,          3.30,       1.65,      16.55,     54.59,          3.82
          4,          4,    5,         -1.90,          3.30,       1.72,      17.21,     56.74,          3.76
          4,          4,    6,         -1.51,          3.30,       1.79,      17.90,     59.01,          3.63
          4,          4,    7,         -1.16,          3.30,       1.85,      18.52,     61.06,          3.56
          4,          5,    1,         -2.87,          3.30,       1.58,      15.82,     52.16,          6.56
          4,          5,    2,         -1.77,          3.30,       1.71,      17.08,     56.31,          5.54
          4,          5,    3,         -1.03,          3.30,       1.82,      18.17,     59.91,          5.05
          4,          5,    4,         -0.52,          3.30,       1.90,      19.00,     62.64,          4.83
          4,          5,    5,         -0.09,          3.30,       1.98,      19.80,     65.27,          4.66
          4,          5,    6,          0.21,          3.30,       2.04,      20.41,     67.31,          4.55
          4,          5,    7,          0.47,          3.30,       2.10,      21.02,     69.31,          4.46
          4,          6,    1,         -1.37,          3.30,       1.77,      17.65,     58.20,          9.18
          4,          6,    2,         -0.35,          3.30,       1.91,      19.11,     63.03,          7.21
          4,          6,    3,          0.28,          3.30,       2.02,      20.24,     66.71,          6.48
          4,          6,    4,          0.73,          3.30,       2.12,      21.18,     69.81,          6.04
          4,          6,    5,          1.07,          3.30,       2.19,      21.92,     72.27,          5.80
          4,          6,    6,          1.33,          3.30,       2.26,      22.63,     74.60,          5.58
          4,          6,    7,          1.56,          3.30,       2.33,      23.31,     76.83,          5.39
          4,          7,    1,         -0.15,          3.30,       1.97,      19.65,     64.78,          9.89
          4,          7,    2,          0.84,          3.30,       2.13,      21.33,     70.30,          7.93
          4,          7,    3,          1.44,          3.30,       2.26,      22.58,     74.44,          7.18
          4,          7,    4,          1.84,          3.30,       2.36,      23.60,     77.79,          6.72
          4,          7,    5,          2.14,          3.30,       2.44,      24.46,     80.63,          6.40
          4,          7,    6,          2.40,          3.30,       2.53,      25.25,     83.25,          6.16
          4,          7,    7,          2.57,          3.30,       2.59,      25.94,     85.52,          5.93
          5,          1,    1,        -12.45,          3.30,       1.01,      10.06,     33.21,          1.97
          5,          1,    2,        -10.78,          3.30,       1.07,      10.70,     35.32,          1.67
          5,          1,    3,         -9.54,          3.30,       1.14,      11.37,     37.50,          1.55
          5,          1,    4,         -8.48,          3.30,       1.20,      11.98,     39.54,          1.54
          5,          1,    5,         -7.65,          3.30,       1.24,      12.47,     41.15,          1.59
          5,          1,    6,         -6.98,          3.30,       1.30,      13.01,     42.92,          1.59
          5,          1,    7,         -6.39,          3.30,       1.34,      13.45,     44.36,          1.64
          5,          2,    1,         -9.95,          3.30,       1.10,      10.95,     36.11,          4.18
          5,          2,    2,         -8.42,          3.30,       1.17,      11.77,     38.82,          2.80
          5,          2,    3,         -7.19,          3.30,       1.25,      12.51,     41.28,          2.51
          5,          2,    4,         -6.21,          3.30,       1.32,      13.22,     43.60,          2.41
          5,          2,    5,         -5.52,          3.30,       1.38,      13.80,     45.52,          2.37
          5,          2,    6,         -4.90,          3.30,       1.44,      14.40,     47.49,          2.34
          5,          2,    7,         -4.39,          3.30,       1.50,      15.01,     49.49,          2.30
          5,          3,    1,         -6.91,          3.30,       1.25,      12.50,     41.24,          4.79
          5,          3,    2,         -5.58,          3.30,       1.34,      13.43,     44.30,          3.79
          5,          3,    3,         -4.52,          3.30,       1.43,      14.30,     47.15,          3.48
          5,          3,    4,         -3.79,          3.30,       1.51,      15.09,     49.78,          3.27
          5,          3,    5,         -3.18,          3.30,       1.57,      15.73,     51.87,          3.23
          5,          3,    6,         -2.68,          3.30,       1.64,      16.36,     53.96,          3.18
          5,          3,    7,         -2.30,          3.30,       1.69,      16.90,     55.74,          3.14
          5,          4,    1,         -4.71,          3.30,       1.40,      14.03,     46.27,          5.67
          5,          4,    2,         -3.51,          3.30,       1.51,      15.15,     49.98,          4.60
          5,          4,    3,         -2.68,          3.30,       1.61,      16.10,     53.10,          4.22
          5,          4,    4,         -1.98,          3.30,       1.69,      16.88,     55.67,          4.13
          5,          4,    5,         -1.49,          3.30,       1.76,      17.62,     58.11,          3.99
          5,          4,    6,         -1.09,          3.30,       1.83,      18.33,     60.43,          3.87
          5,          4,    7,         -0.74,          3.30,       1.90,      18.94,     62.44,          3.81
          5,          5,    1,         -2.45,          3.30,       1.62,      16.23,     53.51,          6.82
          5,          5,    2,         -1.38,          3.30,       1.75,      17.49,     57.66,          5.82
          5,          5,    3,         -0.61,          3.30,       1.87,      18.67,     61.54,          5.30
          5,          5,    4,         -0.09,          3.30,       1.95,      19.53,     64.39,          5.09
          5,          5,    5,          0.30,          3.30,       2.03,      20.27,     66.83,          4.95
          5,          5,    6,          0.63,          3.30,       2.10,      20.99,     69.19,          4.81
          5,          5,    7,          0.89,          3.30,       2.16,      21.59,     71.19,          4.72
          5,          6,    1,         -0.96,          3.30,       1.82,      18.18,     59.95,          9.40
          5,          6,    2,          0.07,          3.30,       1.97,      19.70,     64.96,          7.51
          5,          6,    3,          0.70,          3.30,       2.08,      20.83,     68.66,          6.81
          5,          6,    4,          1.14,          3.30,       2.18,      21.76,     71.73,          6.41
          5,          6,    5,          1.48,          3.30,       2.26,      22.56,     74.40,          6.13
          5,          6,    6,          1.76,          3.30,       2.33,      23.31,     76.83,          5.90
          5,          6,    7,          1.98,          3.30,       2.41,      24.07,     79.33,          5.66
          5,          7,    1,          0.28,          3.30,       2.02,      20.20,     66.61,         10.49
          5,          7,    2,          1.25,          3.30,       2.20,      21.97,     72.45,          8.32
          5,          7,    3,          1.87,          3.30,       2.33,      23.33,     76.91,          7.52
          5,          7,    4,          2.27,          3.30,       2.44,      24.34,     80.23,          7.09
          5,          7,    5,          2.58,          3.30,       2.53,      25.28,     83.35,          6.73
          5,          7,    6,          2.82,          3.30,       2.61,      26.06,     85.91,          6.50
          5,          7,    7,          3.00,          3.30,       2.68,      26.79,     88.30,          6.26
          6,          1,    1,        -12.01,          3.30,       1.03,      10.24,     33.80,          2.24
          6,          1,    2,        -10.37,          3.30,       1.09,      10.92,     36.03,          1.82
          6,          1,    3,         -9.05,          3.30,       1.16,      11.61,     38.31,          1.70
          6,          1,    4,         -8.05,          3.30,       1.22,      12.18,     40.16,          1.71
          6,          1,    5,         -7.22,          3.30,       1.27,      12.74,     42.03,          1.72
          6,          1,    6,         -6.48,          3.30,       1.33,      13.27,     43.78,          1.76
          6,          1,    7,         -5.93,          3.30,       1.38,      13.74,     45.32,          1.78
          6,          2,    1,         -9.50,          3.30,       1.12,      11.22,     37.03,          4.26
          6,          2,    2,         -7.96,          3.30,       1.20,      12.06,     39.78,          2.97
          6,          2,    3,         -6.71,          3.30,       1.28,      12.83,     42.34,          2.69
          6,          2,    4,         -5.77,          3.30,       1.35,      13.50,     44.53,          2.62
          6,          2,    5,         -5.06,          3.30,       1.41,      14.14,     46.66,          2.54
          6,          2,    6,         -4.42,          3.30,       1.48,      14.78,     48.76,          2.52
          6,          2,    7,         -3.92,          3.30,       1.53,      15.35,     50.64,          2.50
          6,          3,    1,         -6.39,          3.30,       1.28,      12.84,     42.37,          4.98
          6,          3,    2,         -5.08,          3.30,       1.38,      13.80,     45.54,          3.99
          6,          3,    3,         -4.06,          3.30,       1.48,      14.75,     48.65,          3.60
          6,          3,    4,         -3.29,          3.30,       1.55,      15.47,     51.02,          3.54
          6,          3,    5,         -2.70,          3.30,       1.63,      16.24,     53.54,          3.40
          6,          3,    6,         -2.21,          3.30,       1.69,      16.86,     55.60,          3.37
          6,          3,    7,         -1.83,          3.30,       1.74,      17.44,     57.50,          3.32
          6,          4,    1,         -4.25,          3.30,       1.45,      14.52,     47.89,          5.62
          6,          4,    2,         -3.02,          3.30,       1.56,      15.64,     51.60,          4.80
          6,          4,    3,         -2.15,          3.30,       1.66,      16.64,     54.86,          4.46
          6,          4,    4,         -1.54,          3.30,       1.75,      17.47,     57.60,          4.28
          6,          4,    5,         -1.01,          3.30,       1.83,      18.27,     60.24,          4.16
          6,          4,    6,         -0.59,          3.30,       1.90,      18.98,     62.59,          4.08
          6,          4,    7,         -0.26,          3.30,       1.96,      19.60,     64.62,          4.02
          6,          5,    1,         -1.97,          3.30,       1.68,      16.77,     55.31,          7.22
          6,          5,    2,         -0.89,          3.30,       1.82,      18.19,     59.99,          6.04
          6,          5,    3,         -0.14,          3.30,       1.93,      19.36,     63.83,          5.60
          6,          5,    4,          0.41,          3.30,       2.02,      20.19,     66.55,          5.48
          6,          5,    5,          0.80,          3.30,       2.10,      21.02,     69.28,          5.28
          6,          5,    6,          1.11,          3.30,       2.17,      21.74,     71.66,          5.14
          6,          5,    7,          1.38,          3.30,       2.24,      22.38,     73.77,          5.05
          6,          6,    1,         -0.49,          3.30,       1.88,      18.83,     62.08,         10.09
          6,          6,    2,          0.54,          3.30,       2.04,      20.43,     67.36,          8.02
          6,          6,    3,          1.19,          3.30,       2.16,      21.65,     71.37,          7.24
          6,          6,    4,          1.63,          3.30,       2.26,      22.57,     74.41,          6.88
          6,          6,    5,          1.99,          3.30,       2.34,      23.45,     77.31,          6.56
          6,          6,    6,          2.26,          3.30,       2.42,      24.24,     79.90,          6.31
          6,          6,    7,          2.47,          3.30,       2.50,      24.95,     82.24,          6.09
          6,          7,    1,          0.76,          3.30,       2.10,      21.04,     69.35,         11.01
          6,          7,    2,          1.75,          3.30,       2.28,      22.83,     75.27,          8.93
          6,          7,    3,          2.37,          3.30,       2.42,      24.21,     79.81,          8.11
          6,          7,    4,          2.78,          3.30,       2.54,      25.40,     83.73,          7.53
          6,          7,    5,          3.07,          3.30,       2.64,      26.36,     86.88,          7.15
          6,          7,    6,          3.31,          3.30,       2.72,      27.14,     89.48,          6.92
          6,          7,    7,          3.49,          3.30,       2.79,      27.89,     91.92,          6.69
          7,          1,    1,        -11.52,          3.30,       1.04,      10.40,     34.30,          2.37
          7,          1,    2,         -9.89,          3.30,       1.11,      11.08,     36.55,          1.96
          7,          1,    3,         -8.58,          3.30,       1.18,      11.77,     38.83,          1.84
          7,          1,    4,         -7.52,          3.30,       1.24,      12.42,     40.99,          1.83
          7,          1,    5,         -6.71,          3.30,       1.30,      13.04,     43.01,          1.82
          7,          1,    6,         -6.00,          3.30,       1.35,      13.53,     44.64,          1.88
          7,          1,    7,         -5.48,          3.30,       1.41,      14.09,     46.48,          1.87
          7,          2,    1,         -9.02,          3.30,       1.14,      11.47,     37.84,          4.04
          7,          2,    2,         -7.46,          3.30,       1.23,      12.28,     40.50,          3.11
          7,          2,    3,         -6.20,          3.30,       1.31,      13.14,     43.36,          2.78
          7,          2,    4,         -5.26,          3.30,       1.38,      13.83,     45.62,          2.74
          7,          2,    5,         -4.53,          3.30,       1.45,      14.53,     47.91,          2.67
          7,          2,    6,         -3.96,          3.30,       1.52,      15.15,     49.96,          2.64
          7,          2,    7,         -3.45,          3.30,       1.57,      15.70,     51.77,          2.66
          7,          3,    1,         -5.95,          3.30,       1.31,      13.13,     43.32,          5.34
          7,          3,    2,         -4.61,          3.30,       1.41,      14.15,     46.66,          4.27
          7,          3,    3,         -3.58,          3.30,       1.51,      15.08,     49.74,          3.93
          7,          3,    4,         -2.79,          3.30,       1.59,      15.89,     52.40,          3.80
          7,          3,    5,         -2.21,          3.30,       1.66,      16.63,     54.83,          3.69
          7,          3,    6,         -1.72,          3.30,       1.73,      17.26,     56.91,          3.67
          7,          3,    7,         -1.34,          3.30,       1.80,      17.97,     59.26,          3.55
          7,          4,    1,         -3.74,          3.30,       1.48,      14.83,     48.92,          6.32
          7,          4,    2,         -2.54,          3.30,       1.61,      16.06,     52.95,          5.21
          7,          4,    3,         -1.66,          3.30,       1.71,      17.06,     56.25,          4.87
          7,          4,    4,         -1.01,          3.30,       1.80,      18.04,     59.47,          4.60
          7,          4,    5,         -0.50,          3.30,       1.88,      18.80,     61.99,          4.51
          7,          4,    6,         -0.08,          3.30,       1.95,      19.53,     64.37,          4.43
          7,          4,    7,          0.26,          3.30,       2.02,      20.19,     66.55,          4.37
          7,          5,    1,         -1.49,          3.30,       1.73,      17.25,     56.89,          7.86
          7,          5,    2,         -0.38,          3.30,       1.88,      18.78,     61.93,          6.52
          7,          5,    3,          0.39,          3.30,       2.00,      19.98,     65.87,          6.07
          7,          5,    4,          0.89,          3.30,       2.09,      20.95,     69.07,          5.79
          7,          5,    5,          1.30,          3.30,       2.18,      21.79,     71.84,          5.62
          7,          5,    6,          1.64,          3.30,       2.25,      22.53,     74.27,          5.52
          7,          5,    7,          1.90,          3.30,       2.33,      23.25,     76.64,          5.38
          7,          6,    1,          0.04,          3.30,       1.95,      19.50,     64.31,         10.73
          7,          6,    2,          1.07,          3.30,       2.12,      21.19,     69.85,          8.55
          7,          6,    3,          1.71,          3.30,       2.24,      22.45,     74.02,          7.75
          7,          6,    4,          2.16,          3.30,       2.35,      23.45,     77.30,          7.34
          7,          6,    5,          2.51,          3.30,       2.44,      24.40,     80.43,          6.99
          7,          6,    6,          2.79,          3.30,       2.52,      25.16,     82.95,          6.77
          7,          6,    7,          3.01,          3.30,       2.60,      25.99,     85.68,          6.49
          7,          7,    1,          1.27,          3.30,       2.18,      21.75,     71.69,         11.85
          7,          7,    2,          2.27,          3.30,       2.37,      23.72,     78.19,          9.48
          7,          7,    3,          2.90,          3.30,       2.53,      25.26,     83.27,          8.51
          7,          7,    4,          3.31,          3.30,       2.64,      26.40,     87.01,          8.05
          7,          7,    5,          3.60,          3.30,       2.74,      27.43,     90.41,          7.63
          7,          7,    6,          3.84,          3.30,       2.83,      28.25,     93.12,          7.39
          7,          7,    7,          4.02,          3.30,       2.91,      29.12,     95.97,          7.10
          8,          1,    1,        -11.18,          3.30,       1.05,      10.47,     34.53,          2.47
          8,          1,    2,         -9.53,          3.30,       1.13,      11.25,     37.13,          1.96
          8,          1,    3,         -8.20,          3.30,       1.20,      11.97,     39.46,          1.89
          8,          1,    4,         -7.14,          3.30,       1.26,      12.65,     41.72,          1.88
          8,          1,    5,         -6.30,          3.30,       1.32,      13.24,     43.65,          1.92
          8,          1,    6,         -5.62,          3.30,       1.37,      13.74,     45.33,          1.98
          8,          1,    7,         -5.07,          3.30,       1.43,      14.29,     47.14,          1.98
          8,          2,    1,         -8.66,          3.30,       1.16,      11.59,     38.24,          4.73
          8,          2,    2,         -7.05,          3.30,       1.25,      12.45,     41.08,          3.44
          8,          2,    3,         -5.78,          3.30,       1.33,      13.34,     43.99,          3.06
          8,          2,    4,         -4.86,          3.30,       1.40,      14.07,     46.40,          2.96
          8,          2,    5,         -4.14,          3.30,       1.48,      14.74,     48.62,          2.91
          8,          2,    6,         -3.53,          3.30,       1.54,      15.39,     50.75,          2.88
          8,          2,    7,         -3.01,          3.30,       1.61,      16.03,     52.85,          2.86
          8,          3,    1,         -5.53,          3.30,       1.33,      13.32,     43.93,          5.79
          8,          3,    2,         -4.18,          3.30,       1.45,      14.49,     47.78,          4.40
          8,          3,    3,         -3.15,          3.30,       1.55,      15.43,     50.91,          4.10
          8,          3,    4,         -2.39,          3.30,       1.63,      16.31,     53.81,          3.92
          8,          3,    5,         -1.79,          3.30,       1.70,      17.05,     56.22,          3.87
          8,          3,    6,         -1.29,          3.30,       1.78,      17.73,     58.47,          3.84
          8,          3,    7,         -0.91,          3.30,       1.84,      18.34,     60.48,          3.79
          8,          4,    1,         -3.31,          3.30,       1.52,      15.20,     50.12,          6.73
          8,          4,    2,         -2.11,          3.30,       1.65,      16.48,     54.34,          5.52
          8,          4,    3,         -1.23,          3.30,       1.75,      17.48,     57.62,          5.22
          8,          4,    4,         -0.59,          3.30,       1.85,      18.50,     61.01,          4.90
          8,          4,    5,         -0.08,          3.30,       1.93,      19.31,     63.67,          4.79
          8,          4,    6,          0.33,          3.30,       2.01,      20.10,     66.26,          4.68
          8,          4,    7,          0.68,          3.30,       2.08,      20.77,     68.49,          4.62
          8,          5,    1,         -1.06,          3.30,       1.77,      17.71,     58.39,          8.28
          8,          5,    2,          0.06,          3.30,       1.93,      19.28,     63.58,          6.92
          8,          5,    3,          0.80,          3.30,       2.06,      20.57,     67.80,          6.38
          8,          5,    4,          1.33,          3.30,       2.16,      21.56,     71.06,          6.14
          8,          5,    5,          1.73,          3.30,       2.25,      22.46,     74.05,          5.94
          8,          5,    6,          2.07,          3.30,       2.33,      23.26,     76.67,          5.81
          8,          5,    7,          2.33,          3.30,       2.39,      23.93,     78.89,          5.71
          8,          6,    1,          0.47,          3.30,       2.01,      20.06,     66.14,         11.15
          8,          6,    2,          1.49,          3.30,       2.18,      21.79,     71.85,          8.98
          8,          6,    3,          2.14,          3.30,       2.32,      23.15,     76.31,          8.12
          8,          6,    4,          2.61,          3.30,       2.42,      24.19,     79.74,          7.72
          8,          6,    5,          2.95,          3.30,       2.52,      25.25,     83.22,          7.28
          8,          6,    6,          3.21,          3.30,       2.61,      26.05,     85.88,          7.05
          8,          6,    7,          3.46,          3.30,       2.68,      26.81,     88.36,          6.88
          8,          7,    1,          1.71,          3.30,       2.25,      22.45,     74.00,         12.58
          8,          7,    2,          2.72,          3.30,       2.46,      24.54,     80.90,         10.00
          8,          7,    3,          3.34,          3.30,       2.62,      26.18,     86.30,          8.96
          8,          7,    4,          3.75,          3.30,       2.73,      27.33,     90.09,          8.50
          8,          7,    5,          4.04,          3.30,       2.84,      28.38,     93.55,          8.10
          8,          7,    6,          4.28,          3.30,       2.93,      29.25,     96.43,          7.83
          8,          7,    7,          4.47,          3.30,       3.01,      30.09,     99.18,          7.57
          9,          1,    1,        -10.72,          3.30,       1.06,      10.62,     35.04,          2.64
          9,          1,    2,         -9.05,          3.30,       1.15,      11.49,     37.92,          2.04
          9,          1,    3,         -7.69,          3.30,       1.22,      12.19,     40.22,          2.03
          9,          1,    4,         -6.64,          3.30,       1.29,      12.87,     42.45,          2.04
          9,          1,    5,         -5.81,          3.30,       1.34,      13.41,     44.25,          2.11
          9,          1,    6,         -5.15,          3.30,       1.40,      14.04,     46.30,          2.11
          9,          1,    7,         -4.60,          3.30,       1.46,      14.67,     48.39,          2.10
          9,          2,    1,         -8.09,          3.30,       1.18,      11.77,     38.84,          5.42
          9,          2,    2,         -6.58,          3.30,       1.27,      12.68,     41.83,          3.76
          9,          2,    3,         -5.34,          3.30,       1.36,      13.61,     44.90,          3.28
          9,          2,    4,         -4.39,          3.30,       1.44,      14.37,     47.40,          3.19
          9,          2,    5,         -3.65,          3.30,       1.51,      15.14,     49.95,          3.09
          9,          2,    6,         -3.03,          3.30,       1.58,      15.80,     52.10,          3.09
          9,          2,    7,         -2.52,          3.30,       1.64,      16.42,     54.15,          3.08
          9,          3,    1,         -5.06,          3.30,       1.36,      13.64,     44.99,          6.01
          9,          3,    2,         -3.70,          3.30,       1.48,      14.82,     48.88,          4.70
          9,          3,    3,         -2.65,          3.30,       1.58,      15.83,     52.20,          4.38
          9,          3,    4,         -1.88,          3.30,       1.67,      16.74,     55.21,          4.21
          9,          3,    5,         -1.30,          3.30,       1.75,      17.44,     57.54,          4.17
          9,          3,    6,         -0.81,          3.30,       1.83,      18.30,     60.36,          4.03
          9,          3,    7,         -0.41,          3.30,       1.90,      18.94,     62.43,          4.02
          9,          4,    1,         -2.85,          3.30,       1.56,      15.63,     51.56,          6.96
          9,          4,    2,         -1.61,          3.30,       1.69,      16.93,     55.81,          5.90
          9,          4,    3,         -0.75,          3.30,       1.81,      18.09,     59.66,          5.40
          9,          4,    4,         -0.08,          3.30,       1.91,      19.10,     62.96,          5.21
          9,          4,    5,          0.42,          3.30,       1.99,      19.94,     65.72,          5.10
          9,          4,    6,          0.84,          3.30,       2.07,      20.74,     68.37,          5.00
          9,          4,    7,          1.18,          3.30,       2.15,      21.49,     70.83,          4.91
          9,          5,    1,         -0.55,          3.30,       1.83,      18.30,     60.34,          8.74
          9,          5,    2,          0.56,          3.30,       2.00,      19.97,     65.85,          7.30
          9,          5,    3,          1.31,          3.30,       2.13,      21.29,     70.20,          6.79
          9,          5,    4,          1.86,          3.30,       2.23,      22.33,     73.63,          6.56
          9,          5,    5,          2.26,          3.30,       2.33,      23.30,     76.82,          6.34
          9,          5,    6,          2.59,          3.30,       2.41,      24.13,     79.56,          6.19
          9,          5,    7,          2.86,          3.30,       2.49,      24.90,     82.08,          6.07
          9,          6,    1,          0.96,          3.30,       2.08,      20.79,     68.55,         11.94
          9,          6,    2,          2.00,          3.30,       2.26,      22.63,     74.61,          9.59
          9,          6,    3,          2.67,          3.30,       2.40,      24.01,     79.15,          8.78
          9,          6,    4,          3.12,          3.30,       2.52,      25.24,     83.20,          8.17
          9,          6,    5,          3.48,          3.30,       2.62,      26.17,     86.27,          7.90
          9,          6,    6,          3.73,          3.30,       2.71,      27.13,     89.40,          7.55
          9,          6,    7,          3.96,          3.30,       2.79,      27.93,     92.08,          7.33
          9,          7,    1,          2.24,          3.30,       2.34,      23.35,     76.97,         13.28
          9,          7,    2,          3.24,          3.30,       2.56,      25.57,     84.28,         10.57
          9,          7,    3,          3.85,          3.30,       2.72,      27.22,     89.71,          9.57
          9,          7,    4,          4.26,          3.30,       2.85,      28.49,     93.90,          9.03
          9,          7,    5,          4.58,          3.30,       2.96,      29.60,     97.57,          8.63
          9,          7,    6,          4.80,          3.30,       3.05,      30.54,    100.65,          8.33
          9,          7,    7,          4.99,          3.30,       3.14,      31.47,    103.72,          8.01
         10,          1,    1,        -10.32,          3.30,       1.08,      10.81,     35.66,          2.65
         10,          1,    2,         -8.63,          3.30,       1.17,      11.63,     38.37,          2.21
         10,          1,    3,         -7.20,          3.30,       1.23,      12.35,     40.75,          2.22
         10,          1,    4,         -6.13,          3.30,       1.31,      13.06,     43.08,          2.23
         10,          1,    5,         -5.35,          3.30,       1.37,      13.75,     45.34,          2.21
         10,          1,    6,         -4.67,          3.30,       1.44,      14.36,     47.35,          2.25
         10,          1,    7,         -4.14,          3.30,       1.49,      14.92,     49.22,          2.26
         10,          2,    1,         -7.66,          3.30,       1.20,      12.01,     39.62,          5.51
         10,          2,    2,         -6.12,          3.30,       1.30,      12.95,     42.73,          3.93
         10,          2,    3,         -4.85,          3.30,       1.39,      13.90,     45.83,          3.51
         10,          2,    4,         -3.92,          3.30,       1.47,      14.68,     48.43,          3.40
         10,          2,    5,         -3.19,          3.30,       1.54,      15.46,     50.99,          3.31
         10,          2,    6,         -2.57,          3.30,       1.62,      16.23,     53.52,          3.25
         10,          2,    7,         -2.05,          3.30,       1.68,      16.79,     55.38,          3.31
         10,          3,    1,         -4.59,          3.30,       1.39,      13.92,     45.92,          6.45
         10,          3,    2,         -3.21,          3.30,       1.51,      15.15,     49.96,          5.06
         10,          3,    3,         -2.18,          3.30,       1.62,      16.24,     53.56,          4.65
         10,          3,    4,         -1.42,          3.30,       1.72,      17.17,     56.64,          4.48
         10,          3,    5,         -0.83,          3.30,       1.80,      18.05,     59.53,          4.35
         10,          3,    6,         -0.33,          3.30,       1.88,      18.82,     62.08,          4.30
         10,          3,    7,          0.07,          3.30,       1.94,      19.44,     64.10,          4.31
         10,          4,    1,         -2.38,          3.30,       1.60,      16.01,     52.81,          7.37
         10,          4,    2,         -1.15,          3.30,       1.74,      17.40,     57.37,          6.19
         10,          4,    3,         -0.28,          3.30,       1.86,      18.66,     61.53,          5.67
         10,          4,    4,          0.36,          3.30,       1.97,      19.67,     64.86,          5.46
         10,          4,    5,          0.89,          3.30,       2.05,      20.55,     67.76,          5.39
         10,          4,    6,          1.31,          3.30,       2.14,      21.42,     70.62,          5.27
         10,          4,    7,          1.67,          3.30,       2.21,      22.12,     72.91,          5.25
         10,          5,    1,         -0.09,          3.30,       1.88,      18.87,     62.20,          9.27
         10,          5,    2,          1.02,          3.30,       2.06,      20.60,     67.91,          7.77
         10,          5,    3,          1.79,          3.30,       2.20,      21.98,     72.48,          7.25
         10,          5,    4,          2.34,          3.30,       2.32,      23.15,     76.33,          6.93
         10,          5,    5,          2.75,          3.30,       2.41,      24.10,     79.45,          6.77
         10,          5,    6,          3.07,          3.30,       2.50,      25.00,     82.42,          6.58
         10,          5,    7,          3.33,          3.30,       2.58,      25.74,     84.84,          6.49
         10,          6,    1,          1.45,          3.30,       2.15,      21.51,     70.93,         12.57
         10,          6,    2,          2.49,          3.30,       2.35,      23.45,     77.29,         10.15
         10,          6,    3,          3.15,          3.30,       2.50,      24.95,     82.24,          9.21
         10,          6,    4,          3.61,          3.30,       2.61,      26.14,     86.16,          8.73
         10,          6,    5,          3.96,          3.30,       2.72,      27.22,     89.74,          8.31
         10,          6,    6,          4.23,          3.30,       2.82,      28.17,     92.84,          8.02
         10,          6,    7,          4.46,          3.30,       2.90,      29.02,     95.67,          7.78
         10,          7,    1,          2.69,          3.30,       2.42,      24.21,     79.79,         13.99
         10,          7,    2,          3.72,          3.30,       2.66,      26.56,     87.55,         11.19
         10,          7,    3,          4.34,          3.30,       2.83,      28.30,     93.28,         10.14
         10,          7,    4,          4.75,          3.30,       2.96,      29.64,     97.69,          9.58
         10,          7,    5,          5.06,          3.30,       3.08,      30.76,    101.39,          9.18
         10,          7,    6,          5.29,          3.30,       3.18,      31.76,    104.69,          8.86
         10,          7,    7,          5.48,          3.30,       3.27,      32.74,    107.90,          8.54
         11,          1,    1,         -9.87,          3.30,       1.10,      10.98,     36.21,          2.64
         11,          1,    2,         -8.16,          3.30,       1.17,      11.75,     38.78,          2.36
         11,          1,    3,         -6.78,          3.30,       1.25,      12.54,     41.38,          2.31
         11,          1,    4,         -5.71,          3.30,       1.33,      13.32,     43.95,          2.30
         11,          1,    5,         -4.92,          3.30,       1.40,      13.97,     46.08,          2.34
         11,          1,    6,         -4.24,          3.30,       1.46,      14.59,     48.12,          2.38
         11,          1,    7,         -3.71,          3.30,       1.52,      15.17,     50.02,          2.40
         11,          2,    1,         -7.24,          3.30,       1.22,      12.17,     40.17,          6.21
         11,          2,    2,         -5.67,          3.30,       1.32,      13.21,     43.59,          4.20
         11,          2,    3,         -4.43,          3.30,       1.42,      14.16,     46.71,          3.77
         11,          2,    4,         -3.48,          3.30,       1.50,      15.00,     49.47,          3.63
         11,          2,    5,         -2.77,          3.30,       1.58,      15.77,     52.01,          3.56
         11,          2,    6,         -2.12,          3.30,       1.66,      16.57,     54.65,          3.51
         11,          2,    7,         -1.64,          3.30,       1.72,      17.23,     56.81,          3.48
         11,          3,    1,         -4.17,          3.30,       1.42,      14.22,     46.91,          6.76
         11,          3,    2,         -2.78,          3.30,       1.55,      15.50,     51.12,          5.33
         11,          3,    3,         -1.75,          3.30,       1.67,      16.67,     54.98,          4.86
         11,          3,    4,         -0.99,          3.30,       1.76,      17.59,     57.99,          4.75
         11,          3,    5,         -0.39,          3.30,       1.85,      18.52,     61.07,          4.61
         11,          3,    6,          0.12,          3.30,       1.93,      19.28,     63.58,          4.60
         11,          3,    7,          0.49,          3.30,       2.00,      20.03,     66.03,          4.52
         11,          4,    1,         -1.94,          3.30,       1.65,      16.47,     54.34,          7.65
         11,          4,    2,         -0.70,          3.30,       1.79,      17.82,     58.78,          6.64
         11,          4,    3,          0.16,          3.30,       1.91,      19.12,     63.04,          6.08
         11,          4,    4,          0.83,          3.30,       2.02,      20.22,     66.65,          5.86
         11,          4,    5,          1.34,          3.30,       2.12,      21.22,     69.96,          5.68
         11,          4,    6,          1.76,          3.30,       2.20,      22.04,     72.66,          5.62
         11,          4,    7,          2.11,          3.30,       2.28,      22.82,     75.23,          5.56
         11,          5,    1,          0.36,          3.30,       1.94,      19.41,     63.99,          9.88
         11,          5,    2,          1.46,          3.30,       2.13,      21.28,     70.15,          8.16
         11,          5,    3,          2.25,          3.30,       2.27,      22.73,     74.94,          7.66
         11,          5,    4,          2.79,          3.30,       2.39,      23.89,     78.77,          7.37
         11,          5,    5,          3.19,          3.30,       2.50,      24.95,     82.23,          7.14
         11,          5,    6,          3.53,          3.30,       2.58,      25.81,     85.07,          7.02
         11,          5,    7,          3.79,          3.30,       2.66,      26.64,     87.81,          6.87
         11,          6,    1,          1.91,          3.30,       2.22,      22.22,     73.25,         13.32
         11,          6,    2,          2.95,          3.30,       2.42,      24.27,     80.01,         10.70
         11,          6,    3,          3.61,          3.30,       2.58,      25.82,     85.10,          9.77
         11,          6,    4,          4.07,          3.30,       2.71,      27.14,     89.47,          9.16
         11,          6,    5,          4.41,          3.30,       2.82,      28.19,     92.92,          8.81
         11,          6,    6,          4.69,          3.30,       2.92,      29.20,     96.25,          8.50
         11,          6,    7,          4.91,          3.30,       3.01,      30.06,     99.08,          8.26
         11,          7,    1,          3.16,          3.30,       2.51,      25.06,     82.62,         14.73
         11,          7,    2,          4.18,          3.30,       2.75,      27.53,     90.75,         11.81
         11,          7,    3,          4.80,          3.30,       2.94,      29.38,     96.84,         10.69
         11,          7,    4,          5.22,          3.30,       3.07,      30.75,    101.36,         10.14
         11,          7,    5,          5.52,          3.30,       3.20,      32.03,    105.57,          9.64
         11,          7,    6,          5.74,          3.30,       3.30,      33.00,    108.77,          9.33
         11,          7,    7,          5.95,          3.30,       3.40,      33.97,    111.97,          9.07
         12,          1,    1,         -9.50,          3.30,       1.11,      11.06,     36.48,          2.98
         12,          1,    2,         -7.78,          3.30,       1.19,      11.92,     39.32,          2.52
         12,          1,    3,         -6.37,          3.30,       1.28,      12.77,     42.13,          2.45
         12,          1,    4,         -5.35,          3.30,       1.35,      13.54,     44.66,          2.44
         12,          1,    5,         -4.53,          3.30,       1.42,      14.23,     46.93,          2.48
         12,          1,    6,         -3.87,          3.30,       1.49,      14.90,     49.14,          2.50
         12,          1,    7,         -3.31,          3.30,       1.55,      15.45,     50.96,          2.56
         12,          2,    1,         -6.84,          3.30,       1.24,      12.36,     40.76,          6.19
         12,          2,    2,         -5.31,          3.30,       1.34,      13.40,     44.21,          4.34
         12,          2,    3,         -4.05,          3.30,       1.45,      14.46,     47.70,          3.83
         12,          2,    4,         -3.08,          3.30,       1.53,      15.34,     50.59,          3.74
         12,          2,    5,         -2.33,          3.30,       1.62,      16.11,     53.13,          3.73
         12,          2,    6,         -1.72,          3.30,       1.69,      16.86,     55.60,          3.70
         12,          2,    7,         -1.24,          3.30,       1.76,      17.56,     57.90,          3.67
         12,          3,    1,         -3.78,          3.30,       1.46,      14.61,     48.18,          6.76
         12,          3,    2,         -2.38,          3.30,       1.59,      15.84,     52.25,          5.64
         12,          3,    3,         -1.34,          3.30,       1.71,      17.04,     56.19,          5.17
         12,          3,    4,         -0.58,          3.30,       1.80,      18.07,     59.57,          4.98
         12,          3,    5,          0.04,          3.30,       1.90,      19.01,     62.68,          4.88
         12,          3,    6,          0.52,          3.30,       1.98,      19.81,     65.33,          4.83
         12,          3,    7,          0.93,          3.30,       2.05,      20.46,     67.48,          4.86
         12,          4,    1,         -1.53,          3.30,       1.68,      16.80,     55.39,          8.30
         12,          4,    2,         -0.31,          3.30,       1.84,      18.34,     60.47,          6.88
         12,          4,    3,          0.59,          3.30,       1.97,      19.73,     65.04,          6.32
         12,          4,    4,          1.25,          3.30,       2.07,      20.74,     68.37,          6.22
         12,          4,    5,          1.74,          3.30,       2.18,      21.80,     71.85,          6.00
         12,          4,    6,          2.19,          3.30,       2.26,      22.66,     74.70,          5.96
         12,          4,    7,          2.54,          3.30,       2.35,      23.50,     77.48,          5.88
         12,          5,    1,          0.75,          3.30,       2.00,      20.03,     66.05,         10.11
         12,          5,    2,          1.89,          3.30,       2.18,      21.83,     71.96,          8.74
         12,          5,    3,          2.69,          3.30,       2.34,      23.44,     77.27,          8.08
         12,          5,    4,          3.22,          3.30,       2.46,      24.65,     81.26,          7.78
         12,          5,    5,          3.63,          3.30,       2.57,      25.73,     84.82,          7.56
         12,          5,    6,          3.96,          3.30,       2.67,      26.65,     87.83,          7.42
         12,          5,    7,          4.21,          3.30,       2.75,      27.52,     90.72,          7.24
         12,          6,    1,          2.34,          3.30,       2.29,      22.88,     75.43,         14.11
         12,          6,    2,          3.37,          3.30,       2.51,      25.11,     82.77,         11.16
         12,          6,    3,          4.03,          3.30,       2.67,      26.70,     88.01,         10.22
         12,          6,    4,          4.49,          3.30,       2.81,      28.06,     92.48,          9.63
         12,          6,    5,          4.84,          3.30,       2.92,      29.17,     96.14,          9.28
         12,          6,    6,          5.13,          3.30,       3.02,      30.19,     99.49,          9.00
         12,          6,    7,          5.34,          3.30,       3.11,      31.07,    102.40,          8.74
         12,          7,    1,          3.59,          3.30,       2.60,      25.95,     85.55,         15.25
         12,          7,    2,          4.60,          3.30,       2.85,      28.48,     93.87,         12.38
         12,          7,    3,          5.24,          3.30,       3.05,      30.43,    100.29,         11.24
         12,          7,    4,          5.64,          3.30,       3.19,      31.92,    105.23,         10.58
         12,          7,    5,          5.95,          3.30,       3.32,      33.21,    109.45,         10.13
         12,          7,    6,          6.18,          3.30,       3.42,      34.19,    112.69,          9.86
         12,          7,    7,          6.39,          3.30,       3.52,      35.26,    116.23,          9.54
         13,          1,    1,         -9.08,          3.30,       1.12,      11.25,     37.10,          3.14
         13,          1,    2,         -7.32,          3.30,       1.22,      12.15,     40.07,          2.69
         13,          1,    3,         -5.93,          3.30,       1.30,      12.98,     42.82,          2.65
         13,          1,    4,         -4.91,          3.30,       1.38,      13.75,     45.36,          2.65
         13,          1,    5,         -4.09,          3.30,       1.45,      14.48,     47.77,          2.67
         13,          1,    6,         -3.39,          3.30,       1.52,      15.22,     50.20,          2.69
         13,          1,    7,         -2.85,          3.30,       1.58,      15.83,     52.22,          2.72
         13,          2,    1,         -6.43,          3.30,       1.26,      12.60,     41.57,          6.70
         13,          2,    2,         -4.85,          3.30,       1.37,      13.70,     45.20,          4.66
         13,          2,    3,         -3.58,          3.30,       1.48,      14.78,     48.75,          4.14
         13,          2,    4,         -2.66,          3.30,       1.57,      15.69,     51.73,          4.00
         13,          2,    5,         -1.90,          3.30,       1.66,      16.56,     54.60,          3.93
         13,          2,    6,         -1.26,          3.30,       1.73,      17.31,     57.09,          3.95
         13,          2,    7,         -0.74,          3.30,       1.81,      18.06,     59.58,          3.93
         13,          3,    1,         -3.32,          3.30,       1.49,      14.88,     49.08,          7.67
         13,          3,    2,         -1.94,          3.30,       1.63,      16.29,     53.73,          5.97
         13,          3,    3,         -0.87,          3.30,       1.75,      17.53,     57.82,          5.53
         13,          3,    4,         -0.08,          3.30,       1.85,      18.55,     61.16,          5.41
         13,          3,    5,          0.51,          3.30,       1.95,      19.51,     64.32,          5.28
         13,          3,    6,          0.99,          3.30,       2.04,      20.40,     67.26,          5.18
         13,          3,    7,          1.38,          3.30,       2.12,      21.12,     69.62,          5.17
         13,          4,    1,         -1.08,          3.30,       1.72,      17.23,     56.83,          9.11
         13,          4,    2,          0.17,          3.30,       1.89,      18.92,     62.37,          7.37
         13,          4,    3,          1.05,          3.30,       2.03,      20.29,     66.90,          6.84
         13,          4,    4,          1.73,          3.30,       2.15,      21.50,     70.90,          6.58
         13,          4,    5,          2.24,          3.30,       2.25,      22.46,     74.03,          6.51
         13,          4,    6,          2.67,          3.30,       2.34,      23.42,     77.20,          6.40
         13,          4,    7,          3.01,          3.30,       2.44,      24.32,     80.17,          6.27
         13,          5,    1,          1.21,          3.30,       2.06,      20.64,     68.04,         10.71
         13,          5,    2,          2.37,          3.30,       2.26,      22.60,     74.51,          9.18
         13,          5,    3,          3.16,          3.30,       2.42,      24.24,     79.90,          8.56
         13,          5,    4,          3.69,          3.30,       2.56,      25.59,     84.36,          8.15
         13,          5,    5,          4.10,          3.30,       2.67,      26.69,     87.97,          7.96
         13,          5,    6,          4.44,          3.30,       2.77,      27.65,     91.14,          7.84
         13,          5,    7,          4.71,          3.30,       2.86,      28.56,     94.15,          7.69
         13,          6,    1,          2.81,          3.30,       2.37,      23.66,     78.00,         15.15
         13,          6,    2,          3.84,          3.30,       2.60,      26.02,     85.75,         11.90
         13,          6,    3,          4.52,          3.30,       2.78,      27.78,     91.56,         10.82
         13,          6,    4,          4.98,          3.30,       2.92,      29.17,     96.15,         10.25
         13,          6,    5,          5.33,          3.30,       3.03,      30.37,    100.08,          9.84
         13,          6,    6,          5.60,          3.30,       3.14,      31.40,    103.49,          9.54
         13,          6,    7,          5.83,          3.30,       3.24,      32.41,    106.81,          9.24
         13,          7,    1,          4.05,          3.30,       2.70,      26.97,     88.88,         16.04
         13,          7,    2,          5.09,          3.30,       2.97,      29.68,     97.83,         13.00
         13,          7,    3,          5.71,          3.30,       3.17,      31.74,    104.60,         11.80
         13,          7,    4,          6.14,          3.30,       3.32,      33.23,    109.55,         11.25
         13,          7,    5,          6.45,          3.30,       3.45,      34.52,    113.76,         10.83
         13,          7,    6,          6.69,          3.30,       3.57,      35.69,    117.63,         10.45
         13,          7,    7,          6.87,          3.30,       3.67,      36.71,    121.00,         10.15
         14,          1,    1,         -8.64,          3.30,       1.15,      11.48,     37.87,          3.25
         14,          1,    2,         -6.85,          3.30,       1.24,      12.38,     40.83,          2.88
         14,          1,    3,         -5.50,          3.30,       1.33,      13.29,     43.82,          2.78
         14,          1,    4,         -4.45,          3.30,       1.41,      14.12,     46.57,          2.78
         14,          1,    5,         -3.63,          3.30,       1.49,      14.84,     48.96,          2.83
         14,          1,    6,         -2.94,          3.30,       1.56,      15.56,     51.32,          2.88
         14,          1,    7,         -2.41,          3.30,       1.62,      16.24,     53.56,          2.88
         14,          2,    1,         -5.94,          3.30,       1.29,      12.91,     42.60,          6.63
         14,          2,    2,         -4.41,          3.30,       1.40,      14.01,     46.20,          4.86
         14,          2,    3,         -3.17,          3.30,       1.52,      15.15,     49.96,          4.31
         14,          2,    4,         -2.19,          3.30,       1.61,      16.13,     53.18,          4.19
         14,          2,    5,         -1.46,          3.30,       1.70,      16.98,     56.01,          4.14
         14,          2,    6,         -0.82,          3.30,       1.79,      17.85,     58.86,          4.11
         14,          2,    7,         -0.31,          3.30,       1.86,      18.60,     61.30,          4.13
         14,          3,    1,         -2.90,          3.30,       1.53,      15.30,     50.46,          7.87
         14,          3,    2,         -1.50,          3.30,       1.67,      16.71,     55.10,          6.34
         14,          3,    3,         -0.44,          3.30,       1.81,      18.09,     59.67,          5.75
         14,          3,    4,          0.35,          3.30,       1.91,      19.12,     63.05,          5.68
         14,          3,    5,          0.94,          3.30,       2.01,      20.13,     66.36,          5.54
         14,          3,    6,          1.44,          3.30,       2.10,      21.00,     69.23,          5.51
         14,          3,    7,          1.84,          3.30,       2.19,      21.85,     72.04,          5.44
         14,          4,    1,         -0.66,          3.30,       1.78,      17.81,     58.71,          9.18
         14,          4,    2,          0.61,          3.30,       1.95,      19.51,     64.32,          7.68
         14,          4,    3,          1.50,          3.30,       2.09,      20.93,     68.98,          7.19
         14,          4,    4,          2.19,          3.30,       2.22,      22.18,     73.12,          6.96
         14,          4,    5,          2.69,          3.30,       2.33,      23.29,     76.77,          6.78
         14,          4,    6,          3.12,          3.30,       2.43,      24.28,     80.03,          6.69
         14,          4,    7,          3.48,          3.30,       2.53,      25.23,     83.16,          6.58
         14,          5,    1,          1.65,          3.30,       2.13,      21.32,     70.28,         11.20
         14,          5,    2,          2.81,          3.30,       2.35,      23.44,     77.28,          9.54
         14,          5,    3,          3.62,          3.30,       2.52,      25.17,     82.97,          8.94
         14,          5,    4,          4.16,          3.30,       2.66,      26.60,     87.69,          8.56
         14,          5,    5,          4.57,          3.30,       2.78,      27.74,     91.43,          8.37
         14,          5,    6,          4.90,          3.30,       2.88,      28.80,     94.94,          8.19
         14,          5,    7,          5.16,          3.30,       2.97,      29.69,     97.87,          8.08
         14,          6,    1,          3.24,          3.30,       2.46,      24.62,     81.15,         15.21
         14,          6,    2,          4.30,          3.30,       2.70,      26.99,     88.99,         12.40
         14,          6,    3,          4.98,          3.30,       2.89,      28.90,     95.27,         11.24
         14,          6,    4,          5.44,          3.30,       3.03,      30.33,     99.96,         10.70
         14,          6,    5,          5.79,          3.30,       3.16,      31.59,    104.15,         10.30
         14,          6,    6,          6.07,          3.30,       3.27,      32.71,    107.79,         10.00
         14,          6,    7,          6.29,          3.30,       3.37,      33.70,    111.08,          9.73
         14,          7,    1,          4.50,          3.30,       2.80,      27.98,     92.20,         17.05
         14,          7,    2,          5.53,          3.30,       3.08,      30.80,    101.53,         13.82
         14,          7,    3,          6.17,          3.30,       3.30,      33.02,    108.83,         12.49
         14,          7,    4,          6.60,          3.30,       3.46,      34.60,    114.04,         11.91
         14,          7,    5,          6.91,          3.30,       3.60,      35.99,    118.63,         11.42
         14,          7,    6,          7.14,          3.30,       3.72,      37.20,    122.63,         11.02
         14,          7,    7,          7.34,          3.30,       3.83,      38.27,    126.13,         10.73
         15,          1,    1,         -4.05,          3.30,       1.37,      13.70,     45.21,          4.59
         15,          1,    2,         -2.16,          3.30,       1.53,      15.29,     50.43,          4.41
         15,          1,    3,         -0.90,          3.30,       1.67,      16.70,     55.08,          4.41
         15,          1,    4,          0.04,          3.30,       1.80,      18.03,     59.44,          4.42
         15,          1,    5,          0.71,          3.30,       1.91,      19.15,     63.15,          4.44
         15,          1,    6,          1.25,          3.30,       2.02,      20.16,     66.48,          4.47
         15,          1,    7,          1.69,          3.30,       2.12,      21.16,     69.75,          4.46
         15,          2,    1,         -2.14,          3.30,       1.54,      15.37,     50.68,          8.55
         15,          2,    2,         -0.43,          3.30,       1.73,      17.29,     57.00,          6.72
         15,          2,    3,          0.74,          3.30,       1.89,      18.94,     62.46,          6.27
         15,          2,    4,          1.57,          3.30,       2.04,      20.34,     67.07,          6.10
         15,          2,    5,          2.21,          3.30,       2.16,      21.63,     71.33,          5.98
         15,          2,    6,          2.71,          3.30,       2.28,      22.84,     75.29,          5.87
         15,          2,    7,          3.11,          3.30,       2.40,      24.02,     79.19,          5.73
         15,          3,    1,          0.16,          3.30,       1.81,      18.16,     59.91,         11.99
         15,          3,    2,          1.66,          3.30,       2.04,      20.37,     67.16,          9.21
         15,          3,    3,          2.67,          3.30,       2.23,      22.24,     73.32,          8.38
         15,          3,    4,          3.35,          3.30,       2.38,      23.84,     78.60,          7.92
         15,          3,    5,          3.86,          3.30,       2.53,      25.26,     83.25,          7.61
         15,          3,    6,          4.26,          3.30,       2.66,      26.60,     87.68,          7.32
         15,          3,    7,          4.57,          3.30,       2.78,      27.82,     91.70,          7.08
         15,          4,    1,          1.79,          3.30,       2.08,      20.84,     68.71,         13.00
         15,          4,    2,          3.14,          3.30,       2.33,      23.31,     76.82,         10.45
         15,          4,    3,          4.01,          3.30,       2.54,      25.42,     83.78,          9.42
         15,          4,    4,          4.61,          3.30,       2.71,      27.14,     89.47,          8.92
         15,          4,    5,          5.04,          3.30,       2.87,      28.73,     94.70,          8.49
         15,          4,    6,          5.38,          3.30,       3.01,      30.11,     99.25,          8.19
         15,          4,    7,          5.64,          3.30,       3.15,      31.54,    103.96,          7.83
         15,          5,    1,          3.49,          3.30,       2.44,      24.37,     80.32,         13.74
         15,          5,    2,          4.67,          3.30,       2.72,      27.26,     89.83,         11.37
         15,          5,    3,          5.41,          3.30,       2.96,      29.62,     97.62,         10.36
         15,          5,    4,          5.89,          3.30,       3.14,      31.48,    103.75,          9.78
         15,          5,    5,          6.26,          3.30,       3.32,      33.22,    109.50,          9.31
         15,          5,    6,          6.54,          3.30,       3.47,      34.72,    114.44,          8.95
         15,          5,    7,          6.74,          3.30,       3.62,      36.23,    119.39,          8.54
         15,          6,    1,          4.67,          3.30,       2.76,      27.63,     91.07,         16.01
         15,          6,    2,          5.74,          3.30,       3.08,      30.83,    101.61,         13.02
         15,          6,    3,          6.38,          3.30,       3.33,      33.30,    109.75,         11.75
         15,          6,    4,          6.80,          3.30,       3.53,      35.35,    116.50,         10.95
         15,          6,    5,          7.10,          3.30,       3.72,      37.21,    122.66,         10.28
         15,          6,    6,          7.35,          3.30,       3.89,      38.96,    128.41,          9.76
         15,          6,    7,          7.53,          3.30,       4.07,      40.67,    134.03,          9.25
         15,          7,    1,          5.57,          3.30,       3.08,      30.85,    101.70,         17.71
         15,          7,    2,          6.60,          3.30,       3.45,      34.52,    113.78,         14.10
         15,          7,    3,          7.19,          3.30,       3.74,      37.34,    123.07,         12.55
         15,          7,    4,          7.58,          3.30,       3.97,      39.68,    130.79,         11.58
         15,          7,    5,          7.86,          3.30,       4.19,      41.94,    138.21,         10.73
         15,          7,    6,          8.07,          3.30,       4.39,      43.84,    144.50,         10.15
         15,          7,    7,          8.25,          3.30,       4.58,      45.79,    150.88,          9.60
         16,          1,    1,         -3.60,          3.30,       1.40,      13.93,     45.95,          4.87
         16,          1,    2,         -1.71,          3.30,       1.57,      15.65,     51.60,          4.62
         16,          1,    3,         -0.43,          3.30,       1.71,      17.13,     56.49,          4.65
         16,          1,    4,          0.49,          3.30,       1.85,      18.50,     60.99,          4.67
         16,          1,    5,          1.16,          3.30,       1.97,      19.69,     64.91,          4.69
         16,          1,    6,          1.72,          3.30,       2.08,      20.78,     68.50,          4.72
         16,          1,    7,          2.18,          3.30,       2.18,      21.79,     71.84,          4.74
         16,          2,    1,         -1.72,          3.30,       1.57,      15.73,     51.87,          8.95
         16,          2,    2,          0.01,          3.30,       1.77,      17.74,     58.48,          7.10
         16,          2,    3,          1.19,          3.30,       1.95,      19.55,     64.44,          6.54
         16,          2,    4,          2.06,          3.30,       2.10,      21.00,     69.24,          6.45
         16,          2,    5,          2.67,          3.30,       2.24,      22.37,     73.73,          6.30
         16,          2,    6,          3.18,          3.30,       2.36,      23.59,     77.78,          6.22
         16,          2,    7,          3.58,          3.30,       2.49,      24.88,     82.02,          6.05
         16,          3,    1,          0.59,          3.30,       1.87,      18.68,     61.58,         12.29
         16,          3,    2,          2.10,          3.30,       2.10,      20.98,     69.16,          9.61
         16,          3,    3,          3.13,          3.30,       2.30,      23.01,     75.85,          8.71
         16,          3,    4,          3.82,          3.30,       2.47,      24.72,     81.47,          8.24
         16,          3,    5,          4.32,          3.30,       2.62,      26.16,     86.24,          7.96
         16,          3,    6,          4.73,          3.30,       2.75,      27.50,     90.63,          7.75
         16,          3,    7,          5.05,          3.30,       2.88,      28.83,     95.02,          7.48
         16,          4,    1,          2.26,          3.30,       2.15,      21.46,     70.75,         13.98
         16,          4,    2,          3.62,          3.30,       2.41,      24.12,     79.53,         11.07
         16,          4,    3,          4.47,          3.30,       2.63,      26.26,     86.57,         10.04
         16,          4,    4,          5.08,          3.30,       2.81,      28.13,     92.72,          9.47
         16,          4,    5,          5.51,          3.30,       2.98,      29.76,     98.10,          9.04
         16,          4,    6,          5.85,          3.30,       3.13,      31.23,    102.92,          8.70
         16,          4,    7,          6.13,          3.30,       3.27,      32.72,    107.84,          8.35
         16,          5,    1,          3.94,          3.30,       2.52,      25.20,     83.08,         14.55
         16,          5,    2,          5.13,          3.30,       2.83,      28.28,     93.21,         12.01
         16,          5,    3,          5.87,          3.30,       3.07,      30.69,    101.15,         11.01
         16,          5,    4,          6.38,          3.30,       3.27,      32.71,    107.82,         10.41
         16,          5,    5,          6.74,          3.30,       3.44,      34.46,    113.59,          9.92
         16,          5,    6,          7.01,          3.30,       3.61,      36.08,    118.92,          9.51
         16,          5,    7,          7.23,          3.30,       3.77,      37.66,    124.11,          9.10
         16,          6,    1,          5.13,          3.30,       2.87,      28.74,     94.71,         16.74
         16,          6,    2,          6.21,          3.30,       3.21,      32.08,    105.74,         13.71
         16,          6,    3,          6.85,          3.30,       3.47,      34.62,    114.11,         12.47
         16,          6,    4,          7.27,          3.30,       3.68,      36.81,    121.32,         11.59
         16,          6,    5,          7.59,          3.30,       3.88,      38.78,    127.82,         10.93
         16,          6,    6,          7.83,          3.30,       4.06,      40.61,    133.85,         10.36
         16,          6,    7,          8.02,          3.30,       4.24,      42.39,    139.70,          9.83
         16,          7,    1,          6.04,          3.30,       3.22,      32.18,    106.08,         18.42
         16,          7,    2,          7.08,          3.30,       3.59,      35.91,    118.37,         14.99
         16,          7,    3,          7.67,          3.30,       3.90,      39.02,    128.59,         13.21
         16,          7,    4,          8.06,          3.30,       4.15,      41.45,    136.61,         12.22
         16,          7,    5,          8.35,          3.30,       4.37,      43.73,    144.12,         11.42
         16,          7,    6,          8.56,          3.30,       4.58,      45.77,    150.84,         10.77
         16,          7,    7,          8.73,          3.29,       4.78,      47.74,    157.30,         10.22
         17,          1,    1,         -3.22,          3.30,       1.43,      14.26,     47.03,          5.01
         17,          1,    2,         -1.31,          3.30,       1.60,      16.01,     52.81,          4.84
         17,          1,    3,          0.00,          3.30,       1.76,      17.60,     58.04,          4.87
         17,          1,    4,          0.92,          3.30,       1.90,      19.00,     62.64,          4.92
         17,          1,    5,          1.60,          3.30,       2.03,      20.24,     66.72,          4.96
         17,          1,    6,          2.17,          3.30,       2.14,      21.38,     70.47,          5.00
         17,          1,    7,          2.61,          3.30,       2.25,      22.47,     74.08,          4.99
         17,          2,    1,         -1.33,          3.30,       1.62,      16.15,     53.27,          9.20
         17,          2,    2,          0.44,          3.30,       1.82,      18.19,     59.95,          7.54
         17,          2,    3,          1.62,          3.30,       2.00,      20.05,     66.11,          6.97
         17,          2,    4,          2.47,          3.30,       2.16,      21.56,     71.09,          6.84
         17,          2,    5,          3.12,          3.30,       2.31,      23.09,     76.10,          6.65
         17,          2,    6,          3.62,          3.30,       2.44,      24.36,     80.31,          6.56
         17,          2,    7,          4.03,          3.30,       2.56,      25.62,     84.45,          6.45
         17,          3,    1,          1.00,          3.30,       1.91,      19.18,     63.25,         13.07
         17,          3,    2,          2.54,          3.30,       2.16,      21.63,     71.31,         10.15
         17,          3,    3,          3.54,          3.30,       2.37,      23.72,     78.17,          9.20
         17,          3,    4,          4.26,          3.30,       2.55,      25.48,     84.01,          8.77
         17,          3,    5,          4.77,          3.30,       2.71,      27.07,     89.22,          8.42
         17,          3,    6,          5.17,          3.30,       2.85,      28.51,     93.97,          8.15
         17,          3,    7,          5.49,          3.30,       2.99,      29.89,     98.53,          7.88
         17,          4,    1,          2.68,          3.30,       2.21,      22.09,     72.83,         14.88
         17,          4,    2,          4.04,          3.30,       2.49,      24.93,     82.16,         11.64
         17,          4,    3,          4.90,          3.30,       2.72,      27.16,     89.54,         10.60
         17,          4,    4,          5.51,          3.30,       2.92,      29.14,     96.05,          9.96
         17,          4,    5,          5.95,          3.30,       3.08,      30.84,    101.65,          9.53
         17,          4,    6,          6.30,          3.30,       3.24,      32.41,    106.82,          9.19
         17,          4,    7,          6.58,          3.30,       3.39,      33.88,    111.68,          8.87
         17,          5,    1,          4.37,          3.30,       2.60,      26.04,     85.83,         15.15
         17,          5,    2,          5.57,          3.30,       2.93,      29.27,     96.46,         12.58
         17,          5,    3,          6.32,          3.30,       3.19,      31.89,    105.10,         11.48
         17,          5,    4,          6.83,          3.30,       3.39,      33.92,    111.82,         10.95
         17,          5,    5,          7.18,          3.30,       3.58,      35.81,    118.02,         10.41
         17,          5,    6,          7.47,          3.30,       3.75,      37.47,    123.51,         10.01
         17,          5,    7,          7.68,          3.30,       3.92,      39.15,    129.05,          9.57
         17,          6,    1,          5.56,          3.30,       2.98,      29.75,     98.04,         17.70
         17,          6,    2,          6.66,          3.30,       3.33,      33.29,    109.74,         14.46
         17,          6,    3,          7.29,          3.30,       3.60,      35.97,    118.55,         13.11
         17,          6,    4,          7.73,          3.30,       3.83,      38.30,    126.23,         12.20
         17,          6,    5,          8.03,          3.30,       4.03,      40.33,    132.92,         11.51
         17,          6,    6,          8.28,          3.30,       4.23,      42.28,    139.34,         10.92
         17,          6,    7,          8.47,          3.30,       4.40,      44.04,    145.13,         10.43
         17,          7,    1,          6.49,          3.30,       3.33,      33.35,    109.93,         19.76
         17,          7,    2,          7.54,          3.30,       3.74,      37.40,    123.29,         15.78
         17,          7,    3,          8.13,          3.30,       4.06,      40.60,    133.79,         13.99
         17,          7,    4,          8.52,          3.30,       4.31,      43.10,    142.03,         13.02
         17,          7,    5,          8.80,          3.29,       4.56,      45.54,    150.05,         12.10
         17,          7,    6,          9.01,          3.29,       4.76,      47.60,    156.84,         11.46
         17,          7,    7,          9.19,          3.29,       4.98,      49.75,    163.91,         10.83
         18,          1,    1,         -2.79,          3.30,       1.46,      14.59,     48.13,          5.29
         18,          1,    2,         -0.86,          3.30,       1.65,      16.49,     54.39,          5.06
         18,          1,    3,          0.46,          3.30,       1.82,      18.14,     59.80,          5.14
         18,          1,    4,          1.38,          3.30,       1.96,      19.60,     64.63,          5.20
         18,          1,    5,          2.10,          3.30,       2.09,      20.85,     68.74,          5.30
         18,          1,    6,          2.65,          3.30,       2.20,      22.04,     72.65,          5.34
         18,          1,    7,          3.09,          3.30,       2.33,      23.26,     76.66,          5.30
         18,          2,    1,         -0.91,          3.30,       1.65,      16.48,     54.35,          9.78
         18,          2,    2,          0.85,          3.30,       1.87,      18.65,     61.48,          7.89
         18,          2,    3,          2.07,          3.30,       2.06,      20.61,     67.94,          7.36
         18,          2,    4,          2.92,          3.30,       2.23,      22.27,     73.43,          7.15
         18,          2,    5,          3.57,          3.30,       2.38,      23.77,     78.37,          7.05
         18,          2,    6,          4.08,          3.30,       2.52,      25.18,     83.01,          6.92
         18,          2,    7,          4.50,          3.30,       2.66,      26.58,     87.63,          6.77
         18,          3,    1,          1.41,          3.30,       1.97,      19.76,     65.17,         13.64
         18,          3,    2,          2.98,          3.30,       2.23,      22.26,     73.39,         10.81
         18,          3,    3,          4.00,          3.30,       2.45,      24.48,     80.71,          9.78
         18,          3,    4,          4.72,          3.30,       2.64,      26.44,     87.16,          9.23
         18,          3,    5,          5.24,          3.30,       2.81,      28.11,     92.67,          8.89
         18,          3,    6,          5.64,          3.30,       2.96,      29.57,     97.47,          8.64
         18,          3,    7,          5.96,          3.30,       3.10,      30.99,    102.13,          8.37
         18,          4,    1,          3.10,          3.30,       2.28,      22.79,     75.11,         15.59
         18,          4,    2,          4.47,          3.30,       2.58,      25.76,     84.92,         12.22
         18,          4,    3,          5.36,          3.30,       2.82,      28.19,     92.90,         11.11
         18,          4,    4,          5.96,          3.30,       3.02,      30.21,     99.56,         10.50
         18,          4,    5,          6.41,          3.30,       3.20,      32.01,    105.50,         10.06
         18,          4,    6,          6.78,          3.30,       3.37,      33.69,    111.03,          9.71
         18,          4,    7,          7.05,          3.30,       3.52,      35.23,    116.13,          9.37
         18,          5,    1,          4.81,          3.30,       2.70,      26.97,     88.91,         16.06
         18,          5,    2,          6.03,          3.30,       3.03,      30.31,     99.90,         13.45
         18,          5,    3,          6.78,          3.30,       3.31,      33.09,    109.07,         12.23
         18,          5,    4,          7.29,          3.30,       3.53,      35.27,    116.26,         11.61
         18,          5,    5,          7.66,          3.30,       3.73,      37.24,    122.74,         11.08
         18,          5,    6,          7.93,          3.30,       3.91,      39.08,    128.82,         10.57
         18,          5,    7,          8.16,          3.30,       4.08,      40.84,    134.60,         10.15
         18,          6,    1,          6.03,          3.30,       3.09,      30.89,    101.82,         18.73
         18,          6,    2,          7.13,          3.30,       3.46,      34.62,    114.11,         15.35
         18,          6,    3,          7.77,          3.30,       3.75,      37.49,    123.55,         13.88
         18,          6,    4,          8.20,          3.30,       3.99,      39.89,    131.47,         12.96
         18,          6,    5,          8.51,          3.30,       4.21,      42.03,    138.52,         12.23
         18,          6,    6,          8.76,          3.30,       4.40,      44.01,    145.04,         11.63
         18,          6,    7,          8.95,          3.30,       4.60,      45.98,    151.52,         11.05
         18,          7,    1,          6.96,          3.30,       3.47,      34.73,    114.46,         20.78
         18,          7,    2,          8.01,          3.30,       3.90,      39.05,    128.70,         16.58
         18,          7,    3,          8.61,          3.30,       4.24,      42.38,    139.65,         14.78
         18,          7,    4,          9.00,          3.30,       4.51,      45.06,    148.47,         13.73
         18,          7,    5,          9.29,          3.29,       4.74,      47.46,    156.36,         12.90
         18,          7,    6,          9.50,          3.29,       4.97,      49.67,    163.63,         12.19
         18,          7,    7,          9.67,          3.29,       5.19,      51.90,    170.92,         11.54
         19,          1,    1,         -2.34,          3.30,       1.49,      14.93,     49.25,          5.52
         19,          1,    2,         -0.39,          3.30,       1.69,      16.86,     55.61,          5.40
         19,          1,    3,          0.92,          3.30,       1.86,      18.64,     61.46,          5.43
         19,          1,    4,          1.88,          3.30,       2.02,      20.19,     66.56,          5.53
         19,          1,    5,          2.58,          3.30,       2.15,      21.55,     71.04,          5.59
         19,          1,    6,          3.14,          3.30,       2.29,      22.86,     75.35,          5.62
         19,          1,    7,          3.60,          3.30,       2.40,      24.02,     79.18,          5.66
         19,          2,    1,         -0.48,          3.30,       1.69,      16.89,     55.69,         10.42
         19,          2,    2,          1.31,          3.30,       1.92,      19.24,     63.43,          8.28
         19,          2,    3,          2.53,          3.30,       2.12,      21.26,     70.10,          7.79
         19,          2,    4,          3.39,          3.30,       2.30,      23.03,     75.91,          7.57
         19,          2,    5,          4.06,          3.30,       2.47,      24.65,     81.26,          7.46
         19,          2,    6,          4.57,          3.30,       2.61,      26.11,     86.08,          7.34
         19,          2,    7,          4.99,          3.30,       2.75,      27.49,     90.62,          7.24
         19,          3,    1,          1.86,          3.30,       2.03,      20.27,     66.84,         14.69
         19,          3,    2,          3.43,          3.30,       2.30,      23.00,     75.80,         11.35
         19,          3,    3,          4.48,          3.30,       2.54,      25.41,     83.75,         10.25
         19,          3,    4,          5.20,          3.30,       2.73,      27.31,     90.03,          9.84
         19,          3,    5,          5.71,          3.30,       2.91,      29.14,     96.03,          9.40
         19,          3,    6,          6.14,          3.30,       3.07,      30.72,    101.26,          9.16
         19,          3,    7,          6.47,          3.30,       3.22,      32.23,    106.21,          8.90
         19,          4,    1,          3.57,          3.30,       2.36,      23.59,     77.76,         16.19
         19,          4,    2,          4.95,          3.30,       2.66,      26.66,     87.87,         12.95
         19,          4,    3,          5.82,          3.30,       2.92,      29.18,     96.20,         11.76
         19,          4,    4,          6.44,          3.30,       3.13,      31.32,    103.24,         11.16
         19,          4,    5,          6.91,          3.30,       3.33,      33.32,    109.82,         10.64
         19,          4,    6,          7.26,          3.30,       3.50,      35.03,    115.45,         10.30
         19,          4,    7,          7.54,          3.30,       3.67,      36.70,    120.94,          9.93
         19,          5,    1,          5.27,          3.30,       2.80,      28.01,     92.35,         16.82
         19,          5,    2,          6.51,          3.30,       3.16,      31.60,    104.15,         14.06
         19,          5,    3,          7.27,          3.30,       3.44,      34.41,    113.40,         12.98
         19,          5,    4,          7.78,          3.30,       3.68,      36.80,    121.28,         12.26
         19,          5,    5,          8.15,          3.30,       3.89,      38.88,    128.16,         11.70
         19,          5,    6,          8.44,          3.30,       4.08,      40.79,    134.41,         11.25
         19,          5,    7,          8.66,          3.30,       4.26,      42.59,    140.37,         10.81
         19,          6,    1,          6.52,          3.30,       3.22,      32.20,    106.13,         19.83
         19,          6,    2,          7.63,          3.30,       3.61,      36.09,    118.95,         16.34
         19,          6,    3,          8.27,          3.30,       3.91,      39.12,    128.96,         14.79
         19,          6,    4,          8.70,          3.30,       4.17,      41.72,    137.50,         13.74
         19,          6,    5,          9.02,          3.30,       4.39,      43.91,    144.70,         13.05
         19,          6,    6,          9.26,          3.30,       4.60,      45.98,    151.50,         12.42
         19,          6,    7,          9.45,          3.30,       4.79,      47.94,    157.97,         11.84
         19,          7,    1,          7.46,          3.30,       3.63,      36.26,    119.52,         22.10
         19,          7,    2,          8.52,          3.30,       4.08,      40.78,    134.39,         17.74
         19,          7,    3,          9.12,          3.30,       4.43,      44.28,    145.92,         15.81
         19,          7,    4,          9.51,          3.30,       4.71,      47.06,    155.07,         14.70
         19,          7,    5,          9.80,          3.29,       4.96,      49.66,    163.60,         13.77
         19,          7,    6,         10.01,          3.29,       5.20,      51.92,    171.02,         13.06
         19,          7,    7,         10.18,          3.29,       5.42,      54.19,    178.46,         12.39
         20,          1,    1,         -1.99,          3.30,       1.52,      15.17,     50.04,          5.85
         20,          1,    2,         -0.02,          3.30,       1.72,      17.23,     56.82,          5.65
         20,          1,    3,          1.31,          3.30,       1.91,      19.06,     62.84,          5.72
         20,          1,    4,          2.27,          3.30,       2.06,      20.61,     67.95,          5.87
         20,          1,    5,          2.99,          3.30,       2.22,      22.12,     72.93,          5.90
         20,          1,    6,          3.54,          3.30,       2.35,      23.42,     77.21,          5.95
         20,          1,    7,          4.02,          3.30,       2.48,      24.78,     81.69,          5.94
         20,          2,    1,         -0.12,          3.30,       1.72,      17.26,     56.91,         10.97
         20,          2,    2,          1.67,          3.30,       1.97,      19.69,     64.90,          8.70
         20,          2,    3,          2.88,          3.30,       2.18,      21.76,     71.74,          8.19
         20,          2,    4,          3.77,          3.30,       2.36,      23.57,     77.71,          8.03
         20,          2,    5,          4.44,          3.30,       2.53,      25.29,     83.36,          7.87
         20,          2,    6,          4.96,          3.30,       2.69,      26.89,     88.63,          7.71
         20,          2,    7,          5.39,          3.30,       2.84,      28.38,     93.54,          7.60
         20,          3,    1,          2.22,          3.30,       2.08,      20.77,     68.49,         15.21
         20,          3,    2,          3.80,          3.30,       2.36,      23.61,     77.84,         11.80
         20,          3,    3,          4.86,          3.30,       2.61,      26.13,     86.12,         10.70
         20,          3,    4,          5.59,          3.30,       2.82,      28.15,     92.77,         10.28
         20,          3,    5,          6.12,          3.30,       3.00,      30.04,     99.03,          9.86
         20,          3,    6,          6.54,          3.30,       3.17,      31.68,    104.42,          9.62
         20,          3,    7,          6.87,          3.30,       3.33,      33.28,    109.69,          9.32
         20,          4,    1,          3.95,          3.30,       2.42,      24.18,     79.73,         17.33
         20,          4,    2,          5.33,          3.30,       2.74,      27.41,     90.33,         13.68
         20,          4,    3,          6.21,          3.30,       3.01,      30.09,     99.19,         12.36
         20,          4,    4,          6.84,          3.30,       3.23,      32.32,    106.52,         11.75
         20,          4,    5,          7.29,          3.30,       3.43,      34.33,    113.15,         11.24
         20,          4,    6,          7.66,          3.30,       3.61,      36.16,    119.18,         10.86
         20,          4,    7,          7.95,          3.30,       3.79,      37.86,    124.76,         10.51
         20,          5,    1,          5.66,          3.30,       2.89,      28.89,     95.21,         17.44
         20,          5,    2,          6.89,          3.30,       3.26,      32.62,    107.51,         14.64
         20,          5,    3,          7.68,          3.30,       3.56,      35.57,    117.22,         13.59
         20,          5,    4,          8.19,          3.30,       3.80,      38.04,    125.38,         12.85
         20,          5,    5,          8.56,          3.30,       4.02,      40.25,    132.65,         12.27
         20,          5,    6,          8.84,          3.30,       4.22,      42.20,    139.08,         11.79
         20,          5,    7,          9.08,          3.30,       4.40,      44.05,    145.14,         11.38
         20,          6,    1,          6.92,          3.30,       3.33,      33.29,    109.72,         20.77
         20,          6,    2,          8.03,          3.30,       3.74,      37.36,    123.15,         17.12
         20,          6,    3,          8.68,          3.30,       4.05,      40.54,    133.61,         15.49
         20,          6,    4,          9.12,          3.30,       4.32,      43.16,    142.25,         14.52
         20,          6,    5,          9.43,          3.30,       4.55,      45.49,    149.89,         13.75
         20,          6,    6,          9.68,          3.29,       4.76,      47.57,    156.73,         13.13
         20,          6,    7,          9.87,          3.29,       4.96,      49.60,    163.40,         12.55
         20,          7,    1,          7.86,          3.30,       3.76,      37.55,    123.78,         23.24
         20,          7,    2,          8.93,          3.30,       4.23,      42.33,    139.51,         18.59
         20,          7,    3,          9.54,          3.30,       4.59,      45.97,    151.48,         16.64
         20,          7,    4,          9.93,          3.29,       4.88,      48.84,    160.93,         15.50
         20,          7,    5,         10.23,          3.29,       5.15,      51.54,    169.75,         14.58
         20,          7,    6,         10.43,          3.29,       5.39,      53.87,    177.42,         13.82
         20,          7,    7,         10.61,          3.29,       5.62,      56.16,    184.95,         13.16
         21,          1,    1,         -1.61,          3.30,       1.55,      15.47,     51.02,          6.12
         21,          1,    2,          0.36,          3.30,       1.76,      17.60,     58.04,          5.94
         21,          1,    3,          1.72,          3.30,       1.96,      19.62,     64.68,          5.95
         21,          1,    4,          2.69,          3.30,       2.13,      21.23,     70.00,          6.14
         21,          1,    5,          3.42,          3.30,       2.27,      22.72,     74.92,          6.25
         21,          1,    6,          4.00,          3.30,       2.42,      24.18,     79.70,          6.29
         21,          1,    7,          4.45,          3.30,       2.56,      25.53,     84.14,          6.28
         21,          2,    1,          0.27,          3.30,       1.76,      17.60,     58.05,         11.44
         21,          2,    2,          2.05,          3.30,       2.01,      20.12,     66.33,          9.13
         21,          2,    3,          3.30,          3.30,       2.23,      22.30,     73.52,          8.63
         21,          2,    4,          4.18,          3.30,       2.43,      24.27,     79.99,          8.38
         21,          2,    5,          4.86,          3.30,       2.61,      26.07,     85.92,          8.24
         21,          2,    6,          5.38,          3.30,       2.77,      27.69,     91.28,          8.11
         21,          2,    7,          5.81,          3.30,       2.93,      29.27,     96.47,          7.98
         21,          3,    1,          2.61,          3.30,       2.13,      21.37,     70.44,         15.91
         21,          3,    2,          4.21,          3.30,       2.43,      24.28,     80.04,         12.52
         21,          3,    3,          5.28,          3.30,       2.69,      26.90,     88.68,         11.35
         21,          3,    4,          6.00,          3.30,       2.91,      29.11,     95.94,         10.78
         21,          3,    5,          6.55,          3.30,       3.10,      30.97,    102.08,         10.48
         21,          3,    6,          6.97,          3.30,       3.28,      32.80,    108.12,         10.14
         21,          3,    7,          7.31,          3.30,       3.43,      34.36,    113.26,          9.93
         21,          4,    1,          4.35,          3.30,       2.50,      25.02,     82.47,         17.64
         21,          4,    2,          5.74,          3.30,       2.84,      28.33,     93.36,         14.23
         21,          4,    3,          6.64,          3.30,       3.11,      31.09,    102.48,         13.02
         21,          4,    4,          7.27,          3.30,       3.34,      33.43,    110.18,         12.35
         21,          4,    5,          7.73,          3.30,       3.55,      35.49,    116.96,         11.88
         21,          4,    6,          8.10,          3.30,       3.74,      37.37,    123.18,         11.49
         21,          4,    7,          8.39,          3.30,       3.92,      39.20,    129.19,         11.09
         21,          5,    1,          6.09,          3.30,       2.99,      29.86,     98.41,         18.57
         21,          5,    2,          7.33,          3.30,       3.37,      33.71,    111.12,         15.64
         21,          5,    3,          8.11,          3.30,       3.69,      36.91,    121.64,         14.35
         21,          5,    4,          8.63,          3.30,       3.95,      39.50,    130.19,         13.59
         21,          5,    5,          9.01,          3.30,       4.18,      41.81,    137.78,         13.00
         21,          5,    6,          9.30,          3.30,       4.38,      43.79,    144.33,         12.55
         21,          5,    7,          9.53,          3.30,       4.58,      45.75,    150.77,         12.09
         21,          6,    1,          7.36,          3.30,       3.45,      34.47,    113.60,         22.25
         21,          6,    2,          8.48,          3.30,       3.88,      38.83,    127.99,         18.14
         21,          6,    3,          9.14,          3.30,       4.22,      42.21,    139.11,         16.40
         21,          6,    4,          9.57,          3.30,       4.49,      44.90,    147.98,         15.40
         21,          6,    5,          9.90,          3.29,       4.73,      47.27,    155.74,         14.66
         21,          6,    6,         10.14,          3.29,       4.95,      49.50,    163.09,         13.96
         21,          6,    7,         10.34,          3.29,       5.17,      51.61,    170.00,         13.36
         21,          7,    1,          8.33,          3.30,       3.91,      39.12,    128.94,         24.29
         21,          7,    2,          9.39,          3.30,       4.41,      44.06,    145.22,         19.63
         21,          7,    3,         10.01,          3.29,       4.78,      47.87,    157.70,         17.66
         21,          7,    4,         10.40,          3.29,       5.09,      50.91,    167.71,         16.44
         21,          7,    5,         10.70,          3.29,       5.37,      53.67,    176.78,         15.50
         21,          7,    6,         10.91,          3.29,       5.61,      56.08,    184.67,         14.74
         21,          7,    7,         11.09,          3.29,       5.85,      58.46,    192.47,         14.05
         22,          1,    1,         -1.27,          3.30,       1.58,      15.84,     52.25,          6.32
         22,          1,    2,          0.74,          3.30,       1.81,      18.08,     59.63,          6.17
         22,          1,    3,          2.10,          3.30,       2.01,      20.12,     66.34,          6.27
         22,          1,    4,          3.09,          3.30,       2.18,      21.80,     71.87,          6.48
         22,          1,    5,          3.82,          3.30,       2.34,      23.41,     77.16,          6.56
         22,          1,    6,          4.41,          3.30,       2.49,      24.91,     82.12,          6.63
         22,          1,    7,          4.87,          3.30,       2.64,      26.38,     86.96,          6.60
         22,          2,    1,          0.60,          3.30,       1.81,      18.10,     59.70,         11.55
         22,          2,    2,          2.43,          3.30,       2.06,      20.63,     68.02,          9.58
         22,          2,    3,          3.67,          3.30,       2.29,      22.92,     75.57,          9.03
         22,          2,    4,          4.57,          3.30,       2.50,      24.98,     82.35,          8.79
         22,          2,    5,          5.24,          3.30,       2.68,      26.81,     88.35,          8.66
         22,          2,    6,          5.78,          3.30,       2.85,      28.53,     94.05,          8.55
         22,          2,    7,          6.22,          3.30,       3.01,      30.12,     99.30,          8.45
         22,          3,    1,          2.98,          3.30,       2.19,      21.91,     72.23,         16.93
         22,          3,    2,          4.59,          3.30,       2.50,      25.05,     82.57,         13.02
         22,          3,    3,          5.68,          3.30,       2.78,      27.79,     91.60,         11.88
         22,          3,    4,          6.42,          3.30,       3.00,      30.01,     98.91,         11.42
         22,          3,    5,          6.97,          3.30,       3.21,      32.04,    105.60,         11.02
         22,          3,    6,          7.39,          3.30,       3.38,      33.84,    111.54,         10.74
         22,          3,    7,          7.74,          3.30,       3.56,      35.52,    117.08,         10.50
         22,          4,    1,          4.73,          3.30,       2.58,      25.79,     85.00,         18.48
         22,          4,    2,          6.14,          3.30,       2.93,      29.23,     96.33,         14.98
         22,          4,    3,          7.05,          3.30,       3.22,      32.17,    106.02,         13.66
         22,          4,    4,          7.68,          3.30,       3.45,      34.52,    113.78,         13.06
         22,          4,    5,          8.15,          3.30,       3.68,      36.74,    121.11,         12.51
         22,          4,    6,          8.52,          3.30,       3.88,      38.76,    127.78,         12.07
         22,          4,    7,          8.81,          3.30,       4.06,      40.64,    133.96,         11.70
         22,          5,    1,          6.51,          3.30,       3.09,      30.92,    101.93,         19.47
         22,          5,    2,          7.76,          3.30,       3.50,      35.03,    115.45,         16.34
         22,          5,    3,          8.54,          3.30,       3.84,      38.39,    126.52,         15.03
         22,          5,    4,          9.07,          3.30,       4.10,      40.98,    135.06,         14.39
         22,          5,    5,          9.46,          3.30,       4.34,      43.39,    142.98,         13.78
         22,          5,    6,          9.75,          3.30,       4.55,      45.48,    149.87,         13.31
         22,          5,    7,          9.98,          3.29,       4.75,      47.45,    156.35,         12.85
         22,          6,    1,          7.80,          3.30,       3.59,      35.85,    118.17,         23.37
         22,          6,    2,          8.91,          3.30,       4.04,      40.38,    133.09,         19.14
         22,          6,    3,          9.59,          3.30,       4.39,      43.91,    144.69,         17.38
         22,          6,    4,         10.03,          3.30,       4.67,      46.70,    153.89,         16.37
         22,          6,    5,         10.35,          3.29,       4.92,      49.16,    161.95,         15.58
         22,          6,    6,         10.59,          3.29,       5.14,      51.45,    169.47,         14.87
         22,          6,    7,         10.79,          3.29,       5.37,      53.64,    176.68,         14.24
         22,          7,    1,          8.78,          3.30,       4.07,      40.78,    134.39,         25.61
         22,          7,    2,          9.85,          3.30,       4.60,      46.03,    151.66,         20.68
         22,          7,    3,         10.47,          3.29,       4.99,      49.91,    164.43,         18.71
         22,          7,    4,         10.87,          3.29,       5.31,      53.04,    174.69,         17.52
         22,          7,    5,         11.17,          3.29,       5.60,      55.96,    184.27,         16.49
         22,          7,    6,         11.38,          3.29,       5.84,      58.40,    192.32,         15.74
         22,          7,    7,         11.57,          3.29,       6.08,      60.80,    200.19,         15.07
         23,          1,    1,         -0.95,          3.30,       1.61,      16.11,     53.15,          6.53
         23,          1,    2,          1.04,          3.30,       1.84,      18.43,     60.77,          6.37
         23,          1,    3,          2.46,          3.30,       2.05,      20.49,     67.56,          6.59
         23,          1,    4,          3.44,          3.30,       2.23,      22.32,     73.59,          6.74
         23,          1,    5,          4.19,          3.30,       2.39,      23.96,     79.00,          6.87
         23,          1,    6,          4.78,          3.30,       2.56,      25.55,     84.23,          6.92
         23,          1,    7,          5.26,          3.30,       2.70,      27.04,     89.14,          6.94
         23,          2,    1,          0.89,          3.30,       1.84,      18.41,     60.72,         12.18
         23,          2,    2,          2.74,          3.30,       2.11,      21.08,     69.49,          9.97
         23,          2,    3,          4.00,          3.30,       2.35,      23.45,     77.32,          9.41
         23,          2,    4,          4.91,          3.30,       2.56,      25.53,     84.15,          9.25
         23,          2,    5,          5.59,          3.30,       2.75,      27.45,     90.49,          9.10
         23,          2,    6,          6.15,          3.30,       2.93,      29.28,     96.51,          8.98
         23,          2,    7,          6.60,          3.30,       3.09,      30.92,    101.90,          8.91
         23,          3,    1,          3.30,          3.30,       2.24,      22.40,     73.85,         17.66
         23,          3,    2,          4.93,          3.30,       2.57,      25.67,     84.63,         13.59
         23,          3,    3,          6.03,          3.30,       2.86,      28.55,     94.09,         12.40
         23,          3,    4,          6.78,          3.30,       3.09,      30.87,    101.75,         11.92
         23,          3,    5,          7.35,          3.30,       3.30,      32.98,    108.68,         11.57
         23,          3,    6,          7.78,          3.30,       3.49,      34.88,    114.94,         11.27
         23,          3,    7,          8.13,          3.30,       3.66,      36.65,    120.79,         11.00
         23,          4,    1,          5.07,          3.30,       2.65,      26.50,     87.36,         19.22
         23,          4,    2,          6.50,          3.30,       3.01,      30.09,     99.17,         15.65
         23,          4,    3,          7.41,          3.30,       3.31,      33.12,    109.16,         14.30
         23,          4,    4,          8.05,          3.30,       3.57,      35.62,    117.39,         13.66
         23,          4,    5,          8.53,          3.30,       3.79,      37.87,    124.79,         13.17
         23,          4,    6,          8.90,          3.30,       3.99,      39.92,    131.56,         12.76
         23,          4,    7,          9.21,          3.30,       4.20,      41.93,    138.19,         12.33
         23,          5,    1,          6.88,          3.30,       3.19,      31.93,    105.23,         20.42
         23,          5,    2,          8.14,          3.30,       3.62,      36.16,    119.19,         17.23
         23,          5,    3,          8.94,          3.30,       3.96,      39.64,    130.66,         15.91
         23,          5,    4,          9.47,          3.30,       4.24,      42.42,    139.80,         15.14
         23,          5,    5,          9.86,          3.30,       4.49,      44.92,    148.02,         14.54
         23,          5,    6,         10.16,          3.30,       4.70,      47.03,    154.96,         14.09
         23,          5,    7,         10.39,          3.29,       4.91,      49.11,    161.80,         13.61
         23,          6,    1,          8.19,          3.30,       3.72,      37.18,    122.55,         24.27
         23,          6,    2,          9.33,          3.30,       4.19,      41.93,    138.16,         20.04
         23,          6,    3,          9.99,          3.30,       4.56,      45.53,    150.03,         18.27
         23,          6,    4,         10.45,          3.29,       4.84,      48.41,    159.49,         17.29
         23,          6,    5,         10.77,          3.29,       5.10,      50.99,    167.97,         16.44
         23,          6,    6,         11.02,          3.29,       5.33,      53.33,    175.65,         15.77
         23,          6,    7,         11.23,          3.29,       5.56,      55.56,    182.97,         15.14
         23,          7,    1,          9.19,          3.30,       4.24,      42.38,    139.67,         26.97
         23,          7,    2,         10.28,          3.29,       4.77,      47.74,    157.30,         22.01
         23,          7,    3,         10.90,          3.29,       5.20,      51.94,    171.10,         19.77
         23,          7,    4,         11.31,          3.29,       5.52,      55.24,    181.93,         18.51
         23,          7,    5,         11.61,          3.29,       5.81,      58.09,    191.26,         17.59
         23,          7,    6,         11.84,          3.29,       6.07,      60.65,    199.70,         16.81
         23,          7,    7,         12.03,          3.29,       6.32,      63.14,    207.89,         16.11
         24,          1,    1,         -0.68,          3.30,       1.64,      16.37,     54.00,          6.78
         24,          1,    2,          1.34,          3.30,       1.88,      18.78,     61.93,          6.63
         24,          1,    3,          2.79,          3.30,       2.09,      20.89,     68.85,          6.92
         24,          1,    4,          3.80,          3.30,       2.29,      22.87,     75.38,          7.05
         24,          1,    5,          4.53,          3.30,       2.46,      24.60,     81.08,          7.15
         24,          1,    6,          5.14,          3.30,       2.62,      26.17,     86.27,          7.29
         24,          1,    7,          5.63,          3.30,       2.77,      27.67,     91.22,          7.33
         24,          2,    1,          1.17,          3.30,       1.88,      18.75,     61.84,         12.50
         24,          2,    2,          3.03,          3.30,       2.15,      21.49,     70.84,         10.31
         24,          2,    3,          4.32,          3.30,       2.39,      23.94,     78.90,          9.82
         24,          2,    4,          5.25,          3.30,       2.62,      26.16,     86.24,          9.61
         24,          2,    5,          5.95,          3.30,       2.82,      28.17,     92.86,          9.48
         24,          2,    6,          6.51,          3.30,       3.00,      29.98,     98.83,          9.43
         24,          2,    7,          6.95,          3.30,       3.18,      31.76,    104.68,          9.30
         24,          3,    1,          3.61,          3.30,       2.30,      22.94,     75.62,         18.20
         24,          3,    2,          5.24,          3.30,       2.63,      26.31,     86.71,         14.11
         24,          3,    3,          6.37,          3.30,       2.93,      29.29,     96.54,         12.92
         24,          3,    4,          7.13,          3.30,       3.18,      31.76,    104.69,         12.39
         24,          3,    5,          7.72,          3.30,       3.39,      33.91,    111.78,         12.13
         24,          3,    6,          8.16,          3.30,       3.58,      35.84,    118.13,         11.86
         24,          3,    7,          8.50,          3.30,       3.77,      37.67,    124.16,         11.58
         24,          4,    1,          5.42,          3.30,       2.72,      27.20,     89.65,         20.38
         24,          4,    2,          6.84,          3.30,       3.10,      30.98,    102.13,         16.35
         24,          4,    3,          7.77,          3.30,       3.41,      34.09,    112.37,         15.02
         24,          4,    4,          8.42,          3.30,       3.67,      36.69,    120.94,         14.36
         24,          4,    5,          8.92,          3.30,       3.91,      39.05,    128.72,         13.89
         24,          4,    6,          9.30,          3.30,       4.12,      41.19,    135.76,         13.47
         24,          4,    7,          9.61,          3.30,       4.32,      43.19,    142.32,         13.09
         24,          5,    1,          7.25,          3.30,       3.30,      32.98,    108.70,         21.21
         24,          5,    2,          8.52,          3.30,       3.74,      37.40,    123.25,         17.98
         24,          5,    3,          9.34,          3.30,       4.10,      41.00,    135.14,         16.68
         24,          5,    4,          9.87,          3.30,       4.39,      43.91,    144.69,         15.91
         24,          5,    5,         10.27,          3.29,       4.65,      46.45,    153.04,         15.36
         24,          5,    6,         10.57,          3.29,       4.87,      48.70,    160.43,         14.87
         24,          5,    7,         10.82,          3.29,       5.08,      50.80,    167.33,         14.45
         24,          6,    1,          8.61,          3.30,       3.86,      38.59,    127.19,         25.36
         24,          6,    2,          9.75,          3.30,       4.35,      43.49,    143.30,         21.09
         24,          6,    3,         10.42,          3.29,       4.72,      47.24,    155.64,         19.29
         24,          6,    4,         10.87,          3.29,       5.02,      50.24,    165.49,         18.28
         24,          6,    5,         11.20,          3.29,       5.30,      52.98,    174.50,         17.38
         24,          6,    6,         11.45,          3.29,       5.53,      55.34,    182.24,         16.71
         24,          6,    7,         11.68,          3.29,       5.76,      57.59,    189.65,         16.15
         24,          7,    1,          9.62,          3.30,       4.40,      44.00,    145.00,         28.27
         24,          7,    2,         10.72,          3.29,       4.97,      49.71,    163.75,         23.05
         24,          7,    3,         11.35,          3.29,       5.41,      54.07,    178.09,         20.80
         24,          7,    4,         11.77,          3.29,       5.75,      57.47,    189.22,         19.61
         24,          7,    5,         12.08,          3.29,       6.05,      60.52,    199.24,         18.63
         24,          7,    6,         12.31,          3.29,       6.32,      63.18,    208.01,         17.85
         24,          7,    7,         12.52,          3.29,       6.58,      65.81,    216.65,         17.14
         25,          1,    1,         -0.44,          3.30,       1.66,      16.56,     54.63,          6.97
         25,          1,    2,          1.59,          3.30,       1.91,      19.08,     62.92,          6.78
         25,          1,    3,          3.04,          3.30,       2.13,      21.33,     70.31,          7.04
         25,          1,    4,          4.09,          3.30,       2.33,      23.28,     76.73,          7.31
         25,          1,    5,          4.87,          3.30,       2.51,      25.11,     82.76,          7.47
         25,          1,    6,          5.49,          3.30,       2.68,      26.77,     88.25,          7.60
         25,          1,    7,          5.98,          3.30,       2.84,      28.36,     93.49,          7.66
         25,          2,    1,          1.43,          3.30,       1.90,      19.02,     62.73,         13.34
         25,          2,    2,          3.29,          3.30,       2.19,      21.86,     72.06,         10.80
         25,          2,    3,          4.60,          3.30,       2.44,      24.42,     80.49,         10.23
         25,          2,    4,          5.55,          3.30,       2.67,      26.70,     88.03,         10.04
         25,          2,    5,          6.27,          3.30,       2.89,      28.83,     95.03,          9.92
         25,          2,    6,          6.84,          3.30,       3.07,      30.71,    101.22,          9.88
         25,          2,    7,          7.31,          3.30,       3.25,      32.52,    107.21,          9.80
         25,          3,    1,          3.90,          3.30,       2.34,      23.43,     77.24,         18.94
         25,          3,    2,          5.55,          3.30,       2.69,      26.97,     88.88,         14.58
         25,          3,    3,          6.69,          3.30,       3.00,      30.01,     98.91,         13.48
         25,          3,    4,          7.47,          3.30,       3.25,      32.57,    107.36,         12.97
         25,          3,    5,          8.05,          3.30,       3.48,      34.84,    114.83,         12.64
         25,          3,    6,          8.52,          3.30,       3.69,      36.86,    121.51,         12.42
         25,          3,    7,          8.88,          3.30,       3.88,      38.77,    127.80,         12.16
         25,          4,    1,          5.75,          3.30,       2.80,      27.98,     92.21,         20.99
         25,          4,    2,          7.18,          3.30,       3.19,      31.88,    105.08,         16.98
         25,          4,    3,          8.11,          3.30,       3.51,      35.08,    115.61,         15.65
         25,          4,    4,          8.78,          3.30,       3.78,      37.74,    124.40,         15.08
         25,          4,    5,          9.28,          3.30,       4.03,      40.28,    132.77,         14.49
         25,          4,    6,          9.68,          3.30,       4.25,      42.50,    140.07,         14.14
         25,          4,    7,         10.00,          3.30,       4.45,      44.52,    146.73,         13.80
         25,          5,    1,          7.62,          3.30,       3.40,      33.99,    112.05,         22.25
         25,          5,    2,          8.91,          3.30,       3.87,      38.65,    127.41,         18.83
         25,          5,    3,          9.72,          3.30,       4.25,      42.50,    140.04,         17.38
         25,          5,    4,         10.28,          3.30,       4.55,      45.46,    149.81,         16.72
         25,          5,    5,         10.69,          3.29,       4.81,      48.05,    158.31,         16.22
         25,          5,    6,         11.00,          3.29,       5.04,      50.40,    166.04,         15.73
         25,          5,    7,         11.25,          3.29,       5.26,      52.64,    173.36,         15.27
         25,          6,    1,          9.02,          3.30,       4.00,      39.99,    131.80,         26.71
         25,          6,    2,         10.17,          3.30,       4.52,      45.19,    148.92,         22.12
         25,          6,    3,         10.84,          3.29,       4.91,      49.06,    161.63,         20.33
         25,          6,    4,         11.31,          3.29,       5.22,      52.24,    172.09,         19.27
         25,          6,    5,         11.65,          3.29,       5.50,      55.03,    181.20,         18.45
         25,          6,    6,         11.92,          3.29,       5.75,      57.50,    189.35,         17.79
         25,          6,    7,         12.13,          3.29,       5.99,      59.84,    197.04,         17.19
         25,          7,    1,         10.06,          3.30,       4.59,      45.86,    151.13,         29.54
         25,          7,    2,         11.17,          3.29,       5.19,      51.89,    170.91,         24.18
         25,          7,    3,         11.81,          3.29,       5.64,      56.40,    185.69,         22.02
         25,          7,    4,         12.24,          3.29,       5.99,      59.95,    197.38,         20.79
         25,          7,    5,         12.57,          3.29,       6.32,      63.13,    207.85,         19.84
         25,          7,    6,         12.81,          3.29,       6.60,      66.01,    217.31,         19.02
         25,          7,    7,         13.03,          3.29,       6.86,      68.64,    225.97,         18.39
         26,          1,    1,         -0.23,          3.30,       1.68,      16.76,     55.29,          7.24
         26,          1,    2,          1.81,          3.30,       1.94,      19.34,     63.77,          7.03
         26,          1,    3,          3.28,          3.30,       2.17,      21.65,     71.39,          7.29
         26,          1,    4,          4.34,          3.30,       2.37,      23.66,     77.99,          7.59
         26,          1,    5,          5.14,          3.30,       2.56,      25.58,     84.32,          7.75
         26,          1,    6,          5.78,          3.30,       2.73,      27.29,     89.94,          7.92
         26,          1,    7,          6.29,          3.30,       2.90,      28.98,     95.52,          7.98
         26,          2,    1,          1.65,          3.30,       1.93,      19.33,     63.74,         13.83
         26,          2,    2,          3.53,          3.30,       2.22,      22.21,     73.23,         11.23
         26,          2,    3,          4.83,          3.30,       2.49,      24.88,     82.04,         10.53
         26,          2,    4,          5.81,          3.30,       2.73,      27.28,     89.91,         10.36
         26,          2,    5,          6.55,          3.30,       2.94,      29.39,     96.86,         10.34
         26,          2,    6,          7.13,          3.30,       3.14,      31.42,    103.56,         10.25
         26,          2,    7,          7.62,          3.30,       3.33,      33.23,    109.51,         10.27
         26,          3,    1,          4.18,          3.30,       2.39,      23.92,     78.85,         19.96
         26,          3,    2,          5.83,          3.30,       2.76,      27.57,     90.86,         15.25
         26,          3,    3,          6.98,          3.30,       3.08,      30.73,    101.28,         14.04
         26,          3,    4,          7.78,          3.30,       3.34,      33.42,    110.15,         13.49
         26,          3,    5,          8.38,          3.30,       3.57,      35.69,    117.66,         13.27
         26,          3,    6,          8.85,          3.30,       3.78,      37.85,    124.73,         12.99
         26,          3,    7,          9.23,          3.30,       3.99,      39.86,    131.37,         12.77
         26,          4,    1,          6.08,          3.30,       2.87,      28.71,     94.62,         22.20
         26,          4,    2,          7.51,          3.30,       3.28,      32.74,    107.92,         17.86
         26,          4,    3,          8.44,          3.30,       3.61,      36.06,    118.84,         16.44
         26,          4,    4,          9.11,          3.30,       3.89,      38.92,    128.28,         15.71
         26,          4,    5,          9.63,          3.30,       4.15,      41.49,    136.74,         15.22
         26,          4,    6,         10.05,          3.30,       4.37,      43.73,    144.11,         14.92
         26,          4,    7,         10.38,          3.30,       4.59,      45.92,    151.32,         14.56
         26,          5,    1,          7.99,          3.30,       3.51,      35.12,    115.75,         23.28
         26,          5,    2,          9.28,          3.30,       4.00,      39.98,    131.78,         19.68
         26,          5,    3,         10.12,          3.30,       4.39,      43.92,    144.76,         18.33
         26,          5,    4,         10.68,          3.30,       4.71,      47.06,    155.08,         17.60
         26,          5,    5,         11.10,          3.29,       4.98,      49.86,    164.27,         17.03
         26,          5,    6,         11.42,          3.29,       5.23,      52.30,    172.27,         16.61
         26,          5,    7,         11.68,          3.29,       5.46,      54.53,    179.60,         16.19
         26,          6,    1,          9.42,          3.30,       4.15,      41.57,    136.99,         27.85
         26,          6,    2,         10.59,          3.29,       4.70,      46.95,    154.70,         23.32
         26,          6,    3,         11.27,          3.29,       5.10,      50.98,    167.95,         21.50
         26,          6,    4,         11.75,          3.29,       5.43,      54.33,    178.93,         20.37
         26,          6,    5,         12.10,          3.29,       5.73,      57.25,    188.51,         19.54
         26,          6,    6,         12.37,          3.29,       5.98,      59.83,    196.99,         18.89
         26,          6,    7,         12.60,          3.29,       6.23,      62.30,    205.11,         18.30
         26,          7,    1,         10.50,          3.30,       4.77,      47.71,    157.21,         31.12
         26,          7,    2,         11.63,          3.29,       5.41,      54.11,    178.18,         25.50
         26,          7,    3,         12.28,          3.29,       5.89,      58.89,    193.90,         23.21
         26,          7,    4,         12.72,          3.29,       6.26,      62.64,    206.21,         21.98
         26,          7,    5,         13.06,          3.29,       6.61,      66.05,    217.47,         20.99
         26,          7,    6,         13.33,          3.29,       6.90,      68.99,    227.10,         20.32
         26,          7,    7,         13.55,          3.29,       7.16,      71.62,    235.78,         19.75
         27,          1,    1,         -0.09,          3.30,       1.69,      16.89,     55.72,          7.42
         27,          1,    2,          1.97,          3.30,       1.95,      19.51,     64.34,          7.21
         27,          1,    3,          3.43,          3.30,       2.19,      21.89,     72.18,          7.43
         27,          1,    4,          4.50,          3.30,       2.39,      23.94,     78.92,          7.74
         27,          1,    5,          5.31,          3.30,       2.59,      25.91,     85.41,          7.92
         27,          1,    6,          5.97,          3.30,       2.77,      27.67,     91.22,          8.11
         27,          1,    7,          6.51,          3.30,       2.94,      29.43,     96.99,          8.21
         27,          2,    1,          1.83,          3.30,       1.96,      19.58,     64.55,         13.96
         27,          2,    2,          3.70,          3.30,       2.25,      22.52,     74.23,         11.37
         27,          2,    3,          5.01,          3.30,       2.53,      25.21,     83.10,         10.76
         27,          2,    4,          5.99,          3.30,       2.76,      27.59,     90.94,         10.64
         27,          2,    5,          6.74,          3.30,       2.98,      29.82,     98.30,         10.57
         27,          2,    6,          7.34,          3.30,       3.19,      31.90,    105.15,         10.53
         27,          2,    7,          7.84,          3.30,       3.38,      33.76,    111.28,         10.55
         27,          3,    1,          4.39,          3.30,       2.43,      24.32,     80.16,         20.27
         27,          3,    2,          6.06,          3.30,       2.81,      28.10,     92.61,         15.52
         27,          3,    3,          7.22,          3.30,       3.13,      31.37,    103.41,         14.32
         27,          3,    4,          8.02,          3.30,       3.41,      34.07,    112.31,         13.87
         27,          3,    5,          8.63,          3.30,       3.65,      36.52,    120.36,         13.57
         27,          3,    6,          9.11,          3.30,       3.87,      38.73,    127.66,         13.35
         27,          3,    7,          9.50,          3.30,       4.08,      40.73,    134.24,         13.19
         27,          4,    1,          6.35,          3.30,       2.94,      29.36,     96.77,         22.62
         27,          4,    2,          7.76,          3.30,       3.35,      33.47,    110.33,         18.30
         27,          4,    3,          8.70,          3.30,       3.69,      36.88,    121.54,         16.91
         27,          4,    4,          9.39,          3.30,       3.98,      39.80,    131.18,         16.25
         27,          4,    5,          9.90,          3.30,       4.24,      42.40,    139.75,         15.75
         27,          4,    6,         10.32,          3.30,       4.48,      44.77,    147.54,         15.43
         27,          4,    7,         10.67,          3.29,       4.70,      47.02,    154.95,         15.09
         27,          5,    1,          8.27,          3.30,       3.60,      36.01,    118.68,         24.11
         27,          5,    2,          9.58,          3.30,       4.11,      41.08,    135.39,         20.35
         27,          5,    3,         10.42,          3.30,       4.52,      45.20,    148.94,         18.94
         27,          5,    4,         10.99,          3.29,       4.84,      48.43,    159.58,         18.27
         27,          5,    5,         11.42,          3.29,       5.12,      51.27,    168.86,         17.77
         27,          5,    6,         11.75,          3.29,       5.38,      53.82,    177.28,         17.32
         27,          5,    7,         12.02,          3.29,       5.62,      56.19,    185.03,         16.92
         27,          6,    1,          9.75,          3.30,       4.28,      42.76,    140.94,         28.95
         27,          6,    2,         10.93,          3.29,       4.85,      48.43,    159.56,         24.16
         27,          6,    3,         11.61,          3.29,       5.27,      52.69,    173.53,         22.23
         27,          6,    4,         12.09,          3.29,       5.61,      56.12,    184.80,         21.18
         27,          6,    5,         12.46,          3.29,       5.91,      59.09,    194.56,         20.42
         27,          6,    6,         12.74,          3.29,       6.17,      61.74,    203.24,         19.80
         27,          6,    7,         12.98,          3.29,       6.44,      64.34,    211.80,         19.18
         27,          7,    1,         10.85,          3.29,       4.93,      49.33,    162.50,         32.20
         27,          7,    2,         11.99,          3.29,       5.60,      55.99,    184.40,         26.46
         27,          7,    3,         12.65,          3.29,       6.10,      60.95,    200.67,         24.21
         27,          7,    4,         13.10,          3.29,       6.48,      64.84,    213.45,         23.03
         27,          7,    5,         13.46,          3.29,       6.84,      68.44,    225.33,         22.03
         27,          7,    6,         13.73,          3.29,       7.13,      71.34,    234.83,         21.43
         27,          7,    7,         13.97,          3.29,       7.42,      74.15,    244.08,         20.88
         28,          1,    1,          0.11,          3.30,       1.71,      17.11,     56.43,          7.56
         28,          1,    2,          2.17,          3.30,       1.98,      19.82,     65.37,          7.32
         28,          1,    3,          3.63,          3.30,       2.22,      22.19,     73.15,          7.63
         28,          1,    4,          4.71,          3.30,       2.43,      24.31,     80.14,          7.94
         28,          1,    5,          5.53,          3.30,       2.64,      26.36,     86.89,          8.11
         28,          1,    6,          6.20,          3.30,       2.82,      28.17,     92.86,          8.35
         28,          1,    7,          6.76,          3.30,       2.99,      29.93,     98.66,          8.50
         28,          2,    1,          2.06,          3.30,       1.99,      19.94,     65.74,         14.21
         28,          2,    2,          3.91,          3.30,       2.29,      22.89,     75.47,         11.70
         28,          2,    3,          5.23,          3.30,       2.56,      25.65,     84.54,         11.06
         28,          2,    4,          6.21,          3.30,       2.81,      28.09,     92.61,         10.95
         28,          2,    5,          6.98,          3.30,       3.04,      30.41,    100.24,         10.90
         28,          2,    6,          7.61,          3.30,       3.25,      32.51,    107.14,         10.94
         28,          2,    7,          8.12,          3.30,       3.44,      34.45,    113.55,         10.97
         28,          3,    1,          4.69,          3.30,       2.49,      24.89,     82.05,         20.76
         28,          3,    2,          6.35,          3.30,       2.88,      28.73,     94.69,         16.08
         28,          3,    3,          7.51,          3.30,       3.22,      32.20,    106.11,         14.76
         28,          3,    4,          8.33,          3.30,       3.50,      34.97,    115.25,         14.37
         28,          3,    5,          8.95,          3.30,       3.74,      37.42,    123.35,         14.16
         28,          3,    6,          9.45,          3.30,       3.98,      39.77,    131.07,         13.94
         28,          3,    7,          9.85,          3.30,       4.19,      41.92,    138.17,         13.74
         28,          4,    1,          6.68,          3.30,       3.02,      30.20,     99.53,         23.58
         28,          4,    2,          8.11,          3.30,       3.45,      34.44,    113.50,         19.17
         28,          4,    3,          9.05,          3.30,       3.80,      38.02,    125.29,         17.64
         28,          4,    4,          9.74,          3.30,       4.11,      41.05,    135.29,         16.97
         28,          4,    5,         10.27,          3.30,       4.38,      43.71,    144.06,         16.55
         28,          4,    6,         10.70,          3.30,       4.63,      46.26,    152.42,         16.17
         28,          4,    7,         11.06,          3.29,       4.85,      48.54,    159.92,         15.92
         28,          5,    1,          8.66,          3.30,       3.73,      37.28,    122.86,         25.33
         28,          5,    2,          9.98,          3.30,       4.26,      42.64,    140.52,         21.35
         28,          5,    3,         10.83,          3.30,       4.69,      46.92,    154.62,         19.91
         28,          5,    4,         11.41,          3.29,       5.03,      50.27,    165.64,         19.27
         28,          5,    5,         11.86,          3.29,       5.33,      53.33,    175.65,         18.75
         28,          5,    6,         12.20,          3.29,       5.60,      55.97,    184.32,         18.34
         28,          5,    7,         12.49,          3.29,       5.85,      58.53,    192.73,         17.94
         28,          6,    1,         10.19,          3.30,       4.45,      44.52,    146.71,         30.35
         28,          6,    2,         11.38,          3.29,       5.05,      50.55,    166.51,         25.36
         28,          6,    3,         12.08,          3.29,       5.50,      55.03,    181.23,         23.42
         28,          6,    4,         12.57,          3.29,       5.86,      58.60,    192.93,         22.42
         28,          6,    5,         12.94,          3.29,       6.17,      61.67,    203.06,         21.68
         28,          6,    6,         13.23,          3.29,       6.45,      64.51,    212.38,         21.03
         28,          6,    7,         13.48,          3.29,       6.73,      67.26,    221.44,         20.44
         28,          7,    1,         11.32,          3.29,       5.16,      51.60,    169.98,         33.81
         28,          7,    2,         12.48,          3.29,       5.87,      58.70,    193.29,         27.91
         28,          7,    3,         13.16,          3.29,       6.39,      63.93,    210.45,         25.67
         28,          7,    4,         13.62,          3.29,       6.81,      68.04,    223.99,         24.47
         28,          7,    5,         13.99,          3.29,       7.18,      71.80,    236.36,         23.52
         28,          7,    6,         14.27,          3.29,       7.48,      74.82,    246.29,         22.98
         28,          7,    7,         14.52,          3.29,       7.77,      77.74,    255.89,         22.46
         29,          1,    1,          0.23,          3.30,       1.73,      17.29,     57.02,          7.74
         29,          1,    2,          2.29,          3.30,       2.00,      19.97,     65.84,          7.55
         29,          1,    3,          3.78,          3.30,       2.25,      22.45,     74.00,          7.79
         29,          1,    4,          4.86,          3.30,       2.47,      24.66,     81.28,          8.08
         29,          1,    5,          5.69,          3.30,       2.67,      26.67,     87.90,          8.32
         29,          1,    6,          6.39,          3.30,       2.86,      28.59,     94.24,          8.56
         29,          1,    7,          6.94,          3.30,       3.03,      30.36,    100.06,          8.71
         29,          2,    1,          2.23,          3.30,       2.01,      20.13,     66.38,         14.92
         29,          2,    2,          4.08,          3.30,       2.32,      23.19,     76.45,         12.02
         29,          2,    3,          5.39,          3.30,       2.60,      25.97,     85.60,         11.37
         29,          2,    4,          6.39,          3.30,       2.85,      28.49,     93.91,         11.25
         29,          2,    5,          7.16,          3.30,       3.08,      30.77,    101.44,         11.25
         29,          2,    6,          7.80,          3.30,       3.30,      32.96,    108.65,         11.25
         29,          2,    7,          8.32,          3.30,       3.51,      35.05,    115.55,         11.26
         29,          3,    1,          4.90,          3.30,       2.53,      25.34,     83.51,         21.45
         29,          3,    2,          6.58,          3.30,       2.93,      29.30,     96.58,         16.54
         29,          3,    3,          7.75,          3.30,       3.28,      32.86,    108.29,         15.20
         29,          3,    4,          8.58,          3.30,       3.57,      35.66,    117.55,         14.86
         29,          3,    5,          9.21,          3.30,       3.83,      38.33,    126.33,         14.56
         29,          3,    6,          9.72,          3.30,       4.07,      40.64,    133.96,         14.44
         29,          3,    7,         10.13,          3.30,       4.29,      42.87,    141.27,         14.28
         29,          4,    1,          6.96,          3.30,       3.09,      30.89,    101.81,         24.59
         29,          4,    2,          8.40,          3.30,       3.53,      35.31,    116.37,         19.89
         29,          4,    3,          9.33,          3.30,       3.90,      38.97,    128.42,         18.31
         29,          4,    4,         10.03,          3.30,       4.21,      42.09,    138.73,         17.64
         29,          4,    5,         10.57,          3.30,       4.49,      44.85,    147.80,         17.23
         29,          4,    6,         10.99,          3.30,       4.74,      47.36,    156.04,         16.90
         29,          4,    7,         11.37,          3.29,       4.98,      49.79,    164.02,         16.62
         29,          5,    1,          8.98,          3.30,       3.84,      38.38,    126.50,         26.20
         29,          5,    2,         10.31,          3.30,       4.39,      43.90,    144.67,         22.20
         29,          5,    3,         11.16,          3.29,       4.83,      48.33,    159.20,         20.78
         29,          5,    4,         11.75,          3.29,       5.18,      51.88,    170.86,         20.08
         29,          5,    5,         12.20,          3.29,       5.51,      55.02,    181.19,         19.57
         29,          5,    6,         12.56,          3.29,       5.78,      57.76,    190.16,         19.22
         29,          5,    7,         12.86,          3.29,       6.04,      60.36,    198.72,         18.88
         29,          6,    1,         10.55,          3.30,       4.60,      46.03,    151.68,         31.56
         29,          6,    2,         11.74,          3.29,       5.24,      52.36,    172.47,         26.34
         29,          6,    3,         12.45,          3.29,       5.70,      56.97,    187.58,         24.49
         29,          6,    4,         12.95,          3.29,       6.07,      60.66,    199.71,         23.49
         29,          6,    5,         13.33,          3.29,       6.39,      63.89,    210.33,         22.75
         29,          6,    6,         13.64,          3.29,       6.69,      66.94,    220.35,         22.08
         29,          6,    7,         13.90,          3.29,       6.98,      69.77,    229.67,         21.52
         29,          7,    1,         11.72,          3.29,       5.35,      53.50,    176.24,         35.05
         29,          7,    2,         12.88,          3.29,       6.09,      60.87,    200.42,         29.17
         29,          7,    3,         13.57,          3.29,       6.65,      66.48,    218.85,         26.80
         29,          7,    4,         14.05,          3.29,       7.08,      70.79,    233.05,         25.62
         29,          7,    5,         14.43,          3.29,       7.46,      74.59,    245.56,         24.81
         29,          7,    6,         14.72,          3.29,       7.79,      77.84,    256.24,         24.24
         29,          7,    7,         14.96,          3.29,       8.09,      80.93,    266.36,         23.66
         30,          1,    1,          0.38,          3.30,       1.75,      17.49,     57.66,          7.98
         30,          1,    2,          2.44,          3.30,       2.02,      20.23,     66.71,          7.73
         30,          1,    3,          3.92,          3.30,       2.28,      22.75,     75.01,          7.95
         30,          1,    4,          5.01,          3.30,       2.50,      25.01,     82.44,          8.24
         30,          1,    5,          5.85,          3.30,       2.71,      27.05,     89.16,          8.51
         30,          1,    6,          6.55,          3.30,       2.90,      29.03,     95.68,          8.74
         30,          1,    7,          7.12,          3.30,       3.08,      30.78,    101.47,          8.97
         30,          2,    1,          2.43,          3.30,       2.05,      20.47,     67.49,         15.15
         30,          2,    2,          4.27,          3.30,       2.35,      23.54,     77.61,         12.33
         30,          2,    3,          5.57,          3.30,       2.64,      26.41,     87.07,         11.58
         30,          2,    4,          6.57,          3.30,       2.90,      28.98,     95.51,         11.47
         30,          2,    5,          7.36,          3.30,       3.13,      31.32,    103.23,         11.50
         30,          2,    6,          7.99,          3.30,       3.35,      33.53,    110.50,         11.54
         30,          2,    7,          8.54,          3.30,       3.56,      35.64,    117.46,         11.62
         30,          3,    1,          5.15,          3.30,       2.59,      25.90,     85.39,         22.15
         30,          3,    2,          6.81,          3.30,       2.99,      29.96,     98.74,         17.07
         30,          3,    3,          8.00,          3.30,       3.36,      33.56,    110.61,         15.77
         30,          3,    4,          8.83,          3.30,       3.65,      36.53,    120.39,         15.35
         30,          3,    5,          9.48,          3.30,       3.92,      39.23,    129.30,         15.11
         30,          3,    6,         10.00,          3.30,       4.17,      41.73,    137.52,         14.94
         30,          3,    7,         10.43,          3.30,       4.40,      43.94,    144.82,         14.86
         30,          4,    1,          7.25,          3.30,       3.18,      31.78,    104.74,         25.30
         30,          4,    2,          8.68,          3.30,       3.63,      36.32,    119.72,         20.53
         30,          4,    3,          9.63,          3.30,       4.01,      40.08,    132.09,         19.01
         30,          4,    4,         10.34,          3.30,       4.33,      43.30,    142.70,         18.35
         30,          4,    5,         10.88,          3.30,       4.62,      46.17,    152.14,         17.91
         30,          4,    6,         11.32,          3.29,       4.88,      48.77,    160.68,         17.64
         30,          4,    7,         11.69,          3.29,       5.13,      51.26,    168.85,         17.37
         30,          5,    1,          9.32,          3.30,       3.96,      39.64,    130.65,         27.16
         30,          5,    2,         10.66,          3.30,       4.54,      45.39,    149.58,         23.09
         30,          5,    3,         11.51,          3.29,       5.00,      49.99,    164.69,         21.64
         30,          5,    4,         12.12,          3.29,       5.37,      53.69,    176.85,         20.96
         30,          5,    5,         12.58,          3.29,       5.70,      56.96,    187.57,         20.48
         30,          5,    6,         12.95,          3.29,       5.99,      59.84,    197.05,         20.15
         30,          5,    7,         13.26,          3.29,       6.26,      62.58,    206.00,         19.84
         30,          6,    1,         10.93,          3.29,       4.77,      47.72,    157.22,         32.78
         30,          6,    2,         12.14,          3.29,       5.44,      54.36,    179.05,         27.47
         30,          6,    3,         12.85,          3.29,       5.93,      59.25,    195.11,         25.51
         30,          6,    4,         13.37,          3.29,       6.31,      63.06,    207.62,         24.63
         30,          6,    5,         13.75,          3.29,       6.66,      66.55,    219.09,         23.82
         30,          6,    6,         14.06,          3.29,       6.97,      69.62,    229.19,         23.22
         30,          6,    7,         14.34,          3.29,       7.27,      72.64,    239.14,         22.70
         30,          7,    1,         12.13,          3.29,       5.59,      55.82,    183.84,         36.02
         30,          7,    2,         13.31,          3.29,       6.35,      63.50,    209.06,         30.41
         30,          7,    3,         14.02,          3.29,       6.94,      69.42,    228.54,         28.02
         30,          7,    4,         14.51,          3.29,       7.39,      73.92,    243.35,         26.92
         30,          7,    5,         14.89,          3.29,       7.79,      77.88,    256.38,         26.15
         30,          7,    6,         15.19,          3.29,       8.13,      81.26,    267.46,         25.60
         30,          7,    7,         15.44,          3.29,       8.44,      84.44,    277.86,         25.13
         31,          1,    1,          0.49,          3.30,       1.77,      17.70,     58.40,          8.01
         31,          1,    2,          2.55,          3.30,       2.04,      20.42,     67.32,          7.87
         31,          1,    3,          4.06,          3.30,       2.30,      23.01,     75.87,          8.10
         31,          1,    4,          5.14,          3.30,       2.53,      25.30,     83.40,          8.39
         31,          1,    5,          6.00,          3.30,       2.74,      27.40,     90.32,          8.67
         31,          1,    6,          6.70,          3.30,       2.94,      29.44,     97.03,          8.90
         31,          1,    7,          7.28,          3.30,       3.13,      31.25,    102.99,          9.13
         31,          2,    1,          2.60,          3.30,       2.08,      20.76,     68.45,         15.60
         31,          2,    2,          4.42,          3.30,       2.39,      23.86,     78.64,         12.66
         31,          2,    3,          5.72,          3.30,       2.68,      26.80,     88.34,         11.84
         31,          2,    4,          6.73,          3.30,       2.94,      29.37,     96.80,         11.76
         31,          2,    5,          7.51,          3.30,       3.18,      31.80,    104.81,         11.73
         31,          2,    6,          8.16,          3.30,       3.40,      34.02,    112.12,         11.84
         31,          2,    7,          8.72,          3.30,       3.62,      36.24,    119.43,         11.89
         31,          3,    1,          5.37,          3.30,       2.65,      26.45,     87.21,         22.36
         31,          3,    2,          7.03,          3.30,       3.05,      30.52,    100.60,         17.51
         31,          3,    3,          8.23,          3.30,       3.42,      34.25,    112.91,         16.17
         31,          3,    4,          9.06,          3.30,       3.73,      37.29,    122.92,         15.77
         31,          3,    5,          9.73,          3.30,       4.01,      40.11,    132.18,         15.55
         31,          3,    6,         10.26,          3.30,       4.26,      42.64,    140.53,         15.44
         31,          3,    7,         10.70,          3.30,       4.50,      45.02,    148.37,         15.33
         31,          4,    1,          7.53,          3.30,       3.26,      32.56,    107.32,         26.24
         31,          4,    2,          8.96,          3.30,       3.72,      37.24,    122.74,         21.27
         31,          4,    3,          9.91,          3.30,       4.11,      41.08,    135.39,         19.72
         31,          4,    4,         10.62,          3.30,       4.44,      44.40,    146.33,         19.03
         31,          4,    5,         11.16,          3.29,       4.74,      47.36,    156.06,         18.56
         31,          4,    6,         11.62,          3.29,       5.01,      50.06,    164.95,         18.33
         31,          4,    7,         12.00,          3.29,       5.27,      52.67,    173.47,         18.07
         31,          5,    1,          9.63,          3.30,       4.08,      40.79,    134.44,         28.19
         31,          5,    2,         10.98,          3.30,       4.68,      46.77,    154.10,         23.97
         31,          5,    3,         11.85,          3.29,       5.17,      51.74,    170.42,         22.32
         31,          5,    4,         12.46,          3.29,       5.55,      55.46,    182.65,         21.79
         31,          5,    5,         12.92,          3.29,       5.89,      58.88,    193.88,         21.30
         31,          5,    6,         13.30,          3.29,       6.19,      61.84,    203.61,         21.03
         31,          5,    7,         13.62,          3.29,       6.47,      64.71,    213.02,         20.72
         31,          6,    1,         11.28,          3.29,       4.94,      49.44,    162.89,         33.74
         31,          6,    2,         12.51,          3.29,       5.64,      56.35,    185.54,         28.54
         31,          6,    3,         13.24,          3.29,       6.14,      61.35,    202.00,         26.71
         31,          6,    4,         13.75,          3.29,       6.55,      65.51,    215.66,         25.61
         31,          6,    5,         14.15,          3.29,       6.91,      69.10,    227.47,         24.88
         31,          6,    6,         14.47,          3.29,       7.23,      72.32,    238.09,         24.31
         31,          6,    7,         14.76,          3.29,       7.54,      75.40,    248.21,         23.88
         31,          7,    1,         12.51,          3.29,       5.78,      57.83,    190.43,         37.49
         31,          7,    2,         13.72,          3.29,       6.61,      66.14,    217.72,         31.47
         31,          7,    3,         14.43,          3.29,       7.23,      72.35,    238.16,         29.12
         31,          7,    4,         14.93,          3.29,       7.70,      77.03,    253.58,         28.11
         31,          7,    5,         15.32,          3.29,       8.12,      81.19,    267.19,         27.39
         31,          7,    6,         15.63,          3.29,       8.47,      84.68,    278.64,         26.91
         31,          7,    7,         15.89,          3.29,       8.80,      87.94,    289.28,         26.49
         32,          1,    1,          0.62,          3.30,       1.79,      17.92,     59.10,          8.17
         32,          1,    2,          2.66,          3.30,       2.06,      20.62,     67.99,          8.01
         32,          1,    3,          4.17,          3.30,       2.33,      23.25,     76.65,          8.25
         32,          1,    4,          5.28,          3.30,       2.56,      25.58,     84.32,          8.58
         32,          1,    5,          6.15,          3.30,       2.77,      27.73,     91.42,          8.87
         32,          1,    6,          6.86,          3.30,       2.98,      29.77,     98.14,          9.13
         32,          1,    7,          7.45,          3.30,       3.17,      31.69,    104.44,          9.35
         32,          2,    1,          2.77,          3.30,       2.11,      21.11,     69.60,         15.70
         32,          2,    2,          4.58,          3.30,       2.42,      24.22,     79.84,         12.89
         32,          2,    3,          5.88,          3.30,       2.72,      27.14,     89.47,         12.13
         32,          2,    4,          6.88,          3.30,       2.98,      29.81,     98.27,         11.98
         32,          2,    5,          7.68,          3.30,       3.23,      32.27,    106.35,         12.00
         32,          2,    6,          8.34,          3.30,       3.45,      34.51,    113.75,         12.15
         32,          2,    7,          8.91,          3.30,       3.68,      36.77,    121.17,         12.22
         32,          3,    1,          5.60,          3.30,       2.70,      26.98,     88.93,         22.99
         32,          3,    2,          7.25,          3.30,       3.12,      31.16,    102.71,         17.94
         32,          3,    3,          8.46,          3.30,       3.50,      34.99,    115.32,         16.62
         32,          3,    4,          9.31,          3.30,       3.83,      38.29,    126.18,         16.07
         32,          3,    5,          9.98,          3.30,       4.10,      41.00,    135.14,         16.06
         32,          3,    6,         10.52,          3.30,       4.37,      43.65,    143.83,         15.96
         32,          3,    7,         10.98,          3.30,       4.61,      46.12,    151.98,         15.88
         32,          4,    1,          7.81,          3.30,       3.35,      33.44,    110.23,         26.91
         32,          4,    2,          9.25,          3.30,       3.83,      38.30,    126.23,         21.89
         32,          4,    3,         10.20,          3.30,       4.23,      42.26,    139.28,         20.35
         32,          4,    4,         10.91,          3.30,       4.57,      45.69,    150.57,         19.66
         32,          4,    5,         11.47,          3.29,       4.87,      48.69,    160.40,         19.31
         32,          4,    6,         11.93,          3.29,       5.15,      51.47,    169.55,         19.06
         32,          4,    7,         12.32,          3.29,       5.41,      54.15,    178.37,         18.84
         32,          5,    1,          9.96,          3.30,       4.21,      42.13,    138.88,         29.41
         32,          5,    2,         11.32,          3.29,       4.83,      48.32,    159.21,         25.08
         32,          5,    3,         12.20,          3.29,       5.34,      53.39,    175.85,         23.45
         32,          5,    4,         12.81,          3.29,       5.73,      57.33,    188.79,         22.82
         32,          5,    5,         13.28,          3.29,       6.08,      60.86,    200.38,         22.37
         32,          5,    6,         13.67,          3.29,       6.40,      64.04,    210.83,         22.04
         32,          5,    7,         14.01,          3.29,       6.70,      67.03,    220.67,         21.77
         32,          6,    1,         11.66,          3.29,       5.12,      51.20,    168.67,         35.17
         32,          6,    2,         12.90,          3.29,       5.86,      58.58,    192.88,         29.62
         32,          6,    3,         13.64,          3.29,       6.39,      63.83,    210.14,         27.79
         32,          6,    4,         14.15,          3.29,       6.81,      68.06,    224.06,         26.80
         32,          6,    5,         14.56,          3.29,       7.19,      71.86,    236.56,         26.07
         32,          6,    6,         14.89,          3.29,       7.52,      75.17,    247.45,         25.58
         32,          6,    7,         15.18,          3.29,       7.84,      78.38,    257.98,         25.17
         32,          7,    1,         12.92,          3.29,       6.02,      60.18,    198.13,         38.50
         32,          7,    2,         14.14,          3.29,       6.90,      68.99,    227.12,         32.51
         32,          7,    3,         14.87,          3.29,       7.55,      75.45,    248.36,         30.38
         32,          7,    4,         15.37,          3.29,       8.04,      80.41,    264.64,         29.36
         32,          7,    5,         15.78,          3.29,       8.48,      84.74,    278.83,         28.74
         32,          7,    6,         16.08,          3.29,       8.84,      88.35,    290.67,         28.30
         32,          7,    7,         16.35,          3.29,       9.20,      91.93,    302.35,         27.83
         33,          1,    1,          0.71,          3.30,       1.81,      18.07,     59.57,          8.33
         33,          1,    2,          2.76,          3.30,       2.08,      20.78,     68.53,          8.18
         33,          1,    3,          4.28,          3.30,       2.34,      23.47,     77.39,          8.39
         33,          1,    4,          5.40,          3.30,       2.58,      25.83,     85.16,          8.73
         33,          1,    5,          6.27,          3.30,       2.81,      28.08,     92.55,          9.00
         33,          1,    6,          6.99,          3.30,       3.01,      30.07,     99.13,          9.32
         33,          1,    7,          7.60,          3.30,       3.20,      32.01,    105.51,          9.58
         33,          2,    1,          2.95,          3.30,       2.14,      21.39,     70.54,         16.09
         33,          2,    2,          4.74,          3.30,       2.45,      24.54,     80.91,         13.15
         33,          2,    3,          6.04,          3.30,       2.75,      27.49,     90.62,         12.41
         33,          2,    4,          7.04,          3.30,       3.01,      30.14,     99.34,         12.31
         33,          2,    5,          7.84,          3.30,       3.27,      32.67,    107.70,         12.29
         33,          2,    6,          8.50,          3.30,       3.50,      35.00,    115.37,         12.41
         33,          2,    7,          9.08,          3.30,       3.73,      37.27,    122.85,         12.52
         33,          3,    1,          5.82,          3.30,       2.75,      27.42,     90.40,         23.65
         33,          3,    2,          7.47,          3.30,       3.18,      31.77,    104.72,         18.34
         33,          3,    3,          8.68,          3.30,       3.57,      35.71,    117.70,         17.00
         33,          3,    4,          9.54,          3.30,       3.89,      38.92,    128.26,         16.64
         33,          3,    5,         10.21,          3.30,       4.19,      41.89,    138.05,         16.46
         33,          3,    6,         10.76,          3.30,       4.45,      44.53,    146.75,         16.45
         33,          3,    7,         11.23,          3.30,       4.71,      47.09,    155.17,         16.41
         33,          4,    1,          8.08,          3.30,       3.42,      34.24,    112.85,         27.59
         33,          4,    2,          9.52,          3.30,       3.92,      39.25,    129.38,         22.46
         33,          4,    3,         10.48,          3.30,       4.33,      43.33,    142.81,         20.97
         33,          4,    4,         11.19,          3.30,       4.68,      46.79,    154.18,         20.37
         33,          4,    5,         11.75,          3.29,       4.99,      49.91,    164.41,         20.01
         33,          4,    6,         12.22,          3.29,       5.28,      52.84,    174.02,         19.75
         33,          4,    7,         12.61,          3.29,       5.56,      55.56,    182.96,         19.54
         33,          5,    1,         10.28,          3.30,       4.34,      43.36,    142.88,         30.12
         33,          5,    2,         11.65,          3.29,       4.98,      49.84,    164.18,         25.74
         33,          5,    3,         12.52,          3.29,       5.51,      55.13,    181.55,         24.13
         33,          5,    4,         13.15,          3.29,       5.92,      59.20,    194.93,         23.62
         33,          5,    5,         13.63,          3.29,       6.29,      62.88,    206.99,         23.19
         33,          5,    6,         14.02,          3.29,       6.62,      66.15,    217.76,         22.90
         33,          5,    7,         14.36,          3.29,       6.93,      69.27,    228.04,         22.66
         33,          6,    1,         12.00,          3.29,       5.30,      53.00,    174.58,         35.87
         33,          6,    2,         13.27,          3.29,       6.07,      60.67,    199.75,         30.62
         33,          6,    3,         14.01,          3.29,       6.62,      66.23,    218.01,         28.74
         33,          6,    4,         14.54,          3.29,       7.07,      70.70,    232.73,         27.79
         33,          6,    5,         14.94,          3.29,       7.45,      74.47,    245.16,         27.19
         33,          6,    6,         15.28,          3.29,       7.81,      78.03,    256.86,         26.66
         33,          6,    7,         15.58,          3.29,       8.14,      81.39,    267.87,         26.29
         33,          7,    1,         13.30,          3.29,       6.24,      62.43,    205.52,         39.61
         33,          7,    2,         14.55,          3.29,       7.18,      71.74,    236.15,         33.67
         33,          7,    3,         15.28,          3.29,       7.85,      78.51,    258.41,         31.59
         33,          7,    4,         15.80,          3.29,       8.37,      83.74,    275.58,         30.63
         33,          7,    5,         16.20,          3.29,       8.82,      88.20,    290.18,         30.09
         33,          7,    6,         16.52,          3.29,       9.21,      92.05,    302.73,         29.66
         33,          7,    7,         16.78,          3.29,       9.57,      95.69,    314.69,         29.20
         34,          1,    1,          0.81,          3.30,       1.82,      18.22,     60.09,          8.50
         34,          1,    2,          2.85,          3.30,       2.09,      20.94,     69.05,          8.33
         34,          1,    3,          4.38,          3.30,       2.36,      23.63,     77.90,          8.57
         34,          1,    4,          5.50,          3.30,       2.60,      26.00,     85.72,          8.92
         34,          1,    5,          6.40,          3.30,       2.83,      28.30,     93.29,          9.22
         34,          1,    6,          7.13,          3.30,       3.04,      30.36,    100.08,          9.54
         34,          1,    7,          7.73,          3.30,       3.24,      32.38,    106.74,          9.75
         34,          2,    1,          3.10,          3.30,       2.16,      21.60,     71.21,         16.62
         34,          2,    2,          4.88,          3.30,       2.48,      24.83,     81.86,         13.41
         34,          2,    3,          6.19,          3.30,       2.78,      27.81,     91.67,         12.70
         34,          2,    4,          7.19,          3.30,       3.05,      30.48,    100.45,         12.60
         34,          2,    5,          7.98,          3.30,       3.31,      33.08,    109.03,         12.55
         34,          2,    6,          8.66,          3.30,       3.54,      35.43,    116.78,         12.69
         34,          2,    7,          9.25,          3.30,       3.77,      37.74,    124.37,         12.84
         34,          3,    1,          6.02,          3.30,       2.79,      27.93,     92.05,         24.27
         34,          3,    2,          7.68,          3.30,       3.24,      32.36,    106.65,         18.85
         34,          3,    3,          8.90,          3.30,       3.64,      36.42,    120.04,         17.46
         34,          3,    4,          9.76,          3.30,       3.97,      39.68,    130.79,         17.12
         34,          3,    5,         10.44,          3.30,       4.27,      42.74,    140.86,         16.95
         34,          3,    6,         11.00,          3.30,       4.55,      45.50,    149.95,         16.93
         34,          3,    7,         11.48,          3.29,       4.81,      48.05,    158.32,         16.98
         34,          4,    1,          8.36,          3.30,       3.51,      35.06,    115.55,         28.31
         34,          4,    2,          9.80,          3.30,       4.03,      40.24,    132.64,         23.12
         34,          4,    3,         10.76,          3.30,       4.44,      44.43,    146.41,         21.61
         34,          4,    4,         11.47,          3.29,       4.80,      47.98,    158.07,         21.04
         34,          4,    5,         12.04,          3.29,       5.12,      51.19,    168.63,         20.71
         34,          4,    6,         12.51,          3.29,       5.42,      54.20,    178.51,         20.46
         34,          4,    7,         12.90,          3.29,       5.70,      57.01,    187.73,         20.25
         34,          5,    1,         10.60,          3.30,       4.46,      44.62,    147.05,         30.92
         34,          5,    2,         11.98,          3.29,       5.14,      51.42,    169.36,         26.56
         34,          5,    3,         12.87,          3.29,       5.69,      56.90,    187.38,         24.99
         34,          5,    4,         13.49,          3.29,       6.11,      61.09,    201.13,         24.48
         34,          5,    5,         13.98,          3.29,       6.52,      65.14,    214.44,         23.92
         34,          5,    6,         14.38,          3.29,       6.84,      68.37,    225.07,         23.78
         34,          5,    7,         14.72,          3.29,       7.16,      71.58,    235.64,         23.59
         34,          6,    1,         12.37,          3.29,       5.50,      54.99,    181.09,         36.53
         34,          6,    2,         13.65,          3.29,       6.30,      62.96,    207.29,         31.54
         34,          6,    3,         14.39,          3.29,       6.88,      68.79,    226.44,         29.70
         34,          6,    4,         14.92,          3.29,       7.33,      73.34,    241.41,         28.88
         34,          6,    5,         15.34,          3.29,       7.74,      77.35,    254.61,         28.30
         34,          6,    6,         15.68,          3.29,       8.10,      81.06,    266.78,         27.80
         34,          6,    7,         15.98,          3.29,       8.45,      84.49,    278.02,         27.49
         34,          7,    1,         13.68,          3.29,       6.48,      64.78,    213.25,         40.30
         34,          7,    2,         14.95,          3.29,       7.46,      74.58,    245.52,         34.64
         34,          7,    3,         15.70,          3.29,       8.18,      81.81,    269.21,         32.65
         34,          7,    4,         16.22,          3.29,       8.72,      87.19,    286.86,         31.86
         34,          7,    5,         16.62,          3.29,       9.19,      91.91,    302.27,         31.30
         34,          7,    6,         16.94,          3.29,       9.59,      95.92,    315.40,         30.87
         34,          7,    7,         17.21,          3.29,       9.97,      99.63,    327.59,         30.56
         35,          1,    1,          0.92,          3.30,       1.84,      18.36,     60.57,          8.85
         35,          1,    2,          2.95,          3.30,       2.11,      21.13,     69.68,          8.56
         35,          1,    3,          4.48,          3.30,       2.38,      23.84,     78.58,          8.77
         35,          1,    4,          5.60,          3.30,       2.63,      26.27,     86.59,          9.08
         35,          1,    5,          6.52,          3.30,       2.86,      28.60,     94.27,          9.41
         35,          1,    6,          7.26,          3.30,       3.07,      30.67,    101.10,          9.77
         35,          1,    7,          7.88,          3.30,       3.27,      32.73,    107.89,         10.02
         35,          2,    1,          3.29,          3.30,       2.19,      21.91,     72.22,         17.21
         35,          2,    2,          5.05,          3.30,       2.52,      25.19,     83.04,         13.78
         35,          2,    3,          6.34,          3.30,       2.82,      28.21,     93.00,         12.99
         35,          2,    4,          7.33,          3.30,       3.09,      30.91,    101.88,         12.88
         35,          2,    5,          8.15,          3.30,       3.35,      33.47,    110.31,         12.93
         35,          2,    6,          8.83,          3.30,       3.59,      35.88,    118.27,         13.06
         35,          2,    7,          9.42,          3.30,       3.83,      38.32,    126.29,         13.17
         35,          3,    1,          6.26,          3.30,       2.85,      28.55,     94.10,         24.34
         35,          3,    2,          7.92,          3.30,       3.31,      33.05,    108.91,         19.26
         35,          3,    3,          9.15,          3.30,       3.72,      37.24,    122.73,         17.87
         35,          3,    4,         10.01,          3.30,       4.06,      40.61,    133.84,         17.54
         35,          3,    5,         10.70,          3.30,       4.37,      43.75,    144.19,         17.41
         35,          3,    6,         11.27,          3.30,       4.66,      46.58,    153.49,         17.46
         35,          3,    7,         11.74,          3.29,       4.93,      49.24,    162.20,         17.49
         35,          4,    1,          8.66,          3.30,       3.62,      36.16,    119.17,         28.55
         35,          4,    2,         10.11,          3.30,       4.15,      41.43,    136.54,         23.79
         35,          4,    3,         11.08,          3.30,       4.58,      45.81,    150.94,         22.27
         35,          4,    4,         11.80,          3.29,       4.95,      49.46,    162.95,         21.75
         35,          4,    5,         12.35,          3.29,       5.28,      52.79,    173.88,         21.38
         35,          4,    6,         12.84,          3.29,       5.59,      55.88,    184.01,         21.21
         35,          4,    7,         13.24,          3.29,       5.88,      58.77,    193.50,         21.06
         35,          5,    1,         10.95,          3.30,       4.62,      46.19,    152.21,         31.56
         35,          5,    2,         12.34,          3.29,       5.34,      53.36,    175.74,         27.21
         35,          5,    3,         13.25,          3.29,       5.91,      59.11,    194.60,         25.82
         35,          5,    4,         13.87,          3.29,       6.35,      63.53,    209.14,         25.31
         35,          5,    5,         14.37,          3.29,       6.75,      67.56,    222.43,         24.94
         35,          5,    6,         14.76,          3.29,       7.10,      71.01,    233.77,         24.75
         35,          5,    7,         15.11,          3.29,       7.43,      74.30,    244.58,         24.63
         35,          6,    1,         12.76,          3.29,       5.71,      57.04,    187.82,         37.74
         35,          6,    2,         14.05,          3.29,       6.57,      65.65,    216.10,         32.43
         35,          6,    3,         14.81,          3.29,       7.18,      71.79,    236.35,         30.72
         35,          6,    4,         15.34,          3.29,       7.65,      76.54,    251.97,         29.98
         35,          6,    5,         15.76,          3.29,       8.08,      80.78,    265.84,         29.43
         35,          6,    6,         16.11,          3.29,       8.46,      84.56,    278.27,         29.05
         35,          6,    7,         16.41,          3.29,       8.81,      88.07,    289.72,         28.79
         35,          7,    1,         14.08,          3.29,       6.75,      67.48,    222.16,         41.01
         35,          7,    2,         15.38,          3.29,       7.80,      78.00,    256.74,         35.60
         35,          7,    3,         16.15,          3.29,       8.56,      85.59,    281.62,         33.78
         35,          7,    4,         16.67,          3.29,       9.13,      91.23,    300.09,         33.08
         35,          7,    5,         17.08,          3.29,       9.62,      96.22,    316.43,         32.61
         35,          7,    6,         17.40,          3.29,      10.03,     100.33,    329.91,         32.29
         35,          7,    7,         17.68,          3.29,      10.42,     104.25,    342.80,         31.99
         36,          1,    1,          1.03,          3.30,       1.85,      18.51,     61.04,          9.12
         36,          1,    2,          3.04,          3.30,       2.13,      21.31,     70.26,          8.71
         36,          1,    3,          4.58,          3.30,       2.40,      24.02,     79.18,          8.95
         36,          1,    4,          5.70,          3.30,       2.65,      26.50,     87.35,          9.24
         36,          1,    5,          6.62,          3.30,       2.88,      28.80,     94.95,          9.61
         36,          1,    6,          7.36,          3.30,       3.11,      31.07,    102.42,          9.86
         36,          1,    7,          8.01,          3.30,       3.30,      33.06,    108.97,         10.23
         36,          2,    1,          3.45,          3.30,       2.22,      22.19,     73.16,         17.33
         36,          2,    2,          5.19,          3.30,       2.55,      25.47,     83.97,         14.00
         36,          2,    3,          6.49,          3.30,       2.86,      28.56,     94.13,         13.21
         36,          2,    4,          7.49,          3.30,       3.13,      31.29,    103.12,         13.12
         36,          2,    5,          8.30,          3.30,       3.39,      33.91,    111.77,         13.15
         36,          2,    6,          8.99,          3.30,       3.64,      36.38,    119.91,         13.32
         36,          2,    7,          9.59,          3.30,       3.88,      38.83,    127.97,         13.45
         36,          3,    1,          6.48,          3.30,       2.91,      29.08,     95.84,         25.21
         36,          3,    2,          8.14,          3.30,       3.37,      33.69,    111.05,         19.85
         36,          3,    3,          9.39,          3.30,       3.81,      38.02,    125.32,         18.43
         36,          3,    4,         10.25,          3.30,       4.16,      41.56,    136.97,         18.04
         36,          3,    5,         10.95,          3.29,       4.48,      44.80,    147.60,         17.93
         36,          3,    6,         11.52,          3.29,       4.77,      47.66,    157.02,         17.99
         36,          3,    7,         12.00,          3.29,       5.04,      50.41,    166.06,         18.05
         36,          4,    1,          8.96,          3.30,       3.71,      37.07,    122.18,         29.41
         36,          4,    2,         10.41,          3.30,       4.27,      42.73,    140.83,         24.19
         36,          4,    3,         11.38,          3.29,       4.72,      47.19,    155.50,         22.87
         36,          4,    4,         12.10,          3.29,       5.10,      50.98,    167.94,         22.39
         36,          4,    5,         12.68,          3.29,       5.44,      54.38,    179.12,         22.13
         36,          4,    6,         13.15,          3.29,       5.75,      57.55,    189.50,         21.95
         36,          4,    7,         13.56,          3.29,       6.05,      60.52,    199.27,         21.84
         36,          5,    1,         11.28,          3.29,       4.77,      47.72,    157.24,         32.30
         36,          5,    2,         12.69,          3.29,       5.54,      55.37,    182.34,         27.85
         36,          5,    3,         13.60,          3.29,       6.13,      61.30,    201.83,         26.59
         36,          5,    4,         14.22,          3.29,       6.60,      66.03,    217.39,         25.99
         36,          5,    5,         14.73,          3.29,       7.02,      70.24,    231.23,         25.71
         36,          5,    6,         15.14,          3.29,       7.38,      73.81,    242.96,         25.64
         36,          5,    7,         15.48,          3.29,       7.72,      77.24,    254.25,         25.51
         36,          6,    1,         13.13,          3.29,       5.93,      59.25,    195.07,         38.39
         36,          6,    2,         14.43,          3.29,       6.84,      68.39,    225.15,         33.19
         36,          6,    3,         15.20,          3.29,       7.48,      74.80,    246.25,         31.63
         36,          6,    4,         15.74,          3.29,       7.99,      79.89,    262.97,         30.89
         36,          6,    5,         16.16,          3.29,       8.43,      84.25,    277.23,         30.45
         36,          6,    6,         16.51,          3.29,       8.82,      88.15,    289.97,         30.16
         36,          6,    7,         16.82,          3.29,       9.18,      91.84,    302.03,         29.95
         36,          7,    1,         14.47,          3.29,       7.01,      70.14,    230.91,         41.43
         36,          7,    2,         15.79,          3.29,       8.14,      81.40,    267.90,         36.30
         36,          7,    3,         16.57,          3.29,       8.94,      89.36,    293.94,         34.74
         36,          7,    4,         17.09,          3.29,       9.54,      95.42,    313.80,         34.04
         36,          7,    5,         17.51,          3.29,      10.06,     100.58,    330.69,         33.73
         36,          7,    6,         17.83,          3.29,      10.49,     104.83,    344.66,         33.45
         36,          7,    7,         18.11,          3.29,      10.89,     108.90,    358.07,         33.21
         37,          1,    1,          6.16,          3.30,       2.69,      26.95,     88.85,         51.14
         37,          1,    2,          6.89,          3.30,       2.89,      28.92,     95.35,         33.57
         37,          1,    3,          7.40,          3.30,       3.04,      30.43,    100.29,         28.14
         37,          1,    4,          7.66,          3.30,       3.13,      31.35,    103.33,         25.90
         37,          1,    5,          7.88,          3.30,       3.22,      32.25,    106.29,         24.06
         37,          1,    6,          8.03,          3.30,       3.28,      32.80,    108.12,         23.23
         37,          1,    7,          8.14,          3.30,       3.34,      33.38,    110.02,         22.27
         37,          2,    1,          7.86,          3.30,       3.18,      31.84,    104.93,         34.04
         37,          2,    2,          8.59,          3.30,       3.42,      34.22,    112.81,         28.03
         37,          2,    3,          9.02,          3.30,       3.58,      35.80,    117.99,         25.74
         37,          2,    4,          9.26,          3.30,       3.69,      36.87,    121.52,         24.44
         37,          2,    5,          9.47,          3.30,       3.78,      37.78,    124.53,         23.57
         37,          2,    6,          9.61,          3.30,       3.86,      38.58,    127.14,         22.76
         37,          2,    7,          9.75,          3.30,       3.94,      39.36,    129.71,         22.12
         37,          3,    1,          9.79,          3.30,       3.91,      39.08,    128.83,         30.72
         37,          3,    2,         10.71,          3.30,       4.31,      43.12,    142.10,         26.63
         37,          3,    3,         11.32,          3.30,       4.61,      46.11,    151.95,         25.06
         37,          3,    4,         11.66,          3.29,       4.79,      47.90,    157.82,         24.41
         37,          3,    5,         11.94,          3.29,       4.96,      49.59,    163.38,         23.88
         37,          3,    6,         12.13,          3.29,       5.08,      50.73,    167.13,         23.55
         37,          3,    7,         12.28,          3.29,       5.20,      51.94,    171.09,         23.10
         37,          4,    1,         11.49,          3.30,       4.75,      47.53,    156.64,         33.70
         37,          4,    2,         12.47,          3.29,       5.29,      52.93,    174.34,         29.66
         37,          4,    3,         13.02,          3.29,       5.63,      56.33,    185.50,         28.36
         37,          4,    4,         13.33,          3.29,       5.85,      58.50,    192.65,         27.65
         37,          4,    5,         13.56,          3.29,       6.02,      60.18,    198.12,         27.27
         37,          4,    6,         13.74,          3.29,       6.14,      61.41,    202.21,         27.05
         37,          4,    7,         13.88,          3.29,       6.27,      62.69,    206.38,         26.71
         37,          5,    1,         13.05,          3.29,       5.80,      57.93,    190.75,         36.96
         37,          5,    2,         14.16,          3.29,       6.55,      65.53,    215.74,         32.71
         37,          5,    3,         14.80,          3.29,       7.06,      70.63,    232.49,         31.36
         37,          5,    4,         15.17,          3.29,       7.40,      73.94,    243.41,         30.65
         37,          5,    5,         15.47,          3.29,       7.68,      76.78,    252.73,         30.24
         37,          5,    6,         15.68,          3.29,       7.88,      78.84,    259.53,         29.93
         37,          5,    7,         15.86,          3.29,       8.07,      80.75,    265.77,         29.74
         37,          6,    1,         14.36,          3.29,       6.89,      68.86,    226.70,         39.06
         37,          6,    2,         15.57,          3.29,       7.88,      78.83,    259.48,         35.15
         37,          6,    3,         16.22,          3.29,       8.50,      85.02,    279.76,         34.07
         37,          6,    4,         16.59,          3.29,       8.90,      88.96,    292.66,         33.59
         37,          6,    5,         16.87,          3.29,       9.20,      91.98,    302.56,         33.36
         37,          6,    6,         17.06,          3.29,       9.43,      94.28,    310.03,         33.17
         37,          6,    7,         17.23,          3.29,       9.62,      96.25,    316.52,         33.07
         37,          7,    1,         15.39,          3.29,       7.94,      79.35,    261.19,         39.70
         37,          7,    2,         16.71,          3.29,       9.17,      91.68,    301.56,         36.76
         37,          7,    3,         17.44,          3.29,       9.96,      99.58,    327.42,         36.19
         37,          7,    4,         17.83,          3.29,      10.46,     104.61,    343.97,         35.74
         37,          7,    5,         18.16,          3.29,      10.86,     108.61,    357.12,         35.74
         37,          7,    6,         18.36,          3.29,      11.15,     111.47,    366.50,         35.65
         37,          7,    7,         18.56,          3.29,      11.42,     114.13,    375.24,         35.63
         38,          1,    1,          6.23,          3.30,       2.71,      27.16,     89.51,         51.94
         38,          1,    2,          6.97,          3.30,       2.91,      29.13,     96.00,         34.12
         38,          1,    3,          7.50,          3.30,       3.07,      30.71,    101.22,         28.40
         38,          1,    4,          7.76,          3.30,       3.17,      31.73,    104.57,         25.79
         38,          1,    5,          7.99,          3.30,       3.26,      32.57,    107.34,         24.30
         38,          1,    6,          8.13,          3.30,       3.32,      33.20,    109.44,         23.23
         38,          1,    7,          8.25,          3.30,       3.38,      33.75,    111.24,         22.42
         38,          2,    1,          7.99,          3.30,       3.23,      32.31,    106.50,         32.85
         38,          2,    2,          8.74,          3.30,       3.47,      34.69,    114.33,         27.69
         38,          2,    3,          9.18,          3.30,       3.64,      36.39,    119.95,         25.37
         38,          2,    4,          9.42,          3.30,       3.75,      37.45,    123.44,         24.26
         38,          2,    5,          9.63,          3.30,       3.86,      38.59,    127.17,         23.04
         38,          2,    6,          9.78,          3.30,       3.93,      39.23,    129.29,         22.66
         38,          2,    7,          9.94,          3.30,       4.01,      40.08,    132.09,         22.03
         38,          3,    1,          9.97,          3.30,       4.00,      39.98,    131.76,         30.08
         38,          3,    2,         10.92,          3.30,       4.42,      44.22,    145.71,         26.33
         38,          3,    3,         11.55,          3.30,       4.73,      47.29,    155.82,         25.02
         38,          3,    4,         11.89,          3.29,       4.93,      49.30,    162.44,         24.28
         38,          3,    5,         12.19,          3.29,       5.11,      51.14,    168.45,         23.74
         38,          3,    6,         12.38,          3.29,       5.23,      52.27,    172.16,         23.53
         38,          3,    7,         12.55,          3.29,       5.35,      53.42,    175.96,         23.27
         38,          4,    1,         11.73,          3.29,       4.88,      48.83,    160.85,         33.61
         38,          4,    2,         12.73,          3.29,       5.46,      54.61,    179.85,         29.60
         38,          4,    3,         13.28,          3.29,       5.84,      58.41,    192.33,         28.11
         38,          4,    4,         13.60,          3.29,       6.06,      60.60,    199.53,         27.63
         38,          4,    5,         13.84,          3.29,       6.25,      62.56,    205.97,         27.09
         38,          4,    6,         14.02,          3.29,       6.40,      63.98,    210.65,         26.81
         38,          4,    7,         14.18,          3.29,       6.52,      65.21,    214.68,         26.68
         38,          5,    1,         13.35,          3.29,       5.98,      59.78,    196.82,         37.06
         38,          5,    2,         14.48,          3.29,       6.81,      68.02,    223.93,         32.85
         38,          5,    3,         15.12,          3.29,       7.36,      73.61,    242.32,         31.30
         38,          5,    4,         15.50,          3.29,       7.73,      77.24,    254.26,         30.63
         38,          5,    5,         15.80,          3.29,       8.03,      80.34,    264.44,         30.18
         38,          5,    6,         16.01,          3.29,       8.26,      82.56,    271.70,         29.94
         38,          5,    7,         16.19,          3.29,       8.46,      84.56,    278.25,         29.73
         38,          6,    1,         14.69,          3.29,       7.13,      71.28,    234.66,         39.28
         38,          6,    2,         15.93,          3.29,       8.22,      82.23,    270.63,         35.31
         38,          6,    3,         16.58,          3.29,       8.89,      88.91,    292.46,         34.25
         38,          6,    4,         16.96,          3.29,       9.33,      93.25,    306.70,         33.75
         38,          6,    5,         17.22,          3.29,       9.66,      96.58,    317.61,         33.41
         38,          6,    6,         17.42,          3.29,       9.90,      98.97,    325.41,         33.28
         38,          6,    7,         17.58,          3.29,      10.11,     101.07,    332.31,         33.15
         38,          7,    1,         15.75,          3.29,       8.22,      82.12,    270.29,         40.09
         38,          7,    2,         17.09,          3.29,       9.57,      95.66,    314.56,         37.13
         38,          7,    3,         17.84,          3.29,      10.40,     104.00,    341.96,         36.75
         38,          7,    4,         18.23,          3.29,      10.94,     109.34,    359.50,         36.41
         38,          7,    5,         18.56,          3.29,      11.39,     113.88,    374.41,         36.31
         38,          7,    6,         18.77,          3.29,      11.69,     116.85,    384.13,         36.28
         38,          7,    7,         18.96,          3.29,      11.99,     119.93,    394.17,         36.19
         39,          1,    1,          6.27,          3.30,       2.74,      27.33,     90.09,         49.24
         39,          1,    2,          7.03,          3.30,       2.94,      29.42,     96.99,         32.58
         39,          1,    3,          7.58,          3.30,       3.10,      30.94,    101.98,         27.95
         39,          1,    4,          7.86,          3.30,       3.21,      32.08,    105.73,         25.20
         39,          1,    5,          8.10,          3.30,       3.30,      32.99,    108.72,         23.72
         39,          1,    6,          8.24,          3.30,       3.36,      33.60,    110.73,         22.82
         39,          1,    7,          8.36,          3.30,       3.41,      34.07,    112.29,         22.28
         39,          2,    1,          8.11,          3.30,       3.26,      32.59,    107.41,         33.36
         39,          2,    2,          8.87,          3.30,       3.53,      35.27,    116.25,         27.31
         39,          2,    3,          9.34,          3.30,       3.69,      36.92,    121.67,         25.49
         39,          2,    4,          9.58,          3.30,       3.82,      38.18,    125.86,         23.99
         39,          2,    5,          9.80,          3.30,       3.92,      39.21,    129.21,         23.17
         39,          2,    6,          9.95,          3.30,       3.99,      39.89,    131.47,         22.77
         39,          2,    7,         10.11,          3.30,       4.08,      40.85,    134.63,         22.02
         39,          3,    1,         10.16,          3.30,       4.08,      40.75,    134.31,         29.70
         39,          3,    2,         11.12,          3.30,       4.53,      45.26,    149.14,         26.03
         39,          3,    3,         11.76,          3.29,       4.87,      48.68,    160.39,         24.60
         39,          3,    4,         12.11,          3.29,       5.08,      50.80,    167.33,         23.94
         39,          3,    5,         12.42,          3.29,       5.28,      52.84,    174.06,         23.37
         39,          3,    6,         12.61,          3.29,       5.42,      54.16,    178.37,         23.13
         39,          3,    7,         12.79,          3.29,       5.53,      55.33,    182.20,         22.95
         39,          4,    1,         11.98,          3.29,       5.04,      50.36,    165.94,         32.93
         39,          4,    2,         13.00,          3.29,       5.66,      56.57,    186.26,         29.24
         39,          4,    3,         13.56,          3.29,       6.07,      60.66,    199.71,         27.82
         39,          4,    4,         13.88,          3.29,       6.32,      63.16,    207.94,         27.20
         39,          4,    5,         14.12,          3.29,       6.52,      65.15,    214.48,         26.82
         39,          4,    6,         14.30,          3.29,       6.68,      66.83,    220.00,         26.41
         39,          4,    7,         14.46,          3.29,       6.82,      68.20,    224.52,         26.22
         39,          5,    1,         13.65,          3.29,       6.19,      61.91,    203.80,         36.76
         39,          5,    2,         14.81,          3.29,       7.11,      71.09,    234.04,         32.43
         39,          5,    3,         15.46,          3.29,       7.71,      77.10,    253.81,         31.08
         39,          5,    4,         15.84,          3.29,       8.12,      81.22,    267.29,         30.32
         39,          5,    5,         16.15,          3.29,       8.47,      84.64,    278.50,         29.87
         39,          5,    6,         16.34,          3.29,       8.70,      86.91,    285.94,         29.68
         39,          5,    7,         16.53,          3.29,       8.92,      89.18,    293.37,         29.47
         39,          6,    1,         15.03,          3.29,       7.39,      73.89,    243.24,         39.11
         39,          6,    2,         16.30,          3.29,       8.60,      86.01,    283.00,         35.18
         39,          6,    3,         16.94,          3.29,       9.33,      93.30,    306.82,         34.12
         39,          6,    4,         17.33,          3.29,       9.82,      98.18,    322.81,         33.55
         39,          6,    5,         17.59,          3.29,      10.17,     101.73,    334.49,         33.25
         39,          6,    6,         17.78,          3.29,      10.45,     104.49,    343.56,         33.01
         39,          6,    7,         17.94,          3.29,      10.69,     106.83,    351.25,         32.83
         39,          7,    1,         16.10,          3.29,       8.50,      85.02,    279.77,         40.43
         39,          7,    2,         17.49,          3.29,       9.98,      99.80,    328.15,         37.57
         39,          7,    3,         18.23,          3.29,      10.92,     109.15,    358.88,         36.95
         39,          7,    4,         18.63,          3.29,      11.50,     115.01,    378.11,         36.65
         39,          7,    5,         18.95,          3.29,      12.00,     119.97,    394.34,         36.47
         39,          7,    6,         19.16,          3.29,      12.33,     123.30,    405.27,         36.43
         39,          7,    7,         19.35,          3.29,      12.64,     126.41,    415.33,         36.46
         40,          1,    1,          6.32,          3.30,       2.75,      27.50,     90.64,         46.48
         40,          1,    2,          7.12,          3.30,       2.95,      29.53,     97.35,         32.35
         40,          1,    3,          7.67,          3.30,       3.12,      31.23,    102.92,         27.23
         40,          1,    4,          7.96,          3.30,       3.24,      32.41,    106.82,         24.64
         40,          1,    5,          8.22,          3.30,       3.32,      33.24,    109.56,         23.58
         40,          1,    6,          8.37,          3.30,       3.39,      33.86,    111.59,         22.77
         40,          1,    7,          8.49,          3.30,       3.46,      34.54,    113.85,         21.81
         40,          2,    1,          8.24,          3.30,       3.31,      33.07,    108.99,         31.55
         40,          2,    2,          9.01,          3.30,       3.58,      35.78,    117.94,         26.48
         40,          2,    3,          9.49,          3.30,       3.76,      37.62,    123.98,         24.61
         40,          2,    4,          9.76,          3.30,       3.89,      38.86,    128.07,         23.51
         40,          2,    5,          9.98,          3.30,       4.00,      40.04,    131.97,         22.56
         40,          2,    6,         10.14,          3.30,       4.09,      40.85,    134.64,         22.09
         40,          2,    7,         10.31,          3.30,       4.18,      41.78,    137.69,         21.54
         40,          3,    1,         10.35,          3.30,       4.18,      41.79,    137.72,         28.96
         40,          3,    2,         11.35,          3.30,       4.68,      46.81,    154.23,         25.27
         40,          3,    3,         12.00,          3.29,       5.05,      50.46,    166.23,         24.04
         40,          3,    4,         12.35,          3.29,       5.28,      52.79,    173.88,         23.36
         40,          3,    5,         12.66,          3.29,       5.50,      55.01,    181.18,         22.83
         40,          3,    6,         12.86,          3.29,       5.63,      56.31,    185.46,         22.66
         40,          3,    7,         13.04,          3.29,       5.77,      57.66,    189.89,         22.46
         40,          4,    1,         12.25,          3.29,       5.23,      52.29,    172.24,         32.28
         40,          4,    2,         13.31,          3.29,       5.92,      59.22,    194.99,         28.64
         40,          4,    3,         13.88,          3.29,       6.36,      63.63,    209.47,         27.37
         40,          4,    4,         14.20,          3.29,       6.64,      66.36,    218.45,         26.78
         40,          4,    5,         14.45,          3.29,       6.87,      68.65,    225.99,         26.33
         40,          4,    6,         14.63,          3.29,       7.05,      70.46,    231.97,         25.99
         40,          4,    7,         14.78,          3.29,       7.21,      72.05,    237.17,         25.72
         40,          5,    1,         13.99,          3.29,       6.46,      64.62,    212.73,         36.05
         40,          5,    2,         15.19,          3.29,       7.50,      74.93,    246.64,         31.97
         40,          5,    3,         15.85,          3.29,       8.18,      81.75,    269.08,         30.52
         40,          5,    4,         16.24,          3.29,       8.63,      86.25,    283.76,         29.93
         40,          5,    5,         16.54,          3.29,       8.99,      89.93,    295.79,         29.55
         40,          5,    6,         16.75,          3.29,       9.27,      92.67,    304.79,         29.25
         40,          5,    7,         16.93,          3.29,       9.52,      95.12,    312.78,         29.06
         40,          6,    1,         15.40,          3.29,       7.73,      77.26,    254.32,         38.28
         40,          6,    2,         16.72,          3.29,       9.09,      90.84,    298.82,         34.75
         40,          6,    3,         17.36,          3.29,       9.91,      99.10,    325.85,         33.60
         40,          6,    4,         17.75,          3.29,      10.45,     104.49,    343.57,         33.16
         40,          6,    5,         18.02,          3.29,      10.87,     108.71,    357.44,         32.72
         40,          6,    6,         18.21,          3.29,      11.17,     111.67,    367.15,         32.54
         40,          6,    7,         18.36,          3.29,      11.43,     114.25,    375.64,         32.38
         40,          7,    1,         16.48,          3.29,       8.84,      88.37,    290.74,         40.50
         40,          7,    2,         17.91,          3.29,      10.51,     105.15,    345.72,         37.55
         40,          7,    3,         18.65,          3.29,      11.53,     115.31,    379.14,         36.97
         40,          7,    4,         19.06,          3.29,      12.21,     122.08,    401.19,         36.60
         40,          7,    5,         19.37,          3.29,      12.74,     127.34,    418.39,         36.47
         40,          7,    6,         19.58,          3.28,      13.14,     131.34,    431.40,         36.27
         40,          7,    7,         19.77,          3.28,      13.48,     134.80,    442.72,         36.23
         41,          1,    1,          6.37,          3.30,       2.75,      27.51,     90.69,         46.71
         41,          1,    2,          7.17,          3.30,       2.99,      29.86,     98.42,         30.59
         41,          1,    3,          7.75,          3.30,       3.16,      31.58,    104.11,         26.25
         41,          1,    4,          8.05,          3.30,       3.26,      32.63,    107.56,         24.40
         41,          1,    5,          8.31,          3.30,       3.36,      33.56,    110.62,         23.20
         41,          1,    6,          8.47,          3.30,       3.43,      34.22,    112.79,         22.38
         41,          1,    7,          8.60,          3.30,       3.49,      34.90,    115.02,         21.57
         41,          2,    1,          8.35,          3.30,       3.35,      33.54,    110.53,         30.54
         41,          2,    2,          9.14,          3.30,       3.66,      36.56,    120.51,         25.35
         41,          2,    3,          9.62,          3.30,       3.85,      38.44,    126.68,         23.81
         41,          2,    4,          9.89,          3.30,       3.98,      39.82,    131.25,         22.64
         41,          2,    5,         10.13,          3.30,       4.08,      40.86,    134.65,         22.18
         41,          2,    6,         10.30,          3.30,       4.19,      41.88,    138.03,         21.51
         41,          2,    7,         10.47,          3.30,       4.27,      42.65,    140.57,         21.25
         41,          3,    1,         10.55,          3.30,       4.30,      43.00,    141.72,         28.01
         41,          3,    2,         11.56,          3.29,       4.83,      48.35,    159.31,         24.68
         41,          3,    3,         12.23,          3.29,       5.25,      52.45,    172.74,         23.38
         41,          3,    4,         12.60,          3.29,       5.50,      55.01,    181.13,         22.75
         41,          3,    5,         12.90,          3.29,       5.73,      57.30,    188.70,         22.32
         41,          3,    6,         13.10,          3.29,       5.90,      58.96,    194.13,         21.99
         41,          3,    7,         13.28,          3.29,       6.03,      60.26,    198.42,         21.91
         41,          4,    1,         12.54,          3.29,       5.44,      54.44,    179.30,         31.47
         41,          4,    2,         13.63,          3.29,       6.21,      62.09,    204.42,         28.08
         41,          4,    3,         14.21,          3.29,       6.70,      67.02,    220.64,         26.77
         41,          4,    4,         14.55,          3.29,       7.01,      70.02,    230.51,         26.31
         41,          4,    5,         14.79,          3.29,       7.27,      72.68,    239.25,         25.78
         41,          4,    6,         14.97,          3.29,       7.44,      74.38,    244.85,         25.62
         41,          4,    7,         15.12,          3.29,       7.63,      76.24,    250.98,         25.27
         41,          5,    1,         14.34,          3.29,       6.78,      67.84,    223.34,         35.33
         41,          5,    2,         15.56,          3.29,       7.87,      78.67,    258.96,         32.00
         41,          5,    3,         16.25,          3.29,       8.67,      86.72,    285.31,         30.36
         41,          5,    4,         16.64,          3.29,       9.14,      91.40,    300.60,         29.93
         41,          5,    5,         16.96,          3.29,       9.59,      95.89,    315.31,         29.42
         41,          5,    6,         17.16,          3.29,       9.87,      98.70,    324.55,         29.22
         41,          5,    7,         17.34,          3.29,      10.16,     101.62,    334.14,         28.91
         41,          6,    1,         15.77,          3.29,       8.11,      81.04,    266.73,         37.63
         41,          6,    2,         17.11,          3.29,       9.54,      95.40,    313.72,         34.88
         41,          6,    3,         17.79,          3.29,      10.53,     105.28,    346.15,         33.47
         41,          6,    4,         18.17,          3.29,      11.07,     110.63,    363.75,         33.29
         41,          6,    5,         18.46,          3.29,      11.58,     115.74,    380.52,         32.75
         41,          6,    6,         18.65,          3.29,      11.89,     118.87,    390.76,         32.65
         41,          6,    7,         18.81,          3.29,      12.24,     122.34,    402.07,         32.25
         41,          7,    1,         16.81,          3.29,       9.19,      91.85,    302.08,         40.29
         41,          7,    2,         18.30,          3.29,      11.05,     110.49,    363.28,         37.52
         41,          7,    3,         19.04,          3.29,      12.19,     121.95,    400.83,         36.83
         41,          7,    4,         19.47,          3.28,      12.94,     129.41,    425.07,         36.54
         41,          7,    5,         19.77,          3.28,      13.55,     135.48,    444.97,         36.24
         41,          7,    6,         19.98,          3.28,      13.99,     139.82,    459.19,         36.06
         41,          7,    7,         20.17,          3.28,      14.38,     143.80,    472.23,         35.92
         42,          1,    1,          6.39,          3.30,       2.77,      27.72,     91.36,         44.14
         42,          1,    2,          7.21,          3.30,       3.02,      30.13,     99.31,         29.52
         42,          1,    3,          7.81,          3.30,       3.20,      31.95,    105.32,         25.36
         42,          1,    4,          8.13,          3.30,       3.31,      33.09,    109.07,         23.55
         42,          1,    5,          8.40,          3.30,       3.42,      34.17,    112.64,         22.19
         42,          1,    6,          8.56,          3.30,       3.47,      34.79,    114.65,         21.65
         42,          1,    7,          8.71,          3.30,       3.55,      35.51,    117.03,         20.90
         42,          2,    1,          8.46,          3.30,       3.42,      34.19,    112.70,         29.42
         42,          2,    2,          9.27,          3.30,       3.75,      37.44,    123.40,         24.50
         42,          2,    3,          9.77,          3.30,       3.95,      39.50,    130.19,         22.97
         42,          2,    4,         10.05,          3.30,       4.10,      40.95,    134.95,         21.94
         42,          2,    5,         10.29,          3.30,       4.23,      42.25,    139.23,         21.21
         42,          2,    6,         10.46,          3.30,       4.31,      43.06,    141.90,         20.98
         42,          2,    7,         10.63,          3.30,       4.40,      44.08,    145.27,         20.52
         42,          3,    1,         10.80,          3.30,       4.47,      44.66,    147.19,         27.25
         42,          3,    2,         11.86,          3.29,       5.07,      50.68,    166.96,         24.00
         42,          3,    3,         12.54,          3.29,       5.52,      55.22,    181.84,         22.78
         42,          3,    4,         12.91,          3.29,       5.81,      58.09,    191.28,         22.16
         42,          3,    5,         13.23,          3.29,       6.06,      60.60,    199.52,         21.79
         42,          3,    6,         13.42,          3.29,       6.23,      62.25,    204.95,         21.57
         42,          3,    7,         13.60,          3.29,       6.40,      63.99,    210.67,         21.27
         42,          4,    1,         12.91,          3.29,       5.74,      57.39,    188.99,         30.86
         42,          4,    2,         14.02,          3.29,       6.56,      65.55,    215.80,         27.98
         42,          4,    3,         14.63,          3.29,       7.11,      71.04,    233.86,         26.82
         42,          4,    4,         14.98,          3.29,       7.46,      74.64,    245.69,         26.23
         42,          4,    5,         15.24,          3.29,       7.78,      77.74,    255.90,         25.69
         42,          4,    6,         15.43,          3.29,       8.00,      80.01,    263.36,         25.34
         42,          4,    7,         15.59,          3.29,       8.23,      82.24,    270.68,         24.98
         42,          5,    1,         14.75,          3.29,       7.13,      71.28,    234.67,         35.61
         42,          5,    2,         15.98,          3.29,       8.30,      82.93,    272.90,         32.49
         42,          5,    3,         16.66,          3.29,       9.08,      90.81,    298.67,         31.34
         42,          5,    4,         17.08,          3.29,       9.64,      96.39,    316.95,         30.71
         42,          5,    5,         17.39,          3.29,      10.09,     100.89,    331.74,         30.31
         42,          5,    6,         17.60,          3.29,      10.44,     104.39,    343.24,         29.94
         42,          5,    7,         17.80,          3.29,      10.76,     107.58,    353.74,         29.67
         42,          6,    1,         16.22,          3.29,       8.59,      85.92,    282.72,         37.18
         42,          6,    2,         17.55,          3.29,      10.10,     100.99,    332.06,         35.15
         42,          6,    3,         18.22,          3.29,      11.06,     110.56,    363.51,         34.34
         42,          6,    4,         18.63,          3.29,      11.70,     117.03,    384.72,         33.97
         42,          6,    5,         18.91,          3.29,      12.20,     121.95,    400.83,         33.72
         42,          6,    6,         19.11,          3.29,      12.59,     125.85,    413.49,         33.47
         42,          6,    7,         19.27,          3.28,      12.92,     129.19,    424.36,         33.22
         42,          7,    1,         17.22,          3.29,       9.67,      96.74,    318.14,         39.60
         42,          7,    2,         18.74,          3.29,      11.65,     116.48,    382.92,         37.78
         42,          7,    3,         19.51,          3.28,      13.02,     130.20,    427.67,         36.82
         42,          7,    4,         19.92,          3.28,      13.75,     137.52,    451.62,         36.87
         42,          7,    5,         20.25,          3.28,      14.47,     144.69,    475.15,         36.48
         42,          7,    6,         20.45,          3.28,      14.92,     149.20,    489.91,         36.39
         42,          7,    7,         20.63,          3.28,      15.39,     153.88,    505.25,         36.13
         43,          1,    1,          6.40,          3.30,       2.81,      28.06,     92.51,         39.68
         43,          1,    2,          7.25,          3.30,       3.05,      30.47,    100.42,         28.07
         43,          1,    3,          7.87,          3.30,       3.24,      32.40,    106.80,         24.22
         43,          1,    4,          8.18,          3.30,       3.36,      33.58,    110.66,         22.56
         43,          1,    5,          8.46,          3.30,       3.46,      34.63,    114.14,         21.52
         43,          1,    6,          8.64,          3.30,       3.55,      35.50,    117.01,         20.57
         43,          1,    7,          8.80,          3.30,       3.61,      36.14,    119.11,         20.15
         43,          2,    1,          8.59,          3.30,       3.52,      35.18,    115.94,         27.15
         43,          2,    2,          9.44,          3.30,       3.86,      38.60,    127.22,         23.21
         43,          2,    3,          9.93,          3.30,       4.08,      40.80,    134.45,         21.81
         43,          2,    4,         10.22,          3.30,       4.24,      42.42,    139.83,         20.82
         43,          2,    5,         10.46,          3.30,       4.37,      43.68,    143.95,         20.36
         43,          2,    6,         10.64,          3.30,       4.48,      44.80,    147.64,         19.84
         43,          2,    7,         10.81,          3.30,       4.59,      45.89,    151.23,         19.46
         43,          3,    1,         11.11,          3.29,       4.69,      46.76,    154.08,         26.13
         43,          3,    2,         12.18,          3.29,       5.31,      53.11,    174.95,         23.49
         43,          3,    3,         12.91,          3.29,       5.85,      58.54,    192.76,         22.20
         43,          3,    4,         13.29,          3.29,       6.15,      61.48,    202.41,         21.82
         43,          3,    5,         13.63,          3.29,       6.47,      64.66,    212.87,         21.34
         43,          3,    6,         13.83,          3.29,       6.67,      66.66,    219.47,         21.02
         43,          3,    7,         14.01,          3.29,       6.85,      68.51,    225.53,         20.85
         43,          4,    1,         13.21,          3.29,       5.93,      59.25,    195.10,         31.98
         43,          4,    2,         14.35,          3.29,       6.82,      68.20,    224.51,         28.73
         43,          4,    3,         14.97,          3.29,       7.40,      74.01,    243.64,         27.54
         43,          4,    4,         15.35,          3.29,       7.80,      77.97,    256.65,         26.99
         43,          4,    5,         15.62,          3.29,       8.14,      81.43,    267.99,         26.36
         43,          4,    6,         15.82,          3.29,       8.40,      84.04,    276.52,         26.02
         43,          4,    7,         16.00,          3.29,       8.65,      86.51,    284.65,         25.70
         43,          5,    1,         15.08,          3.29,       7.39,      73.89,    243.23,         36.90
         43,          5,    2,         16.34,          3.29,       8.65,      86.47,    284.53,         33.54
         43,          5,    3,         17.03,          3.29,       9.48,      94.79,    311.72,         32.41
         43,          5,    4,         17.46,          3.29,      10.07,     100.68,    331.05,         31.83
         43,          5,    5,         17.78,          3.29,      10.57,     105.66,    347.40,         31.34
         43,          5,    6,         18.01,          3.29,      10.95,     109.45,    359.87,         31.01
         43,          5,    7,         18.20,          3.29,      11.28,     112.83,    370.96,         30.73
         43,          6,    1,         16.58,          3.29,       8.95,      89.43,    294.19,         37.95
         43,          6,    2,         17.95,          3.29,      10.57,     105.71,    347.58,         35.96
         43,          6,    3,         18.62,          3.29,      11.57,     115.71,    380.41,         35.33
         43,          6,    4,         19.04,          3.29,      12.27,     122.66,    403.14,         35.00
         43,          6,    5,         19.32,          3.29,      12.80,     127.97,    420.44,         34.75
         43,          6,    6,         19.53,          3.28,      13.23,     132.30,    434.55,         34.51
         43,          6,    7,         19.70,          3.28,      13.58,     135.77,    445.91,         34.32
         43,          7,    1,         17.66,          3.29,      10.25,     102.51,    337.07,         38.95
         43,          7,    2,         19.16,          3.29,      12.31,     123.07,    404.45,         37.99
         43,          7,    3,         19.94,          3.28,      13.66,     136.57,    448.50,         37.75
         43,          7,    4,         20.36,          3.28,      14.51,     145.12,    476.56,         37.62
         43,          7,    5,         20.68,          3.28,      15.21,     152.08,    499.39,         37.50
         43,          7,    6,         20.89,          3.28,      15.73,     157.25,    516.25,         37.35
         43,          7,    7,         21.07,          3.28,      16.21,     162.12,    532.01,         37.15
         44,          1,    1,          6.45,          3.30,       2.85,      28.45,     93.77,         35.93
         44,          1,    2,          7.31,          3.30,       3.10,      31.00,    102.17,         26.03
         44,          1,    3,          7.93,          3.30,       3.31,      33.15,    109.26,         22.36
         44,          1,    4,          8.27,          3.30,       3.44,      34.38,    113.31,         21.09
         44,          1,    5,          8.54,          3.30,       3.55,      35.55,    117.17,         20.03
         44,          1,    6,          8.72,          3.30,       3.63,      36.31,    119.66,         19.50
         44,          1,    7,          8.87,          3.30,       3.69,      36.91,    121.64,         19.19
         44,          2,    1,          8.79,          3.30,       3.64,      36.42,    120.04,         25.54
         44,          2,    2,          9.67,          3.30,       4.03,      40.25,    132.65,         21.94
         44,          2,    3,         10.18,          3.30,       4.30,      42.95,    141.55,         20.37
         44,          2,    4,         10.47,          3.30,       4.45,      44.52,    146.74,         19.78
         44,          2,    5,         10.73,          3.30,       4.62,      46.23,    152.36,         19.11
         44,          2,    6,         10.90,          3.30,       4.72,      47.18,    155.46,         18.89
         44,          2,    7,         11.08,          3.29,       4.86,      48.56,    160.00,         18.43
         44,          3,    1,         11.39,          3.29,       4.84,      48.36,    159.35,         26.72
         44,          3,    2,         12.51,          3.29,       5.55,      55.48,    182.70,         23.79
         44,          3,    3,         13.25,          3.29,       6.10,      61.00,    200.82,         22.73
         44,          3,    4,         13.67,          3.29,       6.46,      64.59,    212.65,         22.20
         44,          3,    5,         14.02,          3.29,       6.80,      67.96,    223.74,         21.79
         44,          3,    6,         14.26,          3.29,       7.05,      70.56,    232.30,         21.40
         44,          3,    7,         14.46,          3.29,       7.28,      72.81,    239.70,         21.18
         44,          4,    1,         13.52,          3.29,       6.13,      61.28,    201.77,         33.93
         44,          4,    2,         14.69,          3.29,       7.10,      70.98,    233.65,         30.01
         44,          4,    3,         15.33,          3.29,       7.73,      77.25,    254.29,         28.71
         44,          4,    4,         15.72,          3.29,       8.17,      81.67,    268.79,         28.00
         44,          4,    5,         16.01,          3.29,       8.52,      85.22,    280.41,         27.52
         44,          4,    6,         16.22,          3.29,       8.81,      88.12,    289.88,         27.12
         44,          4,    7,         16.40,          3.29,       9.09,      90.92,    299.03,         26.72
         44,          5,    1,         15.43,          3.29,       7.69,      76.96,    253.36,         39.27
         44,          5,    2,         16.73,          3.29,       9.05,      90.46,    297.56,         35.39
         44,          5,    3,         17.43,          3.29,       9.95,      99.47,    327.08,         34.04
         44,          5,    4,         17.87,          3.29,      10.59,     105.88,    348.12,         33.34
         44,          5,    5,         18.20,          3.29,      11.12,     111.25,    365.76,         32.82
         44,          5,    6,         18.43,          3.29,      11.52,     115.17,    378.61,         32.56
         44,          5,    7,         18.63,          3.29,      11.90,     118.99,    391.14,         32.18
         44,          6,    1,         16.97,          3.29,       9.32,      93.18,    306.46,         39.64
         44,          6,    2,         18.36,          3.29,      11.09,     110.87,    364.54,         37.36
         44,          6,    3,         19.06,          3.29,      12.18,     121.72,    400.06,         36.71
         44,          6,    4,         19.48,          3.28,      12.91,     129.09,    424.04,         36.48
         44,          6,    5,         19.77,          3.28,      13.49,     134.92,    443.07,         36.17
         44,          6,    6,         19.99,          3.28,      13.97,     139.64,    458.59,         35.90
         44,          6,    7,         20.15,          3.28,      14.34,     143.43,    471.03,         35.70
         44,          7,    1,         18.08,          3.29,      10.76,     107.56,    353.67,         39.31
         44,          7,    2,         19.62,          3.29,      12.99,     129.86,    426.61,         38.76
         44,          7,    3,         20.38,          3.28,      14.38,     143.79,    472.21,         38.68
         44,          7,    4,         20.82,          3.28,      15.31,     153.09,    502.66,         38.65
         44,          7,    5,         21.14,          3.28,      16.07,     160.66,    527.32,         38.53
         44,          7,    6,         21.05,          3.28,      16.04,     160.42,    526.54,         37.85
         44,          7,    7,         20.97,          3.28,      16.02,     160.12,    525.58,         37.24

