[Radio] Initializing ... success!
Connected to RF power monitor: Rohde&Schwarz,FPC1500,1328.6660K03/205785,V1.80
Connected to DC power monitor: radiolib-org,DCpowerMon,070dd3d
setCurrentLimit skipped

Set [dBm/2],paDutyCycle,paSlc,Measured [dBm],Bus voltage[V],Voltage[mV],Current[mA],Power [mW],Efficiency [%]
        -18,          1,    1,        -22.12,          3.30,       0.89,       8.93,     29.47,          0.45
        -18,          1,    2,        -20.53,          3.30,       0.93,       9.31,     30.71,          0.34
        -18,          1,    3,        -18.94,          3.30,       0.96,       9.63,     31.79,          0.35
        -18,          1,    4,        -17.88,          3.30,       1.00,       9.96,     32.86,          0.34
        -18,          1,    5,        -17.03,          3.30,       1.02,      10.24,     33.81,          0.35
        -18,          1,    6,        -16.30,          3.30,       1.05,      10.53,     34.74,          0.35
        -18,          1,    7,        -15.69,          3.30,       1.09,      10.87,     35.88,          0.35
        -18,          2,    1,        -19.95,          3.30,       0.92,       9.22,     30.40,          0.76
        -18,          2,    2,        -18.36,          3.30,       0.96,       9.60,     31.66,          0.56
        -18,          2,    3,        -17.13,          3.30,       0.99,       9.94,     32.78,          0.52
        -18,          2,    4,        -16.01,          3.30,       1.03,      10.31,     34.01,          0.51
        -18,          2,    5,        -15.26,          3.30,       1.06,      10.62,     35.05,          0.50
        -18,          2,    6,        -14.48,          3.30,       1.10,      10.99,     36.25,          0.50
        -18,          2,    7,        -13.98,          3.30,       1.13,      11.31,     37.33,          0.48
        -18,          3,    1,        -17.28,          3.30,       0.96,       9.63,     31.77,          1.08
        -18,          3,    2,        -15.86,          3.30,       1.01,      10.05,     33.15,          0.83
        -18,          3,    3,        -14.69,          3.30,       1.05,      10.46,     34.51,          0.76
        -18,          3,    4,        -13.78,          3.30,       1.08,      10.80,     35.65,          0.75
        -18,          3,    5,        -13.24,          3.30,       1.12,      11.23,     37.05,          0.68
        -18,          3,    6,        -12.72,          3.30,       1.15,      11.53,     38.04,          0.67
        -18,          3,    7,        -12.23,          3.30,       1.19,      11.85,     39.10,          0.66
        -18,          4,    1,        -15.17,          3.30,       1.00,      10.05,     33.15,          1.33
        -18,          4,    2,        -13.90,          3.30,       1.05,      10.47,     34.55,          1.10
        -18,          4,    3,        -13.07,          3.30,       1.10,      10.98,     36.22,          0.92
        -18,          4,    4,        -12.29,          3.30,       1.14,      11.37,     37.52,          0.89
        -18,          4,    5,        -11.80,          3.30,       1.17,      11.72,     38.66,          0.85
        -18,          4,    6,        -11.36,          3.30,       1.20,      12.02,     39.64,          0.83
        -18,          4,    7,        -11.00,          3.30,       1.24,      12.40,     40.89,          0.79
        -18,          5,    1,        -13.20,          3.30,       1.06,      10.60,     34.97,          1.72
        -18,          5,    2,        -12.03,          3.30,       1.12,      11.18,     36.88,          1.34
        -18,          5,    3,        -11.23,          3.30,       1.16,      11.66,     38.45,          1.20
        -18,          5,    4,        -10.68,          3.30,       1.20,      12.03,     39.68,          1.14
        -18,          5,    5,        -10.30,          3.30,       1.24,      12.43,     41.03,          1.06
        -18,          5,    6,         -9.97,          3.30,       1.28,      12.80,     42.21,          1.01
        -18,          5,    7,         -9.69,          3.30,       1.31,      13.10,     43.22,          0.97
        -18,          6,    1,        -11.86,          3.30,       1.12,      11.17,     36.87,          2.06
        -18,          6,    2,        -10.81,          3.30,       1.17,      11.72,     38.66,          1.68
        -18,          6,    3,        -10.21,          3.30,       1.22,      12.18,     40.17,          1.48
        -18,          6,    4,         -9.70,          3.30,       1.26,      12.61,     41.59,          1.36
        -18,          6,    5,         -9.37,          3.30,       1.30,      13.04,     43.01,          1.24
        -18,          6,    6,         -9.01,          3.30,       1.34,      13.37,     44.12,          1.21
        -18,          6,    7,         -8.80,          3.30,       1.37,      13.71,     45.24,          1.14
        -18,          7,    1,        -10.82,          3.30,       1.17,      11.70,     38.62,          2.27
        -18,          7,    2,         -9.82,          3.30,       1.23,      12.31,     40.61,          1.85
        -18,          7,    3,         -9.19,          3.30,       1.29,      12.85,     42.39,          1.63
        -18,          7,    4,         -8.75,          3.30,       1.33,      13.33,     43.98,          1.48
        -18,          7,    5,         -8.41,          3.30,       1.37,      13.73,     45.28,          1.40
        -18,          7,    6,         -8.18,          3.30,       1.41,      14.07,     46.43,          1.33
        -18,          7,    7,         -7.93,          3.30,       1.45,      14.48,     47.76,          1.26
        -17,          1,    1,        -21.90,          3.30,       0.89,       8.98,     29.62,          0.48
        -17,          1,    2,        -19.93,          3.30,       0.93,       9.31,     30.70,          0.42
        -17,          1,    3,        -18.54,          3.30,       0.97,       9.70,     32.01,          0.38
        -17,          1,    4,        -17.62,          3.30,       1.00,      10.02,     33.06,          0.36
        -17,          1,    5,        -16.72,          3.30,       1.03,      10.32,     34.05,          0.37
        -17,          1,    6,        -15.93,          3.30,       1.06,      10.65,     35.14,          0.37
        -17,          1,    7,        -15.26,          3.30,       1.09,      10.93,     36.06,          0.38
        -17,          2,    1,        -19.50,          3.30,       0.93,       9.25,     30.53,          0.89
        -17,          2,    2,        -18.09,          3.30,       0.97,       9.67,     31.92,          0.59
        -17,          2,    3,        -16.58,          3.30,       1.00,      10.05,     33.15,          0.57
        -17,          2,    4,        -15.67,          3.30,       1.04,      10.38,     34.23,          0.55
        -17,          2,    5,        -14.92,          3.30,       1.07,      10.73,     35.39,          0.53
        -17,          2,    6,        -14.19,          3.30,       1.11,      11.10,     36.64,          0.52
        -17,          2,    7,        -13.69,          3.30,       1.14,      11.40,     37.60,          0.51
        -17,          3,    1,        -16.83,          3.30,       0.97,       9.73,     32.09,          1.08
        -17,          3,    2,        -15.31,          3.30,       1.01,      10.15,     33.48,          0.89
        -17,          3,    3,        -14.25,          3.30,       1.06,      10.55,     34.80,          0.81
        -17,          3,    4,        -13.40,          3.30,       1.09,      10.93,     36.05,          0.78
        -17,          3,    5,        -12.83,          3.30,       1.13,      11.35,     37.46,          0.72
        -17,          3,    6,        -12.27,          3.30,       1.17,      11.65,     38.42,          0.72
        -17,          3,    7,        -11.87,          3.30,       1.20,      11.98,     39.52,          0.70
        -17,          4,    1,        -14.78,          3.30,       1.01,      10.13,     33.43,          1.44
        -17,          4,    2,        -13.54,          3.30,       1.06,      10.61,     34.99,          1.15
        -17,          4,    3,        -12.63,          3.30,       1.11,      11.12,     36.67,          0.98
        -17,          4,    4,        -11.92,          3.30,       1.15,      11.52,     38.01,          0.93
        -17,          4,    5,        -11.41,          3.30,       1.19,      11.89,     39.22,          0.89
        -17,          4,    6,        -10.96,          3.30,       1.22,      12.20,     40.25,          0.88
        -17,          4,    7,        -10.54,          3.30,       1.25,      12.54,     41.38,          0.86
        -17,          5,    1,        -12.76,          3.30,       1.07,      10.77,     35.53,          1.82
        -17,          5,    2,        -11.64,          3.30,       1.14,      11.33,     37.37,          1.45
        -17,          5,    3,        -10.79,          3.30,       1.18,      11.82,     38.98,          1.31
        -17,          5,    4,        -10.28,          3.30,       1.22,      12.25,     40.41,          1.20
        -17,          5,    5,         -9.83,          3.30,       1.27,      12.63,     41.64,          1.15
        -17,          5,    6,         -9.55,          3.30,       1.30,      13.01,     42.93,          1.08
        -17,          5,    7,         -9.26,          3.30,       1.33,      13.33,     43.97,          1.05
        -17,          6,    1,        -11.38,          3.30,       1.13,      11.35,     37.45,          2.25
        -17,          6,    2,        -10.42,          3.30,       1.19,      11.91,     39.29,          1.79
        -17,          6,    3,         -9.68,          3.30,       1.24,      12.41,     40.94,          1.60
        -17,          6,    4,         -9.25,          3.30,       1.29,      12.86,     42.41,          1.45
        -17,          6,    5,         -8.89,          3.30,       1.33,      13.30,     43.86,          1.34
        -17,          6,    6,         -8.61,          3.30,       1.36,      13.62,     44.92,          1.29
        -17,          6,    7,         -8.34,          3.30,       1.40,      13.99,     46.17,          1.22
        -17,          7,    1,        -10.34,          3.30,       1.19,      11.90,     39.27,          2.51
        -17,          7,    2,         -9.34,          3.30,       1.25,      12.54,     41.35,          2.02
        -17,          7,    3,         -8.73,          3.30,       1.31,      13.12,     43.29,          1.74
        -17,          7,    4,         -8.29,          3.30,       1.36,      13.58,     44.80,          1.61
        -17,          7,    5,         -7.92,          3.30,       1.40,      13.98,     46.13,          1.53
        -17,          7,    6,         -7.71,          3.30,       1.44,      14.41,     47.53,          1.42
        -17,          7,    7,         -7.51,          3.30,       1.48,      14.77,     48.70,          1.35
        -16,          1,    1,        -21.36,          3.30,       0.90,       9.00,     29.71,          0.53
        -16,          1,    2,        -19.87,          3.30,       0.94,       9.38,     30.95,          0.39
        -16,          1,    3,        -18.42,          3.30,       0.97,       9.74,     32.14,          0.38
        -16,          1,    4,        -17.24,          3.30,       1.01,      10.06,     33.21,          0.39
        -16,          1,    5,        -16.31,          3.30,       1.04,      10.38,     34.24,          0.40
        -16,          1,    6,        -15.60,          3.30,       1.07,      10.66,     35.17,          0.40
        -16,          1,    7,        -14.92,          3.30,       1.10,      10.99,     36.25,          0.41
        -16,          2,    1,        -19.39,          3.30,       0.93,       9.35,     30.84,          0.82
        -16,          2,    2,        -17.57,          3.30,       0.97,       9.70,     32.00,          0.68
        -16,          2,    3,        -16.27,          3.30,       1.01,      10.10,     33.31,          0.61
        -16,          2,    4,        -15.26,          3.30,       1.05,      10.45,     34.46,          0.59
        -16,          2,    5,        -14.47,          3.30,       1.08,      10.81,     35.67,          0.57
        -16,          2,    6,        -13.81,          3.30,       1.12,      11.17,     36.86,          0.56
        -16,          2,    7,        -13.26,          3.30,       1.15,      11.49,     37.90,          0.56
        -16,          3,    1,        -16.37,          3.30,       0.98,       9.81,     32.37,          1.14
        -16,          3,    2,        -14.90,          3.30,       1.02,      10.24,     33.79,          0.94
        -16,          3,    3,        -13.88,          3.30,       1.07,      10.65,     35.15,          0.85
        -16,          3,    4,        -13.08,          3.30,       1.11,      11.06,     36.50,          0.80
        -16,          3,    5,        -12.52,          3.30,       1.14,      11.47,     37.83,          0.75
        -16,          3,    6,        -11.86,          3.30,       1.18,      11.78,     38.87,          0.76
        -16,          3,    7,        -11.53,          3.30,       1.21,      12.12,     39.97,          0.73
        -16,          4,    1,        -14.28,          3.30,       1.03,      10.27,     33.88,          1.58
        -16,          4,    2,        -13.15,          3.30,       1.07,      10.75,     35.48,          1.22
        -16,          4,    3,        -12.23,          3.30,       1.13,      11.29,     37.25,          1.05
        -16,          4,    4,        -11.61,          3.30,       1.16,      11.65,     38.42,          1.00
        -16,          4,    5,        -10.98,          3.30,       1.20,      11.98,     39.51,          1.00
        -16,          4,    6,        -10.53,          3.30,       1.23,      12.36,     40.79,          0.95
        -16,          4,    7,        -10.25,          3.30,       1.27,      12.75,     42.06,          0.90
        -16,          5,    1,        -12.26,          3.30,       1.09,      10.92,     36.01,          1.91
        -16,          5,    2,        -11.17,          3.30,       1.15,      11.50,     37.92,          1.52
        -16,          5,    3,        -10.42,          3.30,       1.20,      11.96,     39.46,          1.38
        -16,          5,    4,         -9.87,          3.30,       1.24,      12.44,     41.05,          1.27
        -16,          5,    5,         -9.45,          3.30,       1.28,      12.83,     42.32,          1.20
        -16,          5,    6,         -9.11,          3.30,       1.32,      13.19,     43.51,          1.16
        -16,          5,    7,         -8.79,          3.30,       1.36,      13.53,     44.64,          1.12
        -16,          6,    1,        -10.98,          3.30,       1.15,      11.51,     37.97,          2.41
        -16,          6,    2,        -10.02,          3.30,       1.21,      12.13,     40.01,          1.86
        -16,          6,    3,         -9.32,          3.30,       1.26,      12.61,     41.59,          1.69
        -16,          6,    4,         -8.84,          3.30,       1.31,      13.09,     43.19,          1.53
        -16,          6,    5,         -8.44,          3.30,       1.35,      13.48,     44.48,          1.46
        -16,          6,    6,         -8.19,          3.30,       1.39,      13.85,     45.68,          1.38
        -16,          6,    7,         -7.94,          3.30,       1.42,      14.18,     46.77,          1.33
        -16,          7,    1,         -9.86,          3.30,       1.21,      12.11,     39.94,          2.78
        -16,          7,    2,         -8.87,          3.30,       1.28,      12.82,     42.30,          2.14
        -16,          7,    3,         -8.27,          3.30,       1.34,      13.37,     44.12,          1.89
        -16,          7,    4,         -7.83,          3.30,       1.39,      13.83,     45.63,          1.75
        -16,          7,    5,         -7.51,          3.30,       1.43,      14.28,     47.09,          1.63
        -16,          7,    6,         -7.29,          3.30,       1.47,      14.70,     48.46,          1.53
        -16,          7,    7,         -7.05,          3.30,       1.51,      15.06,     49.68,          1.47
        -15,          1,    1,        -21.08,          3.30,       0.91,       9.10,     30.03,          0.53
        -15,          1,    2,        -19.15,          3.30,       0.95,       9.49,     31.32,          0.44
        -15,          1,    3,        -17.77,          3.30,       0.98,       9.86,     32.53,          0.42
        -15,          1,    4,        -16.66,          3.30,       1.02,      10.19,     33.63,          0.43
        -15,          1,    5,        -15.81,          3.30,       1.05,      10.50,     34.64,          0.43
        -15,          1,    6,        -15.06,          3.30,       1.08,      10.81,     35.65,          0.44
        -15,          1,    7,        -14.52,          3.30,       1.11,      11.15,     36.78,          0.43
        -15,          2,    1,        -18.68,          3.30,       0.94,       9.44,     31.15,          0.92
        -15,          2,    2,        -17.06,          3.30,       0.98,       9.83,     32.42,          0.72
        -15,          2,    3,        -15.72,          3.30,       1.02,      10.20,     33.66,          0.67
        -15,          2,    4,        -14.68,          3.30,       1.06,      10.60,     34.97,          0.64
        -15,          2,    5,        -13.85,          3.30,       1.09,      10.99,     36.25,          0.63
        -15,          2,    6,        -13.44,          3.30,       1.13,      11.38,     37.55,          0.58
        -15,          2,    7,        -12.77,          3.30,       1.17,      11.68,     38.53,          0.60
        -15,          3,    1,        -15.78,          3.30,       0.99,       9.95,     32.82,          1.30
        -15,          3,    2,        -14.31,          3.30,       1.04,      10.40,     34.32,          1.05
        -15,          3,    3,        -13.34,          3.30,       1.08,      10.85,     35.79,          0.93
        -15,          3,    4,        -12.51,          3.30,       1.13,      11.28,     37.23,          0.87
        -15,          3,    5,        -11.90,          3.30,       1.16,      11.62,     38.32,          0.86
        -15,          3,    6,        -11.41,          3.30,       1.20,      11.98,     39.52,          0.83
        -15,          3,    7,        -10.94,          3.30,       1.23,      12.31,     40.60,          0.82
        -15,          4,    1,        -13.75,          3.30,       1.04,      10.42,     34.37,          1.75
        -15,          4,    2,        -12.54,          3.30,       1.10,      10.94,     36.10,          1.35
        -15,          4,    3,        -11.62,          3.30,       1.15,      11.45,     37.78,          1.18
        -15,          4,    4,        -11.00,          3.30,       1.19,      11.88,     39.20,          1.10
        -15,          4,    5,        -10.44,          3.30,       1.23,      12.25,     40.43,          1.07
        -15,          4,    6,        -10.03,          3.30,       1.26,      12.62,     41.61,          1.03
        -15,          4,    7,         -9.70,          3.30,       1.30,      13.01,     42.91,          0.98
        -15,          5,    1,        -11.68,          3.30,       1.12,      11.17,     36.87,          2.02
        -15,          5,    2,        -10.58,          3.30,       1.17,      11.75,     38.76,          1.67
        -15,          5,    3,         -9.84,          3.30,       1.22,      12.27,     40.47,          1.49
        -15,          5,    4,         -9.31,          3.30,       1.27,      12.70,     41.91,          1.40
        -15,          5,    5,         -8.95,          3.30,       1.31,      13.11,     43.25,          1.31
        -15,          5,    6,         -8.56,          3.30,       1.35,      13.49,     44.51,          1.27
        -15,          5,    7,         -8.24,          3.30,       1.39,      13.86,     45.71,          1.23
        -15,          6,    1,        -10.38,          3.30,       1.18,      11.78,     38.88,          2.65
        -15,          6,    2,         -9.37,          3.30,       1.24,      12.40,     40.91,          2.11
        -15,          6,    3,         -8.68,          3.30,       1.30,      12.98,     42.82,          1.83
        -15,          6,    4,         -8.25,          3.30,       1.34,      13.39,     44.16,          1.71
        -15,          6,    5,         -7.86,          3.30,       1.38,      13.81,     45.55,          1.62
        -15,          6,    6,         -7.54,          3.30,       1.42,      14.21,     46.89,          1.54
        -15,          6,    7,         -7.32,          3.30,       1.46,      14.63,     48.24,          1.45
        -15,          7,    1,         -9.26,          3.30,       1.24,      12.42,     40.99,          3.12
        -15,          7,    2,         -8.31,          3.30,       1.31,      13.16,     43.42,          2.37
        -15,          7,    3,         -7.66,          3.30,       1.37,      13.73,     45.29,          2.12
        -15,          7,    4,         -7.23,          3.30,       1.42,      14.23,     46.94,          1.94
        -15,          7,    5,         -6.89,          3.30,       1.47,      14.70,     48.50,          1.81
        -15,          7,    6,         -6.64,          3.30,       1.51,      15.12,     49.86,          1.71
        -15,          7,    7,         -6.43,          3.30,       1.55,      15.48,     51.05,          1.64
        -14,          1,    1,        -20.49,          3.30,       0.92,       9.16,     30.23,          0.59
        -14,          1,    2,        -18.98,          3.30,       0.95,       9.55,     31.51,          0.45
        -14,          1,    3,        -17.66,          3.30,       0.99,       9.91,     32.68,          0.43
        -14,          1,    4,        -16.35,          3.30,       1.03,      10.27,     33.89,          0.45
        -14,          1,    5,        -15.49,          3.30,       1.06,      10.55,     34.83,          0.46
        -14,          1,    6,        -14.78,          3.30,       1.09,      10.88,     35.90,          0.46
        -14,          1,    7,        -14.24,          3.30,       1.12,      11.23,     37.06,          0.45
        -14,          2,    1,        -18.35,          3.30,       0.95,       9.50,     31.33,          1.08
        -14,          2,    2,        -16.71,          3.30,       0.99,       9.89,     32.64,          0.80
        -14,          2,    3,        -15.38,          3.30,       1.03,      10.29,     33.95,          0.73
        -14,          2,    4,        -14.39,          3.30,       1.07,      10.69,     35.24,          0.69
        -14,          2,    5,        -13.66,          3.30,       1.11,      11.08,     36.57,          0.65
        -14,          2,    6,        -13.00,          3.30,       1.14,      11.45,     37.78,          0.64
        -14,          2,    7,        -12.49,          3.30,       1.17,      11.73,     38.71,          0.65
        -14,          3,    1,        -15.48,          3.30,       1.00,      10.00,     32.99,          1.45
        -14,          3,    2,        -13.98,          3.30,       1.05,      10.44,     34.45,          1.17
        -14,          3,    3,        -12.96,          3.30,       1.09,      10.89,     35.93,          1.03
        -14,          3,    4,        -12.21,          3.30,       1.14,      11.37,     37.52,          0.93
        -14,          3,    5,        -11.60,          3.30,       1.17,      11.74,     38.74,          0.90
        -14,          3,    6,        -11.09,          3.30,       1.21,      12.11,     39.93,          0.88
        -14,          3,    7,        -10.66,          3.30,       1.24,      12.46,     41.10,          0.85
        -14,          4,    1,        -13.41,          3.30,       1.05,      10.54,     34.77,          1.75
        -14,          4,    2,        -12.17,          3.30,       1.11,      11.10,     36.63,          1.36
        -14,          4,    3,        -11.29,          3.30,       1.16,      11.60,     38.27,          1.22
        -14,          4,    4,        -10.62,          3.30,       1.20,      12.02,     39.66,          1.15
        -14,          4,    5,        -10.17,          3.30,       1.24,      12.42,     40.98,          1.09
        -14,          4,    6,         -9.73,          3.30,       1.28,      12.81,     42.25,          1.06
        -14,          4,    7,         -9.34,          3.30,       1.32,      13.11,     43.25,          1.05
        -14,          5,    1,        -11.36,          3.30,       1.13,      11.32,     37.36,          2.10
        -14,          5,    2,        -10.24,          3.30,       1.19,      11.91,     39.30,          1.74
        -14,          5,    3,         -9.51,          3.30,       1.24,      12.45,     41.07,          1.56
        -14,          5,    4,         -8.95,          3.30,       1.29,      12.89,     42.51,          1.48
        -14,          5,    5,         -8.55,          3.30,       1.33,      13.29,     43.85,          1.40
        -14,          5,    6,         -8.24,          3.30,       1.37,      13.66,     45.05,          1.34
        -14,          5,    7,         -7.94,          3.30,       1.41,      14.08,     46.44,          1.28
        -14,          6,    1,        -10.01,          3.30,       1.19,      11.93,     39.36,          2.87
        -14,          6,    2,         -9.01,          3.30,       1.26,      12.61,     41.60,          2.20
        -14,          6,    3,         -8.36,          3.30,       1.32,      13.17,     43.45,          1.93
        -14,          6,    4,         -7.85,          3.30,       1.36,      13.61,     44.89,          1.82
        -14,          6,    5,         -7.53,          3.30,       1.40,      14.04,     46.31,          1.70
        -14,          6,    6,         -7.24,          3.30,       1.45,      14.48,     47.75,          1.59
        -14,          6,    7,         -6.94,          3.30,       1.48,      14.87,     49.05,          1.54
        -14,          7,    1,         -8.87,          3.30,       1.26,      12.65,     41.72,          3.28
        -14,          7,    2,         -7.93,          3.30,       1.34,      13.39,     44.16,          2.52
        -14,          7,    3,         -7.24,          3.30,       1.40,      13.95,     46.03,          2.29
        -14,          7,    4,         -6.87,          3.30,       1.45,      14.52,     47.91,          2.03
        -14,          7,    5,         -6.53,          3.30,       1.50,      14.95,     49.31,          1.93
        -14,          7,    6,         -6.29,          3.30,       1.54,      15.38,     50.72,          1.81
        -14,          7,    7,         -6.08,          3.30,       1.58,      15.77,     52.00,          1.73
        -13,          1,    1,        -20.22,          3.30,       0.92,       9.23,     30.46,          0.60
        -13,          1,    2,        -18.56,          3.30,       0.96,       9.64,     31.80,          0.48
        -13,          1,    3,        -17.09,          3.30,       1.00,      10.03,     33.09,          0.46
        -13,          1,    4,        -15.97,          3.30,       1.04,      10.35,     34.14,          0.48
        -13,          1,    5,        -15.03,          3.30,       1.06,      10.67,     35.20,          0.50
        -13,          1,    6,        -14.24,          3.30,       1.11,      11.08,     36.56,          0.49
        -13,          1,    7,        -13.79,          3.30,       1.14,      11.35,     37.45,          0.49
        -13,          2,    1,        -17.94,          3.30,       0.96,       9.60,     31.67,          1.04
        -13,          2,    2,        -16.26,          3.30,       1.00,       9.98,     32.94,          0.84
        -13,          2,    3,        -14.93,          3.30,       1.04,      10.42,     34.37,          0.76
        -13,          2,    4,        -13.92,          3.30,       1.08,      10.81,     35.67,          0.73
        -13,          2,    5,        -13.16,          3.30,       1.12,      11.21,     36.97,          0.70
        -13,          2,    6,        -12.53,          3.30,       1.16,      11.56,     38.15,          0.70
        -13,          2,    7,        -12.01,          3.30,       1.19,      11.91,     39.31,          0.69
        -13,          3,    1,        -14.91,          3.30,       1.01,      10.16,     33.53,          1.59
        -13,          3,    2,        -13.52,          3.30,       1.06,      10.64,     35.11,          1.23
        -13,          3,    3,        -12.55,          3.30,       1.11,      11.12,     36.69,          1.07
        -13,          3,    4,        -11.73,          3.30,       1.15,      11.57,     38.16,          1.01
        -13,          3,    5,        -11.11,          3.30,       1.20,      11.92,     39.34,          0.99
        -13,          3,    6,        -10.61,          3.30,       1.23,      12.31,     40.60,          0.96
        -13,          3,    7,        -10.17,          3.30,       1.27,      12.65,     41.72,          0.94
        -13,          4,    1,        -12.94,          3.30,       1.07,      10.71,     35.33,          1.86
        -13,          4,    2,        -11.64,          3.30,       1.13,      11.34,     37.41,          1.43
        -13,          4,    3,        -10.78,          3.30,       1.18,      11.79,     38.90,          1.33
        -13,          4,    4,        -10.17,          3.30,       1.22,      12.19,     40.20,          1.26
        -13,          4,    5,         -9.67,          3.30,       1.26,      12.62,     41.63,          1.19
        -13,          4,    6,         -9.20,          3.30,       1.30,      13.01,     42.90,          1.17
        -13,          4,    7,         -8.85,          3.30,       1.34,      13.40,     44.19,          1.12
        -13,          5,    1,        -10.83,          3.30,       1.15,      11.53,     38.03,          2.22
        -13,          5,    2,         -9.80,          3.30,       1.22,      12.15,     40.08,          1.81
        -13,          5,    3,         -8.99,          3.30,       1.27,      12.70,     41.91,          1.66
        -13,          5,    4,         -8.46,          3.30,       1.32,      13.18,     43.47,          1.56
        -13,          5,    5,         -8.00,          3.30,       1.36,      13.57,     44.77,          1.51
        -13,          5,    6,         -7.67,          3.30,       1.40,      13.99,     46.12,          1.45
        -13,          5,    7,         -7.41,          3.30,       1.44,      14.36,     47.35,          1.39
        -13,          6,    1,         -9.41,          3.30,       1.22,      12.21,     40.29,          3.13
        -13,          6,    2,         -8.47,          3.30,       1.29,      12.89,     42.51,          2.42
        -13,          6,    3,         -7.82,          3.30,       1.35,      13.45,     44.37,          2.13
        -13,          6,    4,         -7.31,          3.30,       1.40,      13.93,     45.96,          1.99
        -13,          6,    5,         -6.97,          3.30,       1.44,      14.41,     47.53,          1.84
        -13,          6,    6,         -6.66,          3.30,       1.48,      14.84,     48.97,          1.75
        -13,          6,    7,         -6.43,          3.30,       1.52,      15.23,     50.22,          1.68
        -13,          7,    1,         -8.33,          3.30,       1.29,      12.95,     42.70,          3.46
        -13,          7,    2,         -7.36,          3.30,       1.37,      13.74,     45.31,          2.68
        -13,          7,    3,         -6.70,          3.30,       1.43,      14.32,     47.22,          2.44
        -13,          7,    4,         -6.32,          3.30,       1.49,      14.89,     49.11,          2.19
        -13,          7,    5,         -5.94,          3.30,       1.54,      15.36,     50.68,          2.08
        -13,          7,    6,         -5.73,          3.30,       1.58,      15.78,     52.04,          1.97
        -13,          7,    7,         -5.54,          3.30,       1.62,      16.20,     53.44,          1.86
        -12,          1,    1,        -19.92,          3.30,       0.93,       9.32,     30.76,          0.59
        -12,          1,    2,        -18.10,          3.30,       0.97,       9.73,     32.10,          0.50
        -12,          1,    3,        -16.66,          3.30,       1.01,      10.10,     33.31,          0.50
        -12,          1,    4,        -15.57,          3.30,       1.05,      10.45,     34.47,          0.51
        -12,          1,    5,        -14.61,          3.30,       1.08,      10.76,     35.47,          0.54
        -12,          1,    6,        -13.88,          3.30,       1.12,      11.16,     36.80,          0.53
        -12,          1,    7,        -13.28,          3.30,       1.15,      11.47,     37.84,          0.53
        -12,          2,    1,        -17.35,          3.30,       0.97,       9.69,     31.96,          1.24
        -12,          2,    2,        -15.72,          3.30,       1.01,      10.13,     33.42,          0.91
        -12,          2,    3,        -14.47,          3.30,       1.06,      10.54,     34.78,          0.83
        -12,          2,    4,        -13.43,          3.30,       1.09,      10.97,     36.18,          0.80
        -12,          2,    5,        -12.75,          3.30,       1.14,      11.38,     37.55,          0.75
        -12,          2,    6,        -12.13,          3.30,       1.17,      11.73,     38.67,          0.75
        -12,          2,    7,        -11.54,          3.30,       1.21,      12.06,     39.78,          0.75
        -12,          3,    1,        -14.39,          3.30,       1.03,      10.28,     33.91,          1.73
        -12,          3,    2,        -13.08,          3.30,       1.08,      10.80,     35.64,          1.28
        -12,          3,    3,        -12.00,          3.30,       1.13,      11.30,     37.28,          1.15
        -12,          3,    4,        -11.22,          3.30,       1.17,      11.72,     38.67,          1.10
        -12,          3,    5,        -10.66,          3.30,       1.21,      12.10,     39.94,          1.05
        -12,          3,    6,        -10.17,          3.30,       1.25,      12.48,     41.15,          1.03
        -12,          3,    7,         -9.78,          3.30,       1.29,      12.86,     42.43,          0.99
        -12,          4,    1,        -12.43,          3.30,       1.09,      10.86,     35.83,          2.05
        -12,          4,    2,        -11.23,          3.30,       1.15,      11.46,     37.81,          1.58
        -12,          4,    3,        -10.32,          3.30,       1.20,      11.94,     39.40,          1.46
        -12,          4,    4,         -9.67,          3.30,       1.24,      12.42,     40.98,          1.36
        -12,          4,    5,         -9.16,          3.30,       1.29,      12.86,     42.43,          1.29
        -12,          4,    6,         -8.73,          3.30,       1.33,      13.28,     43.79,          1.25
        -12,          4,    7,         -8.33,          3.30,       1.36,      13.65,     45.03,          1.23
        -12,          5,    1,        -10.34,          3.30,       1.17,      11.73,     38.71,          2.41
        -12,          5,    2,         -9.19,          3.30,       1.24,      12.37,     40.82,          2.03
        -12,          5,    3,         -8.49,          3.30,       1.30,      12.97,     42.78,          1.79
        -12,          5,    4,         -7.92,          3.30,       1.35,      13.45,     44.35,          1.70
        -12,          5,    5,         -7.51,          3.30,       1.39,      13.90,     45.84,          1.62
        -12,          5,    6,         -7.18,          3.30,       1.43,      14.30,     47.18,          1.55
        -12,          5,    7,         -6.92,          3.30,       1.47,      14.68,     48.43,          1.50
        -12,          6,    1,         -8.95,          3.30,       1.25,      12.45,     41.09,          3.46
        -12,          6,    2,         -7.99,          3.30,       1.32,      13.19,     43.51,          2.60
        -12,          6,    3,         -7.27,          3.30,       1.38,      13.77,     45.42,          2.34
        -12,          6,    4,         -6.81,          3.30,       1.43,      14.29,     47.13,          2.15
        -12,          6,    5,         -6.46,          3.30,       1.48,      14.75,     48.64,          2.01
        -12,          6,    6,         -6.14,          3.30,       1.52,      15.20,     50.13,          1.91
        -12,          6,    7,         -5.94,          3.30,       1.56,      15.60,     51.46,          1.81
        -12,          7,    1,         -7.81,          3.30,       1.33,      13.26,     43.74,          3.75
        -12,          7,    2,         -6.85,          3.30,       1.40,      14.04,     46.32,          2.95
        -12,          7,    3,         -6.17,          3.30,       1.48,      14.75,     48.66,          2.59
        -12,          7,    4,         -5.78,          3.30,       1.53,      15.28,     50.42,          2.38
        -12,          7,    5,         -5.45,          3.30,       1.58,      15.75,     51.95,          2.26
        -12,          7,    6,         -5.24,          3.30,       1.63,      16.25,     53.58,          2.10
        -12,          7,    7,         -5.03,          3.30,       1.66,      16.64,     54.88,          2.02
        -11,          1,    1,        -19.43,          3.30,       0.94,       9.40,     31.01,          0.67
        -11,          1,    2,        -17.57,          3.30,       0.98,       9.80,     32.32,          0.58
        -11,          1,    3,        -16.16,          3.30,       1.02,      10.16,     33.53,          0.57
        -11,          1,    4,        -15.05,          3.30,       1.05,      10.54,     34.78,          0.57
        -11,          1,    5,        -14.20,          3.30,       1.09,      10.92,     36.02,          0.57
        -11,          1,    6,        -13.53,          3.30,       1.13,      11.31,     37.32,          0.55
        -11,          1,    7,        -12.97,          3.30,       1.16,      11.58,     38.20,          0.57
        -11,          2,    1,        -16.91,          3.30,       0.98,       9.78,     32.25,          1.34
        -11,          2,    2,        -15.31,          3.30,       1.02,      10.21,     33.69,          1.00
        -11,          2,    3,        -14.05,          3.30,       1.07,      10.67,     35.20,          0.88
        -11,          2,    4,        -13.06,          3.30,       1.11,      11.08,     36.57,          0.85
        -11,          2,    5,        -12.28,          3.30,       1.15,      11.49,     37.91,          0.82
        -11,          2,    6,        -11.73,          3.30,       1.19,      11.84,     39.07,          0.81
        -11,          2,    7,        -11.12,          3.30,       1.22,      12.22,     40.30,          0.81
        -11,          3,    1,        -13.99,          3.30,       1.04,      10.39,     34.26,          1.89
        -11,          3,    2,        -12.63,          3.30,       1.09,      10.91,     36.01,          1.41
        -11,          3,    3,        -11.56,          3.30,       1.15,      11.47,     37.85,          1.22
        -11,          3,    4,        -10.81,          3.30,       1.19,      11.88,     39.17,          1.18
        -11,          3,    5,        -10.25,          3.30,       1.23,      12.28,     40.50,          1.13
        -11,          3,    6,         -9.74,          3.30,       1.27,      12.67,     41.81,          1.10
        -11,          3,    7,         -9.35,          3.30,       1.31,      13.07,     43.10,          1.06
        -11,          4,    1,        -11.97,          3.30,       1.11,      11.04,     36.43,          2.15
        -11,          4,    2,        -10.75,          3.30,       1.16,      11.62,     38.33,          1.73
        -11,          4,    3,         -9.89,          3.30,       1.22,      12.16,     40.10,          1.55
        -11,          4,    4,         -9.21,          3.30,       1.27,      12.67,     41.78,          1.44
        -11,          4,    5,         -8.73,          3.30,       1.31,      13.08,     43.15,          1.38
        -11,          4,    6,         -8.30,          3.30,       1.35,      13.47,     44.44,          1.35
        -11,          4,    7,         -7.90,          3.30,       1.39,      13.88,     45.77,          1.32
        -11,          5,    1,         -9.83,          3.30,       1.20,      11.94,     39.39,          2.60
        -11,          5,    2,         -8.79,          3.30,       1.27,      12.62,     41.61,          2.12
        -11,          5,    3,         -8.00,          3.30,       1.32,      13.24,     43.67,          1.92
        -11,          5,    4,         -7.44,          3.30,       1.37,      13.68,     45.14,          1.85
        -11,          5,    5,         -7.07,          3.30,       1.42,      14.17,     46.73,          1.73
        -11,          5,    6,         -6.67,          3.30,       1.46,      14.59,     48.12,          1.69
        -11,          5,    7,         -6.42,          3.30,       1.50,      14.99,     49.44,          1.62
        -11,          6,    1,         -8.46,          3.30,       1.28,      12.78,     42.14,          3.57
        -11,          6,    2,         -7.47,          3.30,       1.35,      13.48,     44.46,          2.84
        -11,          6,    3,         -6.76,          3.30,       1.41,      14.07,     46.39,          2.55
        -11,          6,    4,         -6.32,          3.30,       1.47,      14.63,     48.27,          2.30
        -11,          6,    5,         -5.95,          3.30,       1.51,      15.11,     49.83,          2.17
        -11,          6,    6,         -5.69,          3.30,       1.55,      15.55,     51.26,          2.05
        -11,          6,    7,         -5.45,          3.30,       1.59,      15.94,     52.56,          1.98
        -11,          7,    1,         -7.33,          3.30,       1.36,      13.57,     44.74,          3.89
        -11,          7,    2,         -6.35,          3.30,       1.44,      14.39,     47.46,          3.10
        -11,          7,    3,         -5.66,          3.30,       1.51,      15.09,     49.78,          2.77
        -11,          7,    4,         -5.25,          3.30,       1.57,      15.65,     51.60,          2.57
        -11,          7,    5,         -4.95,          3.30,       1.62,      16.18,     53.36,          2.39
        -11,          7,    6,         -4.72,          3.30,       1.66,      16.60,     54.75,          2.28
        -11,          7,    7,         -4.52,          3.30,       1.71,      17.05,     56.22,          2.17
        -10,          1,    1,        -19.05,          3.30,       0.95,       9.54,     31.45,          0.68
        -10,          1,    2,        -17.14,          3.30,       0.99,       9.96,     32.84,          0.60
        -10,          1,    3,        -15.87,          3.30,       1.04,      10.33,     34.08,          0.58
        -10,          1,    4,        -14.61,          3.30,       1.07,      10.69,     35.25,          0.62
        -10,          1,    5,        -13.90,          3.30,       1.11,      11.11,     36.64,          0.58
        -10,          1,    6,        -13.19,          3.30,       1.15,      11.48,     37.86,          0.58
        -10,          1,    7,        -12.65,          3.30,       1.18,      11.77,     38.82,          0.59
        -10,          2,    1,        -16.49,          3.30,       0.99,       9.92,     32.72,          1.56
        -10,          2,    2,        -14.81,          3.30,       1.04,      10.36,     34.16,          1.15
        -10,          2,    3,        -13.64,          3.30,       1.08,      10.83,     35.73,          0.97
        -10,          2,    4,        -12.68,          3.30,       1.13,      11.29,     37.25,          0.90
        -10,          2,    5,        -11.94,          3.30,       1.17,      11.68,     38.52,          0.88
        -10,          2,    6,        -11.37,          3.30,       1.20,      12.04,     39.73,          0.86
        -10,          2,    7,        -10.78,          3.30,       1.24,      12.42,     40.98,          0.86
        -10,          3,    1,        -13.55,          3.30,       1.06,      10.60,     34.96,          1.94
        -10,          3,    2,        -12.18,          3.30,       1.12,      11.19,     36.91,          1.43
        -10,          3,    3,        -11.19,          3.30,       1.16,      11.64,     38.42,          1.33
        -10,          3,    4,        -10.45,          3.30,       1.21,      12.13,     40.00,          1.23
        -10,          3,    5,         -9.82,          3.30,       1.25,      12.54,     41.34,          1.20
        -10,          3,    6,         -9.37,          3.30,       1.29,      12.94,     42.70,          1.15
        -10,          3,    7,         -8.94,          3.30,       1.33,      13.29,     43.84,          1.14
        -10,          4,    1,        -11.45,          3.30,       1.13,      11.30,     37.29,          2.24
        -10,          4,    2,        -10.32,          3.30,       1.19,      11.92,     39.33,          1.77
        -10,          4,    3,         -9.45,          3.30,       1.24,      12.46,     41.08,          1.62
        -10,          4,    4,         -8.83,          3.30,       1.30,      12.95,     42.72,          1.52
        -10,          4,    5,         -8.23,          3.30,       1.34,      13.39,     44.16,          1.49
        -10,          4,    6,         -7.83,          3.30,       1.38,      13.79,     45.47,          1.45
        -10,          4,    7,         -7.48,          3.30,       1.42,      14.17,     46.74,          1.41
        -10,          5,    1,         -9.45,          3.30,       1.22,      12.22,     40.32,          2.74
        -10,          5,    2,         -8.33,          3.30,       1.30,      12.97,     42.76,          2.23
        -10,          5,    3,         -7.56,          3.30,       1.36,      13.57,     44.75,          2.04
        -10,          5,    4,         -7.03,          3.30,       1.40,      14.04,     46.32,          1.95
        -10,          5,    5,         -6.61,          3.30,       1.46,      14.57,     48.05,          1.84
        -10,          5,    6,         -6.24,          3.30,       1.49,      14.93,     49.24,          1.82
        -10,          5,    7,         -5.98,          3.30,       1.53,      15.32,     50.52,          1.76
        -10,          6,    1,         -8.01,          3.30,       1.31,      13.08,     43.15,          3.75
        -10,          6,    2,         -6.99,          3.30,       1.38,      13.84,     45.66,          2.97
        -10,          6,    3,         -6.30,          3.30,       1.45,      14.51,     47.85,          2.63
        -10,          6,    4,         -5.83,          3.30,       1.50,      14.99,     49.45,          2.49
        -10,          6,    5,         -5.51,          3.30,       1.55,      15.53,     51.20,          2.29
        -10,          6,    6,         -5.26,          3.30,       1.59,      15.88,     52.36,          2.22
        -10,          6,    7,         -5.00,          3.30,       1.64,      16.37,     53.99,          2.10
        -10,          7,    1,         -6.86,          3.30,       1.39,      13.90,     45.85,          4.28
        -10,          7,    2,         -5.84,          3.30,       1.48,      14.83,     48.90,          3.31
        -10,          7,    3,         -5.22,          3.30,       1.55,      15.56,     51.33,          2.92
        -10,          7,    4,         -4.85,          3.30,       1.62,      16.12,     53.16,          2.70
        -10,          7,    5,         -4.54,          3.30,       1.66,      16.61,     54.79,          2.56
        -10,          7,    6,         -4.31,          3.30,       1.70,      17.05,     56.21,          2.44
        -10,          7,    7,         -4.11,          3.30,       1.75,      17.52,     57.75,          2.32
         -9,          1,    1,        -18.67,          3.30,       0.96,       9.60,     31.68,          0.76
         -9,          1,    2,        -16.77,          3.30,       1.01,      10.02,     33.05,          0.67
         -9,          1,    3,        -15.43,          3.30,       1.04,      10.40,     34.32,          0.65
         -9,          1,    4,        -14.25,          3.30,       1.08,      10.80,     35.61,          0.66
         -9,          1,    5,        -13.55,          3.30,       1.12,      11.22,     37.02,          0.62
         -9,          1,    6,        -12.79,          3.30,       1.16,      11.57,     38.18,          0.63
         -9,          1,    7,        -12.18,          3.30,       1.19,      11.90,     39.27,          0.65
         -9,          2,    1,        -16.09,          3.30,       1.00,       9.99,     32.95,          1.73
         -9,          2,    2,        -14.48,          3.30,       1.05,      10.49,     34.60,          1.16
         -9,          2,    3,        -13.19,          3.30,       1.10,      10.98,     36.21,          1.03
         -9,          2,    4,        -12.28,          3.30,       1.14,      11.41,     37.65,          0.97
         -9,          2,    5,        -11.52,          3.30,       1.18,      11.85,     39.08,          0.93
         -9,          2,    6,        -10.89,          3.30,       1.22,      12.21,     40.30,          0.93
         -9,          2,    7,        -10.39,          3.30,       1.26,      12.58,     41.52,          0.91
         -9,          3,    1,        -13.17,          3.30,       1.07,      10.69,     35.29,          2.17
         -9,          3,    2,        -11.80,          3.30,       1.13,      11.31,     37.33,          1.55
         -9,          3,    3,        -10.75,          3.30,       1.18,      11.77,     38.84,          1.46
         -9,          3,    4,        -10.00,          3.30,       1.23,      12.26,     40.42,          1.36
         -9,          3,    5,         -9.48,          3.30,       1.27,      12.70,     41.90,          1.28
         -9,          3,    6,         -8.95,          3.30,       1.31,      13.10,     43.23,          1.25
         -9,          3,    7,         -8.59,          3.30,       1.35,      13.48,     44.45,          1.22
         -9,          4,    1,        -11.08,          3.30,       1.15,      11.46,     37.81,          2.27
         -9,          4,    2,         -9.89,          3.30,       1.20,      12.06,     39.77,          1.90
         -9,          4,    3,         -9.06,          3.30,       1.26,      12.63,     41.64,          1.71
         -9,          4,    4,         -8.38,          3.30,       1.31,      13.16,     43.40,          1.61
         -9,          4,    5,         -7.83,          3.30,       1.36,      13.59,     44.81,          1.58
         -9,          4,    6,         -7.45,          3.30,       1.40,      13.98,     46.10,          1.53
         -9,          4,    7,         -7.11,          3.30,       1.45,      14.45,     47.64,          1.47
         -9,          5,    1,         -8.97,          3.30,       1.25,      12.44,     41.03,          3.05
         -9,          5,    2,         -7.89,          3.30,       1.32,      13.14,     43.36,          2.51
         -9,          5,    3,         -7.12,          3.30,       1.38,      13.78,     45.44,          2.27
         -9,          5,    4,         -6.61,          3.30,       1.43,      14.28,     47.10,          2.13
         -9,          5,    5,         -6.15,          3.30,       1.48,      14.85,     48.96,          2.01
         -9,          5,    6,         -5.84,          3.30,       1.52,      15.21,     50.16,          1.96
         -9,          5,    7,         -5.58,          3.30,       1.57,      15.67,     51.67,          1.87
         -9,          6,    1,         -7.55,          3.30,       1.33,      13.31,     43.89,          4.03
         -9,          6,    2,         -6.54,          3.30,       1.41,      14.09,     46.47,          3.19
         -9,          6,    3,         -5.91,          3.30,       1.48,      14.82,     48.88,          2.75
         -9,          6,    4,         -5.44,          3.30,       1.53,      15.35,     50.63,          2.57
         -9,          6,    5,         -5.08,          3.30,       1.58,      15.82,     52.18,          2.45
         -9,          6,    6,         -4.78,          3.30,       1.63,      16.32,     53.81,          2.33
         -9,          6,    7,         -4.59,          3.30,       1.67,      16.69,     55.03,          2.24
         -9,          7,    1,         -6.38,          3.30,       1.42,      14.23,     46.93,          4.49
         -9,          7,    2,         -5.43,          3.30,       1.52,      15.18,     50.04,          3.48
         -9,          7,    3,         -4.81,          3.30,       1.59,      15.90,     52.43,          3.11
         -9,          7,    4,         -4.40,          3.30,       1.65,      16.53,     54.51,          2.86
         -9,          7,    5,         -4.09,          3.30,       1.70,      17.02,     56.12,          2.72
         -9,          7,    6,         -3.89,          3.30,       1.75,      17.48,     57.63,          2.58
         -9,          7,    7,         -3.67,          3.30,       1.80,      17.99,     59.30,          2.45
         -8,          1,    1,        -18.16,          3.30,       0.97,       9.70,     32.01,          0.78
         -8,          1,    2,        -16.34,          3.30,       1.01,      10.14,     33.45,          0.68
         -8,          1,    3,        -14.88,          3.30,       1.05,      10.51,     34.67,          0.70
         -8,          1,    4,        -13.95,          3.30,       1.09,      10.93,     36.06,          0.67
         -8,          1,    5,        -13.10,          3.30,       1.14,      11.35,     37.44,          0.66
         -8,          1,    6,        -12.32,          3.30,       1.17,      11.67,     38.50,          0.69
         -8,          1,    7,        -11.82,          3.30,       1.20,      12.04,     39.72,          0.68
         -8,          2,    1,        -15.57,          3.30,       1.02,      10.15,     33.50,          1.74
         -8,          2,    2,        -14.00,          3.30,       1.06,      10.59,     34.95,          1.31
         -8,          2,    3,        -12.75,          3.30,       1.11,      11.16,     36.82,          1.08
         -8,          2,    4,        -11.79,          3.30,       1.16,      11.58,     38.19,          1.05
         -8,          2,    5,        -11.06,          3.30,       1.20,      11.99,     39.54,          1.03
         -8,          2,    6,        -10.46,          3.30,       1.24,      12.38,     40.83,          1.01
         -8,          2,    7,         -9.97,          3.30,       1.28,      12.78,     42.15,          0.98
         -8,          3,    1,        -12.66,          3.30,       1.09,      10.89,     35.92,          2.16
         -8,          3,    2,        -11.29,          3.30,       1.15,      11.51,     37.96,          1.63
         -8,          3,    3,        -10.33,          3.30,       1.20,      12.01,     39.63,          1.49
         -8,          3,    4,         -9.59,          3.30,       1.25,      12.51,     41.27,          1.40
         -8,          3,    5,         -8.95,          3.30,       1.29,      12.95,     42.69,          1.37
         -8,          3,    6,         -8.49,          3.30,       1.34,      13.39,     44.15,          1.32
         -8,          3,    7,         -8.06,          3.30,       1.38,      13.76,     45.37,          1.31
         -8,          4,    1,        -10.57,          3.30,       1.16,      11.64,     38.41,          2.58
         -8,          4,    2,         -9.49,          3.30,       1.23,      12.30,     40.57,          2.02
         -8,          4,    3,         -8.58,          3.30,       1.30,      12.94,     42.69,          1.81
         -8,          4,    4,         -7.87,          3.30,       1.34,      13.43,     44.30,          1.76
         -8,          4,    5,         -7.43,          3.30,       1.39,      13.86,     45.71,          1.69
         -8,          4,    6,         -6.98,          3.30,       1.43,      14.32,     47.22,          1.64
         -8,          4,    7,         -6.57,          3.30,       1.48,      14.79,     48.77,          1.60
         -8,          5,    1,         -8.53,          3.30,       1.27,      12.72,     41.95,          3.20
         -8,          5,    2,         -7.37,          3.30,       1.35,      13.49,     44.47,          2.66
         -8,          5,    3,         -6.61,          3.30,       1.41,      14.13,     46.60,          2.42
         -8,          5,    4,         -6.09,          3.30,       1.47,      14.69,     48.45,          2.26
         -8,          5,    5,         -5.65,          3.30,       1.52,      15.19,     50.10,          2.17
         -8,          5,    6,         -5.36,          3.30,       1.56,      15.63,     51.56,          2.08
         -8,          5,    7,         -5.08,          3.30,       1.61,      16.05,     52.90,          2.02
         -8,          6,    1,         -7.08,          3.30,       1.37,      13.66,     45.04,          4.28
         -8,          6,    2,         -6.06,          3.30,       1.46,      14.56,     48.01,          3.28
         -8,          6,    3,         -5.42,          3.30,       1.52,      15.22,     50.20,          2.94
         -8,          6,    4,         -4.95,          3.30,       1.58,      15.75,     51.95,          2.78
         -8,          6,    5,         -4.62,          3.30,       1.63,      16.29,     53.73,          2.60
         -8,          6,    6,         -4.37,          3.30,       1.67,      16.71,     55.09,          2.50
         -8,          6,    7,         -4.11,          3.30,       1.72,      17.16,     56.58,          2.41
         -8,          7,    1,         -5.89,          3.30,       1.47,      14.67,     48.40,          4.80
         -8,          7,    2,         -4.92,          3.30,       1.56,      15.60,     51.44,          3.83
         -8,          7,    3,         -4.32,          3.30,       1.64,      16.38,     54.02,          3.37
         -8,          7,    4,         -3.92,          3.30,       1.70,      16.97,     55.94,          3.14
         -8,          7,    5,         -3.62,          3.30,       1.75,      17.53,     57.80,          2.94
         -8,          7,    6,         -3.38,          3.30,       1.81,      18.07,     59.60,          2.77
         -8,          7,    7,         -3.17,          3.30,       1.85,      18.51,     61.01,          2.68
         -7,          1,    1,        -17.68,          3.30,       0.98,       9.79,     32.30,          0.86
         -7,          1,    2,        -16.10,          3.30,       1.02,      10.18,     33.58,          0.75
         -7,          1,    3,        -14.64,          3.30,       1.06,      10.62,     35.03,          0.73
         -7,          1,    4,        -13.54,          3.30,       1.11,      11.02,     36.35,          0.73
         -7,          1,    5,        -12.77,          3.30,       1.14,      11.44,     37.72,          0.71
         -7,          1,    6,        -12.07,          3.30,       1.18,      11.80,     38.92,          0.72
         -7,          1,    7,        -11.41,          3.30,       1.21,      12.14,     40.03,          0.74
         -7,          2,    1,        -15.15,          3.30,       1.02,      10.23,     33.74,          1.95
         -7,          2,    2,        -13.72,          3.30,       1.07,      10.72,     35.38,          1.32
         -7,          2,    3,        -12.47,          3.30,       1.12,      11.27,     37.18,          1.13
         -7,          2,    4,        -11.50,          3.30,       1.17,      11.71,     38.65,          1.09
         -7,          2,    5,        -10.77,          3.30,       1.21,      12.11,     39.93,          1.08
         -7,          2,    6,        -10.18,          3.30,       1.25,      12.55,     41.41,          1.04
         -7,          2,    7,         -9.65,          3.30,       1.30,      12.97,     42.77,          1.02
         -7,          3,    1,        -12.33,          3.30,       1.10,      11.01,     36.31,          2.26
         -7,          3,    2,        -11.01,          3.30,       1.16,      11.63,     38.38,          1.70
         -7,          3,    3,         -9.99,          3.30,       1.22,      12.17,     40.14,          1.56
         -7,          3,    4,         -9.25,          3.30,       1.27,      12.69,     41.86,          1.46
         -7,          3,    5,         -8.63,          3.30,       1.31,      13.14,     43.36,          1.42
         -7,          3,    6,         -8.14,          3.30,       1.36,      13.58,     44.80,          1.38
         -7,          3,    7,         -7.75,          3.30,       1.39,      13.92,     45.92,          1.38
         -7,          4,    1,        -10.24,          3.30,       1.18,      11.83,     39.01,          2.64
         -7,          4,    2,         -9.10,          3.30,       1.25,      12.50,     41.23,          2.12
         -7,          4,    3,         -8.21,          3.30,       1.31,      13.12,     43.26,          1.93
         -7,          4,    4,         -7.52,          3.30,       1.36,      13.60,     44.85,          1.88
         -7,          4,    5,         -7.03,          3.30,       1.41,      14.11,     46.54,          1.78
         -7,          4,    6,         -6.65,          3.30,       1.46,      14.58,     48.09,          1.71
         -7,          4,    7,         -6.22,          3.30,       1.50,      15.03,     49.57,          1.69
         -7,          5,    1,         -8.11,          3.30,       1.30,      12.97,     42.77,          3.26
         -7,          5,    2,         -7.00,          3.30,       1.37,      13.72,     45.24,          2.77
         -7,          5,    3,         -6.23,          3.30,       1.44,      14.42,     47.57,          2.50
         -7,          5,    4,         -5.71,          3.30,       1.50,      14.95,     49.31,          2.38
         -7,          5,    5,         -5.31,          3.30,       1.54,      15.45,     50.95,          2.28
         -7,          5,    6,         -5.00,          3.30,       1.59,      15.93,     52.53,          2.18
         -7,          5,    7,         -4.73,          3.30,       1.64,      16.40,     54.08,          2.10
         -7,          6,    1,         -6.70,          3.30,       1.39,      13.90,     45.87,          4.55
         -7,          6,    2,         -5.66,          3.30,       1.48,      14.78,     48.75,          3.59
         -7,          6,    3,         -5.03,          3.30,       1.55,      15.49,     51.08,          3.17
         -7,          6,    4,         -4.56,          3.30,       1.61,      16.11,     53.13,          2.92
         -7,          6,    5,         -4.23,          3.30,       1.66,      16.59,     54.70,          2.79
         -7,          6,    6,         -3.96,          3.30,       1.71,      17.03,     56.15,          2.68
         -7,          6,    7,         -3.71,          3.30,       1.75,      17.54,     57.84,          2.55
         -7,          7,    1,         -5.48,          3.30,       1.50,      14.97,     49.38,          4.99
         -7,          7,    2,         -4.54,          3.30,       1.60,      15.96,     52.62,          3.94
         -7,          7,    3,         -3.93,          3.30,       1.67,      16.72,     55.15,          3.53
         -7,          7,    4,         -3.53,          3.30,       1.74,      17.35,     57.19,          3.29
         -7,          7,    5,         -3.24,          3.30,       1.80,      17.94,     59.16,          3.07
         -7,          7,    6,         -2.99,          3.30,       1.85,      18.48,     60.94,          2.91
         -7,          7,    7,         -2.78,          3.30,       1.90,      18.97,     62.54,          2.80
         -6,          1,    1,        -17.41,          3.30,       0.98,       9.84,     32.48,          0.92
         -6,          1,    2,        -15.69,          3.30,       1.03,      10.29,     33.96,          0.78
         -6,          1,    3,        -14.21,          3.30,       1.08,      10.74,     35.44,          0.77
         -6,          1,    4,        -13.21,          3.30,       1.12,      11.22,     37.00,          0.74
         -6,          1,    5,        -12.40,          3.30,       1.16,      11.55,     38.10,          0.76
         -6,          1,    6,        -11.68,          3.30,       1.20,      11.96,     39.45,          0.76
         -6,          1,    7,        -11.10,          3.30,       1.23,      12.29,     40.53,          0.78
         -6,          2,    1,        -14.73,          3.30,       1.04,      10.35,     34.12,          2.05
         -6,          2,    2,        -13.25,          3.30,       1.08,      10.85,     35.80,          1.43
         -6,          2,    3,        -12.05,          3.30,       1.14,      11.41,     37.65,          1.21
         -6,          2,    4,        -11.10,          3.30,       1.19,      11.86,     39.12,          1.17
         -6,          2,    5,        -10.39,          3.30,       1.23,      12.30,     40.56,          1.13
         -6,          2,    6,         -9.75,          3.30,       1.27,      12.70,     41.90,          1.12
         -6,          2,    7,         -9.26,          3.30,       1.31,      13.09,     43.19,          1.11
         -6,          3,    1,        -11.84,          3.30,       1.12,      11.18,     36.88,          2.42
         -6,          3,    2,        -10.50,          3.30,       1.18,      11.81,     38.96,          1.86
         -6,          3,    3,         -9.56,          3.30,       1.24,      12.36,     40.78,          1.68
         -6,          3,    4,         -8.79,          3.30,       1.29,      12.89,     42.51,          1.58
         -6,          3,    5,         -8.22,          3.30,       1.33,      13.33,     43.95,          1.54
         -6,          3,    6,         -7.68,          3.30,       1.38,      13.77,     45.41,          1.52
         -6,          3,    7,         -7.36,          3.30,       1.42,      14.16,     46.71,          1.46
         -6,          4,    1,         -9.82,          3.30,       1.20,      12.01,     39.62,          2.85
         -6,          4,    2,         -8.64,          3.30,       1.27,      12.75,     42.05,          2.24
         -6,          4,    3,         -7.78,          3.30,       1.34,      13.35,     44.02,          2.07
         -6,          4,    4,         -7.07,          3.30,       1.39,      13.87,     45.75,          2.00
         -6,          4,    5,         -6.60,          3.30,       1.44,      14.39,     47.45,          1.90
         -6,          4,    6,         -6.18,          3.30,       1.49,      14.85,     48.98,          1.85
         -6,          4,    7,         -5.80,          3.30,       1.53,      15.31,     50.47,          1.81
         -6,          5,    1,         -7.66,          3.30,       1.32,      13.23,     43.62,          3.49
         -6,          5,    2,         -6.52,          3.30,       1.40,      14.00,     46.18,          2.98
         -6,          5,    3,         -5.80,          3.30,       1.47,      14.70,     48.46,          2.70
         -6,          5,    4,         -5.31,          3.30,       1.53,      15.29,     50.43,          2.51
         -6,          5,    5,         -4.86,          3.30,       1.58,      15.80,     52.10,          2.44
         -6,          5,    6,         -4.56,          3.30,       1.63,      16.30,     53.75,          2.32
         -6,          5,    7,         -4.28,          3.30,       1.67,      16.71,     55.10,          2.28
         -6,          6,    1,         -6.19,          3.30,       1.43,      14.27,     47.05,          4.83
         -6,          6,    2,         -5.21,          3.30,       1.52,      15.17,     50.03,          3.79
         -6,          6,    3,         -4.59,          3.30,       1.59,      15.89,     52.40,          3.36
         -6,          6,    4,         -4.15,          3.30,       1.65,      16.53,     54.51,          3.09
         -6,          6,    5,         -3.79,          3.30,       1.70,      17.02,     56.13,          2.97
         -6,          6,    6,         -3.51,          3.30,       1.75,      17.48,     57.65,          2.86
         -6,          6,    7,         -3.29,          3.30,       1.80,      18.00,     59.37,          2.71
         -6,          7,    1,         -5.02,          3.30,       1.54,      15.35,     50.61,          5.38
         -6,          7,    2,         -4.09,          3.30,       1.64,      16.40,     54.06,          4.20
         -6,          7,    3,         -3.46,          3.30,       1.72,      17.16,     56.58,          3.81
         -6,          7,    4,         -3.06,          3.30,       1.79,      17.83,     58.79,          3.52
         -6,          7,    5,         -2.75,          3.30,       1.85,      18.46,     60.87,          3.29
         -6,          7,    6,         -2.53,          3.30,       1.90,      18.97,     62.53,          3.14
         -6,          7,    7,         -2.33,          3.30,       1.95,      19.51,     64.32,          2.99
         -5,          1,    1,        -16.81,          3.30,       1.00,       9.97,     32.89,          1.03
         -5,          1,    2,        -15.01,          3.30,       1.04,      10.44,     34.43,          0.89
         -5,          1,    3,        -13.71,          3.30,       1.09,      10.90,     35.95,          0.84
         -5,          1,    4,        -12.69,          3.30,       1.13,      11.36,     37.48,          0.81
         -5,          1,    5,        -11.94,          3.30,       1.17,      11.74,     38.72,          0.81
         -5,          1,    6,        -11.15,          3.30,       1.21,      12.10,     39.93,          0.85
         -5,          1,    7,        -10.65,          3.30,       1.24,      12.47,     41.16,          0.84
         -5,          2,    1,        -14.31,          3.30,       1.05,      10.49,     34.59,          2.19
         -5,          2,    2,        -12.78,          3.30,       1.10,      11.06,     36.48,          1.47
         -5,          2,    3,        -11.49,          3.30,       1.16,      11.57,     38.15,          1.35
         -5,          2,    4,        -10.59,          3.30,       1.21,      12.07,     39.81,          1.26
         -5,          2,    5,         -9.88,          3.30,       1.25,      12.53,     41.33,          1.22
         -5,          2,    6,         -9.28,          3.30,       1.30,      12.97,     42.77,          1.20
         -5,          2,    7,         -8.76,          3.30,       1.34,      13.39,     44.17,          1.18
         -5,          3,    1,        -11.28,          3.30,       1.14,      11.40,     37.62,          2.46
         -5,          3,    2,        -10.06,          3.30,       1.20,      12.05,     39.75,          1.92
         -5,          3,    3,         -8.99,          3.30,       1.26,      12.61,     41.58,          1.81
         -5,          3,    4,         -8.28,          3.30,       1.32,      13.15,     43.39,          1.69
         -5,          3,    5,         -7.65,          3.30,       1.37,      13.68,     45.12,          1.63
         -5,          3,    6,         -7.19,          3.30,       1.41,      14.07,     46.42,          1.62
         -5,          3,    7,         -6.75,          3.30,       1.45,      14.52,     47.88,          1.59
         -5,          4,    1,         -9.26,          3.30,       1.23,      12.27,     40.48,          3.07
         -5,          4,    2,         -8.11,          3.30,       1.30,      13.03,     42.97,          2.44
         -5,          4,    3,         -7.20,          3.30,       1.36,      13.66,     45.05,          2.26
         -5,          4,    4,         -6.51,          3.30,       1.42,      14.26,     47.04,          2.14
         -5,          4,    5,         -6.01,          3.30,       1.48,      14.76,     48.66,          2.08
         -5,          4,    6,         -5.59,          3.30,       1.53,      15.26,     50.32,          2.01
         -5,          4,    7,         -5.27,          3.30,       1.57,      15.69,     51.73,          1.97
         -5,          5,    1,         -7.09,          3.30,       1.35,      13.55,     44.69,          3.71
         -5,          5,    2,         -5.99,          3.30,       1.44,      14.42,     47.56,          3.10
         -5,          5,    3,         -5.27,          3.30,       1.52,      15.17,     50.02,          2.80
         -5,          5,    4,         -4.71,          3.30,       1.57,      15.73,     51.87,          2.72
         -5,          5,    5,         -4.33,          3.30,       1.63,      16.32,     53.80,          2.57
         -5,          5,    6,         -4.00,          3.30,       1.68,      16.78,     55.34,          2.50
         -5,          5,    7,         -3.73,          3.30,       1.72,      17.18,     56.65,          2.46
         -5,          6,    1,         -5.62,          3.30,       1.47,      14.69,     48.45,          5.26
         -5,          6,    2,         -4.66,          3.30,       1.56,      15.60,     51.45,          4.17
         -5,          6,    3,         -4.02,          3.30,       1.64,      16.38,     54.03,          3.67
         -5,          6,    4,         -3.53,          3.30,       1.70,      17.00,     56.06,          3.46
         -5,          6,    5,         -3.19,          3.30,       1.76,      17.56,     57.88,          3.27
         -5,          6,    6,         -2.93,          3.30,       1.81,      18.11,     59.71,          3.09
         -5,          6,    7,         -2.70,          3.30,       1.86,      18.60,     61.33,          2.97
         -5,          7,    1,         -4.44,          3.30,       1.58,      15.84,     52.24,          5.76
         -5,          7,    2,         -3.49,          3.30,       1.69,      16.93,     55.82,          4.56
         -5,          7,    3,         -2.86,          3.30,       1.78,      17.79,     58.64,          4.09
         -5,          7,    4,         -2.45,          3.30,       1.85,      18.48,     60.94,          3.80
         -5,          7,    5,         -2.18,          3.30,       1.91,      19.14,     63.09,          3.54
         -5,          7,    6,         -1.94,          3.30,       1.97,      19.70,     64.92,          3.38
         -5,          7,    7,         -1.73,          3.30,       2.02,      20.13,     66.38,          3.29
         -4,          1,    1,        -16.37,          3.30,       1.01,      10.08,     33.24,          1.08
         -4,          1,    2,        -14.74,          3.30,       1.05,      10.50,     34.63,          0.95
         -4,          1,    3,        -13.34,          3.30,       1.10,      11.03,     36.39,          0.88
         -4,          1,    4,        -12.29,          3.30,       1.15,      11.43,     37.73,          0.89
         -4,          1,    5,        -11.50,          3.30,       1.19,      11.88,     39.21,          0.87
         -4,          1,    6,        -10.81,          3.30,       1.23,      12.27,     40.47,          0.89
         -4,          1,    7,        -10.21,          3.30,       1.26,      12.63,     41.67,          0.90
         -4,          2,    1,        -13.81,          3.30,       1.06,      10.57,     34.88,          2.33
         -4,          2,    2,        -12.36,          3.30,       1.12,      11.18,     36.89,          1.53
         -4,          2,    3,        -11.08,          3.30,       1.17,      11.77,     38.81,          1.36
         -4,          2,    4,        -10.19,          3.30,       1.22,      12.22,     40.29,          1.33
         -4,          2,    5,         -9.49,          3.30,       1.27,      12.67,     41.78,          1.29
         -4,          2,    6,         -8.91,          3.30,       1.32,      13.16,     43.40,          1.25
         -4,          2,    7,         -8.32,          3.30,       1.35,      13.53,     44.61,          1.28
         -4,          3,    1,        -10.92,          3.30,       1.16,      11.57,     38.16,          2.70
         -4,          3,    2,         -9.64,          3.30,       1.22,      12.19,     40.21,          2.15
         -4,          3,    3,         -8.61,          3.30,       1.28,      12.86,     42.40,          1.90
         -4,          3,    4,         -7.86,          3.30,       1.34,      13.37,     44.10,          1.83
         -4,          3,    5,         -7.27,          3.30,       1.38,      13.86,     45.70,          1.78
         -4,          3,    6,         -6.73,          3.30,       1.43,      14.33,     47.28,          1.75
         -4,          3,    7,         -6.33,          3.30,       1.48,      14.80,     48.82,          1.70
         -4,          4,    1,         -8.87,          3.30,       1.25,      12.50,     41.22,          3.41
         -4,          4,    2,         -7.67,          3.30,       1.32,      13.24,     43.67,          2.74
         -4,          4,    3,         -6.79,          3.30,       1.39,      13.94,     45.95,          2.45
         -4,          4,    4,         -6.14,          3.30,       1.46,      14.57,     48.07,          2.29
         -4,          4,    5,         -5.60,          3.30,       1.51,      15.03,     49.57,          2.27
         -4,          4,    6,         -5.23,          3.30,       1.55,      15.52,     51.19,          2.18
         -4,          4,    7,         -4.86,          3.30,       1.60,      16.00,     52.76,          2.13
         -4,          5,    1,         -6.67,          3.30,       1.38,      13.83,     45.63,          4.01
         -4,          5,    2,         -5.53,          3.30,       1.47,      14.74,     48.62,          3.35
         -4,          5,    3,         -4.83,          3.30,       1.55,      15.48,     51.05,          3.05
         -4,          5,    4,         -4.30,          3.30,       1.61,      16.10,     53.11,          2.89
         -4,          5,    5,         -3.88,          3.30,       1.67,      16.65,     54.88,          2.80
         -4,          5,    6,         -3.56,          3.30,       1.71,      17.12,     56.45,          2.72
         -4,          5,    7,         -3.31,          3.30,       1.76,      17.61,     58.05,          2.62
         -4,          6,    1,         -5.17,          3.30,       1.50,      15.02,     49.52,          5.55
         -4,          6,    2,         -4.21,          3.30,       1.60,      16.03,     52.87,          4.30
         -4,          6,    3,         -3.53,          3.30,       1.68,      16.77,     55.30,          3.94
         -4,          6,    4,         -3.12,          3.30,       1.74,      17.38,     57.32,          3.67
         -4,          6,    5,         -2.79,          3.30,       1.80,      18.04,     59.48,          3.41
         -4,          6,    6,         -2.53,          3.30,       1.86,      18.56,     61.21,          3.26
         -4,          6,    7,         -2.26,          3.30,       1.91,      19.06,     62.86,          3.16
         -4,          7,    1,         -4.01,          3.30,       1.63,      16.25,     53.57,          6.17
         -4,          7,    2,         -3.02,          3.30,       1.74,      17.37,     57.24,          4.93
         -4,          7,    3,         -2.42,          3.30,       1.83,      18.28,     60.27,          4.36
         -4,          7,    4,         -2.01,          3.30,       1.90,      19.00,     62.64,          4.06
         -4,          7,    5,         -1.75,          3.30,       1.96,      19.64,     64.76,          3.79
         -4,          7,    6,         -1.49,          3.30,       2.02,      20.17,     66.51,          3.66
         -4,          7,    7,         -1.31,          3.30,       2.07,      20.70,     68.25,          3.50
         -3,          1,    1,        -15.88,          3.30,       1.02,      10.19,     33.61,          1.11
         -3,          1,    2,        -14.20,          3.30,       1.06,      10.64,     35.09,          1.00
         -3,          1,    3,        -12.93,          3.30,       1.11,      11.17,     36.84,          0.92
         -3,          1,    4,        -11.86,          3.30,       1.16,      11.65,     38.43,          0.91
         -3,          1,    5,        -11.07,          3.30,       1.20,      12.03,     39.69,          0.93
         -3,          1,    6,        -10.39,          3.30,       1.24,      12.42,     40.96,          0.95
         -3,          1,    7,         -9.85,          3.30,       1.28,      12.81,     42.27,          0.94
         -3,          2,    1,        -13.38,          3.30,       1.07,      10.76,     35.48,          2.48
         -3,          2,    2,        -11.78,          3.30,       1.14,      11.38,     37.54,          1.70
         -3,          2,    3,        -10.64,          3.30,       1.19,      11.91,     39.28,          1.53
         -3,          2,    4,         -9.73,          3.30,       1.24,      12.44,     41.03,          1.44
         -3,          2,    5,         -9.03,          3.30,       1.29,      12.92,     42.62,          1.39
         -3,          2,    6,         -8.39,          3.30,       1.34,      13.36,     44.05,          1.39
         -3,          2,    7,         -7.88,          3.30,       1.38,      13.81,     45.54,          1.37
         -3,          3,    1,        -10.46,          3.30,       1.18,      11.75,     38.75,          2.93
         -3,          3,    2,         -9.16,          3.30,       1.24,      12.43,     41.00,          2.28
         -3,          3,    3,         -8.11,          3.30,       1.31,      13.07,     43.09,          2.08
         -3,          3,    4,         -7.36,          3.30,       1.36,      13.63,     44.94,          1.98
         -3,          3,    5,         -6.76,          3.30,       1.42,      14.15,     46.68,          1.92
         -3,          3,    6,         -6.27,          3.30,       1.47,      14.64,     48.29,          1.87
         -3,          3,    7,         -5.85,          3.30,       1.51,      15.11,     49.84,          1.84
         -3,          4,    1,         -8.37,          3.30,       1.28,      12.77,     42.14,          3.50
         -3,          4,    2,         -7.17,          3.30,       1.35,      13.54,     44.66,          2.88
         -3,          4,    3,         -6.28,          3.30,       1.42,      14.26,     47.03,          2.61
         -3,          4,    4,         -5.64,          3.30,       1.49,      14.87,     49.04,          2.47
         -3,          4,    5,         -5.13,          3.30,       1.54,      15.42,     50.84,          2.39
         -3,          4,    6,         -4.67,          3.30,       1.59,      15.93,     52.54,          2.34
         -3,          4,    7,         -4.36,          3.30,       1.64,      16.43,     54.17,          2.27
         -3,          5,    1,         -6.18,          3.30,       1.41,      14.13,     46.61,          4.39
         -3,          5,    2,         -5.06,          3.30,       1.51,      15.11,     49.81,          3.58
         -3,          5,    3,         -4.29,          3.30,       1.59,      15.90,     52.43,          3.29
         -3,          5,    4,         -3.81,          3.30,       1.66,      16.54,     54.54,          3.10
         -3,          5,    5,         -3.40,          3.30,       1.71,      17.08,     56.34,          3.00
         -3,          5,    6,         -3.07,          3.30,       1.76,      17.60,     58.02,          2.91
         -3,          5,    7,         -2.81,          3.30,       1.81,      18.12,     59.75,          2.81
         -3,          6,    1,         -4.64,          3.30,       1.54,      15.44,     50.92,          5.89
         -3,          6,    2,         -3.70,          3.30,       1.65,      16.48,     54.35,          4.61
         -3,          6,    3,         -3.04,          3.30,       1.73,      17.26,     56.92,          4.20
         -3,          6,    4,         -2.61,          3.30,       1.80,      17.99,     59.32,          3.86
         -3,          6,    5,         -2.26,          3.30,       1.86,      18.60,     61.32,          3.66
         -3,          6,    6,         -1.97,          3.30,       1.91,      19.14,     63.12,          3.53
         -3,          6,    7,         -1.74,          3.30,       1.97,      19.71,     64.98,          3.37
         -3,          7,    1,         -3.49,          3.30,       1.67,      16.72,     55.13,          6.72
         -3,          7,    2,         -2.51,          3.30,       1.80,      17.98,     59.29,          5.19
         -3,          7,    3,         -1.90,          3.30,       1.89,      18.91,     62.35,          4.65
         -3,          7,    4,         -1.51,          3.30,       1.97,      19.66,     64.82,          4.32
         -3,          7,    5,         -1.20,          3.30,       2.03,      20.28,     66.87,          4.12
         -3,          7,    6,         -0.97,          3.30,       2.09,      20.86,     68.78,          3.93
         -3,          7,    7,         -0.81,          3.30,       2.14,      21.41,     70.57,          3.76
         -2,          1,    1,        -15.41,          3.30,       1.03,      10.32,     34.04,          1.32
         -2,          1,    2,        -13.77,          3.30,       1.08,      10.83,     35.73,          1.09
         -2,          1,    3,        -12.40,          3.30,       1.14,      11.39,     37.58,          1.01
         -2,          1,    4,        -11.45,          3.30,       1.18,      11.82,     38.99,          1.01
         -2,          1,    5,        -10.60,          3.30,       1.22,      12.21,     40.29,          1.04
         -2,          1,    6,         -9.97,          3.30,       1.27,      12.67,     41.79,          1.02
         -2,          1,    7,         -9.38,          3.30,       1.31,      13.09,     43.17,          1.02
         -2,          2,    1,        -12.86,          3.30,       1.10,      10.99,     36.24,          2.46
         -2,          2,    2,        -11.44,          3.30,       1.16,      11.57,     38.16,          1.79
         -2,          2,    3,        -10.19,          3.30,       1.22,      12.14,     40.04,          1.62
         -2,          2,    4,         -9.27,          3.30,       1.27,      12.67,     41.80,          1.54
         -2,          2,    5,         -8.59,          3.30,       1.32,      13.19,     43.50,          1.48
         -2,          2,    6,         -7.96,          3.30,       1.37,      13.65,     45.02,          1.47
         -2,          2,    7,         -7.41,          3.30,       1.41,      14.07,     46.42,          1.48
         -2,          3,    1,        -10.04,          3.30,       1.20,      11.98,     39.51,          3.22
         -2,          3,    2,         -8.67,          3.30,       1.27,      12.73,     41.99,          2.44
         -2,          3,    3,         -7.66,          3.30,       1.34,      13.38,     44.12,          2.23
         -2,          3,    4,         -6.87,          3.30,       1.39,      13.94,     45.98,          2.15
         -2,          3,    5,         -6.26,          3.30,       1.45,      14.48,     47.74,          2.09
         -2,          3,    6,         -5.78,          3.30,       1.50,      15.00,     49.46,          2.03
         -2,          3,    7,         -5.43,          3.30,       1.55,      15.42,     50.87,          1.98
         -2,          4,    1,         -7.88,          3.30,       1.31,      13.07,     43.13,          3.73
         -2,          4,    2,         -6.71,          3.30,       1.39,      13.87,     45.74,          3.06
         -2,          4,    3,         -5.80,          3.30,       1.47,      14.66,     48.36,          2.74
         -2,          4,    4,         -5.15,          3.30,       1.53,      15.31,     50.48,          2.61
         -2,          4,    5,         -4.66,          3.30,       1.58,      15.81,     52.13,          2.56
         -2,          4,    6,         -4.27,          3.30,       1.64,      16.38,     54.00,          2.46
         -2,          4,    7,         -3.90,          3.30,       1.69,      16.85,     55.56,          2.43
         -2,          5,    1,         -5.69,          3.30,       1.46,      14.59,     48.13,          4.53
         -2,          5,    2,         -4.58,          3.30,       1.55,      15.56,     51.31,          3.81
         -2,          5,    3,         -3.85,          3.30,       1.64,      16.40,     54.06,          3.46
         -2,          5,    4,         -3.30,          3.30,       1.70,      16.99,     56.03,          3.38
         -2,          5,    5,         -2.90,          3.30,       1.76,      17.57,     57.92,          3.26
         -2,          5,    6,         -2.59,          3.30,       1.82,      18.16,     59.90,          3.11
         -2,          5,    7,         -2.31,          3.30,       1.87,      18.69,     61.61,          3.02
         -2,          6,    1,         -4.21,          3.30,       1.59,      15.88,     52.38,          6.30
         -2,          6,    2,         -3.18,          3.30,       1.70,      16.94,     55.84,          5.07
         -2,          6,    3,         -2.57,          3.30,       1.78,      17.81,     58.72,          4.48
         -2,          6,    4,         -2.12,          3.30,       1.86,      18.58,     61.26,          4.12
         -2,          6,    5,         -1.77,          3.30,       1.92,      19.21,     63.33,          3.92
         -2,          6,    6,         -1.49,          3.30,       1.98,      19.79,     65.23,          3.76
         -2,          6,    7,         -1.27,          3.30,       2.03,      20.25,     66.75,          3.66
         -2,          7,    1,         -3.02,          3.30,       1.73,      17.25,     56.88,          7.06
         -2,          7,    2,         -2.02,          3.30,       1.86,      18.57,     61.23,          5.50
         -2,          7,    3,         -1.42,          3.30,       1.96,      19.57,     64.51,          4.91
         -2,          7,    4,         -1.01,          3.30,       2.03,      20.28,     66.86,          4.65
         -2,          7,    5,         -0.72,          3.30,       2.10,      20.97,     69.12,          4.39
         -2,          7,    6,         -0.49,          3.30,       2.16,      21.57,     71.12,          4.20
         -2,          7,    7,         -0.30,          3.30,       2.21,      22.13,     72.95,          4.04
         -1,          1,    1,        -14.97,          3.30,       1.04,      10.42,     34.37,          1.40
         -1,          1,    2,        -13.44,          3.30,       1.10,      10.93,     36.06,          1.14
         -1,          1,    3,        -12.04,          3.30,       1.15,      11.52,     38.02,          1.06
         -1,          1,    4,        -10.98,          3.30,       1.20,      11.97,     39.49,          1.08
         -1,          1,    5,        -10.22,          3.30,       1.24,      12.42,     40.95,          1.07
         -1,          1,    6,         -9.53,          3.30,       1.29,      12.83,     42.33,          1.09
         -1,          1,    7,         -8.96,          3.30,       1.33,      13.28,     43.79,          1.09
         -1,          2,    1,        -12.48,          3.30,       1.11,      11.14,     36.73,          2.58
         -1,          2,    2,        -10.95,          3.30,       1.17,      11.75,     38.74,          1.91
         -1,          2,    3,         -9.77,          3.30,       1.23,      12.34,     40.72,          1.71
         -1,          2,    4,         -8.85,          3.30,       1.29,      12.90,     42.55,          1.63
         -1,          2,    5,         -8.15,          3.30,       1.34,      13.38,     44.14,          1.60
         -1,          2,    6,         -7.51,          3.30,       1.39,      13.89,     45.80,          1.58
         -1,          2,    7,         -6.97,          3.30,       1.43,      14.33,     47.24,          1.58
         -1,          3,    1,         -9.56,          3.30,       1.22,      12.18,     40.20,          3.48
         -1,          3,    2,         -8.28,          3.30,       1.30,      12.96,     42.76,          2.59
         -1,          3,    3,         -7.24,          3.30,       1.36,      13.60,     44.87,          2.40
         -1,          3,    4,         -6.46,          3.30,       1.42,      14.21,     46.87,          2.30
         -1,          3,    5,         -5.85,          3.30,       1.48,      14.80,     48.82,          2.20
         -1,          3,    6,         -5.37,          3.30,       1.53,      15.30,     50.46,          2.16
         -1,          3,    7,         -5.01,          3.30,       1.57,      15.75,     51.93,          2.12
         -1,          4,    1,         -7.46,          3.30,       1.33,      13.31,     43.90,          3.92
         -1,          4,    2,         -6.21,          3.30,       1.42,      14.16,     46.71,          3.24
         -1,          4,    3,         -5.35,          3.30,       1.49,      14.91,     49.17,          2.96
         -1,          4,    4,         -4.72,          3.30,       1.56,      15.58,     51.37,          2.80
         -1,          4,    5,         -4.21,          3.30,       1.62,      16.19,     53.37,          2.70
         -1,          4,    6,         -3.82,          3.30,       1.67,      16.71,     55.09,          2.63
         -1,          4,    7,         -3.46,          3.30,       1.72,      17.22,     56.77,          2.58
         -1,          5,    1,         -5.23,          3.30,       1.49,      14.91,     49.17,          4.87
         -1,          5,    2,         -4.14,          3.30,       1.59,      15.91,     52.49,          4.06
         -1,          5,    3,         -3.37,          3.30,       1.68,      16.75,     55.23,          3.76
         -1,          5,    4,         -2.88,          3.30,       1.74,      17.44,     57.49,          3.56
         -1,          5,    5,         -2.45,          3.30,       1.81,      18.11,     59.70,          3.40
         -1,          5,    6,         -2.14,          3.30,       1.86,      18.65,     61.50,          3.30
         -1,          5,    7,         -1.89,          3.30,       1.92,      19.15,     63.13,          3.22
         -1,          6,    1,         -3.75,          3.30,       1.63,      16.34,     53.87,          6.61
         -1,          6,    2,         -2.75,          3.30,       1.74,      17.39,     57.32,          5.39
         -1,          6,    3,         -2.10,          3.30,       1.83,      18.34,     60.46,          4.75
         -1,          6,    4,         -1.66,          3.30,       1.91,      19.09,     62.92,          4.42
         -1,          6,    5,         -1.32,          3.30,       1.98,      19.76,     65.16,          4.18
         -1,          6,    6,         -1.04,          3.30,       2.03,      20.28,     66.85,          4.06
         -1,          6,    7,         -0.84,          3.30,       2.08,      20.81,     68.61,          3.90
         -1,          7,    1,         -2.54,          3.30,       1.78,      17.78,     58.60,          7.41
         -1,          7,    2,         -1.57,          3.30,       1.91,      19.07,     62.89,          5.90
         -1,          7,    3,         -0.95,          3.30,       2.01,      20.14,     66.39,          5.25
         -1,          7,    4,         -0.56,          3.30,       2.09,      20.90,     68.89,          4.94
         -1,          7,    5,         -0.25,          3.30,       2.16,      21.62,     71.27,          4.67
         -1,          7,    6,         -0.02,          3.30,       2.22,      22.23,     73.26,          4.48
         -1,          7,    7,          0.13,          3.30,       2.28,      22.81,     75.18,          4.28
          0,          1,    1,        -14.54,          3.30,       1.05,      10.56,     34.83,          1.47
          0,          1,    2,        -12.91,          3.30,       1.11,      11.14,     36.76,          1.18
          0,          1,    3,        -11.59,          3.30,       1.17,      11.66,     38.47,          1.15
          0,          1,    4,        -10.54,          3.30,       1.21,      12.15,     40.09,          1.15
          0,          1,    5,         -9.74,          3.30,       1.26,      12.61,     41.59,          1.16
          0,          1,    6,         -9.09,          3.30,       1.31,      13.03,     42.97,          1.17
          0,          1,    7,         -8.57,          3.30,       1.35,      13.49,     44.49,          1.15
          0,          2,    1,        -12.08,          3.30,       1.13,      11.28,     37.21,          2.86
          0,          2,    2,        -10.50,          3.30,       1.19,      11.91,     39.28,          2.10
          0,          2,    3,         -9.30,          3.30,       1.26,      12.57,     41.47,          1.83
          0,          2,    4,         -8.40,          3.30,       1.31,      13.09,     43.19,          1.77
          0,          2,    5,         -7.65,          3.30,       1.36,      13.65,     45.01,          1.72
          0,          2,    6,         -7.03,          3.30,       1.41,      14.12,     46.56,          1.72
          0,          2,    7,         -6.54,          3.30,       1.46,      14.63,     48.26,          1.68
          0,          3,    1,         -9.08,          3.30,       1.24,      12.44,     41.01,          3.68
          0,          3,    2,         -7.75,          3.30,       1.32,      13.23,     43.64,          2.80
          0,          3,    3,         -6.72,          3.30,       1.39,      13.90,     45.85,          2.59
          0,          3,    4,         -5.95,          3.30,       1.46,      14.57,     48.05,          2.44
          0,          3,    5,         -5.39,          3.30,       1.51,      15.11,     49.85,          2.37
          0,          3,    6,         -4.90,          3.30,       1.56,      15.63,     51.55,          2.33
          0,          3,    7,         -4.49,          3.30,       1.61,      16.16,     53.29,          2.28
          0,          4,    1,         -6.93,          3.30,       1.36,      13.63,     44.95,          4.14
          0,          4,    2,         -5.74,          3.30,       1.45,      14.52,     47.88,          3.41
          0,          4,    3,         -4.86,          3.30,       1.53,      15.31,     50.49,          3.13
          0,          4,    4,         -4.22,          3.30,       1.60,      16.00,     52.77,          2.98
          0,          4,    5,         -3.71,          3.30,       1.66,      16.59,     54.72,          2.91
          0,          4,    6,         -3.30,          3.30,       1.71,      17.13,     56.49,          2.85
          0,          4,    7,         -2.97,          3.30,       1.77,      17.66,     58.25,          2.78
          0,          5,    1,         -4.73,          3.30,       1.53,      15.29,     50.43,          5.16
          0,          5,    2,         -3.60,          3.30,       1.64,      16.38,     54.02,          4.32
          0,          5,    3,         -2.87,          3.30,       1.72,      17.18,     56.66,          4.05
          0,          5,    4,         -2.35,          3.30,       1.80,      18.00,     59.35,          3.77
          0,          5,    5,         -1.94,          3.30,       1.87,      18.61,     61.35,          3.67
          0,          5,    6,         -1.64,          3.30,       1.92,      19.19,     63.26,          3.54
          0,          5,    7,         -1.37,          3.30,       1.98,      19.77,     65.18,          3.42
          0,          6,    1,         -3.22,          3.30,       1.68,      16.77,     55.30,          7.27
          0,          6,    2,         -2.22,          3.30,       1.80,      18.00,     59.34,          5.66
          0,          6,    3,         -1.60,          3.30,       1.89,      18.91,     62.35,          5.08
          0,          6,    4,         -1.15,          3.30,       1.97,      19.72,     65.02,          4.71
          0,          6,    5,         -0.80,          3.30,       2.04,      20.35,     67.09,          4.53
          0,          6,    6,         -0.54,          3.30,       2.10,      20.96,     69.11,          4.34
          0,          6,    7,         -0.32,          3.30,       2.15,      21.55,     71.03,          4.17
          0,          7,    1,         -2.03,          3.30,       1.84,      18.37,     60.58,          7.82
          0,          7,    2,         -1.05,          3.30,       1.98,      19.77,     65.17,          6.22
          0,          7,    3,         -0.46,          3.30,       2.08,      20.85,     68.72,          5.57
          0,          7,    4,         -0.03,          3.30,       2.16,      21.63,     71.32,          5.29
          0,          7,    5,          0.26,          3.30,       2.24,      22.38,     73.77,          5.01
          0,          7,    6,          0.49,          3.30,       2.30,      23.03,     75.92,          4.79
          0,          7,    7,          0.69,          3.30,       2.36,      23.64,     77.91,          4.62
          1,          1,    1,        -14.07,          3.30,       0.97,       9.70,     32.01,          1.51
          1,          1,    2,        -12.41,          3.30,       1.03,      10.26,     33.86,          1.29
          1,          1,    3,        -11.08,          3.30,       1.08,      10.80,     35.62,          1.26
          1,          1,    4,        -10.15,          3.30,       1.14,      11.39,     37.57,          1.18
          1,          1,    5,         -9.31,          3.30,       1.18,      11.77,     38.82,          1.24
          1,          1,    6,         -8.66,          3.30,       1.23,      12.30,     40.57,          1.22
          1,          1,    7,         -8.10,          3.30,       1.27,      12.69,     41.86,          1.24
          1,          2,    1,        -11.62,          3.30,       1.04,      10.40,     34.30,          3.38
          1,          2,    2,        -10.13,          3.30,       1.11,      11.09,     36.57,          2.25
          1,          2,    3,         -8.85,          3.30,       1.18,      11.77,     38.83,          1.98
          1,          2,    4,         -7.98,          3.30,       1.23,      12.33,     40.68,          1.89
          1,          2,    5,         -7.18,          3.30,       1.29,      12.89,     42.51,          1.87
          1,          2,    6,         -6.58,          3.30,       1.34,      13.39,     44.17,          1.85
          1,          2,    7,         -6.06,          3.30,       1.39,      13.88,     45.78,          1.83
          1,          3,    1,         -8.61,          3.30,       1.17,      11.66,     38.47,          3.74
          1,          3,    2,         -7.33,          3.30,       1.25,      12.46,     41.10,          2.93
          1,          3,    3,         -6.25,          3.30,       1.32,      13.24,     43.67,          2.66
          1,          3,    4,         -5.50,          3.30,       1.39,      13.87,     45.76,          2.57
          1,          3,    5,         -4.94,          3.30,       1.45,      14.42,     47.55,          2.51
          1,          3,    6,         -4.44,          3.30,       1.50,      15.01,     49.51,          2.44
          1,          3,    7,         -4.04,          3.30,       1.55,      15.48,     51.05,          2.43
          1,          4,    1,         -6.47,          3.30,       1.29,      12.92,     42.63,          4.50
          1,          4,    2,         -5.26,          3.30,       1.38,      13.83,     45.62,          3.72
          1,          4,    3,         -4.37,          3.30,       1.47,      14.71,     48.50,          3.36
          1,          4,    4,         -3.74,          3.30,       1.54,      15.39,     50.73,          3.23
          1,          4,    5,         -3.23,          3.30,       1.60,      16.01,     52.79,          3.13
          1,          4,    6,         -2.84,          3.30,       1.66,      16.63,     54.82,          3.02
          1,          4,    7,         -2.48,          3.30,       1.71,      17.13,     56.47,          3.00
          1,          5,    1,         -4.26,          3.30,       1.47,      14.68,     48.41,          5.48
          1,          5,    2,         -3.16,          3.30,       1.58,      15.79,     52.07,          4.60
          1,          5,    3,         -2.40,          3.30,       1.67,      16.75,     55.24,          4.20
          1,          5,    4,         -1.86,          3.30,       1.74,      17.43,     57.48,          4.09
          1,          5,    5,         -1.46,          3.30,       1.82,      18.18,     59.93,          3.89
          1,          5,    6,         -1.16,          3.30,       1.88,      18.79,     61.94,          3.76
          1,          5,    7,         -0.90,          3.30,       1.93,      19.30,     63.62,          3.68
          1,          6,    1,         -2.72,          3.30,       1.63,      16.31,     53.77,          7.38
          1,          6,    2,         -1.73,          3.30,       1.75,      17.50,     57.72,          5.99
          1,          6,    3,         -1.11,          3.30,       1.85,      18.49,     60.98,          5.36
          1,          6,    4,         -0.66,          3.30,       1.93,      19.30,     63.64,          5.02
          1,          6,    5,         -0.30,          3.30,       2.00,      20.03,     66.03,          4.79
          1,          6,    6,         -0.04,          3.30,       2.06,      20.63,     68.01,          4.61
          1,          6,    7,          0.17,          3.30,       2.13,      21.26,     70.08,          4.41
          1,          7,    1,         -1.54,          3.30,       1.80,      17.95,     59.18,          8.38
          1,          7,    2,         -0.56,          3.30,       1.94,      19.39,     63.94,          6.70
          1,          7,    3,          0.05,          3.30,       2.05,      20.51,     67.61,          6.02
          1,          7,    4,          0.45,          3.30,       2.14,      21.39,     70.53,          5.63
          1,          7,    5,          0.75,          3.30,       2.21,      22.15,     73.02,          5.35
          1,          7,    6,          0.96,          3.30,       2.28,      22.82,     75.22,          5.11
          1,          7,    7,          1.16,          3.30,       2.35,      23.44,     77.25,          4.94
          2,          1,    1,        -13.71,          3.30,       0.98,       9.81,     32.36,          1.56
          2,          1,    2,        -11.99,          3.30,       1.04,      10.37,     34.22,          1.38
          2,          1,    3,        -10.72,          3.30,       1.10,      11.00,     36.29,          1.28
          2,          1,    4,         -9.78,          3.30,       1.15,      11.47,     37.84,          1.28
          2,          1,    5,         -8.94,          3.30,       1.20,      11.93,     39.35,          1.32
          2,          1,    6,         -8.23,          3.30,       1.24,      12.42,     40.96,          1.33
          2,          1,    7,         -7.63,          3.30,       1.29,      12.86,     42.42,          1.35
          2,          2,    1,        -11.10,          3.30,       1.06,      10.56,     34.83,          3.53
          2,          2,    2,         -9.68,          3.30,       1.13,      11.28,     37.22,          2.35
          2,          2,    3,         -8.48,          3.30,       1.19,      11.93,     39.34,          2.11
          2,          2,    4,         -7.54,          3.30,       1.25,      12.53,     41.33,          2.03
          2,          2,    5,         -6.77,          3.30,       1.31,      13.11,     43.25,          1.98
          2,          2,    6,         -6.15,          3.30,       1.36,      13.64,     45.00,          1.96
          2,          2,    7,         -5.60,          3.30,       1.41,      14.12,     46.56,          1.98
          2,          3,    1,         -8.18,          3.30,       1.18,      11.84,     39.04,          3.98
          2,          3,    2,         -6.87,          3.30,       1.27,      12.69,     41.86,          3.10
          2,          3,    3,         -5.82,          3.30,       1.35,      13.45,     44.35,          2.87
          2,          3,    4,         -5.06,          3.30,       1.41,      14.11,     46.54,          2.75
          2,          3,    5,         -4.49,          3.30,       1.48,      14.75,     48.64,          2.65
          2,          3,    6,         -4.00,          3.30,       1.53,      15.34,     50.57,          2.59
          2,          3,    7,         -3.58,          3.30,       1.59,      15.84,     52.25,          2.57
          2,          4,    1,         -5.99,          3.30,       1.32,      13.19,     43.52,          4.73
          2,          4,    2,         -4.81,          3.30,       1.41,      14.15,     46.66,          3.91
          2,          4,    3,         -3.94,          3.30,       1.50,      15.00,     49.47,          3.58
          2,          4,    4,         -3.31,          3.30,       1.58,      15.74,     51.90,          3.41
          2,          4,    5,         -2.80,          3.30,       1.64,      16.41,     54.11,          3.30
          2,          4,    6,         -2.38,          3.30,       1.70,      16.98,     55.98,          3.25
          2,          4,    7,         -2.05,          3.30,       1.76,      17.53,     57.79,          3.19
          2,          5,    1,         -3.78,          3.30,       1.51,      15.03,     49.58,          5.97
          2,          5,    2,         -2.68,          3.30,       1.62,      16.22,     53.47,          4.94
          2,          5,    3,         -1.92,          3.30,       1.71,      17.14,     56.50,          4.61
          2,          5,    4,         -1.41,          3.30,       1.80,      17.98,     59.27,          4.32
          2,          5,    5,         -1.02,          3.30,       1.86,      18.65,     61.50,          4.18
          2,          5,    6,         -0.71,          3.30,       1.93,      19.27,     63.53,          4.05
          2,          5,    7,         -0.44,          3.30,       1.99,      19.88,     65.55,          3.93
          2,          6,    1,         -2.26,          3.30,       1.67,      16.71,     55.10,          8.27
          2,          6,    2,         -1.28,          3.30,       1.81,      18.06,     59.55,          6.39
          2,          6,    3,         -0.63,          3.30,       1.91,      19.05,     62.82,          5.80
          2,          6,    4,         -0.18,          3.30,       1.99,      19.89,     65.58,          5.42
          2,          6,    5,          0.14,          3.30,       2.06,      20.57,     67.81,          5.20
          2,          6,    6,          0.42,          3.30,       2.13,      21.29,     70.18,          4.94
          2,          6,    7,          0.63,          3.30,       2.19,      21.94,     72.31,          4.73
          2,          7,    1,         -1.06,          3.30,       1.85,      18.49,     60.98,          8.80
          2,          7,    2,         -0.08,          3.30,       2.00,      20.01,     65.96,          7.08
          2,          7,    3,          0.51,          3.30,       2.12,      21.19,     69.85,          6.33
          2,          7,    4,          0.92,          3.30,       2.21,      22.08,     72.80,          5.96
          2,          7,    5,          1.22,          3.30,       2.30,      22.96,     75.68,          5.61
          2,          7,    6,          1.45,          3.30,       2.35,      23.55,     77.63,          5.46
          2,          7,    7,          1.63,          3.30,       2.42,      24.22,     79.84,          5.24
          3,          1,    1,        -13.26,          3.30,       0.99,       9.90,     32.65,          1.70
          3,          1,    2,        -11.57,          3.30,       1.05,      10.49,     34.61,          1.47
          3,          1,    3,        -10.25,          3.30,       1.11,      11.11,     36.65,          1.39
          3,          1,    4,         -9.27,          3.30,       1.16,      11.64,     38.39,          1.39
          3,          1,    5,         -8.44,          3.30,       1.21,      12.14,     40.03,          1.41
          3,          1,    6,         -7.78,          3.30,       1.26,      12.63,     41.66,          1.41
          3,          1,    7,         -7.22,          3.30,       1.31,      13.08,     43.13,          1.43
          3,          2,    1,        -10.74,          3.30,       1.07,      10.68,     35.23,          3.70
          3,          2,    2,         -9.22,          3.30,       1.14,      11.43,     37.71,          2.51
          3,          2,    3,         -7.96,          3.30,       1.21,      12.15,     40.08,          2.24
          3,          2,    4,         -7.05,          3.30,       1.27,      12.77,     42.12,          2.15
          3,          2,    5,         -6.31,          3.30,       1.34,      13.36,     44.05,          2.11
          3,          2,    6,         -5.67,          3.30,       1.39,      13.92,     45.90,          2.09
          3,          2,    7,         -5.16,          3.30,       1.44,      14.41,     47.54,          2.09
          3,          3,    1,         -7.74,          3.30,       1.21,      12.08,     39.83,          4.15
          3,          3,    2,         -6.36,          3.30,       1.30,      12.96,     42.74,          3.32
          3,          3,    3,         -5.34,          3.30,       1.38,      13.78,     45.44,          3.03
          3,          3,    4,         -4.59,          3.30,       1.45,      14.48,     47.74,          2.91
          3,          3,    5,         -3.98,          3.30,       1.51,      15.10,     49.79,          2.86
          3,          3,    6,         -3.51,          3.30,       1.57,      15.68,     51.71,          2.80
          3,          3,    7,         -3.12,          3.30,       1.62,      16.25,     53.57,          2.74
          3,          4,    1,         -5.49,          3.30,       1.35,      13.46,     44.40,          5.12
          3,          4,    2,         -4.34,          3.30,       1.45,      14.54,     47.96,          4.05
          3,          4,    3,         -3.44,          3.30,       1.54,      15.38,     50.73,          3.82
          3,          4,    4,         -2.80,          3.30,       1.62,      16.18,     53.36,          3.63
          3,          4,    5,         -2.32,          3.30,       1.68,      16.83,     55.51,          3.53
          3,          4,    6,         -1.89,          3.30,       1.75,      17.45,     57.56,          3.47
          3,          4,    7,         -1.53,          3.30,       1.81,      18.07,     59.59,          3.39
          3,          5,    1,         -3.27,          3.30,       1.55,      15.46,     50.97,          6.28
          3,          5,    2,         -2.16,          3.30,       1.67,      16.69,     55.06,          5.24
          3,          5,    3,         -1.44,          3.30,       1.77,      17.67,     58.27,          4.85
          3,          5,    4,         -0.90,          3.30,       1.85,      18.51,     61.04,          4.62
          3,          5,    5,         -0.52,          3.30,       1.92,      19.25,     63.47,          4.44
          3,          5,    6,         -0.20,          3.30,       1.99,      19.93,     65.72,          4.29
          3,          5,    7,          0.08,          3.30,       2.05,      20.46,     67.45,          4.25
          3,          6,    1,         -1.78,          3.30,       1.72,      17.21,     56.76,          8.69
          3,          6,    2,         -0.78,          3.30,       1.86,      18.61,     61.37,          6.83
          3,          6,    3,         -0.15,          3.30,       1.97,      19.70,     64.96,          6.10
          3,          6,    4,          0.32,          3.30,       2.05,      20.54,     67.71,          5.80
          3,          6,    5,          0.65,          3.30,       2.13,      21.31,     70.27,          5.49
          3,          6,    6,          0.93,          3.30,       2.20,      21.99,     72.50,          5.30
          3,          6,    7,          1.15,          3.30,       2.26,      22.64,     74.65,          5.11
          3,          7,    1,         -0.56,          3.30,       1.91,      19.11,     63.04,          9.46
          3,          7,    2,          0.42,          3.30,       2.07,      20.67,     68.14,          7.66
          3,          7,    3,          1.03,          3.30,       2.19,      21.94,     72.32,          6.82
          3,          7,    4,          1.44,          3.30,       2.29,      22.88,     75.42,          6.43
          3,          7,    5,          1.73,          3.30,       2.38,      23.71,     78.14,          6.10
          3,          7,    6,          1.97,          3.30,       2.45,      24.46,     80.62,          5.86
          3,          7,    7,          2.17,          3.30,       2.52,      25.15,     82.91,          5.65
          4,          1,    1,        -12.87,          3.30,       1.00,       9.99,     32.96,          1.74
          4,          1,    2,        -11.21,          3.30,       1.07,      10.64,     35.09,          1.49
          4,          1,    3,         -9.86,          3.30,       1.13,      11.27,     37.17,          1.44
          4,          1,    4,         -8.78,          3.30,       1.18,      11.81,     38.97,          1.47
          4,          1,    5,         -8.00,          3.30,       1.23,      12.34,     40.70,          1.48
          4,          1,    6,         -7.31,          3.30,       1.28,      12.85,     42.39,          1.50
          4,          1,    7,         -6.72,          3.30,       1.33,      13.28,     43.81,          1.54
          4,          2,    1,        -10.24,          3.30,       1.08,      10.83,     35.72,          4.06
          4,          2,    2,         -8.77,          3.30,       1.16,      11.63,     38.36,          2.67
          4,          2,    3,         -7.52,          3.30,       1.23,      12.31,     40.60,          2.46
          4,          2,    4,         -6.58,          3.30,       1.30,      13.00,     42.89,          2.31
          4,          2,    5,         -5.82,          3.30,       1.36,      13.63,     44.94,          2.27
          4,          2,    6,         -5.24,          3.30,       1.42,      14.16,     46.70,          2.25
          4,          2,    7,         -4.69,          3.30,       1.47,      14.70,     48.50,          2.25
          4,          3,    1,         -7.25,          3.30,       1.23,      12.26,     40.46,          4.68
          4,          3,    2,         -5.87,          3.30,       1.32,      13.22,     43.62,          3.60
          4,          3,    3,         -4.85,          3.30,       1.40,      14.03,     46.28,          3.33
          4,          3,    4,         -4.11,          3.30,       1.48,      14.80,     48.84,          3.13
          4,          3,    5,         -3.54,          3.30,       1.55,      15.45,     50.97,          3.05
          4,          3,    6,         -3.04,          3.30,       1.61,      16.04,     52.90,          3.02
          4,          3,    7,         -2.65,          3.30,       1.66,      16.60,     54.75,          2.97
          4,          4,    1,         -5.06,          3.30,       1.38,      13.79,     45.49,          5.33
          4,          4,    2,         -3.89,          3.30,       1.49,      14.87,     49.06,          4.33
          4,          4,    3,         -2.99,          3.30,       1.58,      15.78,     52.05,          4.04
          4,          4,    4,         -2.33,          3.30,       1.66,      16.58,     54.67,          3.89
          4,          4,    5,         -1.83,          3.30,       1.73,      17.29,     57.02,          3.78
          4,          4,    6,         -1.43,          3.30,       1.80,      17.93,     59.14,          3.69
          4,          4,    7,         -1.08,          3.30,       1.86,      18.59,     61.30,          3.60
          4,          5,    1,         -2.81,          3.30,       1.59,      15.87,     52.34,          6.63
          4,          5,    2,         -1.73,          3.30,       1.71,      17.11,     56.44,          5.59
          4,          5,    3,         -0.96,          3.30,       1.82,      18.23,     60.11,          5.12
          4,          5,    4,         -0.44,          3.30,       1.91,      19.08,     62.92,          4.90
          4,          5,    5,         -0.04,          3.30,       1.99,      19.86,     65.48,          4.72
          4,          5,    6,          0.29,          3.30,       2.05,      20.46,     67.44,          4.64
          4,          5,    7,          0.55,          3.30,       2.11,      21.17,     69.78,          4.48
          4,          6,    1,         -1.29,          3.30,       1.78,      17.76,     58.57,          9.11
          4,          6,    2,         -0.30,          3.30,       1.92,      19.20,     63.32,          7.23
          4,          6,    3,          0.34,          3.30,       2.03,      20.31,     66.97,          6.54
          4,          6,    4,          0.79,          3.30,       2.13,      21.25,     70.05,          6.11
          4,          6,    5,          1.12,          3.30,       2.20,      22.03,     72.63,          5.83
          4,          6,    6,          1.41,          3.30,       2.28,      22.74,     74.96,          5.64
          4,          6,    7,          1.63,          3.30,       2.34,      23.43,     77.23,          5.43
          4,          7,    1,         -0.07,          3.30,       1.97,      19.73,     65.06,          9.99
          4,          7,    2,          0.91,          3.30,       2.14,      21.42,     70.62,          8.00
          4,          7,    3,          1.53,          3.30,       2.27,      22.73,     74.93,          7.21
          4,          7,    4,          1.92,          3.30,       2.37,      23.70,     78.14,          6.79
          4,          7,    5,          2.25,          3.30,       2.46,      24.58,     81.05,          6.49
          4,          7,    6,          2.44,          3.30,       2.54,      25.36,     83.61,          6.17
          4,          7,    7,          2.64,          3.30,       2.61,      26.08,     85.96,          5.97
          5,          1,    1,        -12.39,          3.30,       1.01,      10.07,     33.21,          1.97
          5,          1,    2,        -10.80,          3.30,       1.07,      10.70,     35.32,          1.65
          5,          1,    3,         -9.45,          3.30,       1.14,      11.38,     37.54,          1.56
          5,          1,    4,         -8.41,          3.30,       1.19,      11.96,     39.46,          1.57
          5,          1,    5,         -7.60,          3.30,       1.25,      12.49,     41.19,          1.59
          5,          1,    6,         -6.90,          3.30,       1.30,      13.01,     42.92,          1.62
          5,          1,    7,         -6.32,          3.30,       1.35,      13.45,     44.36,          1.66
          5,          2,    1,         -9.89,          3.30,       1.10,      10.99,     36.26,          4.05
          5,          2,    2,         -8.37,          3.30,       1.18,      11.76,     38.79,          2.88
          5,          2,    3,         -7.11,          3.30,       1.25,      12.50,     41.25,          2.59
          5,          2,    4,         -6.17,          3.30,       1.32,      13.18,     43.48,          2.48
          5,          2,    5,         -5.45,          3.30,       1.38,      13.82,     45.59,          2.41
          5,          2,    6,         -4.81,          3.30,       1.44,      14.45,     47.67,          2.37
          5,          2,    7,         -4.33,          3.30,       1.50,      14.99,     49.45,          2.35
          5,          3,    1,         -6.87,          3.30,       1.25,      12.53,     41.33,          4.77
          5,          3,    2,         -5.50,          3.30,       1.35,      13.43,     44.31,          3.87
          5,          3,    3,         -4.49,          3.30,       1.43,      14.30,     47.17,          3.50
          5,          3,    4,         -3.74,          3.30,       1.51,      15.08,     49.75,          3.32
          5,          3,    5,         -3.11,          3.30,       1.57,      15.72,     51.86,          3.29
          5,          3,    6,         -2.64,          3.30,       1.64,      16.41,     54.14,          3.18
          5,          3,    7,         -2.25,          3.30,       1.70,      16.91,     55.79,          3.18
          5,          4,    1,         -4.63,          3.30,       1.40,      14.05,     46.36,          5.68
          5,          4,    2,         -3.46,          3.30,       1.52,      15.17,     50.02,          4.64
          5,          4,    3,         -2.60,          3.30,       1.61,      16.15,     53.26,          4.24
          5,          4,    4,         -1.93,          3.30,       1.70,      16.94,     55.84,          4.13
          5,          4,    5,         -1.44,          3.30,       1.77,      17.64,     58.18,          4.01
          5,          4,    6,         -1.01,          3.30,       1.84,      18.40,     60.69,          3.88
          5,          4,    7,         -0.69,          3.30,       1.90,      19.02,     62.74,          3.80
          5,          5,    1,         -2.39,          3.30,       1.63,      16.29,     53.71,          6.88
          5,          5,    2,         -1.30,          3.30,       1.76,      17.59,     58.01,          5.84
          5,          5,    3,         -0.55,          3.30,       1.87,      18.71,     61.68,          5.39
          5,          5,    4,         -0.01,          3.30,       1.96,      19.64,     64.76,          5.13
          5,          5,    5,          0.37,          3.30,       2.03,      20.35,     67.11,          5.00
          5,          5,    6,          0.69,          3.30,       2.11,      21.10,     69.56,          4.84
          5,          5,    7,          0.96,          3.30,       2.17,      21.68,     71.48,          4.77
          5,          6,    1,         -0.87,          3.30,       1.83,      18.28,     60.26,          9.42
          5,          6,    2,          0.08,          3.30,       1.98,      19.76,     65.18,          7.48
          5,          6,    3,          0.71,          3.30,       2.09,      20.88,     68.87,          6.80
          5,          6,    4,          1.15,          3.30,       2.19,      21.85,     72.02,          6.37
          5,          6,    5,          1.49,          3.30,       2.27,      22.68,     74.76,          6.08
          5,          6,    6,          1.84,          3.30,       2.34,      23.45,     77.30,          5.93
          5,          6,    7,          1.99,          3.30,       2.41,      24.09,     79.41,          5.68
          5,          7,    1,          0.27,          3.30,       2.03,      20.30,     66.93,         10.29
          5,          7,    2,          1.32,          3.30,       2.21,      22.07,     72.76,          8.38
          5,          7,    3,          1.94,          3.30,       2.34,      23.42,     77.21,          7.59
          5,          7,    4,          2.35,          3.30,       2.45,      24.49,     80.71,          7.12
          5,          7,    5,          2.64,          3.30,       2.54,      25.41,     83.75,          6.76
          5,          7,    6,          2.83,          3.30,       2.62,      26.19,     86.33,          6.45
          5,          7,    7,          3.01,          3.30,       2.69,      26.89,     88.66,          6.24
          6,          1,    1,        -12.05,          3.30,       1.03,      10.24,     33.78,          2.18
          6,          1,    2,        -10.32,          3.30,       1.10,      10.96,     36.18,          1.76
          6,          1,    3,         -9.10,          3.30,       1.16,      11.63,     38.38,          1.65
          6,          1,    4,         -8.05,          3.30,       1.22,      12.18,     40.20,          1.69
          6,          1,    5,         -7.24,          3.30,       1.28,      12.80,     42.22,          1.67
          6,          1,    6,         -6.49,          3.30,       1.33,      13.28,     43.82,          1.74
          6,          1,    7,         -5.93,          3.30,       1.38,      13.77,     45.42,          1.76
          6,          2,    1,         -9.47,          3.30,       1.13,      11.29,     37.24,          4.12
          6,          2,    2,         -7.93,          3.30,       1.20,      12.01,     39.64,          3.13
          6,          2,    3,         -6.71,          3.30,       1.29,      12.85,     42.39,          2.70
          6,          2,    4,         -5.78,          3.30,       1.36,      13.56,     44.73,          2.58
          6,          2,    5,         -5.06,          3.30,       1.42,      14.20,     46.86,          2.53
          6,          2,    6,         -4.41,          3.30,       1.48,      14.80,     48.83,          2.53
          6,          2,    7,         -3.93,          3.30,       1.54,      15.41,     50.82,          2.48
          6,          3,    1,         -6.44,          3.30,       1.29,      12.86,     42.43,          5.10
          6,          3,    2,         -5.10,          3.30,       1.38,      13.84,     45.65,          4.03
          6,          3,    3,         -4.07,          3.30,       1.48,      14.77,     48.73,          3.64
          6,          3,    4,         -3.32,          3.30,       1.55,      15.54,     51.26,          3.51
          6,          3,    5,         -2.74,          3.30,       1.63,      16.30,     53.77,          3.37
          6,          3,    6,         -2.23,          3.30,       1.69,      16.91,     55.76,          3.36
          6,          3,    7,         -1.84,          3.30,       1.75,      17.42,     57.44,          3.37
          6,          4,    1,         -4.26,          3.30,       1.46,      14.53,     47.92,          5.63
          6,          4,    2,         -3.05,          3.30,       1.57,      15.66,     51.66,          4.76
          6,          4,    3,         -2.16,          3.30,       1.67,      16.68,     55.00,          4.42
          6,          4,    4,         -1.51,          3.30,       1.75,      17.52,     57.77,          4.28
          6,          4,    5,         -1.02,          3.30,       1.83,      18.29,     60.33,          4.14
          6,          4,    6,         -0.60,          3.30,       1.90,      19.02,     62.72,          4.06
          6,          4,    7,         -0.26,          3.30,       1.97,      19.73,     65.05,          3.96
          6,          5,    1,         -1.98,          3.30,       1.68,      16.79,     55.39,          7.28
          6,          5,    2,         -0.88,          3.30,       1.83,      18.23,     60.13,          6.07
          6,          5,    3,         -0.13,          3.30,       1.93,      19.36,     63.83,          5.66
          6,          5,    4,          0.42,          3.30,       2.03,      20.27,     66.85,          5.46
          6,          5,    5,          0.79,          3.30,       2.11,      21.16,     69.76,          5.20
          6,          5,    6,          1.12,          3.30,       2.19,      21.85,     72.05,          5.10
          6,          5,    7,          1.39,          3.30,       2.25,      22.53,     74.26,          4.99
          6,          6,    1,         -0.46,          3.30,       1.90,      18.94,     62.45,          9.89
          6,          6,    2,          0.55,          3.30,       2.05,      20.48,     67.53,          8.01
          6,          6,    3,          1.18,          3.30,       2.17,      21.68,     71.51,          7.23
          6,          6,    4,          1.66,          3.30,       2.26,      22.64,     74.64,          6.88
          6,          6,    5,          1.99,          3.30,       2.36,      23.59,     77.78,          6.47
          6,          6,    6,          2.27,          3.30,       2.44,      24.35,     80.28,          6.27
          6,          6,    7,          2.49,          3.30,       2.51,      25.05,     82.58,          6.08
          6,          7,    1,          0.76,          3.30,       2.11,      21.10,     69.58,         10.90
          6,          7,    2,          1.76,          3.30,       2.30,      22.97,     75.73,          8.78
          6,          7,    3,          2.40,          3.30,       2.44,      24.39,     80.42,          7.97
          6,          7,    4,          2.79,          3.30,       2.55,      25.45,     83.89,          7.53
          6,          7,    5,          3.09,          3.30,       2.65,      26.47,     87.26,          7.12
          6,          7,    6,          3.32,          3.30,       2.73,      27.30,     89.99,          6.86
          6,          7,    7,          3.50,          3.30,       2.80,      28.04,     92.41,          6.63
          7,          1,    1,        -11.65,          3.30,       1.04,      10.33,     34.08,          2.45
          7,          1,    2,         -9.93,          3.30,       1.11,      11.08,     36.55,          1.93
          7,          1,    3,         -8.63,          3.30,       1.18,      11.80,     38.95,          1.79
          7,          1,    4,         -7.57,          3.30,       1.24,      12.37,     40.82,          1.84
          7,          1,    5,         -6.79,          3.30,       1.30,      12.95,     42.74,          1.83
          7,          1,    6,         -6.07,          3.30,       1.35,      13.49,     44.51,          1.87
          7,          1,    7,         -5.52,          3.30,       1.41,      14.06,     46.38,          1.86
          7,          2,    1,         -9.06,          3.30,       1.14,      11.43,     37.70,          4.23
          7,          2,    2,         -7.53,          3.30,       1.22,      12.25,     40.43,          3.12
          7,          2,    3,         -6.25,          3.30,       1.31,      13.06,     43.11,          2.84
          7,          2,    4,         -5.33,          3.30,       1.38,      13.81,     45.56,          2.72
          7,          2,    5,         -4.64,          3.30,       1.45,      14.51,     47.85,          2.63
          7,          2,    6,         -4.00,          3.30,       1.51,      15.07,     49.73,          2.66
          7,          2,    7,         -3.47,          3.30,       1.57,      15.66,     51.65,          2.66
          7,          3,    1,         -5.98,          3.30,       1.31,      13.11,     43.24,          5.27
          7,          3,    2,         -4.64,          3.30,       1.41,      14.10,     46.52,          4.26
          7,          3,    3,         -3.61,          3.30,       1.51,      15.07,     49.71,          3.87
          7,          3,    4,         -2.87,          3.30,       1.59,      15.94,     52.57,          3.65
          7,          3,    5,         -2.27,          3.30,       1.67,      16.62,     54.82,          3.63
          7,          3,    6,         -1.77,          3.30,       1.72,      17.28,     56.98,          3.59
          7,          3,    7,         -1.40,          3.30,       1.80,      17.96,     59.23,          3.48
          7,          4,    1,         -3.80,          3.30,       1.48,      14.81,     48.86,          6.25
          7,          4,    2,         -2.60,          3.30,       1.61,      16.08,     53.04,          5.07
          7,          4,    3,         -1.73,          3.30,       1.71,      17.05,     56.21,          4.79
          7,          4,    4,         -1.06,          3.30,       1.80,      18.01,     59.40,          4.55
          7,          4,    5,         -0.55,          3.30,       1.88,      18.83,     62.08,          4.43
          7,          4,    6,         -0.13,          3.30,       1.96,      19.59,     64.61,          4.32
          7,          4,    7,          0.20,          3.30,       2.02,      20.18,     66.55,          4.30
          7,          5,    1,         -1.54,          3.30,       1.73,      17.28,     56.99,          7.62
          7,          5,    2,         -0.43,          3.30,       1.88,      18.77,     61.89,          6.42
          7,          5,    3,          0.34,          3.30,       2.00,      19.98,     65.88,          5.97
          7,          5,    4,          0.85,          3.30,       2.10,      20.92,     68.99,          5.73
          7,          5,    5,          1.25,          3.30,       2.17,      21.74,     71.69,          5.58
          7,          5,    6,          1.59,          3.30,       2.25,      22.56,     74.39,          5.41
          7,          5,    7,          1.84,          3.30,       2.32,      23.22,     76.54,          5.31
          7,          6,    1,          0.02,          3.30,       1.96,      19.52,     64.40,         10.52
          7,          6,    2,          1.00,          3.30,       2.11,      21.12,     69.64,          8.51
          7,          6,    3,          1.66,          3.30,       2.24,      22.42,     73.92,          7.68
          7,          6,    4,          2.11,          3.30,       2.34,      23.46,     77.35,          7.23
          7,          6,    5,          2.47,          3.30,       2.43,      24.35,     80.27,          6.94
          7,          6,    6,          2.72,          3.30,       2.52,      25.22,     83.13,          6.62
          7,          6,    7,          2.96,          3.30,       2.59,      25.93,     85.47,          6.45
          7,          7,    1,          1.22,          3.30,       2.17,      21.73,     71.65,         11.90
          7,          7,    2,          2.23,          3.30,       2.38,      23.73,     78.22,          9.43
          7,          7,    3,          2.84,          3.30,       2.53,      25.30,     83.40,          8.40
          7,          7,    4,          3.26,          3.30,       2.64,      26.42,     87.09,          7.97
          7,          7,    5,          3.55,          3.30,       2.74,      27.41,     90.35,          7.59
          7,          7,    6,          3.78,          3.30,       2.83,      28.32,     93.36,          7.28
          7,          7,    7,          3.97,          3.30,       2.91,      29.11,     95.96,          7.04
          8,          1,    1,        -11.23,          3.30,       1.05,      10.48,     34.57,          2.42
          8,          1,    2,         -9.53,          3.30,       1.13,      11.30,     37.27,          1.91
          8,          1,    3,         -8.14,          3.30,       1.20,      11.96,     39.48,          1.91
          8,          1,    4,         -7.10,          3.30,       1.26,      12.59,     41.56,          1.93
          8,          1,    5,         -6.32,          3.30,       1.32,      13.23,     43.65,          1.91
          8,          1,    6,         -5.62,          3.30,       1.38,      13.79,     45.47,          1.95
          8,          1,    7,         -5.09,          3.30,       1.43,      14.35,     47.35,          1.95
          8,          2,    1,         -8.59,          3.30,       1.16,      11.61,     38.32,          4.54
          8,          2,    2,         -7.06,          3.30,       1.25,      12.48,     41.16,          3.34
          8,          2,    3,         -5.84,          3.30,       1.33,      13.31,     43.91,          3.02
          8,          2,    4,         -4.87,          3.30,       1.41,      14.10,     46.50,          2.90
          8,          2,    5,         -4.12,          3.30,       1.48,      14.79,     48.80,          2.87
          8,          2,    6,         -3.51,          3.30,       1.55,      15.47,     51.05,          2.83
          8,          2,    7,         -3.04,          3.30,       1.60,      16.05,     52.95,          2.81
          8,          3,    1,         -5.51,          3.30,       1.34,      13.37,     44.11,          5.64
          8,          3,    2,         -4.20,          3.30,       1.45,      14.44,     47.64,          4.46
          8,          3,    3,         -3.14,          3.30,       1.55,      15.49,     51.09,          4.05
          8,          3,    4,         -2.37,          3.30,       1.63,      16.33,     53.87,          3.92
          8,          3,    5,         -1.81,          3.30,       1.70,      17.05,     56.26,          3.85
          8,          3,    6,         -1.33,          3.30,       1.78,      17.80,     58.70,          3.76
          8,          3,    7,         -0.92,          3.30,       1.84,      18.39,     60.66,          3.75
          8,          4,    1,         -3.35,          3.30,       1.52,      15.25,     50.30,          6.46
          8,          4,    2,         -2.12,          3.30,       1.65,      16.46,     54.28,          5.52
          8,          4,    3,         -1.23,          3.30,       1.75,      17.54,     57.84,          5.12
          8,          4,    4,         -0.60,          3.30,       1.86,      18.54,     61.15,          4.84
          8,          4,    5,         -0.09,          3.30,       1.94,      19.40,     63.99,          4.70
          8,          4,    6,          0.34,          3.30,       2.01,      20.12,     66.33,          4.66
          8,          4,    7,          0.67,          3.30,       2.08,      20.84,     68.73,          4.57
          8,          5,    1,         -1.05,          3.30,       1.78,      17.80,     58.69,          8.22
          8,          5,    2,          0.06,          3.30,       1.94,      19.37,     63.89,          6.88
          8,          5,    3,          0.81,          3.30,       2.06,      20.58,     67.86,          6.44
          8,          5,    4,          1.34,          3.30,       2.16,      21.60,     71.20,          6.17
          8,          5,    5,          1.75,          3.30,       2.25,      22.53,     74.30,          5.95
          8,          5,    6,          2.07,          3.30,       2.33,      23.30,     76.82,          5.82
          8,          5,    7,          2.35,          3.30,       2.40,      23.99,     79.08,          5.73
          8,          6,    1,          0.49,          3.30,       2.02,      20.18,     66.56,         11.07
          8,          6,    2,          1.49,          3.30,       2.19,      21.89,     72.17,          8.97
          8,          6,    3,          2.16,          3.30,       2.32,      23.23,     76.57,          8.17
          8,          6,    4,          2.62,          3.30,       2.43,      24.30,     80.11,          7.73
          8,          6,    5,          2.96,          3.30,       2.53,      25.28,     83.32,          7.37
          8,          6,    6,          3.23,          3.30,       2.61,      26.13,     86.14,          7.09
          8,          6,    7,          3.46,          3.30,       2.70,      26.96,     88.85,          6.85
          8,          7,    1,          1.72,          3.30,       2.25,      22.56,     74.38,         12.53
          8,          7,    2,          2.73,          3.30,       2.46,      24.64,     81.24,         10.01
          8,          7,    3,          3.34,          3.30,       2.63,      26.22,     86.43,          9.02
          8,          7,    4,          3.76,          3.30,       2.75,      27.44,     90.47,          8.50
          8,          7,    5,          4.06,          3.30,       2.86,      28.56,     94.15,          8.05
          8,          7,    6,          4.28,          3.30,       2.94,      29.39,     96.87,          7.81
          8,          7,    7,          4.47,          3.30,       3.03,      30.25,     99.72,          7.53
          9,          1,    1,        -10.77,          3.30,       1.06,      10.64,     35.09,          2.52
          9,          1,    2,         -9.12,          3.30,       1.14,      11.40,     37.61,          2.10
          9,          1,    3,         -7.77,          3.30,       1.21,      12.11,     39.94,          2.04
          9,          1,    4,         -6.69,          3.30,       1.28,      12.82,     42.28,          2.04
          9,          1,    5,         -5.87,          3.30,       1.35,      13.46,     44.42,          2.05
          9,          1,    6,         -5.17,          3.30,       1.40,      14.00,     46.20,          2.11
          9,          1,    7,         -4.64,          3.30,       1.46,      14.58,     48.09,          2.10
          9,          2,    1,         -8.16,          3.30,       1.18,      11.80,     38.94,          4.77
          9,          2,    2,         -6.62,          3.30,       1.27,      12.72,     41.96,          3.50
          9,          2,    3,         -5.36,          3.30,       1.36,      13.59,     44.84,          3.20
          9,          2,    4,         -4.44,          3.30,       1.43,      14.35,     47.34,          3.10
          9,          2,    5,         -3.72,          3.30,       1.51,      15.08,     49.75,          3.03
          9,          2,    6,         -3.05,          3.30,       1.57,      15.75,     51.95,          3.05
          9,          2,    7,         -2.57,          3.30,       1.65,      16.45,     54.25,          2.99
          9,          3,    1,         -5.11,          3.30,       1.36,      13.59,     44.84,          6.24
          9,          3,    2,         -3.73,          3.30,       1.48,      14.82,     48.90,          4.70
          9,          3,    3,         -2.70,          3.30,       1.58,      15.83,     52.20,          4.37
          9,          3,    4,         -1.93,          3.30,       1.67,      16.69,     55.04,          4.23
          9,          3,    5,         -1.37,          3.30,       1.75,      17.50,     57.72,          4.10
          9,          3,    6,         -0.86,          3.30,       1.82,      18.25,     60.18,          4.04
          9,          3,    7,         -0.47,          3.30,       1.89,      18.93,     62.45,          3.98
          9,          4,    1,         -2.88,          3.30,       1.56,      15.60,     51.45,          6.95
          9,          4,    2,         -1.69,          3.30,       1.68,      16.84,     55.55,          5.89
          9,          4,    3,         -0.79,          3.30,       1.81,      18.07,     59.60,          5.36
          9,          4,    4,         -0.14,          3.30,       1.90,      19.03,     62.76,          5.17
          9,          4,    5,          0.36,          3.30,       1.99,      19.93,     65.72,          5.01
          9,          4,    6,          0.78,          3.30,       2.07,      20.66,     68.13,          4.97
          9,          4,    7,          1.12,          3.30,       2.15,      21.48,     70.84,          4.83
          9,          5,    1,         -0.60,          3.30,       1.83,      18.29,     60.33,          8.67
          9,          5,    2,          0.50,          3.30,       1.99,      19.95,     65.78,          7.25
          9,          5,    3,          1.26,          3.30,       2.13,      21.25,     70.05,          6.77
          9,          5,    4,          1.80,          3.30,       2.24,      22.35,     73.68,          6.48
          9,          5,    5,          2.22,          3.30,       2.33,      23.29,     76.79,          6.29
          9,          5,    6,          2.55,          3.30,       2.41,      24.08,     79.38,          6.18
          9,          5,    7,          2.80,          3.30,       2.49,      24.84,     81.88,          6.03
          9,          6,    1,          0.94,          3.30,       2.07,      20.75,     68.41,         11.77
          9,          6,    2,          1.97,          3.30,       2.26,      22.55,     74.35,          9.54
          9,          6,    3,          2.62,          3.30,       2.40,      24.04,     79.26,          8.54
          9,          6,    4,          3.07,          3.30,       2.52,      25.23,     83.18,          8.01
          9,          6,    5,          3.43,          3.30,       2.62,      26.20,     86.37,          7.73
          9,          6,    6,          3.69,          3.30,       2.71,      27.05,     89.17,          7.47
          9,          6,    7,          3.92,          3.30,       2.79,      27.84,     91.78,          7.27
          9,          7,    1,          2.20,          3.30,       2.34,      23.39,     77.13,         13.09
          9,          7,    2,          3.18,          3.30,       2.55,      25.53,     84.15,         10.57
          9,          7,    3,          3.82,          3.30,       2.73,      27.26,     89.85,          9.48
          9,          7,    4,          4.22,          3.30,       2.85,      28.49,     93.91,          8.97
          9,          7,    5,          4.52,          3.30,       2.96,      29.65,     97.71,          8.51
          9,          7,    6,          4.74,          3.30,       3.05,      30.49,    100.50,          8.27
          9,          7,    7,          4.94,          3.30,       3.14,      31.45,    103.65,          7.95
         10,          1,    1,        -10.36,          3.30,       1.08,      10.79,     35.59,          2.62
         10,          1,    2,         -8.65,          3.30,       1.16,      11.60,     38.26,          2.21
         10,          1,    3,         -7.26,          3.30,       1.24,      12.37,     40.82,          2.15
         10,          1,    4,         -6.22,          3.30,       1.31,      13.08,     43.15,          2.16
         10,          1,    5,         -5.41,          3.30,       1.37,      13.72,     45.26,          2.18
         10,          1,    6,         -4.71,          3.30,       1.44,      14.34,     47.29,          2.22
         10,          1,    7,         -4.19,          3.30,       1.49,      14.87,     49.05,          2.25
         10,          2,    1,         -7.78,          3.30,       1.19,      11.95,     39.42,          5.81
         10,          2,    2,         -6.14,          3.30,       1.29,      12.96,     42.74,          3.93
         10,          2,    3,         -4.91,          3.30,       1.39,      13.87,     45.75,          3.51
         10,          2,    4,         -3.99,          3.30,       1.47,      14.74,     48.63,          3.31
         10,          2,    5,         -3.25,          3.30,       1.54,      15.43,     50.88,          3.30
         10,          2,    6,         -2.63,          3.30,       1.62,      16.22,     53.50,          3.22
         10,          2,    7,         -2.10,          3.30,       1.68,      16.79,     55.38,          3.27
         10,          3,    1,         -4.67,          3.30,       1.40,      13.95,     46.00,          6.32
         10,          3,    2,         -3.26,          3.30,       1.52,      15.20,     50.14,          4.95
         10,          3,    3,         -2.24,          3.30,       1.63,      16.29,     53.73,          4.55
         10,          3,    4,         -1.49,          3.30,       1.72,      17.16,     56.60,          4.44
         10,          3,    5,         -0.89,          3.30,       1.80,      17.98,     59.29,          4.36
         10,          3,    6,         -0.40,          3.30,       1.87,      18.73,     61.75,          4.31
         10,          3,    7,         -0.01,          3.30,       1.94,      19.44,     64.10,          4.25
         10,          4,    1,         -2.41,          3.30,       1.60,      15.97,     52.68,          7.46
         10,          4,    2,         -1.19,          3.30,       1.74,      17.35,     57.25,          6.19
         10,          4,    3,         -0.31,          3.30,       1.86,      18.60,     61.36,          5.68
         10,          4,    4,          0.35,          3.30,       1.96,      19.65,     64.80,          5.46
         10,          4,    5,          0.84,          3.30,       2.06,      20.57,     67.85,          5.31
         10,          4,    6,          1.27,          3.30,       2.14,      21.36,     70.44,          5.26
         10,          4,    7,          1.61,          3.30,       2.21,      22.11,     72.90,          5.19
         10,          5,    1,         -0.13,          3.30,       1.89,      18.92,     62.39,          8.90
         10,          5,    2,          0.97,          3.30,       2.06,      20.57,     67.83,          7.65
         10,          5,    3,          1.75,          3.30,       2.20,      22.01,     72.56,          7.10
         10,          5,    4,          2.31,          3.30,       2.32,      23.14,     76.30,          6.85
         10,          5,    5,          2.71,          3.30,       2.40,      24.06,     79.31,          6.71
         10,          5,    6,          3.03,          3.30,       2.50,      24.96,     82.28,          6.53
         10,          5,    7,          3.29,          3.30,       2.58,      25.75,     84.89,          6.38
         10,          6,    1,          1.42,          3.30,       2.15,      21.55,     71.06,         12.64
         10,          6,    2,          2.43,          3.30,       2.35,      23.43,     77.25,         10.21
         10,          6,    3,          3.10,          3.30,       2.49,      24.94,     82.21,          9.22
         10,          6,    4,          3.56,          3.30,       2.62,      26.18,     86.32,          8.66
         10,          6,    5,          3.92,          3.30,       2.72,      27.18,     89.60,          8.36
         10,          6,    6,          4.18,          3.30,       2.81,      28.13,     92.73,          8.03
         10,          6,    7,          4.41,          3.30,       2.90,      28.97,     95.47,          7.81
         10,          7,    1,          2.68,          3.30,       2.42,      24.24,     79.91,         13.84
         10,          7,    2,          3.69,          3.30,       2.66,      26.55,     87.51,         11.13
         10,          7,    3,          4.30,          3.30,       2.83,      28.32,     93.37,         10.03
         10,          7,    4,          4.72,          3.30,       2.97,      29.64,     97.71,          9.50
         10,          7,    5,          5.02,          3.30,       3.08,      30.83,    101.64,          9.03
         10,          7,    6,          5.25,          3.30,       3.19,      31.82,    104.89,          8.73
         10,          7,    7,          5.44,          3.30,       3.27,      32.68,    107.73,          8.49
         11,          1,    1,         -9.86,          3.30,       1.09,      10.90,     35.97,          2.80
         11,          1,    2,         -8.21,          3.30,       1.18,      11.78,     38.88,          2.29
         11,          1,    3,         -6.80,          3.30,       1.26,      12.56,     41.43,          2.28
         11,          1,    4,         -5.74,          3.30,       1.33,      13.30,     43.86,          2.30
         11,          1,    5,         -4.96,          3.30,       1.40,      14.00,     46.17,          2.30
         11,          1,    6,         -4.27,          3.30,       1.46,      14.63,     48.27,          2.34
         11,          1,    7,         -3.71,          3.30,       1.52,      15.18,     50.08,          2.39
         11,          2,    1,         -7.28,          3.30,       1.22,      12.16,     40.12,          5.93
         11,          2,    2,         -5.69,          3.30,       1.32,      13.16,     43.43,          4.18
         11,          2,    3,         -4.46,          3.30,       1.42,      14.17,     46.75,          3.66
         11,          2,    4,         -3.52,          3.30,       1.50,      15.01,     49.52,          3.55
         11,          2,    5,         -2.77,          3.30,       1.58,      15.81,     52.14,          3.49
         11,          2,    6,         -2.13,          3.30,       1.66,      16.60,     54.74,          3.44
         11,          2,    7,         -1.63,          3.30,       1.72,      17.19,     56.70,          3.48
         11,          3,    1,         -4.17,          3.30,       1.43,      14.27,     47.10,          6.76
         11,          3,    2,         -2.81,          3.30,       1.56,      15.57,     51.36,          5.28
         11,          3,    3,         -1.76,          3.30,       1.67,      16.66,     54.95,          4.94
         11,          3,    4,         -0.98,          3.30,       1.77,      17.64,     58.19,          4.77
         11,          3,    5,         -0.40,          3.30,       1.86,      18.55,     61.19,          4.62
         11,          3,    6,          0.11,          3.30,       1.93,      19.34,     63.78,          4.59
         11,          3,    7,          0.50,          3.30,       2.00,      20.04,     66.07,          4.55
         11,          4,    1,         -1.94,          3.30,       1.65,      16.47,     54.33,          7.64
         11,          4,    2,         -0.72,          3.30,       1.79,      17.94,     59.18,          6.41
         11,          4,    3,          0.16,          3.30,       1.92,      19.23,     63.42,          5.94
         11,          4,    4,          0.84,          3.30,       2.03,      20.28,     66.86,          5.81
         11,          4,    5,          1.34,          3.30,       2.13,      21.28,     70.17,          5.62
         11,          4,    6,          1.76,          3.30,       2.21,      22.07,     72.75,          5.59
         11,          4,    7,          2.12,          3.30,       2.29,      22.87,     75.42,          5.53
         11,          5,    1,          0.36,          3.30,       1.95,      19.53,     64.41,          9.64
         11,          5,    2,          1.48,          3.30,       2.13,      21.33,     70.33,          8.18
         11,          5,    3,          2.26,          3.30,       2.28,      22.80,     75.19,          7.63
         11,          5,    4,          2.78,          3.30,       2.39,      23.92,     78.86,          7.38
         11,          5,    5,          3.22,          3.30,       2.50,      25.05,     82.58,          7.13
         11,          5,    6,          3.53,          3.30,       2.59,      25.92,     85.46,          6.98
         11,          5,    7,          3.79,          3.30,       2.68,      26.78,     88.27,          6.81
         11,          6,    1,          1.93,          3.30,       2.23,      22.27,     73.42,         13.44
         11,          6,    2,          2.95,          3.30,       2.44,      24.35,     80.28,         10.67
         11,          6,    3,          3.61,          3.30,       2.60,      25.96,     85.58,          9.65
         11,          6,    4,          4.07,          3.30,       2.72,      27.18,     89.61,          9.18
         11,          6,    5,          4.42,          3.30,       2.83,      28.32,     93.35,          8.78
         11,          6,    6,          4.69,          3.30,       2.93,      29.26,     96.45,          8.50
         11,          6,    7,          4.92,          3.30,       3.02,      30.19,     99.50,          8.24
         11,          7,    1,          3.17,          3.30,       2.52,      25.23,     83.18,         14.48
         11,          7,    2,          4.18,          3.30,       2.76,      27.62,     91.03,         11.81
         11,          7,    3,          4.82,          3.30,       2.95,      29.51,     97.28,         10.66
         11,          7,    4,          5.22,          3.30,       3.09,      30.90,    101.85,         10.09
         11,          7,    5,          5.52,          3.30,       3.21,      32.11,    105.84,          9.64
         11,          7,    6,          5.75,          3.30,       3.32,      33.15,    109.26,          9.30
         11,          7,    7,          5.94,          3.30,       3.41,      34.13,    112.49,          9.01
         12,          1,    1,         -9.57,          3.30,       1.11,      11.10,     36.62,          2.70
         12,          1,    2,         -7.81,          3.30,       1.20,      11.92,     39.35,          2.43
         12,          1,    3,         -6.40,          3.30,       1.28,      12.78,     42.16,          2.38
         12,          1,    4,         -5.37,          3.30,       1.35,      13.54,     44.67,          2.39
         12,          1,    5,         -4.59,          3.30,       1.42,      14.16,     46.71,          2.45
         12,          1,    6,         -3.89,          3.30,       1.49,      14.90,     49.16,          2.46
         12,          1,    7,         -3.34,          3.30,       1.55,      15.44,     50.95,          2.52
         12,          2,    1,         -6.91,          3.30,       1.23,      12.34,     40.71,          6.35
         12,          2,    2,         -5.30,          3.30,       1.34,      13.41,     44.25,          4.37
         12,          2,    3,         -4.12,          3.30,       1.44,      14.37,     47.41,          3.91
         12,          2,    4,         -3.12,          3.30,       1.53,      15.32,     50.55,          3.74
         12,          2,    5,         -2.37,          3.30,       1.62,      16.15,     53.29,          3.67
         12,          2,    6,         -1.78,          3.30,       1.69,      16.88,     55.68,          3.65
         12,          2,    7,         -1.25,          3.30,       1.75,      17.55,     57.88,          3.68
         12,          3,    1,         -3.83,          3.30,       1.45,      14.55,     48.01,          6.91
         12,          3,    2,         -2.41,          3.30,       1.58,      15.83,     52.21,          5.63
         12,          3,    3,         -1.40,          3.30,       1.70,      16.98,     56.00,          5.18
         12,          3,    4,         -0.61,          3.30,       1.81,      18.10,     59.70,          4.91
         12,          3,    5,         -0.01,          3.30,       1.90,      18.95,     62.51,          4.87
         12,          3,    6,          0.48,          3.30,       1.98,      19.83,     65.42,          4.77
         12,          3,    7,          0.89,          3.30,       2.05,      20.46,     67.48,          4.82
         12,          4,    1,         -1.58,          3.30,       1.68,      16.75,     55.25,          8.41
         12,          4,    2,         -0.35,          3.30,       1.83,      18.32,     60.42,          6.86
         12,          4,    3,          0.54,          3.30,       1.97,      19.68,     64.92,          6.31
         12,          4,    4,          1.20,          3.30,       2.07,      20.72,     68.32,          6.17
         12,          4,    5,          1.71,          3.30,       2.18,      21.78,     71.83,          5.96
         12,          4,    6,          2.15,          3.30,       2.27,      22.66,     74.72,          5.92
         12,          4,    7,          2.50,          3.30,       2.35,      23.47,     77.41,          5.85
         12,          5,    1,          0.73,          3.30,       2.00,      20.03,     66.04,          9.95
         12,          5,    2,          1.86,          3.30,       2.19,      21.88,     72.15,          8.54
         12,          5,    3,          2.64,          3.30,       2.34,      23.41,     77.18,          7.98
         12,          5,    4,          3.19,          3.30,       2.47,      24.70,     81.43,          7.64
         12,          5,    5,          3.60,          3.30,       2.58,      25.76,     84.94,          7.44
         12,          5,    6,          3.92,          3.30,       2.67,      26.72,     88.08,          7.27
         12,          5,    7,          4.18,          3.30,       2.76,      27.56,     90.85,          7.13
         12,          6,    1,          2.30,          3.30,       2.29,      22.94,     75.63,         13.83
         12,          6,    2,          3.33,          3.30,       2.50,      25.04,     82.55,         11.22
         12,          6,    3,          4.00,          3.30,       2.67,      26.72,     88.08,         10.16
         12,          6,    4,          4.46,          3.30,       2.81,      28.04,     92.44,          9.61
         12,          6,    5,          4.82,          3.30,       2.92,      29.17,     96.14,          9.25
         12,          6,    6,          5.09,          3.30,       3.02,      30.15,     99.38,          8.97
         12,          6,    7,          5.31,          3.30,       3.11,      31.15,    102.68,          8.64
         12,          7,    1,          3.54,          3.30,       2.60,      25.90,     85.39,         15.46
         12,          7,    2,          4.56,          3.30,       2.85,      28.50,     93.97,         12.32
         12,          7,    3,          5.20,          3.30,       3.04,      30.41,    100.24,         11.24
         12,          7,    4,          5.60,          3.30,       3.20,      31.95,    105.31,         10.52
         12,          7,    5,          5.91,          3.30,       3.32,      33.16,    109.30,         10.12
         12,          7,    6,          6.15,          3.30,       3.42,      34.19,    112.69,          9.83
         12,          7,    7,          6.35,          3.30,       3.52,      35.19,    115.99,          9.53
         13,          1,    1,         -9.11,          3.30,       1.12,      11.21,     37.01,          3.12
         13,          1,    2,         -7.34,          3.30,       1.21,      12.14,     40.05,          2.64
         13,          1,    3,         -5.96,          3.30,       1.30,      12.96,     42.74,          2.62
         13,          1,    4,         -4.91,          3.30,       1.38,      13.77,     45.43,          2.61
         13,          1,    5,         -4.12,          3.30,       1.45,      14.53,     47.94,          2.60
         13,          1,    6,         -3.42,          3.30,       1.52,      15.15,     50.00,          2.69
         13,          1,    7,         -2.88,          3.30,       1.58,      15.82,     52.17,          2.69
         13,          2,    1,         -6.46,          3.30,       1.26,      12.52,     41.30,          7.11
         13,          2,    2,         -4.91,          3.30,       1.36,      13.63,     44.97,          4.71
         13,          2,    3,         -3.62,          3.30,       1.47,      14.72,     48.56,          4.16
         13,          2,    4,         -2.69,          3.30,       1.56,      15.61,     51.50,          4.02
         13,          2,    5,         -1.95,          3.30,       1.65,      16.51,     54.48,          3.90
         13,          2,    6,         -1.31,          3.30,       1.72,      17.26,     56.95,          3.93
         13,          2,    7,         -0.79,          3.30,       1.81,      18.10,     59.69,          3.86
         13,          3,    1,         -3.36,          3.30,       1.49,      14.92,     49.23,          7.28
         13,          3,    2,         -1.97,          3.30,       1.62,      16.25,     53.60,          5.94
         13,          3,    3,         -0.92,          3.30,       1.75,      17.50,     57.74,          5.45
         13,          3,    4,         -0.13,          3.30,       1.86,      18.61,     61.36,          5.25
         13,          3,    5,          0.44,          3.30,       1.95,      19.50,     64.30,          5.17
         13,          3,    6,          0.94,          3.30,       2.04,      20.37,     67.18,          5.11
         13,          3,    7,          1.34,          3.30,       2.12,      21.19,     69.88,          5.05
         13,          4,    1,         -1.13,          3.30,       1.72,      17.22,     56.80,          8.86
         13,          4,    2,          0.12,          3.30,       1.89,      18.90,     62.34,          7.22
         13,          4,    3,          1.01,          3.30,       2.02,      20.24,     66.76,          6.76
         13,          4,    4,          1.68,          3.30,       2.15,      21.48,     70.82,          6.48
         13,          4,    5,          2.22,          3.30,       2.25,      22.50,     74.18,          6.39
         13,          4,    6,          2.63,          3.30,       2.34,      23.43,     77.25,          6.29
         13,          4,    7,          2.99,          3.30,       2.43,      24.26,     79.98,          6.24
         13,          5,    1,          1.16,          3.30,       2.06,      20.59,     67.91,         10.72
         13,          5,    2,          2.34,          3.30,       2.26,      22.63,     74.62,          9.07
         13,          5,    3,          3.12,          3.30,       2.42,      24.24,     79.93,          8.47
         13,          5,    4,          3.66,          3.30,       2.56,      25.59,     84.35,          8.11
         13,          5,    5,          4.07,          3.30,       2.67,      26.69,     87.98,          7.91
         13,          5,    6,          4.40,          3.30,       2.77,      27.66,     91.18,          7.77
         13,          5,    7,          4.67,          3.30,       2.86,      28.58,     94.21,          7.61
         13,          6,    1,          2.77,          3.30,       2.37,      23.74,     78.30,         14.79
         13,          6,    2,          3.82,          3.30,       2.60,      26.05,     85.88,         11.82
         13,          6,    3,          4.48,          3.30,       2.78,      27.79,     91.60,         10.76
         13,          6,    4,          4.95,          3.30,       2.91,      29.15,     96.08,         10.23
         13,          6,    5,          5.30,          3.30,       3.04,      30.38,    100.13,          9.77
         13,          6,    6,          5.57,          3.30,       3.14,      31.45,    103.65,          9.46
         13,          6,    7,          5.79,          3.30,       3.24,      32.41,    106.84,          9.18
         13,          7,    1,          4.02,          3.30,       2.69,      26.91,     88.71,         16.00
         13,          7,    2,          5.05,          3.30,       2.97,      29.67,     97.81,         12.86
         13,          7,    3,          5.68,          3.30,       3.17,      31.76,    104.69,         11.65
         13,          7,    4,          6.10,          3.30,       3.33,      33.26,    109.62,         11.12
         13,          7,    5,          6.41,          3.30,       3.45,      34.48,    113.66,         10.74
         13,          7,    6,          6.65,          3.30,       3.57,      35.64,    117.49,         10.38
         13,          7,    7,          6.84,          3.30,       3.67,      36.73,    121.08,         10.03
         14,          1,    1,         -8.75,          3.30,       1.14,      11.44,     37.75,          3.18
         14,          1,    2,         -6.94,          3.30,       1.23,      12.37,     40.81,          2.79
         14,          1,    3,         -5.55,          3.30,       1.33,      13.30,     43.87,          2.70
         14,          1,    4,         -4.48,          3.30,       1.41,      14.10,     46.53,          2.75
         14,          1,    5,         -3.71,          3.30,       1.48,      14.83,     48.93,          2.77
         14,          1,    6,         -2.99,          3.30,       1.56,      15.58,     51.40,          2.81
         14,          1,    7,         -2.44,          3.30,       1.62,      16.21,     53.47,          2.86
         14,          2,    1,         -6.01,          3.30,       1.29,      12.91,     42.58,          6.45
         14,          2,    2,         -4.46,          3.30,       1.40,      14.02,     46.25,          4.73
         14,          2,    3,         -3.23,          3.30,       1.51,      15.09,     49.77,          4.29
         14,          2,    4,         -2.25,          3.30,       1.61,      16.12,     53.18,          4.11
         14,          2,    5,         -1.51,          3.30,       1.70,      16.99,     56.03,          4.07
         14,          2,    6,         -0.86,          3.30,       1.78,      17.78,     58.64,          4.11
         14,          2,    7,         -0.35,          3.30,       1.86,      18.57,     61.24,          4.09
         14,          3,    1,         -2.93,          3.30,       1.53,      15.35,     50.63,          7.67
         14,          3,    2,         -1.54,          3.30,       1.67,      16.73,     55.18,          6.27
         14,          3,    3,         -0.49,          3.30,       1.80,      18.02,     59.43,          5.79
         14,          3,    4,          0.31,          3.30,       1.92,      19.18,     63.28,          5.56
         14,          3,    5,          0.91,          3.30,       2.01,      20.15,     66.48,          5.48
         14,          3,    6,          1.40,          3.30,       2.10,      21.04,     69.38,          5.43
         14,          3,    7,          1.80,          3.30,       2.18,      21.85,     72.06,          5.39
         14,          4,    1,         -0.70,          3.30,       1.78,      17.80,     58.73,          9.11
         14,          4,    2,          0.57,          3.30,       1.95,      19.48,     64.27,          7.65
         14,          4,    3,          1.46,          3.30,       2.09,      20.90,     68.94,          7.16
         14,          4,    4,          2.13,          3.30,       2.22,      22.18,     73.16,          6.87
         14,          4,    5,          2.64,          3.30,       2.33,      23.29,     76.80,          6.70
         14,          4,    6,          3.09,          3.30,       2.43,      24.29,     80.09,          6.63
         14,          4,    7,          3.43,          3.30,       2.52,      25.23,     83.18,          6.52
         14,          5,    1,          1.61,          3.30,       2.13,      21.32,     70.29,         11.21
         14,          5,    2,          2.78,          3.30,       2.34,      23.43,     77.28,          9.51
         14,          5,    3,          3.57,          3.30,       2.52,      25.20,     83.09,          8.84
         14,          5,    4,          4.12,          3.30,       2.66,      26.58,     87.63,          8.54
         14,          5,    5,          4.52,          3.30,       2.77,      27.70,     91.31,          8.35
         14,          5,    6,          4.86,          3.30,       2.88,      28.78,     94.86,          8.16
         14,          5,    7,          5.13,          3.30,       2.97,      29.70,     97.91,          8.04
         14,          6,    1,          3.21,          3.30,       2.46,      24.63,     81.23,         15.16
         14,          6,    2,          4.27,          3.30,       2.70,      27.00,     88.99,         12.37
         14,          6,    3,          4.94,          3.30,       2.89,      28.91,     95.29,         11.18
         14,          6,    4,          5.41,          3.30,       3.03,      30.30,     99.88,         10.71
         14,          6,    5,          5.76,          3.30,       3.16,      31.65,    104.32,         10.21
         14,          6,    6,          6.04,          3.30,       3.27,      32.70,    107.77,          9.96
         14,          6,    7,          6.26,          3.30,       3.36,      33.63,    110.86,          9.73
         14,          7,    1,          4.46,          3.30,       2.80,      28.01,     92.33,         16.77
         14,          7,    2,          5.50,          3.30,       3.09,      30.86,    101.70,         13.64
         14,          7,    3,          6.16,          3.30,       3.30,      33.06,    108.97,         12.40
         14,          7,    4,          6.57,          3.30,       3.46,      34.60,    114.03,         11.84
         14,          7,    5,          6.87,          3.30,       3.60,      35.98,    118.61,         11.35
         14,          7,    6,          7.11,          3.30,       3.72,      37.21,    122.63,         10.96
         14,          7,    7,          7.31,          3.30,       3.83,      38.30,    126.25,         10.64
         15,          1,    1,         -4.11,          3.30,       1.37,      13.69,     45.16,          4.53
         15,          1,    2,         -2.20,          3.30,       1.53,      15.32,     50.56,          4.31
         15,          1,    3,         -0.95,          3.30,       1.67,      16.72,     55.16,          4.33
         15,          1,    4,          0.00,          3.30,       1.80,      18.02,     59.45,          4.38
         15,          1,    5,          0.67,          3.30,       1.91,      19.10,     63.00,          4.42
         15,          1,    6,          1.22,          3.30,       2.02,      20.19,     66.59,          4.41
         15,          1,    7,          1.66,          3.30,       2.12,      21.19,     69.88,          4.40
         15,          2,    1,         -2.18,          3.30,       1.54,      15.40,     50.82,          8.45
         15,          2,    2,         -0.48,          3.30,       1.72,      17.23,     56.83,          6.80
         15,          2,    3,          0.70,          3.30,       1.89,      18.91,     62.39,          6.27
         15,          2,    4,          1.53,          3.30,       2.03,      20.33,     67.05,          6.09
         15,          2,    5,          2.17,          3.30,       2.17,      21.70,     71.55,          5.91
         15,          2,    6,          2.67,          3.30,       2.28,      22.84,     75.31,          5.84
         15,          2,    7,          3.08,          3.30,       2.40,      23.99,     79.10,          5.73
         15,          3,    1,          0.11,          3.30,       1.82,      18.20,     60.03,         11.60
         15,          3,    2,          1.61,          3.30,       2.04,      20.36,     67.14,          9.08
         15,          3,    3,          2.64,          3.30,       2.23,      22.29,     73.51,          8.22
         15,          3,    4,          3.32,          3.30,       2.38,      23.83,     78.59,          7.83
         15,          3,    5,          3.82,          3.30,       2.52,      25.26,     83.29,          7.51
         15,          3,    6,          4.21,          3.30,       2.66,      26.53,     87.47,          7.26
         15,          3,    7,          4.54,          3.30,       2.78,      27.77,     91.56,          7.04
         15,          4,    1,          1.78,          3.30,       2.08,      20.82,     68.63,         13.13
         15,          4,    2,          3.11,          3.30,       2.33,      23.35,     76.98,         10.34
         15,          4,    3,          3.97,          3.30,       2.54,      25.41,     83.77,          9.37
         15,          4,    4,          4.57,          3.30,       2.71,      27.14,     89.47,          8.87
         15,          4,    5,          5.00,          3.30,       2.87,      28.73,     94.71,          8.42
         15,          4,    6,          5.34,          3.30,       3.01,      30.12,     99.27,          8.12
         15,          4,    7,          5.62,          3.30,       3.15,      31.48,    103.76,          7.84
         15,          5,    1,          3.45,          3.30,       2.44,      24.35,     80.28,         13.66
         15,          5,    2,          4.63,          3.30,       2.72,      27.22,     89.73,         11.34
         15,          5,    3,          5.37,          3.30,       2.96,      29.63,     97.65,         10.27
         15,          5,    4,          5.86,          3.30,       3.15,      31.50,    103.83,          9.71
         15,          5,    5,          6.23,          3.30,       3.32,      33.21,    109.47,          9.26
         15,          5,    6,          6.50,          3.30,       3.47,      34.73,    114.48,          8.86
         15,          5,    7,          6.72,          3.30,       3.62,      36.23,    119.42,          8.50
         15,          6,    1,          4.63,          3.30,       2.76,      27.62,     91.04,         15.85
         15,          6,    2,          5.71,          3.30,       3.08,      30.82,    101.61,         12.91
         15,          6,    3,          6.35,          3.30,       3.33,      33.27,    109.66,         11.68
         15,          6,    4,          6.77,          3.30,       3.54,      35.37,    116.58,         10.84
         15,          6,    5,          7.08,          3.30,       3.73,      37.24,    122.76,         10.20
         15,          6,    6,          7.32,          3.30,       3.90,      38.96,    128.40,          9.69
         15,          6,    7,          7.51,          3.30,       4.07,      40.69,    134.11,          9.18
         15,          7,    1,          5.54,          3.30,       3.08,      30.86,    101.72,         17.76
         15,          7,    2,          6.58,          3.30,       3.45,      34.49,    113.68,         14.17
         15,          7,    3,          7.16,          3.30,       3.74,      37.38,    123.19,         12.49
         15,          7,    4,          7.55,          3.30,       3.98,      39.77,    131.09,         11.49
         15,          7,    5,          7.83,          3.30,       4.20,      41.97,    138.33,         10.69
         15,          7,    6,          8.04,          3.30,       4.39,      43.86,    144.54,         10.12
         15,          7,    7,          8.22,          3.30,       4.58,      45.83,    151.05,          9.55
         16,          1,    1,         -3.65,          3.30,       1.40,      13.96,     46.07,          4.69
         16,          1,    2,         -1.77,          3.30,       1.57,      15.66,     51.68,          4.49
         16,          1,    3,         -0.48,          3.30,       1.72,      17.16,     56.61,          4.54
         16,          1,    4,          0.46,          3.30,       1.85,      18.50,     61.02,          4.60
         16,          1,    5,          1.12,          3.30,       1.97,      19.73,     65.08,          4.59
         16,          1,    6,          1.69,          3.30,       2.08,      20.79,     68.58,          4.66
         16,          1,    7,          2.15,          3.30,       2.18,      21.85,     72.04,          4.66
         16,          2,    1,         -1.78,          3.30,       1.57,      15.75,     51.96,          8.74
         16,          2,    2,         -0.02,          3.30,       1.77,      17.72,     58.48,          7.05
         16,          2,    3,          1.15,          3.30,       1.95,      19.50,     64.32,          6.53
         16,          2,    4,          2.01,          3.30,       2.09,      20.92,     69.01,          6.45
         16,          2,    5,          2.63,          3.30,       2.23,      22.33,     73.64,          6.26
         16,          2,    6,          3.14,          3.30,       2.36,      23.64,     77.94,          6.14
         16,          2,    7,          3.55,          3.30,       2.48,      24.84,     81.88,          6.04
         16,          3,    1,          0.55,          3.30,       1.87,      18.63,     61.46,         12.65
         16,          3,    2,          2.09,          3.30,       2.10,      21.02,     69.31,          9.62
         16,          3,    3,          3.09,          3.30,       2.30,      23.01,     75.89,          8.71
         16,          3,    4,          3.79,          3.30,       2.47,      24.73,     81.53,          8.23
         16,          3,    5,          4.30,          3.30,       2.62,      26.17,     86.29,          7.96
         16,          3,    6,          4.69,          3.30,       2.75,      27.54,     90.77,          7.69
         16,          3,    7,          5.00,          3.30,       2.88,      28.84,     95.06,          7.43
         16,          4,    1,          2.23,          3.30,       2.15,      21.48,     70.83,         13.89
         16,          4,    2,          3.56,          3.30,       2.41,      24.11,     79.50,         10.98
         16,          4,    3,          4.43,          3.30,       2.63,      26.29,     86.69,          9.95
         16,          4,    4,          5.05,          3.30,       2.81,      28.14,     92.76,          9.42
         16,          4,    5,          5.48,          3.30,       2.98,      29.75,     98.06,          9.00
         16,          4,    6,          5.82,          3.30,       3.13,      31.28,    103.13,          8.61
         16,          4,    7,          6.10,          3.30,       3.27,      32.73,    107.90,          8.30
         16,          5,    1,          3.90,          3.30,       2.53,      25.26,     83.30,         14.25
         16,          5,    2,          5.10,          3.30,       2.83,      28.25,     93.13,         11.97
         16,          5,    3,          5.84,          3.30,       3.07,      30.69,    101.18,         10.94
         16,          5,    4,          6.35,          3.30,       3.27,      32.70,    107.79,         10.35
         16,          5,    5,          6.70,          3.30,       3.45,      34.44,    113.52,          9.87
         16,          5,    6,          6.98,          3.30,       3.62,      36.13,    119.08,          9.41
         16,          5,    7,          7.20,          3.30,       3.77,      37.70,    124.26,          9.03
         16,          6,    1,          5.09,          3.30,       2.88,      28.72,     94.67,         16.67
         16,          6,    2,          6.19,          3.30,       3.21,      32.06,    105.68,         13.68
         16,          6,    3,          6.82,          3.30,       3.46,      34.59,    114.02,         12.42
         16,          6,    4,          7.25,          3.30,       3.68,      36.83,    121.41,         11.51
         16,          6,    5,          7.56,          3.30,       3.88,      38.84,    128.02,         10.81
         16,          6,    6,          7.79,          3.30,       4.06,      40.62,    133.88,         10.26
         16,          6,    7,          7.99,          3.30,       4.24,      42.38,    139.69,          9.77
         16,          7,    1,          6.02,          3.30,       3.22,      32.19,    106.12,         18.39
         16,          7,    2,          7.06,          3.30,       3.60,      35.96,    118.52,         14.89
         16,          7,    3,          7.65,          3.30,       3.90,      39.01,    128.58,         13.17
         16,          7,    4,          8.03,          3.30,       4.15,      41.49,    136.74,         12.12
         16,          7,    5,          8.32,          3.30,       4.37,      43.70,    144.03,         11.38
         16,          7,    6,          8.53,          3.30,       4.58,      45.84,    151.07,         10.69
         16,          7,    7,          8.70,          3.30,       4.78,      47.75,    157.39,         10.15
         17,          1,    1,         -3.25,          3.30,       1.43,      14.23,     46.96,          4.99
         17,          1,    2,         -1.33,          3.30,       1.60,      16.01,     52.82,          4.79
         17,          1,    3,         -0.04,          3.30,       1.76,      17.57,     57.96,          4.84
         17,          1,    4,          0.88,          3.30,       1.90,      18.99,     62.62,          4.87
         17,          1,    5,          1.58,          3.30,       2.02,      20.20,     66.63,          4.94
         17,          1,    6,          2.15,          3.30,       2.14,      21.38,     70.51,          4.97
         17,          1,    7,          2.59,          3.30,       2.25,      22.49,     74.19,          4.95
         17,          2,    1,         -1.38,          3.30,       1.61,      16.14,     53.27,          9.06
         17,          2,    2,          0.39,          3.30,       1.82,      18.21,     60.07,          7.38
         17,          2,    3,          1.58,          3.30,       2.00,      20.03,     66.06,          6.91
         17,          2,    4,          2.46,          3.30,       2.16,      21.61,     71.26,          6.77
         17,          2,    5,          3.08,          3.30,       2.31,      23.06,     76.03,          6.60
         17,          2,    6,          3.60,          3.30,       2.44,      24.37,     80.35,          6.52
         17,          2,    7,          4.00,          3.30,       2.57,      25.64,     84.54,          6.38
         17,          3,    1,          0.93,          3.30,       1.92,      19.18,     63.25,         13.03
         17,          3,    2,          2.50,          3.30,       2.16,      21.61,     71.26,         10.15
         17,          3,    3,          3.52,          3.30,       2.37,      23.71,     78.18,          9.20
         17,          3,    4,          4.23,          3.30,       2.55,      25.46,     83.96,          8.76
         17,          3,    5,          4.74,          3.30,       2.70,      27.06,     89.21,          8.39
         17,          3,    6,          5.14,          3.30,       2.85,      28.56,     94.13,          8.09
         17,          3,    7,          5.46,          3.30,       2.99,      29.85,     98.40,          7.88
         17,          4,    1,          2.64,          3.30,       2.21,      22.13,     72.96,         14.55
         17,          4,    2,          4.01,          3.30,       2.49,      24.91,     82.14,         11.55
         17,          4,    3,          4.86,          3.30,       2.72,      27.15,     89.52,         10.50
         17,          4,    4,          5.47,          3.30,       2.91,      29.06,     95.81,          9.94
         17,          4,    5,          5.92,          3.30,       3.08,      30.81,    101.55,          9.48
         17,          4,    6,          6.27,          3.30,       3.24,      32.42,    106.88,          9.10
         17,          4,    7,          6.55,          3.30,       3.39,      33.92,    111.82,          8.77
         17,          5,    1,          4.33,          3.30,       2.61,      26.07,     85.94,         14.90
         17,          5,    2,          5.53,          3.30,       2.92,      29.24,     96.39,         12.48
         17,          5,    3,          6.30,          3.30,       3.19,      31.89,    105.12,         11.41
         17,          5,    4,          6.78,          3.30,       3.39,      33.88,    111.68,         10.86
         17,          5,    5,          7.15,          3.30,       3.58,      35.75,    117.84,         10.37
         17,          5,    6,          7.43,          3.30,       3.75,      37.54,    123.75,          9.89
         17,          5,    7,          7.65,          3.30,       3.92,      39.19,    129.17,          9.47
         17,          6,    1,          5.54,          3.30,       2.97,      29.73,     98.00,         17.75
         17,          6,    2,          6.63,          3.30,       3.33,      33.25,    109.59,         14.49
         17,          6,    3,          7.26,          3.30,       3.60,      35.98,    118.59,         13.06
         17,          6,    4,          7.70,          3.30,       3.83,      38.33,    126.35,         12.12
         17,          6,    5,          8.01,          3.30,       4.04,      40.39,    133.11,         11.44
         17,          6,    6,          8.25,          3.30,       4.23,      42.26,    139.27,         10.87
         17,          6,    7,          8.44,          3.30,       4.41,      44.06,    145.23,         10.37
         17,          7,    1,          6.45,          3.30,       3.34,      33.36,    109.95,         19.65
         17,          7,    2,          7.51,          3.30,       3.74,      37.41,    123.29,         15.72
         17,          7,    3,          8.10,          3.30,       4.06,      40.58,    133.74,         13.95
         17,          7,    4,          8.49,          3.30,       4.31,      43.14,    142.19,         12.92
         17,          7,    5,          8.77,          3.30,       4.55,      45.53,    150.06,         12.04
         17,          7,    6,          8.98,          3.30,       4.77,      47.67,    157.10,         11.37
         17,          7,    7,          9.16,          3.30,       4.98,      49.78,    164.06,         10.76
         18,          1,    1,         -2.83,          3.30,       1.46,      14.56,     48.06,          5.20
         18,          1,    2,         -0.91,          3.30,       1.65,      16.45,     54.27,          4.99
         18,          1,    3,          0.42,          3.30,       1.81,      18.11,     59.74,          5.07
         18,          1,    4,          1.35,          3.30,       1.96,      19.61,     64.68,          5.12
         18,          1,    5,          2.06,          3.30,       2.09,      20.84,     68.74,          5.23
         18,          1,    6,          2.62,          3.30,       2.20,      22.07,     72.78,          5.26
         18,          1,    7,          3.06,          3.30,       2.32,      23.26,     76.71,          5.23
         18,          2,    1,         -0.95,          3.30,       1.65,      16.45,     54.30,          9.79
         18,          2,    2,          0.82,          3.30,       1.87,      18.71,     61.72,          7.73
         18,          2,    3,          2.04,          3.30,       2.06,      20.61,     67.98,          7.31
         18,          2,    4,          2.91,          3.30,       2.22,      22.23,     73.34,          7.16
         18,          2,    5,          3.54,          3.30,       2.37,      23.74,     78.29,          7.02
         18,          2,    6,          4.05,          3.30,       2.52,      25.23,     83.21,          6.85
         18,          2,    7,          4.46,          3.30,       2.65,      26.54,     87.49,          6.74
         18,          3,    1,          1.37,          3.30,       1.97,      19.69,     64.96,         13.72
         18,          3,    2,          2.94,          3.30,       2.22,      22.25,     73.37,         10.69
         18,          3,    3,          3.98,          3.30,       2.45,      24.53,     80.90,          9.64
         18,          3,    4,          4.68,          3.30,       2.64,      26.43,     87.13,          9.13
         18,          3,    5,          5.21,          3.30,       2.81,      28.08,     92.54,          8.82
         18,          3,    6,          5.61,          3.30,       2.96,      29.55,     97.41,          8.58
         18,          3,    7,          5.94,          3.30,       3.10,      30.97,    102.09,          8.32
         18,          4,    1,          3.08,          3.30,       2.28,      22.80,     75.19,         15.27
         18,          4,    2,          4.46,          3.30,       2.58,      25.76,     84.96,         12.09
         18,          4,    3,          5.33,          3.30,       2.81,      28.13,     92.73,         11.06
         18,          4,    4,          5.94,          3.30,       3.02,      30.19,     99.52,         10.43
         18,          4,    5,          6.39,          3.30,       3.20,      31.97,    105.38,         10.02
         18,          4,    6,          6.75,          3.30,       3.37,      33.68,    110.99,          9.63
         18,          4,    7,          7.02,          3.30,       3.53,      35.29,    116.31,          9.25
         18,          5,    1,          4.78,          3.30,       2.70,      26.95,     88.85,         15.92
         18,          5,    2,          6.00,          3.30,       3.03,      30.31,     99.91,         13.30
         18,          5,    3,          6.75,          3.30,       3.32,      33.13,    109.22,         12.06
         18,          5,    4,          7.26,          3.30,       3.53,      35.25,    116.18,         11.51
         18,          5,    5,          7.63,          3.30,       3.72,      37.24,    122.73,         10.99
         18,          5,    6,          7.91,          3.30,       3.91,      39.07,    128.77,         10.51
         18,          5,    7,          8.12,          3.30,       4.08,      40.81,    134.50,         10.06
         18,          6,    1,          6.00,          3.30,       3.09,      30.85,    101.69,         18.73
         18,          6,    2,          7.10,          3.30,       3.46,      34.53,    113.84,         15.36
         18,          6,    3,          7.74,          3.30,       3.75,      37.45,    123.45,         13.81
         18,          6,    4,          8.18,          3.30,       3.99,      39.90,    131.51,         12.88
         18,          6,    5,          8.50,          3.30,       4.21,      42.06,    138.64,         12.16
         18,          6,    6,          8.73,          3.30,       4.41,      44.05,    145.20,         11.52
         18,          6,    7,          8.92,          3.30,       4.60,      45.95,    151.44,         10.98
         18,          7,    1,          6.94,          3.30,       3.47,      34.72,    114.45,         20.74
         18,          7,    2,          7.99,          3.30,       3.90,      39.01,    128.60,         16.57
         18,          7,    3,          8.58,          3.30,       4.24,      42.36,    139.64,         14.72
         18,          7,    4,          8.98,          3.30,       4.51,      45.09,    148.61,         13.63
         18,          7,    5,          9.26,          3.30,       4.75,      47.53,    156.64,         12.79
         18,          7,    6,          9.48,          3.30,       4.97,      49.68,    163.72,         12.13
         18,          7,    7,          9.64,          3.30,       5.19,      51.92,    171.08,         11.45
         19,          1,    1,         -2.38,          3.30,       1.49,      14.91,     49.18,          5.52
         19,          1,    2,         -0.44,          3.30,       1.69,      16.85,     55.58,          5.35
         19,          1,    3,          0.89,          3.30,       1.86,      18.63,     61.45,          5.39
         19,          1,    4,          1.85,          3.30,       2.01,      20.12,     66.38,          5.53
         19,          1,    5,          2.54,          3.30,       2.15,      21.55,     71.08,          5.54
         19,          1,    6,          3.12,          3.30,       2.28,      22.80,     75.19,          5.63
         19,          1,    7,          3.57,          3.30,       2.40,      24.05,     79.30,          5.60
         19,          2,    1,         -0.50,          3.30,       1.69,      16.88,     55.71,         10.21
         19,          2,    2,          1.26,          3.30,       1.92,      19.19,     63.28,          8.20
         19,          2,    3,          2.49,          3.30,       2.12,      21.22,     69.99,          7.72
         19,          2,    4,          3.38,          3.30,       2.30,      23.00,     75.83,          7.54
         19,          2,    5,          4.02,          3.30,       2.46,      24.60,     81.11,          7.40
         19,          2,    6,          4.53,          3.30,       2.61,      26.06,     85.90,          7.30
         19,          2,    7,          4.95,          3.30,       2.75,      27.51,     90.71,          7.16
         19,          3,    1,          1.83,          3.30,       2.03,      20.27,     66.87,         14.45
         19,          3,    2,          3.40,          3.30,       2.30,      22.97,     75.74,         11.27
         19,          3,    3,          4.45,          3.30,       2.54,      25.39,     83.74,         10.16
         19,          3,    4,          5.16,          3.30,       2.74,      27.35,     90.16,          9.70
         19,          3,    5,          5.69,          3.30,       2.91,      29.09,     95.91,          9.37
         19,          3,    6,          6.11,          3.30,       3.07,      30.68,    101.13,          9.12
         19,          3,    7,          6.44,          3.30,       3.22,      32.20,    106.13,          8.85
         19,          4,    1,          3.54,          3.30,       2.36,      23.57,     77.73,         16.04
         19,          4,    2,          4.91,          3.30,       2.67,      26.64,     87.81,         12.83
         19,          4,    3,          5.81,          3.30,       2.93,      29.23,     96.34,         11.64
         19,          4,    4,          6.43,          3.30,       3.14,      31.39,    103.47,         11.04
         19,          4,    5,          6.88,          3.30,       3.33,      33.30,    109.78,         10.56
         19,          4,    6,          7.22,          3.30,       3.50,      35.04,    115.50,         10.18
         19,          4,    7,          7.51,          3.30,       3.67,      36.65,    120.78,          9.87
         19,          5,    1,          5.25,          3.30,       2.80,      27.99,     92.27,         16.66
         19,          5,    2,          6.48,          3.30,       3.16,      31.53,    103.94,         14.00
         19,          5,    3,          7.25,          3.30,       3.44,      34.37,    113.28,         12.91
         19,          5,    4,          7.75,          3.30,       3.67,      36.76,    121.16,         12.16
         19,          5,    5,          8.12,          3.30,       3.89,      38.87,    128.10,         11.60
         19,          5,    6,          8.41,          3.30,       4.08,      40.78,    134.41,         11.15
         19,          5,    7,          8.64,          3.30,       4.26,      42.59,    140.38,         10.72
         19,          6,    1,          6.50,          3.30,       3.22,      32.18,    106.06,         19.82
         19,          6,    2,          7.60,          3.30,       3.61,      36.11,    119.02,         16.21
         19,          6,    3,          8.25,          3.30,       3.91,      39.13,    128.98,         14.69
         19,          6,    4,          8.68,          3.30,       4.17,      41.65,    137.25,         13.73
         19,          6,    5,          9.00,          3.30,       4.39,      43.88,    144.64,         12.99
         19,          6,    6,          9.23,          3.30,       4.60,      45.98,    151.53,         12.33
         19,          6,    7,          9.43,          3.30,       4.80,      47.93,    157.96,         11.77
         19,          7,    1,          7.45,          3.30,       3.63,      36.30,    119.65,         22.04
         19,          7,    2,          8.50,          3.30,       4.08,      40.78,    134.40,         17.72
         19,          7,    3,          9.09,          3.30,       4.43,      44.26,    145.86,         15.77
         19,          7,    4,          9.50,          3.30,       4.71,      47.11,    155.27,         14.64
         19,          7,    5,          9.78,          3.30,       4.97,      49.64,    163.56,         13.74
         19,          7,    6,          9.99,          3.30,       5.20,      52.01,    171.39,         12.95
         19,          7,    7,         10.16,          3.29,       5.42,      54.18,    178.49,         12.34
         20,          1,    1,         -1.98,          3.30,       1.52,      15.20,     50.15,          5.83
         20,          1,    2,         -0.02,          3.30,       1.73,      17.26,     56.93,          5.63
         20,          1,    3,          1.31,          3.30,       1.91,      19.09,     62.98,          5.70
         20,          1,    4,          2.29,          3.30,       2.07,      20.71,     68.31,          5.83
         20,          1,    5,          3.01,          3.30,       2.22,      22.19,     73.19,          5.89
         20,          1,    6,          3.58,          3.30,       2.35,      23.53,     77.58,          5.95
         20,          1,    7,          4.03,          3.30,       2.48,      24.79,     81.75,          5.96
         20,          2,    1,         -0.11,          3.30,       1.72,      17.28,     56.98,         10.88
         20,          2,    2,          1.67,          3.30,       1.97,      19.72,     65.06,          8.62
         20,          2,    3,          2.91,          3.30,       2.18,      21.81,     71.93,          8.18
         20,          2,    4,          3.79,          3.30,       2.37,      23.66,     78.02,          7.98
         20,          2,    5,          4.46,          3.30,       2.54,      25.36,     83.61,          7.85
         20,          2,    6,          4.98,          3.30,       2.69,      26.91,     88.72,          7.73
         20,          2,    7,          5.40,          3.30,       2.84,      28.46,     93.81,          7.58
         20,          3,    1,          2.24,          3.30,       2.08,      20.79,     68.56,         15.30
         20,          3,    2,          3.82,          3.30,       2.37,      23.65,     77.97,         11.84
         20,          3,    3,          4.88,          3.30,       2.62,      26.19,     86.34,         10.70
         20,          3,    4,          5.61,          3.30,       2.82,      28.25,     93.12,         10.24
         20,          3,    5,          6.15,          3.30,       3.01,      30.07,     99.11,          9.92
         20,          3,    6,          6.56,          3.30,       3.18,      31.82,    104.90,          9.58
         20,          3,    7,          6.89,          3.30,       3.34,      33.39,    110.06,          9.32
         20,          4,    1,          3.96,          3.30,       2.43,      24.25,     79.97,         17.35
         20,          4,    2,          5.36,          3.30,       2.75,      27.49,     90.64,         13.72
         20,          4,    3,          6.24,          3.30,       3.02,      30.18,     99.49,         12.43
         20,          4,    4,          6.86,          3.30,       3.25,      32.44,    106.92,         11.76
         20,          4,    5,          7.32,          3.30,       3.44,      34.40,    113.36,         11.29
         20,          4,    6,          7.68,          3.30,       3.63,      36.31,    119.66,         10.86
         20,          4,    7,          7.97,          3.30,       3.81,      38.06,    125.44,         10.47
         20,          5,    1,          5.69,          3.30,       2.90,      28.95,     95.44,         17.68
         20,          5,    2,          6.92,          3.30,       3.27,      32.70,    107.77,         14.79
         20,          5,    3,          7.70,          3.30,       3.57,      35.73,    117.78,         13.59
         20,          5,    4,          8.21,          3.30,       3.82,      38.21,    125.94,         12.88
         20,          5,    5,          8.59,          3.30,       4.04,      40.39,    133.13,         12.33
         20,          5,    6,          8.88,          3.30,       4.24,      42.43,    139.84,         11.81
         20,          5,    7,          9.11,          3.30,       4.42,      44.23,    145.79,         11.42
         20,          6,    1,          6.95,          3.30,       3.34,      33.41,    110.10,         21.07
         20,          6,    2,          8.06,          3.30,       3.75,      37.49,    123.56,         17.32
         20,          6,    3,          8.71,          3.30,       4.08,      40.75,    134.31,         15.57
         20,          6,    4,          9.15,          3.30,       4.34,      43.35,    142.86,         14.62
         20,          6,    5,          9.46,          3.30,       4.57,      45.75,    150.77,         13.77
         20,          6,    6,          9.71,          3.30,       4.78,      47.76,    157.38,         13.22
         20,          6,    7,          9.90,          3.30,       4.99,      49.90,    164.43,         12.55
         20,          7,    1,          7.91,          3.30,       3.77,      37.72,    124.31,         23.39
         20,          7,    2,          8.97,          3.30,       4.26,      42.58,    140.34,         18.58
         20,          7,    3,          9.57,          3.30,       4.62,      46.21,    152.29,         16.63
         20,          7,    4,          9.96,          3.30,       4.91,      49.08,    161.75,         15.53
         20,          7,    5,         10.25,          3.29,       5.18,      51.76,    170.54,         14.59
         20,          7,    6,         10.47,          3.29,       5.41,      54.12,    178.32,         13.86
         20,          7,    7,         10.65,          3.29,       5.64,      56.41,    185.85,         13.20
         21,          1,    1,         -1.65,          3.30,       1.55,      15.43,     50.92,          6.09
         21,          1,    2,          0.32,          3.30,       1.76,      17.61,     58.10,          5.85
         21,          1,    3,          1.68,          3.30,       1.95,      19.54,     64.46,          5.94
         21,          1,    4,          2.67,          3.30,       2.12,      21.25,     70.09,          6.08
         21,          1,    5,          3.39,          3.30,       2.27,      22.71,     74.87,          6.20
         21,          1,    6,          3.96,          3.30,       2.41,      24.12,     79.55,          6.24
         21,          1,    7,          4.43,          3.30,       2.55,      25.48,     84.03,          6.26
         21,          2,    1,          0.21,          3.30,       1.76,      17.60,     58.05,         11.51
         21,          2,    2,          2.02,          3.30,       2.01,      20.07,     66.23,          9.20
         21,          2,    3,          3.27,          3.30,       2.23,      22.27,     73.44,          8.66
         21,          2,    4,          4.15,          3.30,       2.43,      24.26,     79.98,          8.38
         21,          2,    5,          4.83,          3.30,       2.60,      25.99,     85.68,          8.28
         21,          2,    6,          5.36,          3.30,       2.77,      27.69,     91.27,          8.12
         21,          2,    7,          5.78,          3.30,       2.92,      29.26,     96.46,          7.96
         21,          3,    1,          2.59,          3.30,       2.13,      21.33,     70.35,         15.95
         21,          3,    2,          4.17,          3.30,       2.43,      24.24,     79.94,         12.46
         21,          3,    3,          5.25,          3.30,       2.69,      26.90,     88.68,         11.27
         21,          3,    4,          5.98,          3.30,       2.91,      29.08,     95.87,         10.73
         21,          3,    5,          6.53,          3.30,       3.10,      30.94,    102.00,         10.45
         21,          3,    6,          6.96,          3.30,       3.28,      32.78,    108.06,         10.11
         21,          3,    7,          7.28,          3.30,       3.44,      34.38,    113.31,          9.84
         21,          4,    1,          4.32,          3.30,       2.50,      24.97,     82.32,         17.74
         21,          4,    2,          5.72,          3.30,       2.84,      28.35,     93.44,         14.15
         21,          4,    3,          6.61,          3.30,       3.11,      31.08,    102.45,         12.96
         21,          4,    4,          7.24,          3.30,       3.35,      33.43,    110.19,         12.28
         21,          4,    5,          7.70,          3.30,       3.55,      35.46,    116.89,         11.83
         21,          4,    6,          8.07,          3.30,       3.74,      37.37,    123.18,         11.44
         21,          4,    7,          8.37,          3.30,       3.93,      39.26,    129.39,         11.02
         21,          5,    1,          6.07,          3.30,       2.99,      29.92,     98.61,         18.41
         21,          5,    2,          7.32,          3.30,       3.38,      33.74,    111.21,         15.59
         21,          5,    3,          8.09,          3.30,       3.69,      36.90,    121.62,         14.33
         21,          5,    4,          8.62,          3.30,       3.95,      39.44,    130.01,         13.62
         21,          5,    5,          8.99,          3.30,       4.18,      41.78,    137.70,         12.97
         21,          5,    6,          9.28,          3.30,       4.38,      43.78,    144.30,         12.51
         21,          5,    7,          9.51,          3.30,       4.58,      45.79,    150.91,         12.04
         21,          6,    1,          7.34,          3.30,       3.45,      34.50,    113.70,         22.16
         21,          6,    2,          8.46,          3.30,       3.89,      38.88,    128.15,         18.04
         21,          6,    3,          9.12,          3.30,       4.22,      42.24,    139.21,         16.35
         21,          6,    4,          9.56,          3.30,       4.49,      44.95,    148.13,         15.34
         21,          6,    5,          9.88,          3.30,       4.73,      47.31,    155.93,         14.58
         21,          6,    6,         10.12,          3.30,       4.95,      49.52,    163.18,         13.90
         21,          6,    7,         10.32,          3.30,       5.16,      51.62,    170.11,         13.30
         21,          7,    1,          8.31,          3.30,       3.92,      39.14,    129.01,         24.24
         21,          7,    2,          9.38,          3.30,       4.42,      44.15,    145.51,         19.48
         21,          7,    3,          9.99,          3.30,       4.79,      47.91,    157.90,         17.53
         21,          7,    4,         10.39,          3.30,       5.09,      50.94,    167.86,         16.37
         21,          7,    5,         10.68,          3.29,       5.37,      53.74,    177.06,         15.37
         21,          7,    6,         10.89,          3.29,       5.61,      56.10,    184.80,         14.65
         21,          7,    7,         11.07,          3.29,       5.85,      58.50,    192.68,         13.97
         22,          1,    1,         -1.29,          3.30,       1.58,      15.84,     52.24,          6.28
         22,          1,    2,          0.71,          3.30,       1.81,      18.03,     59.46,          6.18
         22,          1,    3,          2.10,          3.30,       2.01,      20.09,     66.28,          6.26
         22,          1,    4,          3.05,          3.30,       2.18,      21.78,     71.84,          6.42
         22,          1,    5,          3.79,          3.30,       2.34,      23.39,     77.14,          6.52
         22,          1,    6,          4.39,          3.30,       2.49,      24.90,     82.12,          6.58
         22,          1,    7,          4.85,          3.30,       2.64,      26.36,     86.91,          6.57
         22,          2,    1,          0.57,          3.30,       1.80,      18.05,     59.52,         11.72
         22,          2,    2,          2.39,          3.30,       2.06,      20.59,     67.92,          9.57
         22,          2,    3,          3.64,          3.30,       2.29,      22.92,     75.59,          8.96
         22,          2,    4,          4.53,          3.30,       2.50,      24.98,     82.38,          8.71
         22,          2,    5,          5.22,          3.30,       2.68,      26.81,     88.39,          8.61
         22,          2,    6,          5.76,          3.30,       2.85,      28.52,     94.00,          8.53
         22,          2,    7,          6.19,          3.30,       3.01,      30.11,     99.26,          8.41
         22,          3,    1,          2.95,          3.30,       2.19,      21.89,     72.18,         16.81
         22,          3,    2,          4.57,          3.30,       2.50,      25.03,     82.54,         12.98
         22,          3,    3,          5.64,          3.30,       2.78,      27.73,     91.41,         11.83
         22,          3,    4,          6.40,          3.30,       3.00,      29.99,     98.85,         11.36
         22,          3,    5,          6.94,          3.30,       3.20,      32.01,    105.52,         10.97
         22,          3,    6,          7.36,          3.30,       3.38,      33.83,    111.50,         10.66
         22,          3,    7,          7.71,          3.30,       3.55,      35.52,    117.08,         10.41
         22,          4,    1,          4.72,          3.30,       2.58,      25.77,     84.96,         18.48
         22,          4,    2,          6.12,          3.30,       2.93,      29.24,     96.39,         14.91
         22,          4,    3,          7.03,          3.30,       3.21,      32.12,    105.89,         13.64
         22,          4,    4,          7.66,          3.30,       3.45,      34.52,    113.78,         13.02
         22,          4,    5,          8.13,          3.30,       3.67,      36.71,    121.00,         12.48
         22,          4,    6,          8.50,          3.30,       3.88,      38.76,    127.73,         12.03
         22,          4,    7,          8.79,          3.30,       4.07,      40.65,    133.97,         11.63
         22,          5,    1,          6.49,          3.30,       3.09,      30.93,    101.96,         19.38
         22,          5,    2,          7.74,          3.30,       3.50,      35.00,    115.37,         16.31
         22,          5,    3,          8.53,          3.30,       3.84,      38.34,    126.37,         15.04
         22,          5,    4,          9.06,          3.30,       4.10,      40.97,    135.02,         14.36
         22,          5,    5,          9.44,          3.30,       4.33,      43.34,    142.86,         13.75
         22,          5,    6,          9.72,          3.30,       4.55,      45.53,    150.07,         13.20
         22,          5,    7,          9.96,          3.30,       4.75,      47.47,    156.45,         12.78
         22,          6,    1,          7.78,          3.30,       3.59,      35.89,    118.31,         23.27
         22,          6,    2,          8.91,          3.30,       4.05,      40.44,    133.30,         19.07
         22,          6,    3,          9.56,          3.30,       4.39,      43.93,    144.81,         17.29
         22,          6,    4,         10.01,          3.30,       4.67,      46.69,    153.89,         16.32
         22,          6,    5,         10.33,          3.30,       4.92,      49.17,    162.04,         15.52
         22,          6,    6,         10.58,          3.30,       5.15,      51.43,    169.49,         14.86
         22,          6,    7,         10.77,          3.29,       5.36,      53.65,    176.75,         14.19
         22,          7,    1,          8.76,          3.30,       4.08,      40.79,    134.43,         25.75
         22,          7,    2,          9.84,          3.30,       4.60,      46.02,    151.68,         20.73
         22,          7,    3,         10.46,          3.30,       5.00,      49.97,    164.68,         18.68
         22,          7,    4,         10.86,          3.29,       5.31,      53.10,    174.95,         17.46
         22,          7,    5,         11.15,          3.29,       5.60,      55.99,    184.43,         16.44
         22,          7,    6,         11.37,          3.29,       5.85,      58.45,    192.53,         15.69
         22,          7,    7,         11.56,          3.29,       6.08,      60.80,    200.23,         15.06
         23,          1,    1,         -0.95,          3.30,       1.61,      16.07,     53.02,          6.61
         23,          1,    2,          1.05,          3.30,       1.84,      18.42,     60.76,          6.41
         23,          1,    3,          2.46,          3.30,       2.05,      20.55,     67.77,          6.54
         23,          1,    4,          3.45,          3.30,       2.24,      22.37,     73.77,          6.72
         23,          1,    5,          4.20,          3.30,       2.40,      24.00,     79.14,          6.87
         23,          1,    6,          4.79,          3.30,       2.56,      25.60,     84.40,          6.92
         23,          1,    7,          5.27,          3.30,       2.71,      27.10,     89.35,          6.93
         23,          2,    1,          0.88,          3.30,       1.84,      18.41,     60.73,         12.32
         23,          2,    2,          2.74,          3.30,       2.11,      21.09,     69.54,         10.01
         23,          2,    3,          4.01,          3.30,       2.35,      23.46,     77.36,          9.47
         23,          2,    4,          4.92,          3.30,       2.56,      25.62,     84.47,          9.21
         23,          2,    5,          5.62,          3.30,       2.75,      27.50,     90.64,          9.14
         23,          2,    6,          6.16,          3.30,       2.93,      29.34,     96.72,          8.99
         23,          2,    7,          6.60,          3.30,       3.10,      30.95,    102.04,          8.93
         23,          3,    1,          3.29,          3.30,       2.24,      22.44,     74.00,         17.41
         23,          3,    2,          4.93,          3.30,       2.57,      25.71,     84.76,         13.52
         23,          3,    3,          6.04,          3.30,       2.86,      28.62,     94.36,         12.31
         23,          3,    4,          6.80,          3.30,       3.09,      30.88,    101.80,         11.95
         23,          3,    5,          7.36,          3.30,       3.31,      33.08,    109.03,         11.50
         23,          3,    6,          7.79,          3.30,       3.49,      34.91,    115.06,         11.27
         23,          3,    7,          8.14,          3.30,       3.67,      36.73,    121.08,         10.97
         23,          4,    1,          5.08,          3.30,       2.66,      26.59,     87.66,         19.14
         23,          4,    2,          6.51,          3.30,       3.02,      30.17,     99.45,         15.64
         23,          4,    3,          7.42,          3.30,       3.32,      33.23,    109.53,         14.26
         23,          4,    4,          8.07,          3.30,       3.57,      35.72,    117.72,         13.67
         23,          4,    5,          8.55,          3.30,       3.80,      37.95,    125.08,         13.19
         23,          4,    6,          8.93,          3.30,       4.01,      40.08,    132.09,         12.75
         23,          4,    7,          9.22,          3.30,       4.21,      42.06,    138.62,         12.33
         23,          5,    1,          6.89,          3.30,       3.20,      31.99,    105.44,         20.47
         23,          5,    2,          8.16,          3.30,       3.63,      36.30,    119.65,         17.19
         23,          5,    3,          8.96,          3.30,       3.98,      39.80,    131.19,         15.85
         23,          5,    4,          9.49,          3.30,       4.26,      42.54,    140.20,         15.16
         23,          5,    5,          9.88,          3.30,       4.50,      45.05,    148.46,         14.54
         23,          5,    6,         10.18,          3.30,       4.72,      47.18,    155.51,         14.08
         23,          5,    7,         10.42,          3.30,       4.93,      49.28,    162.38,         13.62
         23,          6,    1,          8.22,          3.30,       3.73,      37.29,    122.89,         24.51
         23,          6,    2,          9.35,          3.30,       4.21,      42.08,    138.70,         20.08
         23,          6,    3,         10.02,          3.30,       4.57,      45.71,    150.67,         18.31
         23,          6,    4,         10.47,          3.30,       4.86,      48.60,    160.17,         17.30
         23,          6,    5,         10.80,          3.30,       5.11,      51.16,    168.57,         16.52
         23,          6,    6,         11.05,          3.29,       5.36,      53.57,    176.51,         15.77
         23,          6,    7,         11.25,          3.29,       5.58,      55.76,    183.71,         15.17
         23,          7,    1,          9.22,          3.30,       4.26,      42.55,    140.26,         27.02
         23,          7,    2,         10.31,          3.30,       4.79,      47.94,    158.01,         22.05
         23,          7,    3,         10.93,          3.30,       5.22,      52.16,    171.89,         19.79
         23,          7,    4,         11.34,          3.29,       5.55,      55.45,    182.69,         18.57
         23,          7,    5,         11.64,          3.29,       5.84,      58.40,    192.36,         17.57
         23,          7,    6,         11.87,          3.29,       6.09,      60.89,    200.52,         16.86
         23,          7,    7,         12.06,          3.29,       6.34,      63.40,    208.76,         16.16
         24,          1,    1,         -0.70,          3.30,       1.63,      16.36,     53.98,          6.67
         24,          1,    2,          1.34,          3.30,       1.88,      18.76,     61.89,          6.58
         24,          1,    3,          2.80,          3.30,       2.09,      20.96,     69.13,          6.82
         24,          1,    4,          3.80,          3.30,       2.29,      22.88,     75.46,          7.00
         24,          1,    5,          4.54,          3.30,       2.46,      24.59,     81.07,          7.14
         24,          1,    6,          5.15,          3.30,       2.62,      26.25,     86.56,          7.22
         24,          1,    7,          5.63,          3.30,       2.77,      27.72,     91.38,          7.29
         24,          2,    1,          1.16,          3.30,       1.87,      18.74,     61.82,         12.62
         24,          2,    2,          3.03,          3.30,       2.15,      21.52,     70.98,         10.30
         24,          2,    3,          4.31,          3.30,       2.40,      24.00,     79.14,          9.76
         24,          2,    4,          5.25,          3.30,       2.62,      26.23,     86.49,          9.56
         24,          2,    5,          5.96,          3.30,       2.82,      28.22,     93.02,          9.49
         24,          2,    6,          6.52,          3.30,       3.00,      30.02,     98.97,          9.46
         24,          2,    7,          6.96,          3.30,       3.18,      31.80,    104.82,          9.30
         24,          3,    1,          3.62,          3.30,       2.30,      22.95,     75.70,         18.22
         24,          3,    2,          5.25,          3.30,       2.63,      26.35,     86.87,         14.07
         24,          3,    3,          6.38,          3.30,       2.94,      29.39,     96.88,         12.85
         24,          3,    4,          7.14,          3.30,       3.18,      31.79,    104.80,         12.40
         24,          3,    5,          7.72,          3.30,       3.40,      33.95,    111.91,         12.11
         24,          3,    6,          8.17,          3.30,       3.59,      35.90,    118.34,         11.87
         24,          3,    7,          8.52,          3.30,       3.78,      37.79,    124.57,         11.57
         24,          4,    1,          5.42,          3.30,       2.73,      27.27,     89.92,         20.19
         24,          4,    2,          6.85,          3.30,       3.10,      31.04,    102.33,         16.31
         24,          4,    3,          7.77,          3.30,       3.41,      34.12,    112.46,         15.04
         24,          4,    4,          8.44,          3.30,       3.68,      36.78,    121.23,         14.37
         24,          4,    5,          8.93,          3.30,       3.92,      39.19,    129.18,         13.81
         24,          4,    6,          9.31,          3.30,       4.13,      41.29,    136.10,         13.45
         24,          4,    7,          9.62,          3.30,       4.34,      43.34,    142.86,         13.05
         24,          5,    1,          7.26,          3.30,       3.31,      33.09,    109.06,         21.18
         24,          5,    2,          8.54,          3.30,       3.75,      37.48,    123.55,         18.06
         24,          5,    3,          9.35,          3.30,       4.11,      41.12,    135.54,         16.68
         24,          5,    4,          9.88,          3.30,       4.40,      44.00,    145.02,         15.94
         24,          5,    5,         10.29,          3.30,       4.66,      46.63,    153.67,         15.32
         24,          5,    6,         10.60,          3.30,       4.88,      48.84,    160.95,         14.90
         24,          5,    7,         10.84,          3.30,       5.10,      51.00,    168.09,         14.42
         24,          6,    1,          8.62,          3.30,       3.87,      38.68,    127.50,         25.49
         24,          6,    2,          9.76,          3.30,       4.37,      43.64,    143.83,         21.09
         24,          6,    3,         10.44,          3.30,       4.74,      47.40,    156.24,         19.30
         24,          6,    4,         10.89,          3.30,       5.04,      50.44,    166.23,         18.25
         24,          6,    5,         11.23,          3.29,       5.31,      53.10,    174.96,         17.45
         24,          6,    6,         11.48,          3.29,       5.56,      55.59,    183.13,         16.70
         24,          6,    7,         11.70,          3.29,       5.78,      57.82,    190.46,         16.15
         24,          7,    1,          9.65,          3.30,       4.42,      44.25,    145.86,         28.10
         24,          7,    2,         10.74,          3.30,       5.00,      49.95,    164.60,         23.01
         24,          7,    3,         11.38,          3.30,       5.43,      54.31,    178.98,         20.83
         24,          7,    4,         11.80,          3.29,       5.78,      57.73,    190.17,         19.60
         24,          7,    5,         12.11,          3.29,       6.08,      60.77,    200.12,         18.66
         24,          7,    6,         12.34,          3.29,       6.35,      63.49,    209.06,         17.86
         24,          7,    7,         12.55,          3.29,       6.61,      66.12,    217.68,         17.18
         25,          1,    1,         -0.46,          3.30,       1.66,      16.57,     54.67,          6.90
         25,          1,    2,          1.57,          3.30,       1.90,      19.00,     62.69,          6.81
         25,          1,    3,          3.02,          3.30,       2.13,      21.26,     70.13,          7.04
         25,          1,    4,          4.05,          3.30,       2.33,      23.27,     76.75,          7.24
         25,          1,    5,          4.85,          3.30,       2.51,      25.09,     82.74,          7.42
         25,          1,    6,          5.47,          3.30,       2.68,      26.80,     88.37,          7.54
         25,          1,    7,          5.95,          3.30,       2.84,      28.37,     93.52,          7.59
         25,          2,    1,          1.38,          3.30,       1.90,      19.05,     62.83,         12.93
         25,          2,    2,          3.26,          3.30,       2.18,      21.85,     72.08,         10.67
         25,          2,    3,          4.57,          3.30,       2.44,      24.43,     80.56,         10.11
         25,          2,    4,          5.53,          3.30,       2.67,      26.69,     88.00,          9.97
         25,          2,    5,          6.25,          3.30,       2.88,      28.81,     94.98,          9.86
         25,          2,    6,          6.82,          3.30,       3.07,      30.67,    101.11,          9.82
         25,          2,    7,          7.29,          3.30,       3.25,      32.48,    107.06,          9.76
         25,          3,    1,          3.88,          3.30,       2.34,      23.40,     77.18,         19.04
         25,          3,    2,          5.52,          3.30,       2.69,      26.94,     88.80,         14.56
         25,          3,    3,          6.67,          3.30,       3.01,      30.05,     99.04,         13.38
         25,          3,    4,          7.45,          3.30,       3.26,      32.56,    107.35,         12.93
         25,          3,    5,          8.04,          3.30,       3.48,      34.81,    114.72,         12.63
         25,          3,    6,          8.50,          3.30,       3.68,      36.84,    121.43,         12.39
         25,          3,    7,          8.86,          3.30,       3.88,      38.79,    127.84,         12.12
         25,          4,    1,          5.73,          3.30,       2.80,      27.95,     92.15,         21.13
         25,          4,    2,          7.15,          3.30,       3.19,      31.87,    105.04,         16.95
         25,          4,    3,          8.09,          3.30,       3.50,      35.03,    115.45,         15.70
         25,          4,    4,          8.76,          3.30,       3.78,      37.78,    124.52,         15.00
         25,          4,    5,          9.27,          3.30,       4.03,      40.26,    132.69,         14.50
         25,          4,    6,          9.66,          3.30,       4.25,      42.45,    139.93,         14.10
         25,          4,    7,          9.97,          3.30,       4.45,      44.50,    146.65,         13.76
         25,          5,    1,          7.60,          3.30,       3.40,      34.01,    112.08,         22.29
         25,          5,    2,          8.89,          3.30,       3.87,      38.69,    127.51,         18.80
         25,          5,    3,          9.71,          3.30,       4.25,      42.52,    140.14,         17.35
         25,          5,    4,         10.26,          3.30,       4.55,      45.52,    150.01,         16.67
         25,          5,    5,         10.67,          3.30,       4.81,      48.09,    158.49,         16.15
         25,          5,    6,         10.98,          3.30,       5.04,      50.42,    166.16,         15.67
         25,          5,    7,         11.23,          3.30,       5.27,      52.67,    173.55,         15.22
         25,          6,    1,          9.00,          3.30,       4.00,      40.03,    131.94,         26.48
         25,          6,    2,         10.15,          3.30,       4.52,      45.24,    149.12,         21.93
         25,          6,    3,         10.82,          3.30,       4.91,      49.13,    161.90,         20.16
         25,          6,    4,         11.30,          3.30,       5.23,      52.30,    172.36,         19.13
         25,          6,    5,         11.64,          3.29,       5.51,      55.06,    181.42,         18.35
         25,          6,    6,         11.90,          3.29,       5.75,      57.50,    189.40,         17.71
         25,          6,    7,         12.12,          3.29,       5.99,      59.87,    197.19,         17.12
         25,          7,    1,         10.05,          3.30,       4.59,      45.92,    151.34,         29.47
         25,          7,    2,         11.16,          3.30,       5.19,      51.91,    171.04,         24.18
         25,          7,    3,         11.80,          3.29,       5.65,      56.46,    185.98,         21.94
         25,          7,    4,         12.23,          3.29,       6.00,      59.98,    197.53,         20.76
         25,          7,    5,         12.55,          3.29,       6.32,      63.20,    208.12,         19.77
         25,          7,    6,         12.81,          3.29,       6.60,      66.03,    217.42,         19.03
         25,          7,    7,         13.01,          3.29,       6.87,      68.69,    226.15,         18.35
         26,          1,    1,         -0.26,          3.30,       1.68,      16.76,     55.28,          7.14
         26,          1,    2,          1.79,          3.30,       1.93,      19.30,     63.69,          6.99
         26,          1,    3,          3.27,          3.30,       2.16,      21.61,     71.27,          7.27
         26,          1,    4,          4.31,          3.30,       2.36,      23.64,     77.96,          7.52
         26,          1,    5,          5.11,          3.30,       2.55,      25.56,     84.27,          7.68
         26,          1,    6,          5.75,          3.30,       2.73,      27.30,     90.01,          7.84
         26,          1,    7,          6.28,          3.30,       2.90,      28.95,     95.44,          7.96
         26,          2,    1,          1.63,          3.30,       1.93,      19.31,     63.70,         13.75
         26,          2,    2,          3.50,          3.30,       2.22,      22.19,     73.18,         11.15
         26,          2,    3,          4.82,          3.30,       2.49,      24.89,     82.07,         10.47
         26,          2,    4,          5.78,          3.30,       2.72,      27.18,     89.62,         10.37
         26,          2,    5,          6.53,          3.30,       2.94,      29.41,     96.95,         10.26
         26,          2,    6,          7.11,          3.30,       3.14,      31.39,    103.47,         10.21
         26,          2,    7,          7.60,          3.30,       3.33,      33.28,    109.68,         10.17
         26,          3,    1,          4.16,          3.30,       2.39,      23.94,     78.93,         19.62
         26,          3,    2,          5.81,          3.30,       2.76,      27.56,     90.85,         15.11
         26,          3,    3,          6.97,          3.30,       3.07,      30.72,    101.26,         13.97
         26,          3,    4,          7.76,          3.30,       3.34,      33.34,    109.91,         13.50
         26,          3,    5,          8.36,          3.30,       3.58,      35.71,    117.72,         13.17
         26,          3,    6,          8.83,          3.30,       3.78,      37.82,    124.66,         12.95
         26,          3,    7,          9.22,          3.30,       3.98,      39.85,    131.35,         12.71
         26,          4,    1,          6.06,          3.30,       2.87,      28.70,     94.63,         21.94
         26,          4,    2,          7.49,          3.30,       3.28,      32.78,    108.03,         17.63
         26,          4,    3,          8.42,          3.30,       3.60,      36.03,    118.76,         16.33
         26,          4,    4,          9.10,          3.30,       3.89,      38.90,    128.21,         15.65
         26,          4,    5,          9.62,          3.30,       4.14,      41.45,    136.62,         15.16
         26,          4,    6,         10.03,          3.30,       4.38,      43.74,    144.15,         14.81
         26,          4,    7,         10.35,          3.30,       4.59,      45.90,    151.27,         14.46
         26,          5,    1,          7.97,          3.30,       3.51,      35.12,    115.76,         23.27
         26,          5,    2,          9.27,          3.30,       4.00,      40.03,    131.93,         19.62
         26,          5,    3,         10.10,          3.30,       4.40,      43.93,    144.81,         18.26
         26,          5,    4,         10.66,          3.30,       4.71,      47.06,    155.10,         17.55
         26,          5,    5,         11.08,          3.30,       4.98,      49.87,    164.34,         16.99
         26,          5,    6,         11.41,          3.30,       5.23,      52.29,    172.30,         16.56
         26,          5,    7,         11.67,          3.29,       5.46,      54.60,    179.90,         16.13
         26,          6,    1,          9.41,          3.30,       4.16,      41.56,    136.99,         27.87
         26,          6,    2,         10.57,          3.30,       4.70,      47.00,    154.91,         23.18
         26,          6,    3,         11.26,          3.30,       5.10,      51.04,    168.18,         21.37
         26,          6,    4,         11.74,          3.29,       5.43,      54.35,    179.06,         20.33
         26,          6,    5,         12.08,          3.29,       5.72,      57.22,    188.46,         19.51
         26,          6,    6,         12.36,          3.29,       5.98,      59.81,    197.00,         18.86
         26,          6,    7,         12.59,          3.29,       6.23,      62.30,    205.16,         18.25
         26,          7,    1,         10.49,          3.30,       4.78,      47.76,    157.40,         31.12
         26,          7,    2,         11.62,          3.29,       5.41,      54.12,    178.31,         25.50
         26,          7,    3,         12.27,          3.29,       5.90,      58.98,    194.26,         23.14
         26,          7,    4,         12.71,          3.29,       6.27,      62.71,    206.47,         21.93
         26,          7,    5,         13.05,          3.29,       6.61,      66.06,    217.50,         20.99
         26,          7,    6,         13.32,          3.29,       6.90,      69.00,    227.19,         20.29
         26,          7,    7,         13.54,          3.29,       7.17,      71.65,    235.86,         19.75
         27,          1,    1,         -0.07,          3.30,       1.69,      16.93,     55.87,          7.40
         27,          1,    2,          1.97,          3.30,       1.96,      19.54,     64.45,          7.20
         27,          1,    3,          3.44,          3.30,       2.19,      21.91,     72.25,          7.44
         27,          1,    4,          4.50,          3.30,       2.40,      23.98,     79.06,          7.73
         27,          1,    5,          5.32,          3.30,       2.59,      25.92,     85.46,          7.93
         27,          1,    6,          5.98,          3.30,       2.78,      27.78,     91.56,          8.09
         27,          1,    7,          6.51,          3.30,       2.95,      29.45,     97.06,          8.22
         27,          2,    1,          1.83,          3.30,       1.96,      19.59,     64.64,         13.99
         27,          2,    2,          3.70,          3.30,       2.25,      22.50,     74.20,         11.46
         27,          2,    3,          5.01,          3.30,       2.53,      25.26,     83.29,         10.73
         27,          2,    4,          6.00,          3.30,       2.76,      27.64,     91.11,         10.65
         27,          2,    5,          6.76,          3.30,       2.99,      29.87,     98.47,         10.61
         27,          2,    6,          7.36,          3.30,       3.19,      31.93,    105.24,         10.58
         27,          2,    7,          7.85,          3.30,       3.39,      33.86,    111.63,         10.53
         27,          3,    1,          4.42,          3.30,       2.43,      24.37,     80.36,         20.38
         27,          3,    2,          6.08,          3.30,       2.82,      28.18,     92.89,         15.53
         27,          3,    3,          7.23,          3.30,       3.15,      31.44,    103.64,         14.35
         27,          3,    4,          8.04,          3.30,       3.41,      34.11,    112.43,         13.94
         27,          3,    5,          8.65,          3.30,       3.66,      36.61,    120.66,         13.59
         27,          3,    6,          9.14,          3.30,       3.88,      38.79,    127.84,         13.43
         27,          3,    7,          9.52,          3.30,       4.09,      40.87,    134.71,         13.20
         27,          4,    1,          6.37,          3.30,       2.95,      29.46,     97.09,         22.58
         27,          4,    2,          7.80,          3.30,       3.36,      33.59,    110.71,         18.36
         27,          4,    3,          8.72,          3.30,       3.70,      37.00,    121.95,         16.92
         27,          4,    4,          9.41,          3.30,       4.00,      39.94,    131.63,         16.26
         27,          4,    5,          9.94,          3.30,       4.26,      42.57,    140.32,         15.81
         27,          4,    6,         10.36,          3.30,       4.50,      45.02,    148.39,         15.41
         27,          4,    7,         10.70,          3.30,       4.72,      47.19,    155.55,         15.15
         27,          5,    1,          8.31,          3.30,       3.62,      36.15,    119.16,         24.31
         27,          5,    2,          9.62,          3.30,       4.13,      41.27,    136.01,         20.49
         27,          5,    3,         10.46,          3.30,       4.55,      45.46,    149.83,         18.97
         27,          5,    4,         11.03,          3.30,       4.86,      48.64,    160.29,         18.38
         27,          5,    5,         11.46,          3.30,       5.16,      51.54,    169.84,         17.82
         27,          5,    6,         11.80,          3.29,       5.41,      54.13,    178.33,         17.39
         27,          5,    7,         12.07,          3.29,       5.65,      56.51,    186.12,         16.99
         27,          6,    1,          9.79,          3.30,       4.30,      43.01,    141.76,         29.21
         27,          6,    2,         10.98,          3.30,       4.87,      48.71,    160.54,         24.34
         27,          6,    3,         11.67,          3.29,       5.30,      53.03,    174.73,         22.38
         27,          6,    4,         12.14,          3.29,       5.64,      56.39,    185.74,         21.37
         27,          6,    5,         12.51,          3.29,       5.94,      59.46,    195.85,         20.53
         27,          6,    6,         12.79,          3.29,       6.21,      62.13,    204.61,         19.92
         27,          6,    7,         13.03,          3.29,       6.47,      64.69,    213.00,         19.35
         27,          7,    1,         10.91,          3.30,       4.96,      49.64,    163.58,         32.53
         27,          7,    2,         12.04,          3.29,       5.64,      56.37,    185.68,         26.69
         27,          7,    3,         12.71,          3.29,       6.13,      61.34,    202.01,         24.47
         27,          7,    4,         13.17,          3.29,       6.53,      65.34,    215.13,         23.19
         27,          7,    5,         13.52,          3.29,       6.89,      68.88,    226.77,         22.25
         27,          7,    6,         13.79,          3.29,       7.19,      71.89,    236.68,         21.59
         27,          7,    7,         14.02,          3.29,       7.46,      74.60,    245.59,         21.07
         28,          1,    1,          0.07,          3.30,       1.71,      17.10,     56.41,          7.48
         28,          1,    2,          2.13,          3.30,       1.98,      19.76,     65.19,          7.31
         28,          1,    3,          3.61,          3.30,       2.22,      22.15,     73.06,          7.60
         28,          1,    4,          4.68,          3.30,       2.43,      24.30,     80.11,          7.88
         28,          1,    5,          5.51,          3.30,       2.63,      26.34,     86.83,          8.08
         28,          1,    6,          6.19,          3.30,       2.82,      28.17,     92.88,          8.31
         28,          1,    7,          6.74,          3.30,       2.99,      29.94,     98.70,          8.44
         28,          2,    1,          2.04,          3.30,       1.99,      19.89,     65.63,         14.37
         28,          2,    2,          3.86,          3.30,       2.29,      22.85,     75.36,         11.68
         28,          2,    3,          5.20,          3.30,       2.56,      25.61,     84.43,         11.06
         28,          2,    4,          6.19,          3.30,       2.81,      28.10,     92.63,         10.91
         28,          2,    5,          6.96,          3.30,       3.03,      30.34,    100.02,         10.92
         28,          2,    6,          7.58,          3.30,       3.25,      32.47,    107.02,         10.91
         28,          2,    7,          8.10,          3.30,       3.44,      34.44,    113.53,         10.93
         28,          3,    1,          4.66,          3.30,       2.49,      24.92,     82.15,         20.51
         28,          3,    2,          6.33,          3.30,       2.87,      28.74,     94.76,         15.99
         28,          3,    3,          7.50,          3.30,       3.21,      32.15,    105.97,         14.77
         28,          3,    4,          8.32,          3.30,       3.49,      34.91,    115.09,         14.40
         28,          3,    5,          8.93,          3.30,       3.74,      37.40,    123.28,         14.13
         28,          3,    6,          9.43,          3.30,       3.98,      39.76,    131.02,         13.88
         28,          3,    7,          9.83,          3.30,       4.19,      41.87,    138.00,         13.73
         28,          4,    1,          6.67,          3.30,       3.02,      30.17,     99.44,         23.60
         28,          4,    2,          8.09,          3.30,       3.44,      34.46,    113.58,         19.08
         28,          4,    3,          9.03,          3.30,       3.80,      38.00,    125.22,         17.60
         28,          4,    4,          9.72,          3.30,       4.10,      40.99,    135.10,         16.96
         28,          4,    5,         10.25,          3.30,       4.37,      43.71,    144.06,         16.49
         28,          4,    6,         10.69,          3.30,       4.62,      46.23,    152.36,         16.14
         28,          4,    7,         11.04,          3.30,       4.86,      48.55,    159.99,         15.85
         28,          5,    1,          8.65,          3.30,       3.73,      37.27,    122.86,         25.48
         28,          5,    2,          9.97,          3.30,       4.26,      42.63,    140.52,         21.37
         28,          5,    3,         10.82,          3.30,       4.69,      46.91,    154.61,         19.93
         28,          5,    4,         11.40,          3.30,       5.03,      50.28,    165.68,         19.28
         28,          5,    5,         11.85,          3.29,       5.33,      53.33,    175.71,         18.74
         28,          5,    6,         12.19,          3.29,       5.60,      55.98,    184.39,         18.32
         28,          5,    7,         12.48,          3.29,       5.86,      58.51,    192.74,         17.94
         28,          6,    1,         10.19,          3.30,       4.46,      44.55,    146.84,         30.27
         28,          6,    2,         11.37,          3.30,       5.06,      50.57,    166.65,         25.26
         28,          6,    3,         12.07,          3.29,       5.51,      55.03,    181.27,         23.36
         28,          6,    4,         12.56,          3.29,       5.86,      58.61,    193.05,         22.36
         28,          6,    5,         12.93,          3.29,       6.17,      61.74,    203.32,         21.60
         28,          6,    6,         13.23,          3.29,       6.46,      64.56,    212.55,         20.97
         28,          6,    7,         13.48,          3.29,       6.73,      67.32,    221.62,         20.38
         28,          7,    1,         11.34,          3.30,       5.17,      51.68,    170.32,         33.77
         28,          7,    2,         12.48,          3.29,       5.87,      58.73,    193.42,         27.90
         28,          7,    3,         13.15,          3.29,       6.40,      63.99,    210.68,         25.63
         28,          7,    4,         13.62,          3.29,       6.81,      68.12,    224.27,         24.43
         28,          7,    5,         13.99,          3.29,       7.18,      71.83,    236.47,         23.53
         28,          7,    6,         14.27,          3.29,       7.49,      74.87,    246.48,         22.96
         28,          7,    7,         14.51,          3.29,       7.78,      77.83,    256.22,         22.39
         29,          1,    1,          0.21,          3.30,       1.72,      17.23,     56.85,          7.73
         29,          1,    2,          2.28,          3.30,       1.99,      19.95,     65.81,          7.49
         29,          1,    3,          3.75,          3.30,       2.24,      22.38,     73.80,          7.76
         29,          1,    4,          4.83,          3.30,       2.46,      24.61,     81.12,          8.03
         29,          1,    5,          5.66,          3.30,       2.67,      26.67,     87.94,          8.24
         29,          1,    6,          6.36,          3.30,       2.85,      28.55,     94.12,          8.50
         29,          1,    7,          6.92,          3.30,       3.03,      30.28,     99.82,          8.69
         29,          2,    1,          2.22,          3.30,       2.01,      20.13,     66.41,         14.62
         29,          2,    2,          4.06,          3.30,       2.32,      23.16,     76.39,         11.89
         29,          2,    3,          5.37,          3.30,       2.59,      25.93,     85.50,         11.29
         29,          2,    4,          6.36,          3.30,       2.85,      28.49,     93.92,         11.12
         29,          2,    5,          7.14,          3.30,       3.08,      30.75,    101.37,         11.16
         29,          2,    6,          7.77,          3.30,       3.29,      32.96,    108.63,         11.16
         29,          2,    7,          8.31,          3.30,       3.50,      34.99,    115.33,         11.23
         29,          3,    1,          4.89,          3.30,       2.53,      25.34,     83.54,         21.42
         29,          3,    2,          6.56,          3.30,       2.93,      29.27,     96.49,         16.57
         29,          3,    3,          7.73,          3.30,       3.28,      32.79,    108.09,         15.21
         29,          3,    4,          8.56,          3.30,       3.56,      35.61,    117.38,         14.87
         29,          3,    5,          9.19,          3.30,       3.83,      38.27,    126.14,         14.57
         29,          3,    6,          9.70,          3.30,       4.06,      40.65,    134.00,         14.39
         29,          3,    7,         10.11,          3.30,       4.28,      42.81,    141.10,         14.25
         29,          4,    1,          6.94,          3.30,       3.09,      30.87,    101.77,         24.66
         29,          4,    2,          8.37,          3.30,       3.53,      35.33,    116.44,         19.82
         29,          4,    3,          9.31,          3.30,       3.89,      38.96,    128.41,         18.28
         29,          4,    4,         10.01,          3.30,       4.21,      42.10,    138.75,         17.59
         29,          4,    5,         10.54,          3.30,       4.49,      44.86,    147.86,         17.14
         29,          4,    6,         10.98,          3.30,       4.74,      47.39,    156.18,         16.84
         29,          4,    7,         11.35,          3.30,       4.97,      49.78,    164.03,         16.60
         29,          5,    1,          8.98,          3.30,       3.84,      38.37,    126.49,         26.16
         29,          5,    2,         10.30,          3.30,       4.39,      43.88,    144.61,         22.19
         29,          5,    3,         11.15,          3.30,       4.83,      48.35,    159.36,         20.66
         29,          5,    4,         11.74,          3.29,       5.19,      51.86,    170.88,         20.02
         29,          5,    5,         12.19,          3.29,       5.51,      55.07,    181.43,         19.47
         29,          5,    6,         12.55,          3.29,       5.78,      57.80,    190.35,         19.13
         29,          5,    7,         12.85,          3.29,       6.04,      60.37,    198.82,         18.82
         29,          6,    1,         10.54,          3.30,       4.61,      46.10,    151.95,         31.35
         29,          6,    2,         11.74,          3.30,       5.23,      52.33,    172.45,         26.36
         29,          6,    3,         12.44,          3.29,       5.70,      56.99,    187.71,         24.41
         29,          6,    4,         12.95,          3.29,       6.07,      60.68,    199.83,         23.47
         29,          6,    5,         13.32,          3.29,       6.40,      63.93,    210.51,         22.67
         29,          6,    6,         13.63,          3.29,       6.69,      66.94,    220.40,         22.05
         29,          6,    7,         13.89,          3.29,       6.97,      69.77,    229.68,         21.50
         29,          7,    1,         11.72,          3.30,       5.36,      53.60,    176.64,         34.97
         29,          7,    2,         12.88,          3.29,       6.10,      60.96,    200.75,         29.16
         29,          7,    3,         13.57,          3.29,       6.66,      66.56,    219.11,         26.78
         29,          7,    4,         14.05,          3.29,       7.09,      70.86,    233.29,         25.62
         29,          7,    5,         14.43,          3.29,       7.47,      74.65,    245.72,         24.85
         29,          7,    6,         14.71,          3.29,       7.79,      77.91,    256.48,         24.21
         29,          7,    7,         14.96,          3.29,       8.10,      80.95,    266.48,         23.70
         30,          1,    1,          0.34,          3.30,       1.75,      17.48,     57.66,          7.84
         30,          1,    2,          2.41,          3.30,       2.02,      20.19,     66.59,          7.68
         30,          1,    3,          3.90,          3.30,       2.27,      22.71,     74.91,          7.91
         30,          1,    4,          5.00,          3.30,       2.50,      24.97,     82.35,          8.22
         30,          1,    5,          5.83,          3.30,       2.70,      27.03,     89.13,          8.46
         30,          1,    6,          6.53,          3.30,       2.90,      28.99,     95.57,          8.71
         30,          1,    7,          7.09,          3.30,       3.08,      30.81,    101.55,          8.88
         30,          2,    1,          2.41,          3.30,       2.04,      20.41,     67.33,         15.28
         30,          2,    2,          4.23,          3.30,       2.35,      23.54,     77.62,         12.22
         30,          2,    3,          5.54,          3.30,       2.64,      26.41,     87.06,         11.49
         30,          2,    4,          6.55,          3.30,       2.89,      28.96,     95.45,         11.42
         30,          2,    5,          7.33,          3.30,       3.13,      31.27,    103.07,         11.47
         30,          2,    6,          7.98,          3.30,       3.35,      33.50,    110.43,         11.51
         30,          2,    7,          8.51,          3.30,       3.56,      35.62,    117.39,         11.55
         30,          3,    1,          5.13,          3.30,       2.59,      25.90,     85.39,         21.91
         30,          3,    2,          6.80,          3.30,       2.99,      29.94,     98.71,         16.98
         30,          3,    3,          7.98,          3.30,       3.35,      33.53,    110.53,         15.71
         30,          3,    4,          8.82,          3.30,       3.65,      36.49,    120.28,         15.31
         30,          3,    5,          9.46,          3.30,       3.92,      39.21,    129.24,         15.04
         30,          3,    6,          9.99,          3.30,       4.17,      41.71,    137.49,         14.90
         30,          3,    7,         10.42,          3.30,       4.39,      43.91,    144.73,         14.83
         30,          4,    1,          7.24,          3.30,       3.18,      31.76,    104.68,         25.21
         30,          4,    2,          8.67,          3.30,       3.63,      36.31,    119.70,         20.43
         30,          4,    3,          9.61,          3.30,       4.01,      40.07,    132.08,         18.91
         30,          4,    4,         10.31,          3.30,       4.33,      43.30,    142.70,         18.21
         30,          4,    5,         10.86,          3.30,       4.62,      46.13,    152.02,         17.84
         30,          4,    6,         11.31,          3.30,       4.88,      48.75,    160.67,         17.56
         30,          4,    7,         11.68,          3.30,       5.12,      51.21,    168.75,         17.30
         30,          5,    1,          9.31,          3.30,       3.96,      39.61,    130.57,         27.55
         30,          5,    2,         10.64,          3.30,       4.54,      45.40,    149.64,         23.16
         30,          5,    3,         11.51,          3.30,       5.00,      49.99,    164.73,         21.71
         30,          5,    4,         12.10,          3.29,       5.38,      53.80,    177.25,         20.89
         30,          5,    5,         12.57,          3.29,       5.70,      56.99,    187.72,         20.51
         30,          5,    6,         12.94,          3.29,       5.99,      59.80,    196.99,         20.20
         30,          5,    7,         13.25,          3.29,       6.26,      62.57,    206.03,         19.87
         30,          6,    1,         10.92,          3.30,       4.78,      47.77,    157.46,         32.70
         30,          6,    2,         12.13,          3.29,       5.44,      54.40,    179.20,         27.45
         30,          6,    3,         12.85,          3.29,       5.93,      59.28,    195.23,         25.51
         30,          6,    4,         13.36,          3.29,       6.31,      63.08,    207.69,         24.60
         30,          6,    5,         13.74,          3.29,       6.66,      66.56,    219.14,         23.80
         30,          6,    6,         14.05,          3.29,       6.97,      69.64,    229.28,         23.19
         30,          6,    7,         14.33,          3.29,       7.27,      72.67,    239.22,         22.67
         30,          7,    1,         12.12,          3.29,       5.58,      55.80,    183.83,         36.52
         30,          7,    2,         13.31,          3.29,       6.36,      63.57,    209.32,         30.53
         30,          7,    3,         14.01,          3.29,       6.95,      69.47,    228.72,         28.10
         30,          7,    4,         14.50,          3.29,       7.40,      73.98,    243.56,         26.99
         30,          7,    5,         14.89,          3.29,       7.80,      77.95,    256.58,         26.23
         30,          7,    6,         15.18,          3.29,       8.14,      81.34,    267.77,         25.66
         30,          7,    7,         15.44,          3.29,       8.45,      84.52,    278.19,         25.15
         31,          1,    1,          0.46,          3.30,       1.77,      17.69,     58.38,          7.98
         31,          1,    2,          2.52,          3.30,       2.04,      20.39,     67.26,          7.84
         31,          1,    3,          4.03,          3.30,       2.30,      23.02,     75.91,          8.05
         31,          1,    4,          5.14,          3.30,       2.53,      25.29,     83.37,          8.39
         31,          1,    5,          5.98,          3.30,       2.74,      27.36,     90.21,          8.67
         31,          1,    6,          6.69,          3.30,       2.94,      29.38,     96.85,          8.90
         31,          1,    7,          7.26,          3.30,       3.12,      31.19,    102.82,          9.13
         31,          2,    1,          2.59,          3.30,       2.08,      20.75,     68.42,         15.58
         31,          2,    2,          4.40,          3.30,       2.39,      23.85,     78.65,         12.59
         31,          2,    3,          5.70,          3.30,       2.67,      26.75,     88.19,         11.82
         31,          2,    4,          6.71,          3.30,       2.94,      29.32,     96.67,         11.75
         31,          2,    5,          7.49,          3.30,       3.19,      31.91,    105.17,         11.59
         31,          2,    6,          8.16,          3.30,       3.40,      33.98,    112.01,         11.84
         31,          2,    7,          8.70,          3.30,       3.62,      36.16,    119.19,         11.88
         31,          3,    1,          5.34,          3.30,       2.64,      26.44,     87.17,         22.41
         31,          3,    2,          7.02,          3.30,       3.05,      30.53,    100.66,         17.50
         31,          3,    3,          8.21,          3.30,       3.42,      34.25,    112.90,         16.14
         31,          3,    4,          9.05,          3.30,       3.73,      37.25,    122.77,         15.81
         31,          3,    5,          9.72,          3.30,       4.02,      40.22,    132.57,         15.44
         31,          3,    6,         10.24,          3.30,       4.27,      42.63,    140.52,         15.39
         31,          3,    7,         10.69,          3.30,       4.50,      44.99,    148.29,         15.33
         31,          4,    1,          7.51,          3.30,       3.26,      32.56,    107.32,         26.18
         31,          4,    2,          8.95,          3.30,       3.73,      37.24,    122.74,         21.23
         31,          4,    3,          9.89,          3.30,       4.11,      41.08,    135.40,         19.64
         31,          4,    4,         10.60,          3.30,       4.44,      44.38,    146.29,         18.99
         31,          4,    5,         11.15,          3.30,       4.74,      47.36,    156.08,         18.54
         31,          4,    6,         11.61,          3.30,       5.00,      50.06,    164.98,         18.27
         31,          4,    7,         11.99,          3.30,       5.26,      52.63,    173.41,         18.03
         31,          5,    1,          9.62,          3.30,       4.08,      40.80,    134.49,         28.43
         31,          5,    2,         10.97,          3.30,       4.68,      46.79,    154.22,         24.08
         31,          5,    3,         11.85,          3.30,       5.16,      51.65,    170.19,         22.52
         31,          5,    4,         12.44,          3.29,       5.55,      55.44,    182.64,         21.85
         31,          5,    5,         12.91,          3.29,       5.90,      59.01,    194.35,         21.24
         31,          5,    6,         13.29,          3.29,       6.18,      61.86,    203.74,         21.03
         31,          5,    7,         13.61,          3.29,       6.48,      64.82,    213.40,         20.68
         31,          6,    1,         11.28,          3.30,       4.95,      49.46,    163.02,         33.66
         31,          6,    2,         12.50,          3.29,       5.64,      56.39,    185.76,         28.40
         31,          6,    3,         13.23,          3.29,       6.14,      61.41,    202.23,         26.62
         31,          6,    4,         13.74,          3.29,       6.56,      65.55,    215.80,         25.55
         31,          6,    5,         14.14,          3.29,       6.91,      69.13,    227.59,         24.83
         31,          6,    6,         14.46,          3.29,       7.24,      72.34,    238.13,         24.27
         31,          6,    7,         14.74,          3.29,       7.55,      75.45,    248.36,         23.81
         31,          7,    1,         12.51,          3.29,       5.79,      57.90,    190.73,         37.42
         31,          7,    2,         13.71,          3.29,       6.63,      66.31,    218.30,         31.24
         31,          7,    3,         14.43,          3.29,       7.24,      72.39,    238.34,         29.10
         31,          7,    4,         14.93,          3.29,       7.71,      77.09,    253.78,         28.08
         31,          7,    5,         15.31,          3.29,       8.12,      81.24,    267.41,         27.34
         31,          7,    6,         15.62,          3.29,       8.49,      84.86,    279.29,         26.78
         31,          7,    7,         15.88,          3.29,       8.80,      87.98,    289.54,         26.43
         32,          1,    1,          0.58,          3.30,       1.79,      17.88,     59.01,          8.11
         32,          1,    2,          2.64,          3.30,       2.06,      20.59,     67.91,          7.99
         32,          1,    3,          4.15,          3.30,       2.33,      23.24,     76.66,          8.18
         32,          1,    4,          5.26,          3.30,       2.55,      25.54,     84.21,          8.54
         32,          1,    5,          6.13,          3.30,       2.77,      27.69,     91.31,          8.84
         32,          1,    6,          6.84,          3.30,       2.98,      29.76,     98.09,          9.08
         32,          1,    7,          7.43,          3.30,       3.17,      31.69,    104.47,          9.29
         32,          2,    1,          2.76,          3.30,       2.11,      21.05,     69.41,         15.89
         32,          2,    2,          4.57,          3.30,       2.42,      24.20,     79.79,         12.85
         32,          2,    3,          5.86,          3.30,       2.71,      27.14,     89.46,         12.07
         32,          2,    4,          6.87,          3.30,       2.98,      29.78,     98.16,         11.97
         32,          2,    5,          7.66,          3.30,       3.23,      32.25,    106.30,         11.96
         32,          2,    6,          8.33,          3.30,       3.45,      34.55,    113.86,         12.08
         32,          2,    7,          8.90,          3.30,       3.68,      36.76,    121.17,         12.18
         32,          3,    1,          5.58,          3.30,       2.69,      26.95,     88.85,         23.00
         32,          3,    2,          7.25,          3.30,       3.11,      31.13,    102.63,         17.99
         32,          3,    3,          8.45,          3.30,       3.50,      34.99,    115.33,         16.60
         32,          3,    4,          9.30,          3.30,       3.82,      38.14,    125.73,         16.18
         32,          3,    5,          9.96,          3.30,       4.10,      40.99,    135.11,         15.98
         32,          3,    6,         10.50,          3.30,       4.36,      43.62,    143.75,         15.90
         32,          3,    7,         10.95,          3.30,       4.61,      46.11,    151.96,         15.81
         32,          4,    1,          7.79,          3.30,       3.34,      33.42,    110.14,         26.92
         32,          4,    2,          9.23,          3.30,       3.83,      38.28,    126.18,         21.84
         32,          4,    3,         10.19,          3.30,       4.23,      42.25,    139.25,         20.30
         32,          4,    4,         10.90,          3.30,       4.57,      45.63,    150.41,         19.66
         32,          4,    5,         11.45,          3.30,       4.87,      48.66,    160.36,         19.25
         32,          4,    6,         11.92,          3.30,       5.15,      51.47,    169.60,         19.01
         32,          4,    7,         12.31,          3.29,       5.42,      54.16,    178.46,         18.76
         32,          5,    1,          9.96,          3.30,       4.21,      42.14,    138.90,         29.07
         32,          5,    2,         11.31,          3.30,       4.84,      48.33,    159.28,         24.85
         32,          5,    3,         12.19,          3.30,       5.35,      53.43,    176.05,         23.27
         32,          5,    4,         12.80,          3.29,       5.73,      57.36,    188.96,         22.64
         32,          5,    5,         13.29,          3.29,       6.09,      60.88,    200.50,         22.28
         32,          5,    6,         13.67,          3.29,       6.40,      64.01,    210.77,         21.98
         32,          5,    7,         14.00,          3.29,       6.71,      67.07,    220.82,         21.66
         32,          6,    1,         11.65,          3.30,       5.12,      51.25,    168.87,         34.95
         32,          6,    2,         12.89,          3.29,       5.86,      58.60,    193.00,         29.50
         32,          6,    3,         13.63,          3.29,       6.39,      63.87,    210.31,         27.68
         32,          6,    4,         14.15,          3.29,       6.81,      68.10,    224.18,         26.76
         32,          6,    5,         14.55,          3.29,       7.18,      71.88,    236.65,         26.01
         32,          6,    6,         14.88,          3.29,       7.52,      75.22,    247.63,         25.48
         32,          6,    7,         15.17,          3.29,       7.85,      78.45,    258.26,         25.05
         32,          7,    1,         12.91,          3.29,       6.02,      60.20,    198.32,         38.53
         32,          7,    2,         14.14,          3.29,       6.90,      69.02,    227.24,         32.53
         32,          7,    3,         14.87,          3.29,       7.55,      75.48,    248.49,         30.40
         32,          7,    4,         15.37,          3.29,       8.05,      80.47,    264.87,         29.37
         32,          7,    5,         15.77,          3.29,       8.48,      84.84,    279.27,         28.68
         32,          7,    6,         16.08,          3.29,       8.85,      88.41,    290.99,         28.26
         32,          7,    7,         16.34,          3.29,       9.19,      91.86,    302.27,         27.83
         33,          1,    1,          0.69,          3.30,       1.81,      18.05,     59.56,          8.28
         33,          1,    2,          2.74,          3.30,       2.07,      20.75,     68.45,          8.15
         33,          1,    3,          4.27,          3.30,       2.34,      23.46,     77.36,          8.37
         33,          1,    4,          5.38,          3.30,       2.58,      25.82,     85.14,          8.69
         33,          1,    5,          6.26,          3.30,       2.80,      27.99,     92.29,          9.01
         33,          1,    6,          6.98,          3.30,       3.01,      30.10,     99.21,          9.27
         33,          1,    7,          7.58,          3.30,       3.20,      32.02,    105.53,          9.53
         33,          2,    1,          2.93,          3.30,       2.13,      21.34,     70.39,         16.13
         33,          2,    2,          4.71,          3.30,       2.45,      24.52,     80.84,         13.09
         33,          2,    3,          6.02,          3.30,       2.75,      27.47,     90.57,         12.37
         33,          2,    4,          7.01,          3.30,       3.01,      30.11,     99.25,         12.25
         33,          2,    5,          7.81,          3.30,       3.26,      32.63,    107.57,         12.25
         33,          2,    6,          8.49,          3.30,       3.50,      34.98,    115.29,         12.38
         33,          2,    7,          9.07,          3.30,       3.72,      37.23,    122.70,         12.51
         33,          3,    1,          5.79,          3.30,       2.74,      27.42,     90.39,         23.61
         33,          3,    2,          7.46,          3.30,       3.18,      31.77,    104.74,         18.29
         33,          3,    3,          8.67,          3.30,       3.57,      35.69,    117.64,         16.99
         33,          3,    4,          9.53,          3.30,       3.89,      38.93,    128.33,         16.60
         33,          3,    5,         10.19,          3.30,       4.19,      41.93,    138.18,         16.38
         33,          3,    6,         10.76,          3.30,       4.45,      44.53,    146.78,         16.43
         33,          3,    7,         11.22,          3.30,       4.70,      47.05,    155.08,         16.40
         33,          4,    1,          8.08,          3.30,       3.42,      34.20,    112.74,         27.88
         33,          4,    2,          9.51,          3.30,       3.93,      39.26,    129.40,         22.51
         33,          4,    3,         10.47,          3.30,       4.33,      43.31,    142.75,         21.00
         33,          4,    4,         11.19,          3.30,       4.68,      46.80,    154.24,         20.36
         33,          4,    5,         11.74,          3.30,       4.99,      49.89,    164.41,         19.98
         33,          4,    6,         12.21,          3.30,       5.28,      52.81,    174.01,         19.74
         33,          4,    7,         12.60,          3.29,       5.56,      55.58,    183.11,         19.50
         33,          5,    1,         10.27,          3.30,       4.34,      43.33,    142.81,         30.01
         33,          5,    2,         11.64,          3.30,       4.98,      49.83,    164.22,         25.64
         33,          5,    3,         12.52,          3.29,       5.51,      55.15,    181.70,         24.02
         33,          5,    4,         13.14,          3.29,       5.93,      59.26,    195.17,         23.48
         33,          5,    5,         13.63,          3.29,       6.29,      62.90,    207.11,         23.11
         33,          5,    6,         14.02,          3.29,       6.62,      66.17,    217.86,         22.84
         33,          5,    7,         14.36,          3.29,       6.93,      69.30,    228.12,         22.58
         33,          6,    1,         12.01,          3.30,       5.31,      53.04,    174.76,         35.87
         33,          6,    2,         13.26,          3.29,       6.07,      60.69,    199.86,         30.55
         33,          6,    3,         14.00,          3.29,       6.63,      66.27,    218.20,         28.65
         33,          6,    4,         14.53,          3.29,       7.07,      70.69,    232.72,         27.74
         33,          6,    5,         14.94,          3.29,       7.45,      74.51,    245.28,         27.14
         33,          6,    6,         15.27,          3.29,       7.81,      78.06,    256.98,         26.61
         33,          6,    7,         15.57,          3.29,       8.14,      81.44,    268.10,         26.23
         33,          7,    1,         13.30,          3.29,       6.25,      62.47,    205.73,         39.52
         33,          7,    2,         14.54,          3.29,       7.18,      71.78,    236.33,         33.61
         33,          7,    3,         15.28,          3.29,       7.86,      78.59,    258.71,         31.50
         33,          7,    4,         15.79,          3.29,       8.38,      83.77,    275.76,         30.60
         33,          7,    5,         16.20,          3.29,       8.83,      88.26,    290.48,         30.01
         33,          7,    6,         16.50,          3.29,       9.22,      92.16,    303.22,         29.49
         33,          7,    7,         16.77,          3.29,       9.58,      95.74,    315.00,         29.14
         34,          1,    1,          0.80,          3.30,       1.82,      18.21,     60.07,          8.51
         34,          1,    2,          2.82,          3.30,       2.09,      20.91,     68.97,          8.31
         34,          1,    3,          4.36,          3.30,       2.36,      23.61,     77.88,          8.55
         34,          1,    4,          5.48,          3.30,       2.60,      26.01,     85.77,          8.86
         34,          1,    5,          6.37,          3.30,       2.83,      28.28,     93.22,          9.17
         34,          1,    6,          7.11,          3.30,       3.03,      30.33,     99.98,          9.52
         34,          1,    7,          7.72,          3.30,       3.23,      32.33,    106.59,          9.74
         34,          2,    1,          3.10,          3.30,       2.16,      21.60,     71.24,         16.65
         34,          2,    2,          4.87,          3.30,       2.48,      24.81,     81.80,         13.46
         34,          2,    3,          6.17,          3.30,       2.78,      27.77,     91.55,         12.73
         34,          2,    4,          7.17,          3.30,       3.05,      30.50,    100.55,         12.54
         34,          2,    5,          7.97,          3.30,       3.31,      33.05,    108.95,         12.54
         34,          2,    6,          8.65,          3.30,       3.54,      35.39,    116.66,         12.70
         34,          2,    7,          9.24,          3.30,       3.77,      37.72,    124.32,         12.84
         34,          3,    1,          6.02,          3.30,       2.80,      27.92,     92.06,         24.19
         34,          3,    2,          7.67,          3.30,       3.24,      32.36,    106.67,         18.79
         34,          3,    3,          8.89,          3.30,       3.64,      36.39,    119.95,         17.43
         34,          3,    4,          9.75,          3.30,       3.97,      39.72,    130.89,         17.03
         34,          3,    5,         10.43,          3.30,       4.28,      42.76,    140.95,         16.89
         34,          3,    6,         10.99,          3.30,       4.55,      45.51,    150.01,         16.88
         34,          3,    7,         11.46,          3.30,       4.80,      48.03,    158.30,         16.91
         34,          4,    1,          8.34,          3.30,       3.51,      35.08,    115.61,         28.19
         34,          4,    2,          9.78,          3.30,       4.03,      40.27,    132.74,         23.01
         34,          4,    3,         10.75,          3.30,       4.44,      44.42,    146.40,         21.59
         34,          4,    4,         11.47,          3.30,       4.80,      47.99,    158.16,         21.00
         34,          4,    5,         12.03,          3.30,       5.12,      51.18,    168.66,         20.65
         34,          4,    6,         12.50,          3.29,       5.42,      54.22,    178.62,         20.38
         34,          4,    7,         12.90,          3.29,       5.70,      57.02,    187.85,         20.22
         34,          5,    1,         10.59,          3.30,       4.46,      44.67,    147.23,         30.67
         34,          5,    2,         11.97,          3.30,       5.14,      51.45,    169.57,         26.38
         34,          5,    3,         12.86,          3.29,       5.69,      56.91,    187.45,         24.93
         34,          5,    4,         13.48,          3.29,       6.11,      61.14,    201.37,         24.39
         34,          5,    5,         13.97,          3.29,       6.50,      65.00,    214.01,         23.94
         34,          5,    6,         14.37,          3.29,       6.84,      68.43,    225.28,         23.71
         34,          5,    7,         14.71,          3.29,       7.16,      71.60,    235.70,         23.49
         34,          6,    1,         12.36,          3.29,       5.49,      54.92,    180.94,         36.61
         34,          6,    2,         13.64,          3.29,       6.30,      62.98,    207.39,         31.42
         34,          6,    3,         14.39,          3.29,       6.89,      68.83,    226.60,         29.61
         34,          6,    4,         14.91,          3.29,       7.34,      73.36,    241.52,         28.81
         34,          6,    5,         15.33,          3.29,       7.74,      77.35,    254.63,         28.23
         34,          6,    6,         15.66,          3.29,       8.11,      81.05,    266.81,         27.70
         34,          6,    7,         15.97,          3.29,       8.45,      84.50,    278.14,         27.40
         34,          7,    1,         13.67,          3.29,       6.48,      64.79,    213.33,         40.35
         34,          7,    2,         14.94,          3.29,       7.47,      74.64,    245.70,         34.62
         34,          7,    3,         15.69,          3.29,       8.18,      81.84,    269.42,         32.57
         34,          7,    4,         16.20,          3.29,       8.72,      87.24,    287.13,         31.73
         34,          7,    5,         16.62,          3.29,       9.20,      92.02,    302.78,         31.18
         34,          7,    6,         16.93,          3.29,       9.60,      95.99,    315.75,         30.80
         34,          7,    7,         17.20,          3.29,       9.97,      99.74,    328.01,         30.44
         35,          1,    1,          0.90,          3.30,       1.83,      18.37,     60.63,          8.73
         35,          1,    2,          2.92,          3.30,       2.11,      21.12,     69.66,          8.48
         35,          1,    3,          4.47,          3.30,       2.38,      23.81,     78.50,          8.76
         35,          1,    4,          5.60,          3.30,       2.63,      26.27,     86.60,          9.06
         35,          1,    5,          6.49,          3.30,       2.86,      28.56,     94.14,          9.37
         35,          1,    6,          7.24,          3.30,       3.07,      30.67,    101.11,          9.71
         35,          1,    7,          7.87,          3.30,       3.28,      32.75,    107.94,          9.96
         35,          2,    1,          3.28,          3.30,       2.19,      21.90,     72.24,         17.11
         35,          2,    2,          5.03,          3.30,       2.52,      25.18,     83.04,         13.70
         35,          2,    3,          6.33,          3.30,       2.82,      28.18,     92.90,         12.98
         35,          2,    4,          7.32,          3.30,       3.09,      30.86,    101.72,         12.87
         35,          2,    5,          8.13,          3.30,       3.36,      33.58,    110.68,         12.79
         35,          2,    6,          8.82,          3.30,       3.59,      35.88,    118.27,         13.03
         35,          2,    7,          9.41,          3.30,       3.83,      38.29,    126.22,         13.14
         35,          3,    1,          6.25,          3.30,       2.85,      28.50,     93.96,         24.54
         35,          3,    2,          7.90,          3.30,       3.31,      33.03,    108.88,         19.22
         35,          3,    3,          9.13,          3.30,       3.72,      37.19,    122.59,         17.87
         35,          3,    4,          9.99,          3.30,       4.06,      40.60,    133.82,         17.50
         35,          3,    5,         10.69,          3.30,       4.37,      43.74,    144.16,         17.38
         35,          3,    6,         11.25,          3.30,       4.66,      46.56,    153.46,         17.40
         35,          3,    7,         11.73,          3.30,       4.92,      49.26,    162.37,         17.41
         35,          4,    1,          8.65,          3.30,       3.61,      36.07,    118.90,         28.87
         35,          4,    2,         10.09,          3.30,       4.15,      41.44,    136.60,         23.71
         35,          4,    3,         11.06,          3.30,       4.58,      45.83,    151.05,         22.19
         35,          4,    4,         11.78,          3.30,       4.95,      49.46,    163.02,         21.69
         35,          4,    5,         12.35,          3.30,       5.28,      52.78,    173.94,         21.35
         35,          4,    6,         12.82,          3.29,       5.59,      55.91,    184.17,         21.13
         35,          4,    7,         13.23,          3.29,       5.88,      58.77,    193.56,         21.02
         35,          5,    1,         10.94,          3.30,       4.62,      46.21,    152.31,         31.38
         35,          5,    2,         12.33,          3.29,       5.34,      53.43,    176.03,         27.04
         35,          5,    3,         13.24,          3.29,       5.91,      59.10,    194.66,         25.73
         35,          5,    4,         13.86,          3.29,       6.35,      63.53,    209.18,         25.23
         35,          5,    5,         14.36,          3.29,       6.75,      67.54,    222.35,         24.89
         35,          5,    6,         14.76,          3.29,       7.11,      71.04,    233.88,         24.68
         35,          5,    7,         15.10,          3.29,       7.43,      74.34,    244.72,         24.54
         35,          6,    1,         12.74,          3.29,       5.71,      57.05,    187.95,         37.58
         35,          6,    2,         14.04,          3.29,       6.57,      65.69,    216.26,         32.36
         35,          6,    3,         14.80,          3.29,       7.18,      71.81,    236.39,         30.66
         35,          6,    4,         15.34,          3.29,       7.66,      76.55,    252.01,         29.96
         35,          6,    5,         15.75,          3.29,       8.08,      80.75,    265.82,         29.38
         35,          6,    6,         16.10,          3.29,       8.46,      84.56,    278.34,         28.98
         35,          6,    7,         16.41,          3.29,       8.81,      88.08,    289.92,         28.75
         35,          7,    1,         14.08,          3.29,       6.75,      67.51,    222.27,         41.01
         35,          7,    2,         15.38,          3.29,       7.81,      78.04,    256.90,         35.56
         35,          7,    3,         16.15,          3.29,       8.57,      85.67,    281.96,         33.75
         35,          7,    4,         16.66,          3.29,       9.13,      91.30,    300.41,         33.02
         35,          7,    5,         17.08,          3.29,       9.63,      96.26,    316.63,         32.56
         35,          7,    6,         17.39,          3.29,      10.04,     100.36,    330.05,         32.21
         35,          7,    7,         17.67,          3.29,      10.43,     104.30,    342.95,         31.95
         36,          1,    1,          1.00,          3.30,       1.85,      18.49,     61.01,          9.23
         36,          1,    2,          3.01,          3.30,       2.13,      21.30,     70.26,          8.74
         36,          1,    3,          4.54,          3.30,       2.40,      24.01,     79.16,          8.96
         36,          1,    4,          5.68,          3.30,       2.65,      26.51,     87.39,          9.25
         36,          1,    5,          6.59,          3.30,       2.88,      28.77,     94.86,          9.61
         36,          1,    6,          7.36,          3.30,       3.09,      30.91,    101.89,          9.99
         36,          1,    7,          7.99,          3.30,       3.30,      33.03,    108.88,         10.23
         36,          2,    1,          3.43,          3.30,       2.22,      22.19,     73.20,         17.31
         36,          2,    2,          5.18,          3.30,       2.55,      25.49,     84.06,         13.97
         36,          2,    3,          6.48,          3.30,       2.85,      28.53,     94.05,         13.23
         36,          2,    4,          7.47,          3.30,       3.13,      31.27,    103.10,         13.11
         36,          2,    5,          8.28,          3.30,       3.39,      33.88,    111.69,         13.15
         36,          2,    6,          8.97,          3.30,       3.64,      36.35,    119.79,         13.30
         36,          2,    7,          9.57,          3.30,       3.88,      38.80,    127.90,         13.42
         36,          3,    1,          6.47,          3.30,       2.91,      29.06,     95.79,         24.89
         36,          3,    2,          8.13,          3.30,       3.37,      33.66,    110.96,         19.71
         36,          3,    3,          9.37,          3.30,       3.80,      38.07,    125.49,         18.18
         36,          3,    4,         10.24,          3.30,       4.15,      41.55,    136.96,         17.90
         36,          3,    5,         10.94,          3.30,       4.48,      44.78,    147.60,         17.81
         36,          3,    6,         11.51,          3.30,       4.76,      47.65,    157.02,         17.91
         36,          3,    7,         11.99,          3.30,       5.04,      50.41,    166.11,         17.94
         36,          4,    1,          8.95,          3.30,       3.71,      37.07,    122.18,         29.22
         36,          4,    2,         10.40,          3.30,       4.27,      42.71,    140.77,         24.11
         36,          4,    3,         11.36,          3.30,       4.72,      47.20,    155.58,         22.72
         36,          4,    4,         12.09,          3.30,       5.10,      51.00,    168.06,         22.25
         36,          4,    5,         12.66,          3.29,       5.44,      54.40,    179.24,         21.97
         36,          4,    6,         13.14,          3.29,       5.76,      57.57,    189.64,         21.83
         36,          4,    7,         13.55,          3.29,       6.06,      60.56,    199.44,         21.73
         36,          5,    1,         11.28,          3.30,       4.78,      47.75,    157.36,         32.16
         36,          5,    2,         12.68,          3.29,       5.54,      55.39,    182.50,         27.69
         36,          5,    3,         13.59,          3.29,       6.15,      61.45,    202.37,         26.37
         36,          5,    4,         14.22,          3.29,       6.61,      66.01,    217.36,         25.95
         36,          5,    5,         14.72,          3.29,       7.02,      70.22,    231.19,         25.68
         36,          5,    6,         15.13,          3.29,       7.38,      73.83,    243.05,         25.55
         36,          5,    7,         15.48,          3.29,       7.73,      77.28,    254.43,         25.43
         36,          6,    1,         13.12,          3.29,       5.93,      59.30,    195.33,         38.01
         36,          6,    2,         14.43,          3.29,       6.84,      68.46,    225.40,         32.95
         36,          6,    3,         15.19,          3.29,       7.48,      74.83,    246.36,         31.45
         36,          6,    4,         15.73,          3.29,       7.99,      79.92,    263.08,         30.69
         36,          6,    5,         16.15,          3.29,       8.43,      84.29,    277.45,         30.26
         36,          6,    6,         16.50,          3.29,       8.82,      88.18,    290.19,         29.99
         36,          6,    7,         16.81,          3.29,       9.19,      91.84,    302.16,         29.82
         36,          7,    1,         14.46,          3.29,       7.02,      70.18,    231.05,         41.47
         36,          7,    2,         15.78,          3.29,       8.15,      81.47,    268.18,         36.26
         36,          7,    3,         16.56,          3.29,       8.94,      89.43,    294.28,         34.70
         36,          7,    4,         17.09,          3.29,       9.55,      95.46,    314.00,         34.05
         36,          7,    5,         17.51,          3.29,      10.07,     100.65,    330.96,         33.67
         36,          7,    6,         17.82,          3.29,      10.49,     104.91,    344.96,         33.40
         36,          7,    7,         18.10,          3.29,      10.90,     108.99,    358.36,         33.20
         37,          1,    1,          6.16,          3.30,       2.70,      27.04,     89.17,         51.66
         37,          1,    2,          6.88,          3.30,       2.89,      28.89,     95.25,         34.64
         37,          1,    3,          7.39,          3.30,       3.05,      30.51,    100.59,         28.22
         37,          1,    4,          7.65,          3.30,       3.13,      31.35,    103.34,         26.26
         37,          1,    5,          7.87,          3.30,       3.22,      32.25,    106.30,         24.36
         37,          1,    6,          8.00,          3.30,       3.28,      32.80,    108.11,         23.43
         37,          1,    7,          8.12,          3.30,       3.34,      33.36,    109.96,         22.55
         37,          2,    1,          7.84,          3.30,       3.18,      31.81,    104.86,         34.12
         37,          2,    2,          8.58,          3.30,       3.42,      34.20,    112.73,         28.07
         37,          2,    3,          9.01,          3.30,       3.58,      35.79,    117.97,         25.71
         37,          2,    4,          9.25,          3.30,       3.69,      36.84,    121.42,         24.47
         37,          2,    5,          9.45,          3.30,       3.78,      37.76,    124.46,         23.52
         37,          2,    6,          9.59,          3.30,       3.86,      38.60,    127.21,         22.64
         37,          2,    7,          9.74,          3.30,       3.94,      39.32,    129.62,         22.13
         37,          3,    1,          9.79,          3.30,       3.91,      39.11,    128.91,         30.63
         37,          3,    2,         10.71,          3.30,       4.32,      43.24,    142.52,         26.37
         37,          3,    3,         11.31,          3.30,       4.61,      46.11,    151.97,         24.98
         37,          3,    4,         11.64,          3.30,       4.79,      47.89,    157.84,         24.32
         37,          3,    5,         11.93,          3.30,       4.96,      49.58,    163.40,         23.78
         37,          3,    6,         12.11,          3.30,       5.09,      50.84,    167.51,         23.33
         37,          3,    7,         12.27,          3.30,       5.18,      51.82,    170.75,         23.15
         37,          4,    1,         11.48,          3.30,       4.76,      47.55,    156.72,         33.57
         37,          4,    2,         12.46,          3.30,       5.30,      52.97,    174.55,         29.49
         37,          4,    3,         13.00,          3.29,       5.63,      56.34,    185.60,         28.21
         37,          4,    4,         13.31,          3.29,       5.85,      58.51,    192.70,         27.54
         37,          4,    5,         13.55,          3.29,       6.02,      60.18,    198.18,         27.18
         37,          4,    6,         13.72,          3.29,       6.15,      61.46,    202.40,         26.91
         37,          4,    7,         13.87,          3.29,       6.27,      62.67,    206.39,         26.65
         37,          5,    1,         13.05,          3.29,       5.79,      57.86,    190.59,         37.06
         37,          5,    2,         14.15,          3.29,       6.56,      65.57,    215.89,         32.61
         37,          5,    3,         14.80,          3.29,       7.07,      70.68,    232.67,         31.25
         37,          5,    4,         15.16,          3.29,       7.40,      73.97,    243.51,         30.55
         37,          5,    5,         15.46,          3.29,       7.68,      76.81,    252.88,         30.13
         37,          5,    6,         15.66,          3.29,       7.89,      78.87,    259.63,         29.81
         37,          5,    7,         15.85,          3.29,       8.07,      80.71,    265.68,         29.71
         37,          6,    1,         14.36,          3.29,       6.89,      68.92,    226.90,         39.02
         37,          6,    2,         15.57,          3.29,       7.89,      78.92,    259.81,         35.05
         37,          6,    3,         16.21,          3.29,       8.50,      85.06,    279.99,         33.97
         37,          6,    4,         16.58,          3.29,       8.90,      89.00,    292.90,         33.49
         37,          6,    5,         16.86,          3.29,       9.21,      92.06,    302.92,         33.23
         37,          6,    6,         17.05,          3.29,       9.43,      94.34,    310.34,         33.03
         37,          6,    7,         17.21,          3.29,       9.63,      96.32,    316.81,         32.92
         37,          7,    1,         15.39,          3.29,       7.94,      79.34,    261.20,         39.80
         37,          7,    2,         16.70,          3.29,       9.18,      91.76,    301.96,         36.69
         37,          7,    3,         17.43,          3.29,       9.97,      99.69,    327.87,         36.04
         37,          7,    4,         17.83,          3.29,      10.46,     104.57,    343.84,         35.77
         37,          7,    5,         18.15,          3.29,      10.87,     108.66,    357.29,         35.72
         37,          7,    6,         18.36,          3.29,      11.15,     111.52,    366.67,         35.61
         37,          7,    7,         18.55,          3.29,      11.42,     114.18,    375.43,         35.60
         38,          1,    1,          6.21,          3.30,       2.71,      27.12,     89.42,         50.64
         38,          1,    2,          6.95,          3.30,       2.91,      29.14,     96.07,         33.27
         38,          1,    3,          7.48,          3.30,       3.07,      30.70,    101.20,         27.93
         38,          1,    4,          7.74,          3.30,       3.17,      31.70,    104.48,         25.51
         38,          1,    5,          7.97,          3.30,       3.26,      32.55,    107.30,         23.96
         38,          1,    6,          8.11,          3.30,       3.33,      33.29,    109.75,         22.64
         38,          1,    7,          8.23,          3.30,       3.38,      33.81,    111.45,         21.98
         38,          2,    1,          7.97,          3.30,       3.22,      32.20,    106.14,         33.51
         38,          2,    2,          8.72,          3.30,       3.48,      34.77,    114.61,         27.43
         38,          2,    3,          9.16,          3.30,       3.65,      36.47,    120.21,         25.13
         38,          2,    4,          9.40,          3.30,       3.74,      37.41,    123.31,         24.30
         38,          2,    5,          9.61,          3.30,       3.84,      38.43,    126.66,         23.31
         38,          2,    6,          9.76,          3.30,       3.92,      39.19,    129.18,         22.69
         38,          2,    7,          9.91,          3.30,       4.00,      40.03,    131.94,         22.01
         38,          3,    1,          9.97,          3.30,       3.99,      39.88,    131.45,         30.33
         38,          3,    2,         10.90,          3.30,       4.42,      44.23,    145.77,         26.17
         38,          3,    3,         11.54,          3.30,       4.74,      47.40,    156.22,         24.77
         38,          3,    4,         11.88,          3.30,       4.94,      49.39,    162.76,         24.07
         38,          3,    5,         12.17,          3.30,       5.10,      51.02,    168.11,         23.74
         38,          3,    6,         12.35,          3.30,       5.23,      52.30,    172.35,         23.33
         38,          3,    7,         12.53,          3.30,       5.35,      53.53,    176.38,         23.04
         38,          4,    1,         11.72,          3.30,       4.89,      48.85,    160.99,         33.70
         38,          4,    2,         12.72,          3.29,       5.46,      54.61,    179.94,         29.68
         38,          4,    3,         13.28,          3.29,       5.84,      58.42,    192.45,         28.14
         38,          4,    4,         13.59,          3.29,       6.07,      60.69,    199.88,         27.55
         38,          4,    5,         13.83,          3.29,       6.26,      62.55,    205.98,         27.11
         38,          4,    6,         14.01,          3.29,       6.39,      63.87,    210.31,         26.93
         38,          4,    7,         14.16,          3.29,       6.52,      65.20,    214.68,         26.65
         38,          5,    1,         13.34,          3.29,       5.98,      59.81,    197.00,         36.97
         38,          5,    2,         14.47,          3.29,       6.82,      68.18,    224.48,         32.58
         38,          5,    3,         15.11,          3.29,       7.37,      73.74,    242.73,         31.14
         38,          5,    4,         15.49,          3.29,       7.74,      77.36,    254.65,         30.48
         38,          5,    5,         15.79,          3.29,       8.04,      80.38,    264.58,         30.09
         38,          5,    6,         15.99,          3.29,       8.26,      82.56,    271.74,         29.86
         38,          5,    7,         16.18,          3.29,       8.46,      84.60,    278.47,         29.68
         38,          6,    1,         14.69,          3.29,       7.14,      71.36,    234.91,         39.03
         38,          6,    2,         15.92,          3.29,       8.23,      82.27,    270.80,         35.14
         38,          6,    3,         16.57,          3.29,       8.89,      88.86,    292.42,         34.15
         38,          6,    4,         16.94,          3.29,       9.33,      93.29,    306.91,         33.56
         38,          6,    5,         17.21,          3.29,       9.66,      96.62,    317.80,         33.24
         38,          6,    6,         17.41,          3.29,       9.92,      99.13,    325.99,         33.06
         38,          6,    7,         17.57,          3.29,      10.12,     101.24,    332.92,         32.93
         38,          7,    1,         15.74,          3.29,       8.22,      82.21,    270.60,         39.95
         38,          7,    2,         17.09,          3.29,       9.58,      95.73,    314.89,         37.01
         38,          7,    3,         17.83,          3.29,      10.41,     104.07,    342.22,         36.63
         38,          7,    4,         18.23,          3.29,      10.95,     109.51,    360.08,         36.24
         38,          7,    5,         18.55,          3.29,      11.38,     113.84,    374.30,         36.27
         38,          7,    6,         18.75,          3.29,      11.70,     117.01,    384.74,         36.09
         38,          7,    7,         18.95,          3.29,      12.00,     119.97,    394.43,         36.10
         39,          1,    1,          6.27,          3.30,       2.74,      27.35,     90.20,         46.84
         39,          1,    2,          7.03,          3.30,       2.94,      29.44,     97.07,         31.74
         39,          1,    3,          7.57,          3.30,       3.09,      30.95,    102.02,         27.39
         39,          1,    4,          7.85,          3.30,       3.21,      32.10,    105.82,         24.69
         39,          1,    5,          8.09,          3.30,       3.30,      32.99,    108.73,         23.35
         39,          1,    6,          8.24,          3.30,       3.35,      33.48,    110.35,         22.82
         39,          1,    7,          8.36,          3.30,       3.41,      34.06,    112.26,         22.05
         39,          2,    1,          8.12,          3.30,       3.27,      32.70,    107.78,         32.27
         39,          2,    2,          8.87,          3.30,       3.53,      35.31,    116.37,         26.89
         39,          2,    3,          9.32,          3.30,       3.70,      36.96,    121.81,         25.10
         39,          2,    4,          9.58,          3.30,       3.81,      38.11,    125.63,         23.95
         39,          2,    5,          9.80,          3.30,       3.93,      39.24,    129.34,         22.94
         39,          2,    6,          9.95,          3.30,       3.99,      39.93,    131.62,         22.49
         39,          2,    7,         10.11,          3.30,       4.09,      40.87,    134.72,         21.81
         39,          3,    1,         10.16,          3.30,       4.08,      40.76,    134.33,         29.77
         39,          3,    2,         11.12,          3.30,       4.54,      45.39,    149.59,         25.84
         39,          3,    3,         11.77,          3.30,       4.89,      48.89,    161.10,         24.38
         39,          3,    4,         12.12,          3.30,       5.10,      51.01,    168.11,         23.72
         39,          3,    5,         12.42,          3.29,       5.29,      52.86,    174.16,         23.36
         39,          3,    6,         12.62,          3.29,       5.43,      54.28,    178.85,         23.01
         39,          3,    7,         12.79,          3.29,       5.55,      55.45,    182.71,         22.83
         39,          4,    1,         11.99,          3.30,       5.05,      50.52,    166.47,         32.98
         39,          4,    2,         13.01,          3.29,       5.69,      56.88,    187.37,         29.05
         39,          4,    3,         13.57,          3.29,       6.08,      60.73,    200.02,         27.91
         39,          4,    4,         13.89,          3.29,       6.33,      63.26,    208.34,         27.29
         39,          4,    5,         14.13,          3.29,       6.55,      65.47,    215.56,         26.68
         39,          4,    6,         14.31,          3.29,       6.71,      67.02,    220.65,         26.42
         39,          4,    7,         14.47,          3.29,       6.84,      68.34,    224.97,         26.28
         39,          5,    1,         13.67,          3.29,       6.20,      62.02,    204.23,         36.93
         39,          5,    2,         14.82,          3.29,       7.14,      71.37,    234.96,         32.37
         39,          5,    3,         15.47,          3.29,       7.74,      77.42,    254.88,         30.98
         39,          5,    4,         15.85,          3.29,       8.15,      81.45,    268.13,         30.30
         39,          5,    5,         16.15,          3.29,       8.49,      84.88,    279.39,         29.83
         39,          5,    6,         16.36,          3.29,       8.73,      87.32,    287.38,         29.59
         39,          5,    7,         16.54,          3.29,       8.96,      89.57,    294.75,         29.37
         39,          6,    1,         15.04,          3.29,       7.42,      74.23,    244.37,         38.79
         39,          6,    2,         16.32,          3.29,       8.63,      86.32,    284.11,         35.08
         39,          6,    3,         16.96,          3.29,       9.38,      93.78,    308.54,         33.91
         39,          6,    4,         17.34,          3.29,       9.85,      98.51,    324.01,         33.47
         39,          6,    5,         17.60,          3.29,      10.24,     102.36,    336.60,         33.00
         39,          6,    6,         17.79,          3.29,      10.51,     105.07,    345.51,         32.79
         39,          6,    7,         17.95,          3.29,      10.74,     107.35,    352.99,         32.68
         39,          7,    1,         16.12,          3.29,       8.54,      85.36,    280.98,         40.16
         39,          7,    2,         17.50,          3.29,      10.02,     100.21,    329.55,         37.39
         39,          7,    3,         18.25,          3.29,      10.95,     109.47,    359.95,         36.91
         39,          7,    4,         18.65,          3.29,      11.55,     115.52,    379.83,         36.50
         39,          7,    5,         18.97,          3.29,      12.04,     120.37,    395.74,         36.39
         39,          7,    6,         19.18,          3.29,      12.38,     123.77,    406.90,         36.32
         39,          7,    7,         19.37,          3.29,      12.70,     127.03,    417.50,         36.28
         40,          1,    1,          6.31,          3.30,       2.75,      27.47,     90.58,         46.84
         40,          1,    2,          7.09,          3.30,       2.96,      29.63,     97.69,         31.53
         40,          1,    3,          7.65,          3.30,       3.12,      31.25,    103.00,         27.02
         40,          1,    4,          7.96,          3.30,       3.23,      32.29,    106.45,         24.99
         40,          1,    5,          8.20,          3.30,       3.33,      33.31,    109.80,         23.29
         40,          1,    6,          8.34,          3.30,       3.39,      33.82,    111.48,         22.75
         40,          1,    7,          8.48,          3.30,       3.44,      34.42,    113.44,         22.03
         40,          2,    1,          8.21,          3.30,       3.31,      33.07,    109.00,         31.81
         40,          2,    2,          9.00,          3.30,       3.59,      35.86,    118.20,         26.45
         40,          2,    3,          9.47,          3.30,       3.76,      37.59,    123.92,         24.76
         40,          2,    4,          9.74,          3.30,       3.88,      38.86,    128.09,         23.58
         40,          2,    5,          9.96,          3.30,       3.99,      39.93,    131.61,         22.83
         40,          2,    6,         10.12,          3.30,       4.08,      40.75,    134.33,         22.29
         40,          2,    7,         10.29,          3.30,       4.17,      41.66,    137.32,         21.75
         40,          3,    1,         10.35,          3.30,       4.18,      41.80,    137.77,         29.11
         40,          3,    2,         11.33,          3.30,       4.68,      46.81,    154.26,         25.28
         40,          3,    3,         11.98,          3.30,       5.06,      50.57,    166.64,         23.91
         40,          3,    4,         12.34,          3.30,       5.29,      52.87,    174.22,         23.26
         40,          3,    5,         12.65,          3.29,       5.50,      55.02,    181.28,         22.78
         40,          3,    6,         12.85,          3.29,       5.64,      56.43,    185.91,         22.57
         40,          3,    7,         13.02,          3.29,       5.78,      57.75,    190.25,         22.37
         40,          4,    1,         12.24,          3.30,       5.23,      52.28,    172.28,         32.19
         40,          4,    2,         13.29,          3.29,       5.93,      59.23,    195.09,         28.49
         40,          4,    3,         13.86,          3.29,       6.35,      63.56,    209.29,         27.33
         40,          4,    4,         14.19,          3.29,       6.64,      66.39,    218.60,         26.69
         40,          4,    5,         14.44,          3.29,       6.87,      68.68,    226.12,         26.23
         40,          4,    6,         14.61,          3.29,       7.05,      70.48,    232.01,         25.89
         40,          4,    7,         14.77,          3.29,       7.21,      72.08,    237.28,         25.62
         40,          5,    1,         13.98,          3.29,       6.46,      64.63,    212.79,         36.05
         40,          5,    2,         15.18,          3.29,       7.50,      74.98,    246.83,         31.86
         40,          5,    3,         15.83,          3.29,       8.17,      81.70,    268.94,         30.51
         40,          5,    4,         16.22,          3.29,       8.62,      86.19,    283.69,         29.87
         40,          5,    5,         16.52,          3.29,       9.00,      89.97,    296.06,         29.43
         40,          5,    6,         16.73,          3.29,       9.28,      92.79,    305.30,         29.09
         40,          5,    7,         16.91,          3.29,       9.52,      95.16,    313.03,         28.96
         40,          6,    1,         15.39,          3.29,       7.74,      77.41,    254.83,         38.06
         40,          6,    2,         16.70,          3.29,       9.08,      90.80,    298.78,         34.67
         40,          6,    3,         17.35,          3.29,       9.92,      99.21,    326.30,         33.42
         40,          6,    4,         17.74,          3.29,      10.45,     104.53,    343.72,         33.01
         40,          6,    5,         18.00,          3.29,      10.87,     108.75,    357.58,         32.59
         40,          6,    6,         18.19,          3.29,      11.17,     111.72,    367.33,         32.42
         40,          6,    7,         18.34,          3.29,      11.44,     114.42,    376.20,         32.17
         40,          7,    1,         16.46,          3.29,       8.85,      88.47,    291.17,         40.20
         40,          7,    2,         17.90,          3.29,      10.52,     105.21,    345.94,         37.36
         40,          7,    3,         18.63,          3.29,      11.53,     115.27,    379.01,         36.86
         40,          7,    4,         19.05,          3.29,      12.21,     122.04,    401.25,         36.44
         40,          7,    5,         19.36,          3.29,      12.75,     127.54,    419.17,         36.25
         40,          7,    6,         19.57,          3.29,      13.13,     131.27,    431.37,         36.16
         40,          7,    7,         19.75,          3.29,      13.50,     134.98,    443.45,         36.01
         41,          1,    1,          6.34,          3.30,       2.76,      27.61,     91.04,         43.69
         41,          1,    2,          7.14,          3.30,       2.97,      29.76,     98.13,         30.55
         41,          1,    3,          7.73,          3.30,       3.17,      31.64,    104.32,         25.61
         41,          1,    4,          8.03,          3.30,       3.26,      32.62,    107.51,         24.11
         41,          1,    5,          8.29,          3.30,       3.37,      33.66,    110.94,         22.69
         41,          1,    6,          8.45,          3.30,       3.42,      34.23,    112.82,         22.11
         41,          1,    7,          8.59,          3.30,       3.49,      34.84,    114.85,         21.46
         41,          2,    1,          8.32,          3.30,       3.35,      33.52,    110.51,         30.40
         41,          2,    2,          9.11,          3.30,       3.66,      36.57,    120.52,         25.20
         41,          2,    3,          9.60,          3.30,       3.84,      38.43,    126.67,         23.69
         41,          2,    4,          9.87,          3.30,       3.97,      39.70,    130.86,         22.75
         41,          2,    5,         10.10,          3.30,       4.08,      40.83,    134.59,         22.06
         41,          2,    6,         10.28,          3.30,       4.18,      41.76,    137.65,         21.56
         41,          2,    7,         10.46,          3.30,       4.27,      42.69,    140.70,         21.15
         41,          3,    1,         10.54,          3.30,       4.30,      43.01,    141.76,         28.16
         41,          3,    2,         11.55,          3.30,       4.84,      48.37,    159.41,         24.71
         41,          3,    3,         12.22,          3.30,       5.25,      52.46,    172.88,         23.35
         41,          3,    4,         12.58,          3.29,       5.50,      55.02,    181.27,         22.72
         41,          3,    5,         12.89,          3.29,       5.73,      57.29,    188.71,         22.32
         41,          3,    6,         13.08,          3.29,       5.88,      58.86,    193.85,         22.02
         41,          3,    7,         13.25,          3.29,       6.04,      60.37,    198.85,         21.75
         41,          4,    1,         12.52,          3.29,       5.44,      54.37,    179.11,         31.46
         41,          4,    2,         13.61,          3.29,       6.21,      62.11,    204.54,         27.93
         41,          4,    3,         14.19,          3.29,       6.70,      67.03,    220.69,         26.66
         41,          4,    4,         14.53,          3.29,       7.02,      70.16,    230.95,         26.11
         41,          4,    5,         14.78,          3.29,       7.27,      72.68,    239.28,         25.67
         41,          4,    6,         14.95,          3.29,       7.44,      74.40,    244.94,         25.48
         41,          4,    7,         15.11,          3.29,       7.61,      76.18,    250.76,         25.22
         41,          5,    1,         14.33,          3.29,       6.78,      67.80,    223.22,         35.32
         41,          5,    2,         15.55,          3.29,       7.88,      78.81,    259.42,         31.76
         41,          5,    3,         16.23,          3.29,       8.68,      86.76,    285.58,         30.22
         41,          5,    4,         16.63,          3.29,       9.15,      91.47,    300.97,         29.78
         41,          5,    5,         16.94,          3.29,       9.60,      96.02,    315.87,         29.21
         41,          5,    6,         17.14,          3.29,       9.88,      98.77,    324.90,         29.05
         41,          5,    7,         17.33,          3.29,      10.18,     101.76,    334.65,         28.75
         41,          6,    1,         15.76,          3.29,       8.11,      81.10,    266.98,         37.39
         41,          6,    2,         17.09,          3.29,       9.55,      95.46,    314.02,         34.64
         41,          6,    3,         17.77,          3.29,      10.53,     105.22,    345.99,         33.30
         41,          6,    4,         18.15,          3.29,      11.08,     110.81,    364.34,         33.02
         41,          6,    5,         18.44,          3.29,      11.59,     115.91,    381.08,         32.54
         41,          6,    6,         18.63,          3.29,      11.91,     119.04,    391.39,         32.39
         41,          6,    7,         18.79,          3.29,      12.24,     122.39,    402.37,         32.07
         41,          7,    1,         16.80,          3.29,       9.20,      92.03,    302.78,         39.88
         41,          7,    2,         18.29,          3.29,      11.07,     110.68,    363.92,         37.22
         41,          7,    3,         19.02,          3.29,      12.20,     121.98,    401.04,         36.59
         41,          7,    4,         19.45,          3.29,      12.95,     129.50,    425.58,         36.29
         41,          7,    5,         19.76,          3.29,      13.56,     135.55,    445.30,         36.02
         41,          7,    6,         19.97,          3.28,      13.99,     139.90,    459.49,         35.88
         41,          7,    7,         20.15,          3.28,      14.39,     143.85,    472.43,         35.70
         42,          1,    1,          6.37,          3.30,       2.78,      27.83,     91.76,         40.90
         42,          1,    2,          7.19,          3.30,       3.01,      30.13,     99.34,         28.80
         42,          1,    3,          7.80,          3.30,       3.20,      32.04,    105.62,         24.62
         42,          1,    4,          8.10,          3.30,       3.32,      33.19,    109.40,         22.89
         42,          1,    5,          8.37,          3.30,       3.41,      34.08,    112.34,         22.05
         42,          1,    6,          8.54,          3.30,       3.48,      34.75,    114.53,         21.43
         42,          1,    7,          8.68,          3.30,       3.54,      35.44,    116.82,         20.70
         42,          2,    1,          8.44,          3.30,       3.42,      34.23,    112.81,         29.19
         42,          2,    2,          9.26,          3.30,       3.74,      37.36,    123.15,         24.60
         42,          2,    3,          9.75,          3.30,       3.95,      39.51,    130.23,         22.81
         42,          2,    4,         10.03,          3.30,       4.09,      40.87,    134.72,         21.95
         42,          2,    5,         10.26,          3.30,       4.21,      42.13,    138.88,         21.24
         42,          2,    6,         10.44,          3.30,       4.32,      43.18,    142.31,         20.72
         42,          2,    7,         10.62,          3.30,       4.41,      44.07,    145.27,         20.46
         42,          3,    1,         10.78,          3.30,       4.48,      44.79,    147.60,         26.65
         42,          3,    2,         11.84,          3.30,       5.08,      50.79,    167.40,         23.60
         42,          3,    3,         12.52,          3.29,       5.53,      55.26,    182.07,         22.49
         42,          3,    4,         12.89,          3.29,       5.80,      57.99,    191.03,         22.01
         42,          3,    5,         13.21,          3.29,       6.07,      60.70,    199.92,         21.54
         42,          3,    6,         13.40,          3.29,       6.23,      62.28,    205.12,         21.37
         42,          3,    7,         13.58,          3.29,       6.39,      63.90,    210.41,         21.17
         42,          4,    1,         12.89,          3.29,       5.74,      57.37,    188.96,         30.92
         42,          4,    2,         14.00,          3.29,       6.55,      65.57,    215.90,         27.93
         42,          4,    3,         14.61,          3.29,       7.12,      71.14,    234.19,         26.72
         42,          4,    4,         14.97,          3.29,       7.48,      74.74,    246.05,         26.13
         42,          4,    5,         15.23,          3.29,       7.79,      77.87,    256.34,         25.56
         42,          4,    6,         15.41,          3.29,       7.99,      79.91,    263.06,         25.34
         42,          4,    7,         15.57,          3.29,       8.22,      82.18,    270.51,         24.97
         42,          5,    1,         14.73,          3.29,       7.13,      71.29,    234.71,         35.32
         42,          5,    2,         15.97,          3.29,       8.31,      83.08,    273.47,         32.15
         42,          5,    3,         16.64,          3.29,       9.09,      90.87,    299.04,         31.11
         42,          5,    4,         17.06,          3.29,       9.64,      96.43,    317.21,         30.48
         42,          5,    5,         17.37,          3.29,      10.09,     100.96,    332.01,         30.09
         42,          5,    6,         17.59,          3.29,      10.45,     104.51,    343.65,         29.74
         42,          5,    7,         17.78,          3.29,      10.77,     107.74,    354.26,         29.43
         42,          6,    1,         16.20,          3.29,       8.60,      85.97,    282.99,         36.96
         42,          6,    2,         17.53,          3.29,      10.11,     101.12,    332.53,         34.90
         42,          6,    3,         18.21,          3.29,      11.07,     110.63,    363.76,         34.19
         42,          6,    4,         18.61,          3.29,      11.71,     117.10,    385.00,         33.79
         42,          6,    5,         18.89,          3.29,      12.21,     122.11,    401.44,         33.47
         42,          6,    6,         19.09,          3.29,      12.59,     125.91,    413.87,         33.30
         42,          6,    7,         19.25,          3.29,      12.93,     129.26,    424.80,         33.05
         42,          7,    1,         17.20,          3.29,       9.68,      96.84,    318.55,         39.34
         42,          7,    2,         18.72,          3.29,      11.66,     116.61,    383.38,         37.52
         42,          7,    3,         19.49,          3.29,      13.02,     130.17,    427.77,         36.67
         42,          7,    4,         19.91,          3.28,      13.77,     137.62,    452.03,         36.65
         42,          7,    5,         20.23,          3.28,      14.48,     144.79,    475.49,         36.32
         42,          7,    6,         20.43,          3.28,      14.92,     149.23,    490.07,         36.24
         42,          7,    7,         20.62,          3.28,      15.41,     154.06,    505.91,         35.94
         43,          1,    1,          6.40,          3.30,       2.80,      27.93,     92.10,         40.19
         43,          1,    2,          7.22,          3.30,       3.04,      30.37,    100.14,         27.92
         43,          1,    3,          7.84,          3.30,       3.25,      32.48,    107.07,         23.57
         43,          1,    4,          8.16,          3.30,       3.37,      33.62,    110.81,         22.16
         43,          1,    5,          8.44,          3.30,       3.48,      34.72,    114.46,         21.03
         43,          1,    6,          8.61,          3.30,       3.54,      35.37,    116.60,         20.55
         43,          1,    7,          8.77,          3.30,       3.61,      36.15,    119.14,         19.86
         43,          2,    1,          8.58,          3.30,       3.51,      35.09,    115.66,         27.07
         43,          2,    2,          9.41,          3.30,       3.85,      38.53,    126.99,         22.98
         43,          2,    3,          9.91,          3.30,       4.09,      40.89,    134.79,         21.42
         43,          2,    4,         10.19,          3.30,       4.24,      42.42,    139.81,         20.58
         43,          2,    5,         10.44,          3.30,       4.37,      43.67,    143.93,         20.15
         43,          2,    6,         10.61,          3.30,       4.47,      44.66,    147.19,         19.79
         43,          2,    7,         10.78,          3.30,       4.59,      45.85,    151.13,         19.29
         43,          3,    1,         11.08,          3.30,       4.69,      46.90,    154.57,         25.88
         43,          3,    2,         12.15,          3.29,       5.32,      53.22,    175.36,         23.32
         43,          3,    3,         12.89,          3.29,       5.86,      58.62,    193.10,         22.05
         43,          3,    4,         13.27,          3.29,       6.15,      61.49,    202.49,         21.75
         43,          3,    5,         13.61,          3.29,       6.47,      64.67,    212.92,         21.28
         43,          3,    6,         13.80,          3.29,       6.67,      66.67,    219.50,         20.97
         43,          3,    7,         13.99,          3.29,       6.85,      68.51,    225.54,         20.79
         43,          4,    1,         13.19,          3.29,       5.94,      59.37,    195.53,         31.73
         43,          4,    2,         14.33,          3.29,       6.83,      68.24,    224.64,         28.59
         43,          4,    3,         14.95,          3.29,       7.41,      74.05,    243.77,         27.41
         43,          4,    4,         15.32,          3.29,       7.80,      77.98,    256.69,         26.84
         43,          4,    5,         15.60,          3.29,       8.13,      81.33,    267.73,         26.30
         43,          4,    6,         15.81,          3.29,       8.41,      84.07,    276.71,         25.91
         43,          4,    7,         15.98,          3.29,       8.65,      86.45,    284.52,         25.62
         43,          5,    1,         15.06,          3.29,       7.39,      73.96,    243.48,         36.90
         43,          5,    2,         16.33,          3.29,       8.66,      86.54,    284.82,         33.48
         43,          5,    3,         17.01,          3.29,       9.49,      94.82,    311.91,         32.35
         43,          5,    4,         17.44,          3.29,      10.07,     100.70,    331.12,         31.76
         43,          5,    5,         17.76,          3.29,      10.57,     105.74,    347.68,         31.23
         43,          5,    6,         17.99,          3.29,      10.95,     109.48,    359.96,         30.92
         43,          5,    7,         18.17,          3.29,      11.29,     112.84,    371.01,         30.63
         43,          6,    1,         16.57,          3.29,       8.95,      89.50,    294.53,         37.85
         43,          6,    2,         17.93,          3.29,      10.58,     105.82,    347.98,         35.82
         43,          6,    3,         18.61,          3.29,      11.58,     115.79,    380.72,         35.21
         43,          6,    4,         19.02,          3.29,      12.29,     122.82,    403.76,         34.82
         43,          6,    5,         19.31,          3.29,      12.80,     128.01,    420.63,         34.66
         43,          6,    6,         19.51,          3.29,      13.24,     132.38,    434.91,         34.34
         43,          6,    7,         19.68,          3.29,      13.59,     135.83,    446.22,         34.19
         43,          7,    1,         17.65,          3.29,      10.26,     102.59,    337.35,         38.88
         43,          7,    2,         19.15,          3.29,      12.33,     123.31,    405.38,         37.80
         43,          7,    3,         19.92,          3.28,      13.67,     136.68,    448.97,         37.61
         43,          7,    4,         20.35,          3.28,      14.53,     145.24,    476.97,         37.46
         43,          7,    5,         20.66,          3.28,      15.23,     152.28,    500.07,         37.30
         43,          7,    6,         20.88,          3.28,      15.76,     157.55,    517.33,         37.14
         43,          7,    7,         21.06,          3.28,      16.22,     162.16,    532.39,         37.04
         44,          1,    1,          6.43,          3.30,       2.83,      28.33,     93.42,         37.91
         44,          1,    2,          7.28,          3.30,       3.09,      30.86,    101.74,         26.84
         44,          1,    3,          7.91,          3.30,       3.30,      33.02,    108.84,         22.88
         44,          1,    4,          8.23,          3.30,       3.44,      34.36,    113.27,         21.18
         44,          1,    5,          8.51,          3.30,       3.55,      35.51,    117.06,         20.15
         44,          1,    6,          8.69,          3.30,       3.62,      36.18,    119.24,         19.75
         44,          1,    7,          8.83,          3.30,       3.69,      36.90,    121.62,         19.22
         44,          2,    1,          8.76,          3.30,       3.65,      36.49,    120.29,         24.80
         44,          2,    2,          9.65,          3.30,       4.03,      40.24,    132.63,         21.63
         44,          2,    3,         10.15,          3.30,       4.29,      42.91,    141.40,         20.12
         44,          2,    4,         10.45,          3.30,       4.45,      44.50,    146.66,         19.55
         44,          2,    5,         10.70,          3.30,       4.62,      46.20,    152.26,         18.87
         44,          2,    6,         10.87,          3.30,       4.72,      47.22,    155.61,         18.61
         44,          2,    7,         11.06,          3.30,       4.84,      48.40,    159.53,         18.33
         44,          3,    1,         11.37,          3.30,       4.84,      48.37,    159.43,         26.60
         44,          3,    2,         12.49,          3.29,       5.56,      55.59,    183.13,         23.57
         44,          3,    3,         13.23,          3.29,       6.10,      61.00,    200.90,         22.60
         44,          3,    4,         13.65,          3.29,       6.46,      64.57,    212.61,         22.11
         44,          3,    5,         14.01,          3.29,       6.81,      68.08,    224.14,         21.64
         44,          3,    6,         14.23,          3.29,       7.04,      70.46,    231.95,         21.36
         44,          3,    7,         14.44,          3.29,       7.28,      72.80,    239.66,         21.08
         44,          4,    1,         13.50,          3.29,       6.14,      61.32,    201.95,         33.72
         44,          4,    2,         14.67,          3.29,       7.10,      71.01,    233.77,         29.83
         44,          4,    3,         15.31,          3.29,       7.72,      77.17,    254.05,         28.63
         44,          4,    4,         15.69,          3.29,       8.16,      81.58,    268.57,         27.90
         44,          4,    5,         15.99,          3.29,       8.54,      85.36,    280.95,         27.29
         44,          4,    6,         16.20,          3.29,       8.82,      88.17,    290.17,         26.99
         44,          4,    7,         16.38,          3.29,       9.08,      90.81,    298.80,         26.64
         44,          5,    1,         15.42,          3.29,       7.69,      76.93,    253.25,         39.48
         44,          5,    2,         16.72,          3.29,       9.04,      90.42,    297.55,         35.43
         44,          5,    3,         17.41,          3.29,       9.95,      99.45,    327.08,         34.01
         44,          5,    4,         17.85,          3.29,      10.58,     105.83,    347.98,         33.33
         44,          5,    5,         18.18,          3.29,      11.12,     111.17,    365.53,         32.81
         44,          5,    6,         18.41,          3.29,      11.53,     115.34,    379.24,         32.39
         44,          5,    7,         18.61,          3.29,      11.90,     118.94,    391.07,         32.16
         44,          6,    1,         16.95,          3.29,       9.34,      93.39,    307.24,         39.53
         44,          6,    2,         18.35,          3.29,      11.10,     111.02,    365.02,         37.35
         44,          6,    3,         19.04,          3.29,      12.18,     121.84,    400.57,         36.65
         44,          6,    4,         19.46,          3.29,      12.94,     129.33,    425.01,         36.32
         44,          6,    5,         19.75,          3.29,      13.50,     135.01,    443.51,         36.10
         44,          6,    6,         19.97,          3.28,      13.97,     139.63,    458.59,         35.85
         44,          6,    7,         20.14,          3.28,      14.36,     143.62,    471.64,         35.59
         44,          7,    1,         18.07,          3.29,      10.77,     107.76,    354.32,         39.21
         44,          7,    2,         19.61,          3.29,      13.02,     130.15,    427.66,         38.55
         44,          7,    3,         20.36,          3.28,      14.39,     143.89,    472.54,         38.60
         44,          7,    4,         20.80,          3.28,      15.32,     153.21,    503.14,         38.52
         44,          7,    5,         21.12,          3.28,      16.07,     160.72,    527.70,         38.42
         44,          7,    6,         20.98,          3.28,      15.96,     159.54,    523.86,         37.66
         44,          7,    7,         20.95,          3.28,      16.03,     160.27,    526.25,         37.11

