[Radio] Initializing ... success!
Connected to RF power monitor: Rohde&Schwarz,FPC1500,1328.6660K03/205785,V1.80
Connected to DC power monitor: radiolib-org,DCpowerMon,070dd3d
setCurrentLimit skipped

Set [dBm/2],paDutyCycle,paSlc,Measured [dBm],Bus voltage[V],Voltage[mV],Current[mA],Power [mW],Efficiency [%]
        -18,          1,    1,        -22.63,          3.30,       0.89,       8.95,     29.54,          0.37
        -18,          1,    2,        -20.64,          3.30,       0.93,       9.26,     30.58,          0.34
        -18,          1,    3,        -19.30,          3.30,       0.96,       9.64,     31.79,          0.32
        -18,          1,    4,        -18.27,          3.30,       0.99,       9.94,     32.81,          0.31
        -18,          1,    5,        -17.25,          3.30,       1.02,      10.21,     33.70,          0.33
        -18,          1,    6,        -16.60,          3.30,       1.05,      10.51,     34.66,          0.33
        -18,          1,    7,        -15.92,          3.30,       1.08,      10.80,     35.65,          0.34
        -18,          2,    1,        -20.17,          3.30,       0.92,       9.17,     30.26,          0.72
        -18,          2,    2,        -18.63,          3.30,       0.96,       9.57,     31.59,          0.52
        -18,          2,    3,        -17.31,          3.30,       0.99,       9.92,     32.73,          0.49
        -18,          2,    4,        -16.29,          3.30,       1.03,      10.26,     33.84,          0.48
        -18,          2,    5,        -15.50,          3.30,       1.06,      10.58,     34.90,          0.47
        -18,          2,    6,        -14.79,          3.30,       1.09,      10.89,     35.91,          0.48
        -18,          2,    7,        -14.31,          3.30,       1.12,      11.26,     37.16,          0.45
        -18,          3,    1,        -17.50,          3.30,       0.96,       9.61,     31.70,          0.94
        -18,          3,    2,        -16.04,          3.30,       1.00,      10.02,     33.06,          0.77
        -18,          3,    3,        -14.93,          3.30,       1.04,      10.38,     34.25,          0.72
        -18,          3,    4,        -14.12,          3.30,       1.08,      10.76,     35.49,          0.68
        -18,          3,    5,        -13.44,          3.30,       1.12,      11.15,     36.78,          0.65
        -18,          3,    6,        -12.89,          3.30,       1.15,      11.47,     37.85,          0.64
        -18,          3,    7,        -12.51,          3.30,       1.18,      11.81,     38.98,          0.61
        -18,          4,    1,        -15.43,          3.30,       1.00,      10.01,     33.03,          1.19
        -18,          4,    2,        -14.19,          3.30,       1.05,      10.44,     34.45,          1.00
        -18,          4,    3,        -13.31,          3.30,       1.09,      10.87,     35.87,          0.89
        -18,          4,    4,        -12.59,          3.30,       1.13,      11.32,     37.36,          0.82
        -18,          4,    5,        -12.06,          3.30,       1.17,      11.66,     38.47,          0.79
        -18,          4,    6,        -11.65,          3.30,       1.20,      11.99,     39.55,          0.77
        -18,          4,    7,        -11.27,          3.30,       1.23,      12.31,     40.61,          0.75
        -18,          5,    1,        -13.42,          3.30,       1.06,      10.55,     34.82,          1.65
        -18,          5,    2,        -12.26,          3.30,       1.11,      11.11,     36.64,          1.30
        -18,          5,    3,        -11.53,          3.30,       1.16,      11.57,     38.16,          1.15
        -18,          5,    4,        -11.00,          3.30,       1.20,      11.98,     39.52,          1.07
        -18,          5,    5,        -10.57,          3.30,       1.23,      12.32,     40.66,          1.02
        -18,          5,    6,        -10.22,          3.30,       1.27,      12.69,     41.88,          0.97
        -18,          5,    7,         -9.88,          3.30,       1.30,      13.02,     42.96,          0.94
        -18,          6,    1,        -12.12,          3.30,       1.11,      11.10,     36.61,          2.00
        -18,          6,    2,        -11.13,          3.30,       1.17,      11.64,     38.41,          1.58
        -18,          6,    3,        -10.50,          3.30,       1.21,      12.10,     39.91,          1.40
        -18,          6,    4,         -9.95,          3.30,       1.25,      12.52,     41.28,          1.31
        -18,          6,    5,         -9.66,          3.30,       1.29,      12.90,     42.56,          1.20
        -18,          6,    6,         -9.28,          3.30,       1.33,      13.28,     43.79,          1.15
        -18,          6,    7,         -8.98,          3.30,       1.36,      13.64,     44.99,          1.11
        -18,          7,    1,        -11.10,          3.30,       1.16,      11.59,     38.24,          2.24
        -18,          7,    2,        -10.12,          3.30,       1.22,      12.23,     40.33,          1.75
        -18,          7,    3,         -9.42,          3.30,       1.27,      12.73,     42.00,          1.58
        -18,          7,    4,         -9.01,          3.30,       1.32,      13.20,     43.54,          1.43
        -18,          7,    5,         -8.69,          3.30,       1.36,      13.60,     44.85,          1.34
        -18,          7,    6,         -8.41,          3.30,       1.40,      13.96,     46.07,          1.28
        -18,          7,    7,         -8.18,          3.30,       1.44,      14.35,     47.32,          1.21
        -17,          1,    1,        -22.22,          3.30,       0.90,       8.97,     29.59,          0.40
        -17,          1,    2,        -20.49,          3.30,       0.93,       9.28,     30.63,          0.35
        -17,          1,    3,        -18.98,          3.30,       0.97,       9.67,     31.90,          0.33
        -17,          1,    4,        -17.74,          3.30,       1.00,       9.99,     32.96,          0.34
        -17,          1,    5,        -16.87,          3.30,       1.03,      10.28,     33.91,          0.35
        -17,          1,    6,        -16.12,          3.30,       1.06,      10.57,     34.88,          0.36
        -17,          1,    7,        -15.60,          3.30,       1.09,      10.86,     35.83,          0.36
        -17,          2,    1,        -19.96,          3.30,       0.92,       9.19,     30.33,          0.85
        -17,          2,    2,        -18.16,          3.30,       0.96,       9.64,     31.81,          0.57
        -17,          2,    3,        -16.84,          3.30,       1.00,      10.01,     33.04,          0.53
        -17,          2,    4,        -15.87,          3.30,       1.03,      10.31,     34.01,          0.53
        -17,          2,    5,        -15.10,          3.30,       1.07,      10.69,     35.26,          0.51
        -17,          2,    6,        -14.41,          3.30,       1.10,      11.01,     36.33,          0.50
        -17,          2,    7,        -13.80,          3.30,       1.14,      11.36,     37.45,          0.50
        -17,          3,    1,        -17.08,          3.30,       0.97,       9.69,     31.97,          0.99
        -17,          3,    2,        -15.66,          3.30,       1.01,      10.09,     33.28,          0.83
        -17,          3,    3,        -14.47,          3.30,       1.05,      10.49,     34.61,          0.77
        -17,          3,    4,        -13.70,          3.30,       1.09,      10.89,     35.94,          0.72
        -17,          3,    5,        -13.05,          3.30,       1.13,      11.27,     37.18,          0.69
        -17,          3,    6,        -12.54,          3.30,       1.16,      11.63,     38.38,          0.66
        -17,          3,    7,        -12.09,          3.30,       1.19,      11.89,     39.23,          0.67
        -17,          4,    1,        -15.03,          3.30,       1.01,      10.10,     33.34,          1.32
        -17,          4,    2,        -13.81,          3.30,       1.05,      10.54,     34.78,          1.09
        -17,          4,    3,        -12.83,          3.30,       1.10,      11.03,     36.40,          0.96
        -17,          4,    4,        -12.15,          3.30,       1.14,      11.42,     37.69,          0.91
        -17,          4,    5,        -11.65,          3.30,       1.18,      11.78,     38.87,          0.86
        -17,          4,    6,        -11.25,          3.30,       1.21,      12.10,     39.93,          0.84
        -17,          4,    7,        -10.81,          3.30,       1.25,      12.48,     41.16,          0.81
        -17,          5,    1,        -12.94,          3.30,       1.07,      10.69,     35.25,          1.75
        -17,          5,    2,        -11.89,          3.30,       1.13,      11.27,     37.17,          1.34
        -17,          5,    3,        -11.16,          3.30,       1.17,      11.71,     38.64,          1.22
        -17,          5,    4,        -10.61,          3.30,       1.21,      12.13,     40.01,          1.13
        -17,          5,    5,        -10.15,          3.30,       1.25,      12.55,     41.40,          1.07
        -17,          5,    6,         -9.80,          3.30,       1.29,      12.89,     42.53,          1.03
        -17,          5,    7,         -9.51,          3.30,       1.32,      13.24,     43.69,          0.99
        -17,          6,    1,        -11.70,          3.30,       1.13,      11.29,     37.23,          2.01
        -17,          6,    2,        -10.68,          3.30,       1.18,      11.82,     39.00,          1.66
        -17,          6,    3,        -10.04,          3.30,       1.23,      12.30,     40.58,          1.48
        -17,          6,    4,         -9.54,          3.30,       1.28,      12.77,     42.13,          1.34
        -17,          6,    5,         -9.15,          3.30,       1.32,      13.15,     43.37,          1.28
        -17,          6,    6,         -8.86,          3.30,       1.35,      13.52,     44.58,          1.21
        -17,          6,    7,         -8.61,          3.30,       1.39,      13.85,     45.70,          1.16
        -17,          7,    1,        -10.63,          3.30,       1.18,      11.81,     38.97,          2.37
        -17,          7,    2,         -9.58,          3.30,       1.25,      12.45,     41.06,          1.92
        -17,          7,    3,         -9.01,          3.30,       1.30,      13.01,     42.90,          1.66
        -17,          7,    4,         -8.55,          3.30,       1.35,      13.48,     44.46,          1.53
        -17,          7,    5,         -8.27,          3.30,       1.38,      13.82,     45.58,          1.45
        -17,          7,    6,         -8.01,          3.30,       1.42,      14.25,     47.01,          1.35
        -17,          7,    7,         -7.76,          3.30,       1.47,      14.64,     48.27,          1.29
        -16,          1,    1,        -21.59,          3.30,       0.90,       9.03,     29.78,          0.46
        -16,          1,    2,        -19.86,          3.30,       0.94,       9.40,     31.00,          0.38
        -16,          1,    3,        -18.44,          3.30,       0.98,       9.78,     32.26,          0.36
        -16,          1,    4,        -17.36,          3.30,       1.01,      10.08,     33.25,          0.37
        -16,          1,    5,        -16.36,          3.30,       1.04,      10.40,     34.31,          0.38
        -16,          1,    6,        -15.61,          3.30,       1.07,      10.69,     35.27,          0.39
        -16,          1,    7,        -15.06,          3.30,       1.10,      11.05,     36.46,          0.38
        -16,          2,    1,        -19.26,          3.30,       0.93,       9.32,     30.75,          0.90
        -16,          2,    2,        -17.67,          3.30,       0.97,       9.76,     32.18,          0.62
        -16,          2,    3,        -16.34,          3.30,       1.01,      10.10,     33.33,          0.60
        -16,          2,    4,        -15.37,          3.30,       1.05,      10.45,     34.45,          0.58
        -16,          2,    5,        -14.48,          3.30,       1.08,      10.83,     35.72,          0.57
        -16,          2,    6,        -13.85,          3.30,       1.12,      11.20,     36.95,          0.55
        -16,          2,    7,        -13.33,          3.30,       1.15,      11.53,     38.03,          0.54
        -16,          3,    1,        -16.41,          3.30,       0.98,       9.81,     32.35,          1.20
        -16,          3,    2,        -15.03,          3.30,       1.03,      10.26,     33.84,          0.92
        -16,          3,    3,        -13.85,          3.30,       1.07,      10.65,     35.13,          0.88
        -16,          3,    4,        -13.16,          3.30,       1.11,      11.07,     36.51,          0.80
        -16,          3,    5,        -12.49,          3.30,       1.14,      11.45,     37.76,          0.77
        -16,          3,    6,        -11.95,          3.30,       1.18,      11.81,     38.94,          0.75
        -16,          3,    7,        -11.60,          3.30,       1.21,      12.12,     39.98,          0.72
        -16,          4,    1,        -14.43,          3.30,       1.03,      10.24,     33.77,          1.61
        -16,          4,    2,        -13.16,          3.30,       1.07,      10.74,     35.44,          1.24
        -16,          4,    3,        -12.26,          3.30,       1.13,      11.25,     37.10,          1.07
        -16,          4,    4,        -11.55,          3.30,       1.17,      11.65,     38.43,          1.01
        -16,          4,    5,        -11.12,          3.30,       1.20,      12.02,     39.64,          0.95
        -16,          4,    6,        -10.64,          3.30,       1.24,      12.39,     40.89,          0.92
        -16,          4,    7,        -10.25,          3.30,       1.27,      12.71,     41.93,          0.91
        -16,          5,    1,        -12.36,          3.30,       1.09,      10.91,     35.99,          1.94
        -16,          5,    2,        -11.26,          3.30,       1.15,      11.51,     37.97,          1.51
        -16,          5,    3,        -10.49,          3.30,       1.20,      11.99,     39.54,          1.37
        -16,          5,    4,         -9.94,          3.30,       1.24,      12.44,     41.02,          1.27
        -16,          5,    5,         -9.52,          3.30,       1.28,      12.83,     42.33,          1.20
        -16,          5,    6,         -9.20,          3.30,       1.32,      13.20,     43.53,          1.14
        -16,          5,    7,         -8.86,          3.30,       1.35,      13.51,     44.56,          1.12
        -16,          6,    1,        -11.01,          3.30,       1.15,      11.53,     38.02,          2.44
        -16,          6,    2,        -10.07,          3.30,       1.21,      12.12,     39.97,          1.89
        -16,          6,    3,         -9.33,          3.30,       1.26,      12.63,     41.66,          1.69
        -16,          6,    4,         -8.95,          3.30,       1.31,      13.09,     43.17,          1.52
        -16,          6,    5,         -8.53,          3.30,       1.35,      13.52,     44.58,          1.43
        -16,          6,    6,         -8.28,          3.30,       1.39,      13.86,     45.71,          1.36
        -16,          6,    7,         -8.02,          3.30,       1.42,      14.22,     46.91,          1.30
        -16,          7,    1,         -9.97,          3.30,       1.21,      12.12,     39.99,          2.68
        -16,          7,    2,         -8.94,          3.30,       1.28,      12.81,     42.25,          2.12
        -16,          7,    3,         -8.30,          3.30,       1.34,      13.37,     44.09,          1.88
        -16,          7,    4,         -7.87,          3.30,       1.38,      13.85,     45.67,          1.73
        -16,          7,    5,         -7.57,          3.30,       1.43,      14.29,     47.13,          1.61
        -16,          7,    6,         -7.36,          3.30,       1.47,      14.71,     48.52,          1.50
        -16,          7,    7,         -7.09,          3.30,       1.51,      15.05,     49.63,          1.46
        -15,          1,    1,        -21.30,          3.30,       0.91,       9.10,     30.02,          0.47
        -15,          1,    2,        -19.46,          3.30,       0.95,       9.49,     31.29,          0.40
        -15,          1,    3,        -17.98,          3.30,       0.98,       9.82,     32.40,          0.40
        -15,          1,    4,        -17.03,          3.30,       1.02,      10.17,     33.53,          0.39
        -15,          1,    5,        -16.10,          3.30,       1.05,      10.46,     34.50,          0.41
        -15,          1,    6,        -15.34,          3.30,       1.08,      10.78,     35.57,          0.41
        -15,          1,    7,        -14.64,          3.30,       1.12,      11.12,     36.67,          0.42
        -15,          2,    1,        -18.91,          3.30,       0.94,       9.39,     30.97,          0.97
        -15,          2,    2,        -17.30,          3.30,       0.98,       9.81,     32.36,          0.69
        -15,          2,    3,        -16.05,          3.30,       1.02,      10.18,     33.59,          0.63
        -15,          2,    4,        -14.89,          3.30,       1.06,      10.54,     34.77,          0.63
        -15,          2,    5,        -14.21,          3.30,       1.09,      10.93,     36.06,          0.59
        -15,          2,    6,        -13.50,          3.30,       1.13,      11.30,     37.27,          0.59
        -15,          2,    7,        -12.87,          3.30,       1.16,      11.62,     38.33,          0.59
        -15,          3,    1,        -16.00,          3.30,       0.99,       9.87,     32.55,          1.33
        -15,          3,    2,        -14.63,          3.30,       1.04,      10.35,     34.13,          0.99
        -15,          3,    3,        -13.48,          3.30,       1.08,      10.78,     35.54,          0.92
        -15,          3,    4,        -12.74,          3.30,       1.12,      11.23,     37.03,          0.83
        -15,          3,    5,        -12.18,          3.30,       1.16,      11.58,     38.19,          0.80
        -15,          3,    6,        -11.72,          3.30,       1.19,      11.93,     39.36,          0.77
        -15,          3,    7,        -11.22,          3.30,       1.23,      12.26,     40.44,          0.77
        -15,          4,    1,        -14.01,          3.30,       1.04,      10.36,     34.18,          1.66
        -15,          4,    2,        -12.82,          3.30,       1.09,      10.89,     35.93,          1.26
        -15,          4,    3,        -11.91,          3.30,       1.14,      11.40,     37.60,          1.11
        -15,          4,    4,        -11.27,          3.30,       1.18,      11.76,     38.80,          1.07
        -15,          4,    5,        -10.73,          3.30,       1.21,      12.16,     40.10,          1.02
        -15,          4,    6,        -10.27,          3.30,       1.25,      12.54,     41.38,          0.98
        -15,          4,    7,         -9.91,          3.30,       1.29,      12.91,     42.59,          0.95
        -15,          5,    1,        -11.96,          3.30,       1.11,      11.09,     36.59,          1.97
        -15,          5,    2,        -10.84,          3.30,       1.17,      11.65,     38.43,          1.62
        -15,          5,    3,        -10.09,          3.30,       1.22,      12.19,     40.22,          1.43
        -15,          5,    4,         -9.56,          3.30,       1.26,      12.63,     41.68,          1.33
        -15,          5,    5,         -9.13,          3.30,       1.30,      13.02,     42.96,          1.27
        -15,          5,    6,         -8.81,          3.30,       1.34,      13.41,     44.24,          1.21
        -15,          5,    7,         -8.55,          3.30,       1.37,      13.75,     45.35,          1.16
        -15,          6,    1,        -10.60,          3.30,       1.17,      11.70,     38.60,          2.49
        -15,          6,    2,         -9.63,          3.30,       1.23,      12.33,     40.66,          1.96
        -15,          6,    3,         -8.98,          3.30,       1.29,      12.84,     42.37,          1.74
        -15,          6,    4,         -8.49,          3.30,       1.33,      13.29,     43.83,          1.62
        -15,          6,    5,         -8.13,          3.30,       1.37,      13.71,     45.20,          1.52
        -15,          6,    6,         -7.83,          3.30,       1.41,      14.09,     46.48,          1.45
        -15,          6,    7,         -7.60,          3.30,       1.45,      14.50,     47.83,          1.37
        -15,          7,    1,         -9.55,          3.30,       1.23,      12.34,     40.69,          2.93
        -15,          7,    2,         -8.58,          3.30,       1.30,      13.04,     43.00,          2.28
        -15,          7,    3,         -7.94,          3.30,       1.36,      13.62,     44.92,          2.00
        -15,          7,    4,         -7.48,          3.30,       1.41,      14.09,     46.45,          1.87
        -15,          7,    5,         -7.16,          3.30,       1.46,      14.54,     47.94,          1.74
        -15,          7,    6,         -6.91,          3.30,       1.49,      14.92,     49.24,          1.65
        -15,          7,    7,         -6.71,          3.30,       1.53,      15.36,     50.65,          1.55
        -14,          1,    1,        -20.67,          3.30,       0.92,       9.12,     30.11,          0.60
        -14,          1,    2,        -19.11,          3.30,       0.96,       9.57,     31.59,          0.42
        -14,          1,    3,        -17.71,          3.30,       0.99,       9.89,     32.64,          0.43
        -14,          1,    4,        -16.41,          3.30,       1.02,      10.28,     33.90,          0.44
        -14,          1,    5,        -15.74,          3.30,       1.06,      10.58,     34.89,          0.43
        -14,          1,    6,        -14.83,          3.30,       1.09,      10.89,     35.93,          0.45
        -14,          1,    7,        -14.24,          3.30,       1.12,      11.24,     37.10,          0.45
        -14,          2,    1,        -18.36,          3.30,       0.95,       9.50,     31.33,          1.07
        -14,          2,    2,        -16.75,          3.30,       0.99,       9.94,     32.77,          0.75
        -14,          2,    3,        -15.44,          3.30,       1.03,      10.33,     34.08,          0.69
        -14,          2,    4,        -14.51,          3.30,       1.07,      10.69,     35.27,          0.67
        -14,          2,    5,        -13.64,          3.30,       1.11,      11.09,     36.59,          0.65
        -14,          2,    6,        -13.02,          3.30,       1.14,      11.44,     37.72,          0.64
        -14,          2,    7,        -12.56,          3.30,       1.18,      11.76,     38.78,          0.63
        -14,          3,    1,        -15.47,          3.30,       1.00,      10.02,     33.04,          1.44
        -14,          3,    2,        -14.05,          3.30,       1.05,      10.48,     34.58,          1.12
        -14,          3,    3,        -13.03,          3.30,       1.09,      10.94,     36.10,          0.99
        -14,          3,    4,        -12.22,          3.30,       1.14,      11.39,     37.55,          0.92
        -14,          3,    5,        -11.66,          3.30,       1.18,      11.74,     38.73,          0.89
        -14,          3,    6,        -11.16,          3.30,       1.21,      12.11,     39.96,          0.86
        -14,          3,    7,        -10.71,          3.30,       1.25,      12.45,     41.08,          0.85
        -14,          4,    1,        -13.44,          3.30,       1.05,      10.50,     34.63,          1.88
        -14,          4,    2,        -12.29,          3.30,       1.11,      11.07,     36.53,          1.37
        -14,          4,    3,        -11.41,          3.30,       1.16,      11.59,     38.24,          1.20
        -14,          4,    4,        -10.75,          3.30,       1.20,      12.01,     39.61,          1.14
        -14,          4,    5,        -10.25,          3.30,       1.24,      12.41,     40.93,          1.08
        -14,          4,    6,         -9.82,          3.30,       1.28,      12.79,     42.21,          1.04
        -14,          4,    7,         -9.41,          3.30,       1.31,      13.14,     43.34,          1.03
        -14,          5,    1,        -11.47,          3.30,       1.13,      11.32,     37.33,          2.04
        -14,          5,    2,        -10.31,          3.30,       1.19,      11.89,     39.23,          1.72
        -14,          5,    3,         -9.58,          3.30,       1.24,      12.42,     40.97,          1.54
        -14,          5,    4,         -9.06,          3.30,       1.29,      12.90,     42.54,          1.43
        -14,          5,    5,         -8.58,          3.30,       1.33,      13.32,     43.92,          1.37
        -14,          5,    6,         -8.28,          3.30,       1.37,      13.67,     45.11,          1.32
        -14,          5,    7,         -7.94,          3.30,       1.40,      14.04,     46.30,          1.29
        -14,          6,    1,        -10.03,          3.30,       1.20,      11.96,     39.47,          2.81
        -14,          6,    2,         -9.09,          3.30,       1.26,      12.62,     41.62,          2.17
        -14,          6,    3,         -8.45,          3.30,       1.32,      13.18,     43.48,          1.90
        -14,          6,    4,         -7.90,          3.30,       1.36,      13.65,     45.03,          1.78
        -14,          6,    5,         -7.55,          3.30,       1.40,      14.04,     46.29,          1.70
        -14,          6,    6,         -7.24,          3.30,       1.45,      14.47,     47.72,          1.60
        -14,          6,    7,         -7.00,          3.30,       1.49,      14.84,     48.93,          1.54
        -14,          7,    1,         -8.94,          3.30,       1.26,      12.64,     41.69,          3.17
        -14,          7,    2,         -7.91,          3.30,       1.34,      13.42,     44.25,          2.46
        -14,          7,    3,         -7.33,          3.30,       1.40,      13.99,     46.13,          2.19
        -14,          7,    4,         -6.92,          3.30,       1.45,      14.53,     47.91,          1.98
        -14,          7,    5,         -6.55,          3.30,       1.50,      14.98,     49.40,          1.89
        -14,          7,    6,         -6.34,          3.30,       1.54,      15.37,     50.68,          1.79
        -14,          7,    7,         -6.11,          3.30,       1.58,      15.77,     51.99,          1.71
        -13,          1,    1,        -20.53,          3.30,       0.92,       9.22,     30.43,          0.51
        -13,          1,    2,        -18.58,          3.30,       0.96,       9.63,     31.76,          0.45
        -13,          1,    3,        -17.24,          3.30,       1.00,       9.97,     32.90,          0.45
        -13,          1,    4,        -16.25,          3.30,       1.03,      10.31,     34.02,          0.45
        -13,          1,    5,        -15.30,          3.30,       1.06,      10.63,     35.06,          0.46
        -13,          1,    6,        -14.55,          3.30,       1.10,      10.99,     36.25,          0.47
        -13,          1,    7,        -13.94,          3.30,       1.14,      11.32,     37.34,          0.47
        -13,          2,    1,        -17.95,          3.30,       0.96,       9.56,     31.54,          1.08
        -13,          2,    2,        -16.36,          3.30,       1.00,      10.00,     32.97,          0.79
        -13,          2,    3,        -15.12,          3.30,       1.03,      10.35,     34.14,          0.75
        -13,          2,    4,        -14.19,          3.30,       1.08,      10.80,     35.61,          0.69
        -13,          2,    5,        -13.34,          3.30,       1.12,      11.20,     36.96,          0.67
        -13,          2,    6,        -12.74,          3.30,       1.15,      11.51,     37.97,          0.67
        -13,          2,    7,        -12.23,          3.30,       1.18,      11.84,     39.06,          0.66
        -13,          3,    1,        -15.04,          3.30,       1.01,      10.13,     33.42,          1.51
        -13,          3,    2,        -13.72,          3.30,       1.06,      10.61,     34.99,          1.16
        -13,          3,    3,        -12.70,          3.30,       1.11,      11.07,     36.54,          1.03
        -13,          3,    4,        -11.93,          3.30,       1.15,      11.50,     37.93,          0.97
        -13,          3,    5,        -11.31,          3.30,       1.19,      11.88,     39.20,          0.94
        -13,          3,    6,        -10.87,          3.30,       1.22,      12.22,     40.29,          0.91
        -13,          3,    7,        -10.42,          3.30,       1.26,      12.58,     41.49,          0.89
        -13,          4,    1,        -13.03,          3.30,       1.07,      10.65,     35.14,          1.89
        -13,          4,    2,        -11.93,          3.30,       1.12,      11.25,     37.10,          1.40
        -13,          4,    3,        -11.02,          3.30,       1.17,      11.73,     38.68,          1.28
        -13,          4,    4,        -10.34,          3.30,       1.22,      12.13,     40.02,          1.23
        -13,          4,    5,         -9.85,          3.30,       1.26,      12.56,     41.43,          1.16
        -13,          4,    6,         -9.38,          3.30,       1.29,      12.94,     42.70,          1.13
        -13,          4,    7,         -9.09,          3.30,       1.33,      13.34,     44.01,          1.07
        -13,          5,    1,        -11.07,          3.30,       1.14,      11.46,     37.81,          2.13
        -13,          5,    2,         -9.93,          3.30,       1.21,      12.06,     39.78,          1.80
        -13,          5,    3,         -9.20,          3.30,       1.26,      12.62,     41.63,          1.61
        -13,          5,    4,         -8.67,          3.30,       1.31,      13.09,     43.17,          1.51
        -13,          5,    5,         -8.23,          3.30,       1.35,      13.52,     44.59,          1.44
        -13,          5,    6,         -7.92,          3.30,       1.39,      13.89,     45.81,          1.38
        -13,          5,    7,         -7.62,          3.30,       1.43,      14.27,     47.08,          1.34
        -13,          6,    1,         -9.68,          3.30,       1.21,      12.13,     40.02,          3.03
        -13,          6,    2,         -8.63,          3.30,       1.28,      12.81,     42.24,          2.38
        -13,          6,    3,         -8.03,          3.30,       1.34,      13.39,     44.15,          2.05
        -13,          6,    4,         -7.54,          3.30,       1.39,      13.85,     45.67,          1.92
        -13,          6,    5,         -7.22,          3.30,       1.43,      14.30,     47.17,          1.77
        -13,          6,    6,         -6.86,          3.30,       1.48,      14.73,     48.57,          1.70
        -13,          6,    7,         -6.66,          3.30,       1.51,      15.14,     49.92,          1.60
        -13,          7,    1,         -8.54,          3.30,       1.29,      12.87,     42.44,          3.32
        -13,          7,    2,         -7.56,          3.30,       1.36,      13.62,     44.93,          2.62
        -13,          7,    3,         -6.99,          3.30,       1.43,      14.27,     47.07,          2.26
        -13,          7,    4,         -6.54,          3.30,       1.48,      14.78,     48.75,          2.11
        -13,          7,    5,         -6.21,          3.30,       1.53,      15.25,     50.28,          1.99
        -13,          7,    6,         -5.98,          3.30,       1.57,      15.66,     51.63,          1.88
        -13,          7,    7,         -5.76,          3.30,       1.61,      16.07,     53.00,          1.80
        -12,          1,    1,        -19.96,          3.30,       0.93,       9.29,     30.65,          0.60
        -12,          1,    2,        -18.33,          3.30,       0.97,       9.72,     32.08,          0.47
        -12,          1,    3,        -16.81,          3.30,       1.00,      10.05,     33.15,          0.50
        -12,          1,    4,        -15.72,          3.30,       1.04,      10.41,     34.35,          0.50
        -12,          1,    5,        -14.77,          3.30,       1.08,      10.74,     35.44,          0.52
        -12,          1,    6,        -14.04,          3.30,       1.11,      11.13,     36.71,          0.51
        -12,          1,    7,        -13.54,          3.30,       1.15,      11.46,     37.82,          0.50
        -12,          2,    1,        -17.52,          3.30,       0.97,       9.69,     31.97,          1.08
        -12,          2,    2,        -15.97,          3.30,       1.01,      10.11,     33.34,          0.84
        -12,          2,    3,        -14.68,          3.30,       1.05,      10.51,     34.69,          0.78
        -12,          2,    4,        -13.63,          3.30,       1.09,      10.90,     35.97,          0.77
        -12,          2,    5,        -12.91,          3.30,       1.13,      11.32,     37.34,          0.73
        -12,          2,    6,        -12.29,          3.30,       1.17,      11.67,     38.50,          0.72
        -12,          2,    7,        -11.77,          3.30,       1.20,      12.00,     39.58,          0.72
        -12,          3,    1,        -14.64,          3.30,       1.02,      10.23,     33.75,          1.76
        -12,          3,    2,        -13.27,          3.30,       1.07,      10.74,     35.46,          1.29
        -12,          3,    3,        -12.15,          3.30,       1.13,      11.25,     37.12,          1.15
        -12,          3,    4,        -11.49,          3.30,       1.17,      11.65,     38.45,          1.07
        -12,          3,    5,        -10.86,          3.30,       1.21,      12.06,     39.78,          1.03
        -12,          3,    6,        -10.38,          3.30,       1.24,      12.42,     40.99,          1.00
        -12,          3,    7,         -9.98,          3.30,       1.28,      12.80,     42.23,          0.96
        -12,          4,    1,        -12.62,          3.30,       1.08,      10.82,     35.68,          2.02
        -12,          4,    2,        -11.47,          3.30,       1.14,      11.41,     37.63,          1.53
        -12,          4,    3,        -10.56,          3.30,       1.19,      11.92,     39.32,          1.38
        -12,          4,    4,         -9.89,          3.30,       1.23,      12.33,     40.68,          1.33
        -12,          4,    5,         -9.40,          3.30,       1.28,      12.79,     42.20,          1.25
        -12,          4,    6,         -8.91,          3.30,       1.32,      13.21,     43.57,          1.21
        -12,          4,    7,         -8.59,          3.30,       1.36,      13.59,     44.83,          1.17
        -12,          5,    1,        -10.53,          3.30,       1.17,      11.66,     38.48,          2.37
        -12,          5,    2,         -9.47,          3.30,       1.23,      12.32,     40.63,          1.92
        -12,          5,    3,         -8.66,          3.30,       1.29,      12.88,     42.49,          1.76
        -12,          5,    4,         -8.15,          3.30,       1.34,      13.38,     44.14,          1.63
        -12,          5,    5,         -7.73,          3.30,       1.38,      13.80,     45.52,          1.57
        -12,          5,    6,         -7.34,          3.30,       1.42,      14.19,     46.81,          1.53
        -12,          5,    7,         -7.11,          3.30,       1.46,      14.59,     48.12,          1.46
        -12,          6,    1,         -9.15,          3.30,       1.24,      12.40,     40.91,          3.28
        -12,          6,    2,         -8.19,          3.30,       1.31,      13.12,     43.28,          2.50
        -12,          6,    3,         -7.51,          3.30,       1.37,      13.69,     45.15,          2.24
        -12,          6,    4,         -7.04,          3.30,       1.42,      14.17,     46.72,          2.08
        -12,          6,    5,         -6.68,          3.30,       1.46,      14.64,     48.28,          1.94
        -12,          6,    6,         -6.39,          3.30,       1.51,      15.06,     49.67,          1.84
        -12,          6,    7,         -6.09,          3.30,       1.55,      15.46,     50.97,          1.79
        -12,          7,    1,         -8.01,          3.30,       1.32,      13.18,     43.47,          3.57
        -12,          7,    2,         -7.04,          3.30,       1.39,      13.94,     45.97,          2.85
        -12,          7,    3,         -6.38,          3.30,       1.47,      14.66,     48.35,          2.47
        -12,          7,    4,         -5.99,          3.30,       1.51,      15.13,     49.92,          2.32
        -12,          7,    5,         -5.69,          3.30,       1.56,      15.66,     51.64,          2.14
        -12,          7,    6,         -5.43,          3.30,       1.61,      16.06,     52.97,          2.06
        -12,          7,    7,         -5.24,          3.30,       1.65,      16.51,     54.45,          1.94
        -11,          1,    1,        -19.58,          3.30,       0.94,       9.42,     31.08,          0.58
        -11,          1,    2,        -17.86,          3.30,       0.98,       9.77,     32.25,          0.54
        -11,          1,    3,        -16.45,          3.30,       1.02,      10.15,     33.47,          0.53
        -11,          1,    4,        -15.27,          3.30,       1.05,      10.49,     34.59,          0.55
        -11,          1,    5,        -14.35,          3.30,       1.08,      10.88,     35.88,          0.55
        -11,          1,    6,        -13.75,          3.30,       1.13,      11.27,     37.19,          0.53
        -11,          1,    7,        -13.09,          3.30,       1.15,      11.56,     38.13,          0.55
        -11,          2,    1,        -17.17,          3.30,       0.98,       9.75,     32.17,          1.29
        -11,          2,    2,        -15.59,          3.30,       1.02,      10.18,     33.58,          0.95
        -11,          2,    3,        -14.23,          3.30,       1.06,      10.59,     34.94,          0.89
        -11,          2,    4,        -13.25,          3.30,       1.11,      11.07,     36.54,          0.81
        -11,          2,    5,        -12.46,          3.30,       1.15,      11.45,     37.79,          0.80
        -11,          2,    6,        -11.83,          3.30,       1.18,      11.84,     39.04,          0.79
        -11,          2,    7,        -11.35,          3.30,       1.22,      12.18,     40.18,          0.77
        -11,          3,    1,        -14.18,          3.30,       1.04,      10.38,     34.25,          1.62
        -11,          3,    2,        -12.79,          3.30,       1.09,      10.90,     35.95,          1.30
        -11,          3,    3,        -11.71,          3.30,       1.14,      11.41,     37.63,          1.18
        -11,          3,    4,        -10.97,          3.30,       1.18,      11.82,     38.99,          1.13
        -11,          3,    5,        -10.46,          3.30,       1.22,      12.22,     40.30,          1.07
        -11,          3,    6,         -9.87,          3.30,       1.27,      12.64,     41.69,          1.05
        -11,          3,    7,         -9.56,          3.30,       1.30,      13.03,     42.98,          1.00
        -11,          4,    1,        -12.10,          3.30,       1.10,      11.00,     36.29,          2.07
        -11,          4,    2,        -10.90,          3.30,       1.16,      11.60,     38.26,          1.64
        -11,          4,    3,        -10.07,          3.30,       1.21,      12.13,     40.02,          1.46
        -11,          4,    4,         -9.40,          3.30,       1.26,      12.59,     41.52,          1.40
        -11,          4,    5,         -8.81,          3.30,       1.30,      13.04,     43.01,          1.36
        -11,          4,    6,         -8.53,          3.30,       1.34,      13.41,     44.24,          1.28
        -11,          4,    7,         -8.13,          3.30,       1.38,      13.80,     45.50,          1.26
        -11,          5,    1,         -9.98,          3.30,       1.19,      11.90,     39.25,          2.49
        -11,          5,    2,         -8.94,          3.30,       1.25,      12.51,     41.27,          2.11
        -11,          5,    3,         -8.23,          3.30,       1.31,      13.14,     43.34,          1.85
        -11,          5,    4,         -7.70,          3.30,       1.36,      13.62,     44.94,          1.75
        -11,          5,    5,         -7.24,          3.30,       1.41,      14.11,     46.54,          1.67
        -11,          5,    6,         -6.91,          3.30,       1.45,      14.53,     47.93,          1.60
        -11,          5,    7,         -6.63,          3.30,       1.49,      14.89,     49.10,          1.56
        -11,          6,    1,         -8.67,          3.30,       1.27,      12.64,     41.70,          3.60
        -11,          6,    2,         -7.70,          3.30,       1.34,      13.40,     44.20,          2.70
        -11,          6,    3,         -6.99,          3.30,       1.40,      13.98,     46.12,          2.44
        -11,          6,    4,         -6.54,          3.30,       1.45,      14.52,     47.90,          2.22
        -11,          6,    5,         -6.14,          3.30,       1.50,      14.99,     49.45,          2.11
        -11,          6,    6,         -5.84,          3.30,       1.54,      15.41,     50.81,          2.02
        -11,          6,    7,         -5.66,          3.30,       1.58,      15.83,     52.21,          1.90
        -11,          7,    1,         -7.49,          3.30,       1.35,      13.48,     44.47,          3.82
        -11,          7,    2,         -6.47,          3.30,       1.43,      14.32,     47.21,          3.05
        -11,          7,    3,         -5.93,          3.30,       1.50,      15.03,     49.55,          2.62
        -11,          7,    4,         -5.45,          3.30,       1.55,      15.55,     51.27,          2.49
        -11,          7,    5,         -5.18,          3.30,       1.60,      16.05,     52.92,          2.31
        -11,          7,    6,         -4.98,          3.30,       1.65,      16.50,     54.39,          2.18
        -11,          7,    7,         -4.70,          3.30,       1.69,      16.91,     55.75,          2.12
        -10,          1,    1,        -18.88,          3.30,       0.95,       9.51,     31.38,          0.72
        -10,          1,    2,        -17.28,          3.30,       0.99,       9.89,     32.63,          0.61
        -10,          1,    3,        -15.91,          3.30,       1.03,      10.31,     34.03,          0.58
        -10,          1,    4,        -14.81,          3.30,       1.06,      10.67,     35.19,          0.59
        -10,          1,    5,        -14.03,          3.30,       1.11,      11.04,     36.44,          0.58
        -10,          1,    6,        -13.25,          3.30,       1.14,      11.42,     37.65,          0.59
        -10,          1,    7,        -12.72,          3.30,       1.17,      11.70,     38.60,          0.59
        -10,          2,    1,        -16.65,          3.30,       0.99,       9.88,     32.60,          1.51
        -10,          2,    2,        -15.08,          3.30,       1.03,      10.35,     34.14,          1.05
        -10,          2,    3,        -13.72,          3.30,       1.08,      10.79,     35.59,          0.96
        -10,          2,    4,        -12.80,          3.30,       1.13,      11.26,     37.15,          0.88
        -10,          2,    5,        -12.09,          3.30,       1.17,      11.66,     38.46,          0.85
        -10,          2,    6,        -11.50,          3.30,       1.20,      12.00,     39.59,          0.84
        -10,          2,    7,        -11.01,          3.30,       1.23,      12.35,     40.73,          0.83
        -10,          3,    1,        -13.66,          3.30,       1.05,      10.52,     34.70,          2.09
        -10,          3,    2,        -12.36,          3.30,       1.11,      11.08,     36.55,          1.49
        -10,          3,    3,        -11.29,          3.30,       1.16,      11.58,     38.21,          1.33
        -10,          3,    4,        -10.59,          3.30,       1.21,      12.04,     39.73,          1.23
        -10,          3,    5,         -9.96,          3.30,       1.25,      12.46,     41.09,          1.19
        -10,          3,    6,         -9.54,          3.30,       1.29,      12.88,     42.48,          1.13
        -10,          3,    7,         -9.13,          3.30,       1.32,      13.25,     43.70,          1.11
        -10,          4,    1,        -11.65,          3.30,       1.12,      11.25,     37.10,          2.16
        -10,          4,    2,        -10.50,          3.30,       1.18,      11.85,     39.10,          1.72
        -10,          4,    3,         -9.63,          3.30,       1.24,      12.35,     40.74,          1.60
        -10,          4,    4,         -8.94,          3.30,       1.29,      12.84,     42.36,          1.52
        -10,          4,    5,         -8.42,          3.30,       1.33,      13.32,     43.94,          1.44
        -10,          4,    6,         -8.04,          3.30,       1.37,      13.73,     45.30,          1.38
        -10,          4,    7,         -7.64,          3.30,       1.41,      14.09,     46.47,          1.37
        -10,          5,    1,         -9.60,          3.30,       1.22,      12.13,     40.03,          2.73
        -10,          5,    2,         -8.47,          3.30,       1.28,      12.84,     42.34,          2.25
        -10,          5,    3,         -7.68,          3.30,       1.35,      13.47,     44.43,          2.03
        -10,          5,    4,         -7.24,          3.30,       1.40,      13.98,     46.11,          1.87
        -10,          5,    5,         -6.72,          3.30,       1.45,      14.45,     47.67,          1.83
        -10,          5,    6,         -6.41,          3.30,       1.49,      14.87,     49.02,          1.76
        -10,          5,    7,         -6.20,          3.30,       1.53,      15.27,     50.35,          1.67
        -10,          6,    1,         -8.22,          3.30,       1.30,      13.01,     42.90,          3.58
        -10,          6,    2,         -7.15,          3.30,       1.38,      13.73,     45.29,          2.92
        -10,          6,    3,         -6.49,          3.30,       1.44,      14.38,     47.42,          2.57
        -10,          6,    4,         -6.01,          3.30,       1.49,      14.90,     49.14,          2.40
        -10,          6,    5,         -5.72,          3.30,       1.54,      15.41,     50.82,          2.21
        -10,          6,    6,         -5.41,          3.30,       1.58,      15.83,     52.20,          2.13
        -10,          6,    7,         -5.16,          3.30,       1.63,      16.25,     53.59,          2.05
        -10,          7,    1,         -7.00,          3.30,       1.38,      13.83,     45.60,          4.23
        -10,          7,    2,         -6.00,          3.30,       1.47,      14.77,     48.70,          3.21
        -10,          7,    3,         -5.40,          3.30,       1.54,      15.42,     50.85,          2.89
        -10,          7,    4,         -4.98,          3.30,       1.60,      16.01,     52.78,          2.67
        -10,          7,    5,         -4.75,          3.30,       1.65,      16.51,     54.44,          2.47
        -10,          7,    6,         -4.46,          3.30,       1.69,      16.96,     55.93,          2.38
        -10,          7,    7,         -4.31,          3.30,       1.74,      17.35,     57.22,          2.27
         -9,          1,    1,        -18.65,          3.30,       0.96,       9.60,     31.66,          0.73
         -9,          1,    2,        -16.86,          3.30,       1.00,      10.00,     32.98,          0.65
         -9,          1,    3,        -15.40,          3.30,       1.04,      10.39,     34.29,          0.64
         -9,          1,    4,        -14.30,          3.30,       1.08,      10.80,     35.64,          0.64
         -9,          1,    5,        -13.53,          3.30,       1.12,      11.22,     37.02,          0.61
         -9,          1,    6,        -12.81,          3.30,       1.15,      11.52,     38.01,          0.64
         -9,          1,    7,        -12.31,          3.30,       1.19,      11.86,     39.13,          0.63
         -9,          2,    1,        -16.01,          3.30,       1.01,      10.05,     33.15,          1.49
         -9,          2,    2,        -14.50,          3.30,       1.05,      10.48,     34.59,          1.14
         -9,          2,    3,        -13.23,          3.30,       1.10,      10.98,     36.22,          1.00
         -9,          2,    4,        -12.26,          3.30,       1.14,      11.41,     37.65,          0.96
         -9,          2,    5,        -11.55,          3.30,       1.18,      11.80,     38.92,          0.94
         -9,          2,    6,        -10.96,          3.30,       1.22,      12.21,     40.28,          0.91
         -9,          2,    7,        -10.46,          3.30,       1.26,      12.56,     41.42,          0.90
         -9,          3,    1,        -13.13,          3.30,       1.07,      10.72,     35.36,          2.05
         -9,          3,    2,        -11.79,          3.30,       1.13,      11.29,     37.25,          1.55
         -9,          3,    3,        -10.84,          3.30,       1.18,      11.82,     39.00,          1.37
         -9,          3,    4,        -10.05,          3.30,       1.23,      12.26,     40.42,          1.33
         -9,          3,    5,         -9.49,          3.30,       1.27,      12.69,     41.85,          1.27
         -9,          3,    6,         -8.98,          3.30,       1.31,      13.12,     43.27,          1.23
         -9,          3,    7,         -8.57,          3.30,       1.35,      13.47,     44.42,          1.22
         -9,          4,    1,        -11.09,          3.30,       1.15,      11.46,     37.79,          2.32
         -9,          4,    2,         -9.93,          3.30,       1.21,      12.08,     39.82,          1.89
         -9,          4,    3,         -9.07,          3.30,       1.26,      12.66,     41.77,          1.69
         -9,          4,    4,         -8.43,          3.30,       1.31,      13.13,     43.30,          1.62
         -9,          4,    5,         -7.91,          3.30,       1.36,      13.62,     44.92,          1.54
         -9,          4,    6,         -7.46,          3.30,       1.40,      14.02,     46.25,          1.52
         -9,          4,    7,         -7.08,          3.30,       1.44,      14.44,     47.62,          1.49
         -9,          5,    1,         -8.99,          3.30,       1.24,      12.44,     41.03,          2.98
         -9,          5,    2,         -7.90,          3.30,       1.32,      13.21,     43.57,          2.40
         -9,          5,    3,         -7.11,          3.30,       1.38,      13.81,     45.53,          2.23
         -9,          5,    4,         -6.57,          3.30,       1.43,      14.32,     47.24,          2.11
         -9,          5,    5,         -6.19,          3.30,       1.48,      14.83,     48.91,          1.99
         -9,          5,    6,         -5.84,          3.30,       1.52,      15.23,     50.23,          1.94
         -9,          5,    7,         -5.58,          3.30,       1.57,      15.63,     51.53,          1.88
         -9,          6,    1,         -7.56,          3.30,       1.34,      13.33,     43.98,          3.98
         -9,          6,    2,         -6.59,          3.30,       1.41,      14.09,     46.47,          3.18
         -9,          6,    3,         -5.91,          3.30,       1.48,      14.80,     48.79,          2.78
         -9,          6,    4,         -5.44,          3.30,       1.53,      15.32,     50.53,          2.61
         -9,          6,    5,         -5.10,          3.30,       1.59,      15.84,     52.23,          2.44
         -9,          6,    6,         -4.83,          3.30,       1.63,      16.33,     53.84,          2.30
         -9,          6,    7,         -4.60,          3.30,       1.67,      16.72,     55.11,          2.23
         -9,          7,    1,         -6.38,          3.30,       1.42,      14.22,     46.89,          4.55
         -9,          7,    2,         -5.42,          3.30,       1.52,      15.16,     50.01,          3.51
         -9,          7,    3,         -4.82,          3.30,       1.59,      15.92,     52.51,          3.09
         -9,          7,    4,         -4.43,          3.30,       1.65,      16.51,     54.44,          2.86
         -9,          7,    5,         -4.12,          3.30,       1.70,      16.98,     56.00,          2.73
         -9,          7,    6,         -3.88,          3.30,       1.75,      17.45,     57.56,          2.60
         -9,          7,    7,         -3.69,          3.30,       1.80,      17.96,     59.21,          2.46
         -8,          1,    1,        -18.24,          3.30,       0.97,       9.70,     32.00,          0.78
         -8,          1,    2,        -16.44,          3.30,       1.01,      10.10,     33.30,          0.70
         -8,          1,    3,        -15.00,          3.30,       1.05,      10.52,     34.69,          0.68
         -8,          1,    4,        -14.00,          3.30,       1.09,      10.92,     36.02,          0.67
         -8,          1,    5,        -13.16,          3.30,       1.13,      11.31,     37.31,          0.67
         -8,          1,    6,        -12.42,          3.30,       1.17,      11.67,     38.48,          0.68
         -8,          1,    7,        -11.91,          3.30,       1.20,      12.00,     39.57,          0.68
         -8,          2,    1,        -15.65,          3.30,       1.01,      10.11,     33.36,          1.78
         -8,          2,    2,        -14.10,          3.30,       1.06,      10.59,     34.93,          1.26
         -8,          2,    3,        -12.82,          3.30,       1.11,      11.10,     36.61,          1.09
         -8,          2,    4,        -11.96,          3.30,       1.15,      11.54,     38.08,          1.02
         -8,          2,    5,        -11.16,          3.30,       1.20,      11.95,     39.40,          1.01
         -8,          2,    6,        -10.60,          3.30,       1.23,      12.34,     40.71,          0.98
         -8,          2,    7,        -10.09,          3.30,       1.27,      12.71,     41.92,          0.97
         -8,          3,    1,        -12.76,          3.30,       1.08,      10.85,     35.80,          2.19
         -8,          3,    2,        -11.41,          3.30,       1.14,      11.44,     37.74,          1.66
         -8,          3,    3,        -10.38,          3.30,       1.19,      11.95,     39.41,          1.52
         -8,          3,    4,         -9.63,          3.30,       1.24,      12.43,     40.99,          1.43
         -8,          3,    5,         -9.06,          3.30,       1.29,      12.93,     42.64,          1.34
         -8,          3,    6,         -8.60,          3.30,       1.33,      13.29,     43.84,          1.32
         -8,          3,    7,         -8.16,          3.30,       1.37,      13.69,     45.13,          1.30
         -8,          4,    1,        -10.74,          3.30,       1.16,      11.62,     38.34,          2.39
         -8,          4,    2,         -9.54,          3.30,       1.23,      12.26,     40.46,          1.97
         -8,          4,    3,         -8.64,          3.30,       1.29,      12.85,     42.37,          1.81
         -8,          4,    4,         -8.01,          3.30,       1.34,      13.35,     44.03,          1.72
         -8,          4,    5,         -7.50,          3.30,       1.38,      13.84,     45.66,          1.64
         -8,          4,    6,         -7.07,          3.30,       1.43,      14.26,     47.04,          1.61
         -8,          4,    7,         -6.70,          3.30,       1.47,      14.72,     48.55,          1.56
         -8,          5,    1,         -8.62,          3.30,       1.26,      12.65,     41.73,          3.21
         -8,          5,    2,         -7.47,          3.30,       1.34,      13.39,     44.18,          2.66
         -8,          5,    3,         -6.71,          3.30,       1.40,      14.04,     46.30,          2.41
         -8,          5,    4,         -6.18,          3.30,       1.47,      14.66,     48.35,          2.21
         -8,          5,    5,         -5.80,          3.30,       1.51,      15.11,     49.83,          2.13
         -8,          5,    6,         -5.44,          3.30,       1.56,      15.57,     51.33,          2.06
         -8,          5,    7,         -5.19,          3.30,       1.59,      15.96,     52.65,          1.99
         -8,          6,    1,         -7.14,          3.30,       1.36,      13.59,     44.82,          4.22
         -8,          6,    2,         -6.13,          3.30,       1.44,      14.43,     47.58,          3.32
         -8,          6,    3,         -5.49,          3.30,       1.51,      15.09,     49.76,          2.97
         -8,          6,    4,         -5.05,          3.30,       1.57,      15.70,     51.77,          2.71
         -8,          6,    5,         -4.71,          3.30,       1.62,      16.21,     53.43,          2.57
         -8,          6,    6,         -4.43,          3.30,       1.66,      16.66,     54.94,          2.45
         -8,          6,    7,         -4.20,          3.30,       1.71,      17.11,     56.41,          2.35
         -8,          7,    1,         -5.98,          3.30,       1.46,      14.59,     48.09,          4.73
         -8,          7,    2,         -4.97,          3.30,       1.55,      15.52,     51.17,          3.78
         -8,          7,    3,         -4.40,          3.30,       1.63,      16.28,     53.69,          3.32
         -8,          7,    4,         -3.99,          3.30,       1.69,      16.86,     55.61,          3.10
         -8,          7,    5,         -3.71,          3.30,       1.74,      17.42,     57.45,          2.90
         -8,          7,    6,         -3.48,          3.30,       1.79,      17.93,     59.12,          2.74
         -8,          7,    7,         -3.27,          3.30,       1.84,      18.40,     60.65,          2.63
         -7,          1,    1,        -17.74,          3.30,       0.98,       9.75,     32.17,          0.92
         -7,          1,    2,        -16.03,          3.30,       1.02,      10.20,     33.66,          0.75
         -7,          1,    3,        -14.54,          3.30,       1.06,      10.65,     35.13,          0.73
         -7,          1,    4,        -13.53,          3.30,       1.11,      11.08,     36.54,          0.71
         -7,          1,    5,        -12.75,          3.30,       1.15,      11.50,     37.92,          0.70
         -7,          1,    6,        -12.00,          3.30,       1.18,      11.78,     38.87,          0.74
         -7,          1,    7,        -11.44,          3.30,       1.21,      12.14,     40.05,          0.74
         -7,          2,    1,        -15.16,          3.30,       1.02,      10.25,     33.81,          1.83
         -7,          2,    2,        -13.63,          3.30,       1.07,      10.74,     35.43,          1.32
         -7,          2,    3,        -12.32,          3.30,       1.12,      11.23,     37.05,          1.19
         -7,          2,    4,        -11.45,          3.30,       1.17,      11.73,     38.70,          1.09
         -7,          2,    5,        -10.73,          3.30,       1.21,      12.12,     39.97,          1.08
         -7,          2,    6,        -10.14,          3.30,       1.25,      12.53,     41.32,          1.05
         -7,          2,    7,         -9.63,          3.30,       1.30,      12.98,     42.82,          1.02
         -7,          3,    1,        -12.25,          3.30,       1.10,      11.04,     36.40,          2.23
         -7,          3,    2,        -10.93,          3.30,       1.16,      11.65,     38.40,          1.73
         -7,          3,    3,         -9.95,          3.30,       1.22,      12.15,     40.07,          1.60
         -7,          3,    4,         -9.18,          3.30,       1.27,      12.68,     41.83,          1.49
         -7,          3,    5,         -8.61,          3.30,       1.31,      13.14,     43.34,          1.43
         -7,          3,    6,         -8.11,          3.30,       1.36,      13.57,     44.77,          1.40
         -7,          3,    7,         -7.67,          3.30,       1.40,      13.96,     46.04,          1.39
         -7,          4,    1,        -10.19,          3.30,       1.19,      11.85,     39.07,          2.66
         -7,          4,    2,         -9.01,          3.30,       1.25,      12.51,     41.23,          2.18
         -7,          4,    3,         -8.18,          3.30,       1.32,      13.13,     43.32,          1.94
         -7,          4,    4,         -7.48,          3.30,       1.36,      13.66,     45.04,          1.87
         -7,          4,    5,         -7.00,          3.30,       1.41,      14.11,     46.52,          1.80
         -7,          4,    6,         -6.55,          3.30,       1.46,      14.59,     48.10,          1.75
         -7,          4,    7,         -6.19,          3.30,       1.50,      15.03,     49.56,          1.71
         -7,          5,    1,         -8.07,          3.30,       1.30,      12.94,     42.69,          3.42
         -7,          5,    2,         -7.00,          3.30,       1.37,      13.74,     45.32,          2.77
         -7,          5,    3,         -6.21,          3.30,       1.44,      14.46,     47.71,          2.50
         -7,          5,    4,         -5.67,          3.30,       1.50,      14.98,     49.39,          2.41
         -7,          5,    5,         -5.28,          3.30,       1.55,      15.48,     51.05,          2.30
         -7,          5,    6,         -4.94,          3.30,       1.59,      15.93,     52.55,          2.23
         -7,          5,    7,         -4.68,          3.30,       1.64,      16.38,     54.02,          2.14
         -7,          6,    1,         -6.60,          3.30,       1.39,      13.89,     45.84,          4.69
         -7,          6,    2,         -5.63,          3.30,       1.48,      14.78,     48.74,          3.62
         -7,          6,    3,         -4.99,          3.30,       1.55,      15.54,     51.23,          3.16
         -7,          6,    4,         -4.51,          3.30,       1.61,      16.15,     53.24,          2.93
         -7,          6,    5,         -4.16,          3.30,       1.66,      16.61,     54.76,          2.82
         -7,          6,    6,         -3.94,          3.30,       1.71,      17.07,     56.29,          2.67
         -7,          6,    7,         -3.70,          3.30,       1.76,      17.57,     57.94,          2.55
         -7,          7,    1,         -5.46,          3.30,       1.50,      14.99,     49.42,          5.02
         -7,          7,    2,         -4.49,          3.30,       1.60,      15.96,     52.64,          4.00
         -7,          7,    3,         -3.89,          3.30,       1.68,      16.77,     55.29,          3.54
         -7,          7,    4,         -3.47,          3.30,       1.73,      17.35,     57.23,          3.34
         -7,          7,    5,         -3.19,          3.30,       1.80,      17.97,     59.25,          3.10
         -7,          7,    6,         -2.93,          3.30,       1.85,      18.49,     60.94,          2.97
         -7,          7,    7,         -2.73,          3.30,       1.90,      18.96,     62.50,          2.85
         -6,          1,    1,        -17.34,          3.30,       0.99,       9.87,     32.55,          0.88
         -6,          1,    2,        -15.57,          3.30,       1.03,      10.29,     33.96,          0.79
         -6,          1,    3,        -14.16,          3.30,       1.07,      10.70,     35.30,          0.79
         -6,          1,    4,        -13.20,          3.30,       1.12,      11.17,     36.86,          0.75
         -6,          1,    5,        -12.28,          3.30,       1.16,      11.60,     38.26,          0.76
         -6,          1,    6,        -11.63,          3.30,       1.20,      11.96,     39.46,          0.76
         -6,          1,    7,        -11.06,          3.30,       1.23,      12.29,     40.54,          0.78
         -6,          2,    1,        -14.69,          3.30,       1.03,      10.34,     34.10,          2.08
         -6,          2,    2,        -13.18,          3.30,       1.09,      10.88,     35.88,          1.41
         -6,          2,    3,        -11.98,          3.30,       1.14,      11.41,     37.62,          1.23
         -6,          2,    4,        -11.05,          3.30,       1.19,      11.89,     39.20,          1.17
         -6,          2,    5,        -10.33,          3.30,       1.23,      12.28,     40.49,          1.16
         -6,          2,    6,         -9.71,          3.30,       1.28,      12.76,     42.08,          1.11
         -6,          2,    7,         -9.19,          3.30,       1.31,      13.12,     43.26,          1.12
         -6,          3,    1,        -11.84,          3.30,       1.12,      11.19,     36.93,          2.36
         -6,          3,    2,        -10.49,          3.30,       1.18,      11.80,     38.93,          1.87
         -6,          3,    3,         -9.53,          3.30,       1.24,      12.37,     40.79,          1.68
         -6,          3,    4,         -8.73,          3.30,       1.29,      12.89,     42.51,          1.60
         -6,          3,    5,         -8.17,          3.30,       1.34,      13.38,     44.11,          1.53
         -6,          3,    6,         -7.68,          3.30,       1.38,      13.80,     45.52,          1.50
         -6,          3,    7,         -7.25,          3.30,       1.42,      14.19,     46.81,          1.49
         -6,          4,    1,         -9.77,          3.30,       1.20,      12.02,     39.64,          2.85
         -6,          4,    2,         -8.59,          3.30,       1.27,      12.73,     41.99,          2.29
         -6,          4,    3,         -7.70,          3.30,       1.33,      13.38,     44.13,          2.07
         -6,          4,    4,         -7.06,          3.30,       1.39,      13.85,     45.67,          2.02
         -6,          4,    5,         -6.55,          3.30,       1.44,      14.42,     47.55,          1.90
         -6,          4,    6,         -6.10,          3.30,       1.49,      14.89,     49.11,          1.86
         -6,          4,    7,         -5.75,          3.30,       1.53,      15.33,     50.56,          1.82
         -6,          5,    1,         -7.58,          3.30,       1.32,      13.23,     43.65,          3.52
         -6,          5,    2,         -6.48,          3.30,       1.40,      14.03,     46.27,          2.97
         -6,          5,    3,         -5.75,          3.30,       1.47,      14.76,     48.66,          2.67
         -6,          5,    4,         -5.22,          3.30,       1.53,      15.33,     50.54,          2.54
         -6,          5,    5,         -4.83,          3.30,       1.58,      15.84,     52.22,          2.43
         -6,          5,    6,         -4.52,          3.30,       1.63,      16.30,     53.75,          2.35
         -6,          5,    7,         -4.26,          3.30,       1.67,      16.73,     55.18,          2.28
         -6,          6,    1,         -6.17,          3.30,       1.43,      14.27,     47.06,          4.91
         -6,          6,    2,         -5.17,          3.30,       1.52,      15.19,     50.08,          3.83
         -6,          6,    3,         -4.54,          3.30,       1.59,      15.92,     52.51,          3.39
         -6,          6,    4,         -4.10,          3.30,       1.65,      16.52,     54.46,          3.16
         -6,          6,    5,         -3.75,          3.30,       1.70,      17.04,     56.18,          3.01
         -6,          6,    6,         -3.48,          3.30,       1.75,      17.52,     57.79,          2.87
         -6,          6,    7,         -3.23,          3.30,       1.80,      18.02,     59.40,          2.75
         -6,          7,    1,         -4.97,          3.30,       1.54,      15.37,     50.69,          5.33
         -6,          7,    2,         -4.04,          3.30,       1.64,      16.41,     54.11,          4.20
         -6,          7,    3,         -3.42,          3.30,       1.72,      17.19,     56.67,          3.81
         -6,          7,    4,         -3.00,          3.30,       1.79,      17.90,     59.03,          3.51
         -6,          7,    5,         -2.72,          3.30,       1.85,      18.50,     60.98,          3.29
         -6,          7,    6,         -2.47,          3.30,       1.90,      18.98,     62.57,          3.17
         -6,          7,    7,         -2.26,          3.30,       1.95,      19.51,     64.33,          3.03
         -5,          1,    1,        -16.99,          3.30,       1.00,       9.95,     32.83,          1.06
         -5,          1,    2,        -15.17,          3.30,       1.04,      10.41,     34.34,          0.89
         -5,          1,    3,        -13.70,          3.30,       1.09,      10.87,     35.86,          0.87
         -5,          1,    4,        -12.76,          3.30,       1.13,      11.34,     37.40,          0.82
         -5,          1,    5,        -11.94,          3.30,       1.17,      11.70,     38.60,          0.84
         -5,          1,    6,        -11.26,          3.30,       1.21,      12.11,     39.94,          0.83
         -5,          1,    7,        -10.67,          3.30,       1.25,      12.45,     41.08,          0.85
         -5,          2,    1,        -14.24,          3.30,       1.05,      10.45,     34.47,          2.34
         -5,          2,    2,        -12.83,          3.30,       1.10,      11.03,     36.38,          1.48
         -5,          2,    3,        -11.60,          3.30,       1.15,      11.55,     38.09,          1.32
         -5,          2,    4,        -10.68,          3.30,       1.21,      12.05,     39.73,          1.24
         -5,          2,    5,         -9.91,          3.30,       1.25,      12.46,     41.11,          1.24
         -5,          2,    6,         -9.31,          3.30,       1.30,      12.97,     42.77,          1.18
         -5,          2,    7,         -8.82,          3.30,       1.34,      13.34,     43.99,          1.18
         -5,          3,    1,        -11.43,          3.30,       1.14,      11.37,     37.52,          2.49
         -5,          3,    2,        -10.11,          3.30,       1.20,      12.00,     39.59,          1.96
         -5,          3,    3,         -9.10,          3.30,       1.26,      12.61,     41.59,          1.77
         -5,          3,    4,         -8.36,          3.30,       1.31,      13.14,     43.33,          1.68
         -5,          3,    5,         -7.72,          3.30,       1.36,      13.60,     44.83,          1.66
         -5,          3,    6,         -7.24,          3.30,       1.40,      14.04,     46.31,          1.62
         -5,          3,    7,         -6.82,          3.30,       1.45,      14.46,     47.71,          1.59
         -5,          4,    1,         -9.35,          3.30,       1.22,      12.27,     40.48,          2.98
         -5,          4,    2,         -8.16,          3.30,       1.30,      12.98,     42.83,          2.44
         -5,          4,    3,         -7.27,          3.30,       1.36,      13.63,     44.96,          2.24
         -5,          4,    4,         -6.60,          3.30,       1.42,      14.17,     46.74,          2.15
         -5,          4,    5,         -6.13,          3.30,       1.47,      14.73,     48.59,          2.03
         -5,          4,    6,         -5.68,          3.30,       1.52,      15.20,     50.14,          1.99
         -5,          4,    7,         -5.33,          3.30,       1.56,      15.63,     51.53,          1.96
         -5,          5,    1,         -7.16,          3.30,       1.35,      13.52,     44.58,          3.75
         -5,          5,    2,         -6.03,          3.30,       1.44,      14.36,     47.34,          3.17
         -5,          5,    3,         -5.30,          3.30,       1.51,      15.07,     49.70,          2.88
         -5,          5,    4,         -4.78,          3.30,       1.57,      15.66,     51.63,          2.73
         -5,          5,    5,         -4.39,          3.30,       1.63,      16.21,     53.47,          2.60
         -5,          5,    6,         -4.06,          3.30,       1.67,      16.69,     55.01,          2.52
         -5,          5,    7,         -3.82,          3.30,       1.71,      17.13,     56.49,          2.43
         -5,          6,    1,         -5.71,          3.30,       1.46,      14.62,     48.23,          5.07
         -5,          6,    2,         -4.71,          3.30,       1.56,      15.56,     51.30,          4.04
         -5,          6,    3,         -4.10,          3.30,       1.63,      16.32,     53.82,          3.58
         -5,          6,    4,         -3.62,          3.30,       1.69,      16.93,     55.82,          3.37
         -5,          6,    5,         -3.29,          3.30,       1.75,      17.49,     57.67,          3.18
         -5,          6,    6,         -3.01,          3.30,       1.80,      18.02,     59.41,          3.03
         -5,          6,    7,         -2.78,          3.30,       1.85,      18.48,     60.93,          2.93
         -5,          7,    1,         -4.51,          3.30,       1.58,      15.78,     52.04,          5.62
         -5,          7,    2,         -3.56,          3.30,       1.68,      16.83,     55.48,          4.52
         -5,          7,    3,         -2.95,          3.30,       1.77,      17.66,     58.23,          4.06
         -5,          7,    4,         -2.55,          3.30,       1.84,      18.40,     60.66,          3.73
         -5,          7,    5,         -2.24,          3.30,       1.90,      18.98,     62.58,          3.55
         -5,          7,    6,         -2.01,          3.30,       1.96,      19.56,     64.47,          3.36
         -5,          7,    7,         -1.81,          3.30,       2.01,      20.03,     66.02,          3.25
         -4,          1,    1,        -16.43,          3.30,       1.01,      10.06,     33.19,          1.20
         -4,          1,    2,        -14.67,          3.30,       1.05,      10.52,     34.69,          1.00
         -4,          1,    3,        -13.33,          3.30,       1.10,      11.04,     36.42,          0.91
         -4,          1,    4,        -12.27,          3.30,       1.15,      11.50,     37.92,          0.89
         -4,          1,    5,        -11.52,          3.30,       1.19,      11.85,     39.08,          0.90
         -4,          1,    6,        -10.79,          3.30,       1.23,      12.30,     40.56,          0.90
         -4,          1,    7,        -10.23,          3.30,       1.26,      12.62,     41.63,          0.92
         -4,          2,    1,        -13.86,          3.30,       1.06,      10.60,     34.96,          2.36
         -4,          2,    2,        -12.27,          3.30,       1.12,      11.22,     37.01,          1.56
         -4,          2,    3,        -11.08,          3.30,       1.17,      11.73,     38.69,          1.43
         -4,          2,    4,        -10.17,          3.30,       1.22,      12.23,     40.33,          1.35
         -4,          2,    5,         -9.47,          3.30,       1.27,      12.72,     41.97,          1.29
         -4,          2,    6,         -8.83,          3.30,       1.31,      13.12,     43.28,          1.30
         -4,          2,    7,         -8.32,          3.30,       1.35,      13.56,     44.73,          1.28
         -4,          3,    1,        -10.89,          3.30,       1.16,      11.58,     38.19,          2.65
         -4,          3,    2,         -9.56,          3.30,       1.22,      12.21,     40.26,          2.15
         -4,          3,    3,         -8.57,          3.30,       1.29,      12.86,     42.41,          1.91
         -4,          3,    4,         -7.82,          3.30,       1.34,      13.39,     44.16,          1.83
         -4,          3,    5,         -7.21,          3.30,       1.38,      13.84,     45.64,          1.81
         -4,          3,    6,         -6.70,          3.30,       1.44,      14.39,     47.47,          1.73
         -4,          3,    7,         -6.30,          3.30,       1.48,      14.76,     48.68,          1.73
         -4,          4,    1,         -8.80,          3.30,       1.25,      12.50,     41.21,          3.33
         -4,          4,    2,         -7.62,          3.30,       1.33,      13.26,     43.72,          2.68
         -4,          4,    3,         -6.73,          3.30,       1.39,      13.90,     45.86,          2.47
         -4,          4,    4,         -6.06,          3.30,       1.46,      14.54,     47.95,          2.32
         -4,          4,    5,         -5.60,          3.30,       1.51,      15.07,     49.68,          2.21
         -4,          4,    6,         -5.20,          3.30,       1.56,      15.57,     51.34,          2.15
         -4,          4,    7,         -4.82,          3.30,       1.61,      16.05,     52.91,          2.10
         -4,          5,    1,         -6.61,          3.30,       1.39,      13.85,     45.67,          4.00
         -4,          5,    2,         -5.53,          3.30,       1.48,      14.77,     48.72,          3.29
         -4,          5,    3,         -4.78,          3.30,       1.55,      15.50,     51.12,          3.05
         -4,          5,    4,         -4.23,          3.30,       1.61,      16.09,     53.06,          2.94
         -4,          5,    5,         -3.88,          3.30,       1.67,      16.68,     55.01,          2.77
         -4,          5,    6,         -3.51,          3.30,       1.72,      17.17,     56.61,          2.72
         -4,          5,    7,         -3.29,          3.30,       1.76,      17.60,     58.04,          2.63
         -4,          6,    1,         -5.15,          3.30,       1.51,      15.06,     49.65,          5.53
         -4,          6,    2,         -4.18,          3.30,       1.60,      16.02,     52.81,          4.40
         -4,          6,    3,         -3.53,          3.30,       1.68,      16.77,     55.31,          3.96
         -4,          6,    4,         -3.07,          3.30,       1.74,      17.44,     57.50,          3.69
         -4,          6,    5,         -2.74,          3.30,       1.81,      18.08,     59.62,          3.44
         -4,          6,    6,         -2.47,          3.30,       1.86,      18.60,     61.33,          3.29
         -4,          6,    7,         -2.25,          3.30,       1.91,      19.12,     63.03,          3.15
         -4,          7,    1,         -3.99,          3.30,       1.63,      16.30,     53.75,          6.01
         -4,          7,    2,         -3.00,          3.30,       1.74,      17.38,     57.31,          4.91
         -4,          7,    3,         -2.38,          3.30,       1.83,      18.32,     60.42,          4.34
         -4,          7,    4,         -2.01,          3.30,       1.90,      19.00,     62.65,          4.05
         -4,          7,    5,         -1.71,          3.30,       1.97,      19.70,     64.93,          3.79
         -4,          7,    6,         -1.48,          3.30,       2.02,      20.20,     66.60,          3.65
         -4,          7,    7,         -1.29,          3.30,       2.07,      20.68,     68.16,          3.53
         -3,          1,    1,        -16.01,          3.30,       1.01,      10.16,     33.53,          1.16
         -3,          1,    2,        -14.31,          3.30,       1.06,      10.61,     35.01,          1.02
         -3,          1,    3,        -12.99,          3.30,       1.11,      11.13,     36.71,          0.94
         -3,          1,    4,        -11.93,          3.30,       1.16,      11.60,     38.25,          0.93
         -3,          1,    5,        -11.13,          3.30,       1.20,      12.02,     39.67,          0.93
         -3,          1,    6,        -10.42,          3.30,       1.24,      12.39,     40.88,          0.95
         -3,          1,    7,         -9.87,          3.30,       1.28,      12.78,     42.16,          0.95
         -3,          2,    1,        -13.40,          3.30,       1.07,      10.71,     35.31,          2.69
         -3,          2,    2,        -11.92,          3.30,       1.14,      11.34,     37.42,          1.69
         -3,          2,    3,        -10.77,          3.30,       1.19,      11.91,     39.28,          1.48
         -3,          2,    4,         -9.89,          3.30,       1.24,      12.42,     40.96,          1.40
         -3,          2,    5,         -9.05,          3.30,       1.29,      12.86,     42.42,          1.41
         -3,          2,    6,         -8.45,          3.30,       1.33,      13.32,     43.92,          1.39
         -3,          2,    7,         -7.92,          3.30,       1.38,      13.75,     45.34,          1.38
         -3,          3,    1,        -10.52,          3.30,       1.17,      11.75,     38.75,          2.80
         -3,          3,    2,         -9.23,          3.30,       1.24,      12.39,     40.87,          2.25
         -3,          3,    3,         -8.19,          3.30,       1.30,      13.05,     43.03,          2.03
         -3,          3,    4,         -7.43,          3.30,       1.36,      13.57,     44.74,          1.97
         -3,          3,    5,         -6.83,          3.30,       1.41,      14.09,     46.46,          1.91
         -3,          3,    6,         -6.33,          3.30,       1.46,      14.64,     48.29,          1.83
         -3,          3,    7,         -5.92,          3.30,       1.50,      15.02,     49.52,          1.83
         -3,          4,    1,         -8.41,          3.30,       1.27,      12.71,     41.93,          3.45
         -3,          4,    2,         -7.22,          3.30,       1.35,      13.49,     44.48,          2.82
         -3,          4,    3,         -6.35,          3.30,       1.42,      14.15,     46.68,          2.60
         -3,          4,    4,         -5.66,          3.30,       1.48,      14.83,     48.92,          2.43
         -3,          4,    5,         -5.20,          3.30,       1.54,      15.37,     50.69,          2.33
         -3,          4,    6,         -4.78,          3.30,       1.59,      15.85,     52.26,          2.29
         -3,          4,    7,         -4.44,          3.30,       1.64,      16.34,     53.88,          2.23
         -3,          5,    1,         -6.22,          3.30,       1.41,      14.10,     46.50,          4.24
         -3,          5,    2,         -5.11,          3.30,       1.50,      15.03,     49.59,          3.53
         -3,          5,    3,         -4.38,          3.30,       1.58,      15.82,     52.18,          3.22
         -3,          5,    4,         -3.86,          3.30,       1.65,      16.47,     54.30,          3.06
         -3,          5,    5,         -3.46,          3.30,       1.70,      16.99,     56.02,          2.97
         -3,          5,    6,         -3.16,          3.30,       1.75,      17.48,     57.62,          2.88
         -3,          5,    7,         -2.90,          3.30,       1.81,      18.02,     59.43,          2.76
         -3,          6,    1,         -4.77,          3.30,       1.54,      15.36,     50.67,          5.75
         -3,          6,    2,         -3.76,          3.30,       1.64,      16.42,     54.15,          4.54
         -3,          6,    3,         -3.12,          3.30,       1.72,      17.15,     56.54,          4.18
         -3,          6,    4,         -2.66,          3.30,       1.79,      17.86,     58.89,          3.87
         -3,          6,    5,         -2.32,          3.30,       1.85,      18.48,     60.92,          3.65
         -3,          6,    6,         -2.06,          3.30,       1.90,      19.03,     62.74,          3.48
         -3,          6,    7,         -1.83,          3.30,       1.96,      19.57,     64.53,          3.34
         -3,          7,    1,         -3.56,          3.30,       1.67,      16.64,     54.87,          6.70
         -3,          7,    2,         -2.59,          3.30,       1.78,      17.82,     58.78,          5.25
         -3,          7,    3,         -1.97,          3.30,       1.88,      18.79,     61.98,          4.64
         -3,          7,    4,         -1.57,          3.30,       1.96,      19.53,     64.40,          4.33
         -3,          7,    5,         -1.27,          3.30,       2.02,      20.16,     66.48,          4.10
         -3,          7,    6,         -1.07,          3.30,       2.07,      20.69,     68.18,          3.93
         -3,          7,    7,         -0.86,          3.30,       2.13,      21.30,     70.23,          3.74
         -2,          1,    1,        -15.60,          3.30,       1.03,      10.31,     34.00,          1.31
         -2,          1,    2,        -13.79,          3.30,       1.08,      10.78,     35.57,          1.14
         -2,          1,    3,        -12.51,          3.30,       1.13,      11.33,     37.38,          1.02
         -2,          1,    4,        -11.50,          3.30,       1.18,      11.80,     38.91,          1.01
         -2,          1,    5,        -10.70,          3.30,       1.23,      12.23,     40.34,          1.01
         -2,          1,    6,        -10.03,          3.30,       1.26,      12.64,     41.67,          1.02
         -2,          1,    7,         -9.45,          3.30,       1.31,      13.04,     43.02,          1.02
         -2,          2,    1,        -12.96,          3.30,       1.10,      10.96,     36.15,          2.38
         -2,          2,    2,        -11.46,          3.30,       1.15,      11.57,     38.17,          1.73
         -2,          2,    3,        -10.28,          3.30,       1.21,      12.10,     39.94,          1.58
         -2,          2,    4,         -9.39,          3.30,       1.27,      12.72,     41.94,          1.45
         -2,          2,    5,         -8.65,          3.30,       1.32,      13.17,     43.43,          1.45
         -2,          2,    6,         -8.02,          3.30,       1.36,      13.62,     44.92,          1.45
         -2,          2,    7,         -7.51,          3.30,       1.40,      14.05,     46.34,          1.44
         -2,          3,    1,        -10.07,          3.30,       1.20,      12.05,     39.74,          2.91
         -2,          3,    2,         -8.78,          3.30,       1.27,      12.71,     41.91,          2.39
         -2,          3,    3,         -7.74,          3.30,       1.34,      13.35,     44.03,          2.19
         -2,          3,    4,         -6.97,          3.30,       1.39,      13.93,     45.96,          2.09
         -2,          3,    5,         -6.37,          3.30,       1.44,      14.46,     47.69,          2.04
         -2,          3,    6,         -5.86,          3.30,       1.49,      14.95,     49.30,          2.01
         -2,          3,    7,         -5.49,          3.30,       1.54,      15.39,     50.76,          1.96
         -2,          4,    1,         -7.94,          3.30,       1.31,      13.07,     43.12,          3.62
         -2,          4,    2,         -6.76,          3.30,       1.38,      13.82,     45.59,          3.05
         -2,          4,    3,         -5.89,          3.30,       1.46,      14.64,     48.29,          2.68
         -2,          4,    4,         -5.24,          3.30,       1.52,      15.19,     50.10,          2.62
         -2,          4,    5,         -4.73,          3.30,       1.58,      15.77,     52.00,          2.53
         -2,          4,    6,         -4.32,          3.30,       1.64,      16.37,     53.99,          2.42
         -2,          4,    7,         -3.97,          3.30,       1.68,      16.78,     55.35,          2.40
         -2,          5,    1,         -5.75,          3.30,       1.45,      14.52,     47.89,          4.55
         -2,          5,    2,         -4.67,          3.30,       1.55,      15.49,     51.09,          3.77
         -2,          5,    3,         -3.88,          3.30,       1.63,      16.31,     53.79,          3.48
         -2,          5,    4,         -3.38,          3.30,       1.70,      16.98,     55.98,          3.29
         -2,          5,    5,         -3.00,          3.30,       1.75,      17.49,     57.68,          3.20
         -2,          5,    6,         -2.65,          3.30,       1.81,      18.11,     59.69,          3.08
         -2,          5,    7,         -2.40,          3.30,       1.86,      18.56,     61.18,          3.00
         -2,          6,    1,         -4.29,          3.30,       1.58,      15.83,     52.19,          6.22
         -2,          6,    2,         -3.29,          3.30,       1.69,      16.90,     55.73,          4.92
         -2,          6,    3,         -2.64,          3.30,       1.77,      17.72,     58.45,          4.45
         -2,          6,    4,         -2.17,          3.30,       1.84,      18.45,     60.82,          4.15
         -2,          6,    5,         -1.86,          3.30,       1.91,      19.10,     62.97,          3.89
         -2,          6,    6,         -1.58,          3.30,       1.96,      19.65,     64.79,          3.74
         -2,          6,    7,         -1.36,          3.30,       2.02,      20.18,     66.54,          3.60
         -2,          7,    1,         -3.08,          3.30,       1.72,      17.17,     56.61,          7.10
         -2,          7,    2,         -2.08,          3.30,       1.85,      18.46,     60.86,          5.54
         -2,          7,    3,         -1.51,          3.30,       1.95,      19.45,     64.14,          4.89
         -2,          7,    4,         -1.11,          3.30,       2.02,      20.17,     66.50,          4.60
         -2,          7,    5,         -0.80,          3.30,       2.08,      20.83,     68.67,          4.38
         -2,          7,    6,         -0.58,          3.30,       2.15,      21.45,     70.73,          4.16
         -2,          7,    7,         -0.37,          3.30,       2.20,      22.00,     72.51,          4.03
         -1,          1,    1,        -15.05,          3.30,       1.04,      10.43,     34.42,          1.40
         -1,          1,    2,        -13.30,          3.30,       1.10,      10.96,     36.14,          1.18
         -1,          1,    3,        -12.05,          3.30,       1.15,      11.50,     37.92,          1.09
         -1,          1,    4,        -11.00,          3.30,       1.20,      11.97,     39.47,          1.09
         -1,          1,    5,        -10.23,          3.30,       1.24,      12.45,     41.08,          1.07
         -1,          1,    6,         -9.49,          3.30,       1.29,      12.85,     42.40,          1.10
         -1,          1,    7,         -8.94,          3.30,       1.32,      13.25,     43.71,          1.11
         -1,          2,    1,        -12.49,          3.30,       1.12,      11.13,     36.73,          2.65
         -1,          2,    2,        -10.97,          3.30,       1.17,      11.74,     38.75,          1.93
         -1,          2,    3,         -9.76,          3.30,       1.23,      12.34,     40.70,          1.73
         -1,          2,    4,         -8.85,          3.30,       1.29,      12.89,     42.51,          1.65
         -1,          2,    5,         -8.11,          3.30,       1.34,      13.39,     44.18,          1.61
         -1,          2,    6,         -7.52,          3.30,       1.38,      13.84,     45.63,          1.60
         -1,          2,    7,         -6.96,          3.30,       1.44,      14.35,     47.31,          1.58
         -1,          3,    1,         -9.55,          3.30,       1.22,      12.19,     40.20,          3.56
         -1,          3,    2,         -8.23,          3.30,       1.30,      12.98,     42.81,          2.62
         -1,          3,    3,         -7.22,          3.30,       1.37,      13.65,     45.03,          2.39
         -1,          3,    4,         -6.41,          3.30,       1.42,      14.24,     46.97,          2.31
         -1,          3,    5,         -5.85,          3.30,       1.48,      14.82,     48.87,          2.20
         -1,          3,    6,         -5.37,          3.30,       1.53,      15.28,     50.37,          2.18
         -1,          3,    7,         -4.97,          3.30,       1.58,      15.77,     52.01,          2.13
         -1,          4,    1,         -7.43,          3.30,       1.33,      13.34,     43.99,          3.93
         -1,          4,    2,         -6.21,          3.30,       1.42,      14.19,     46.80,          3.23
         -1,          4,    3,         -5.37,          3.30,       1.50,      14.94,     49.25,          2.95
         -1,          4,    4,         -4.68,          3.30,       1.56,      15.59,     51.41,          2.83
         -1,          4,    5,         -4.22,          3.30,       1.62,      16.19,     53.40,          2.70
         -1,          4,    6,         -3.81,          3.30,       1.67,      16.74,     55.20,          2.63
         -1,          4,    7,         -3.45,          3.30,       1.72,      17.22,     56.79,          2.60
         -1,          5,    1,         -5.16,          3.30,       1.49,      14.91,     49.19,          4.96
         -1,          5,    2,         -4.13,          3.30,       1.59,      15.91,     52.46,          4.10
         -1,          5,    3,         -3.38,          3.30,       1.68,      16.77,     55.30,          3.75
         -1,          5,    4,         -2.85,          3.30,       1.75,      17.47,     57.59,          3.57
         -1,          5,    5,         -2.43,          3.30,       1.81,      18.14,     59.81,          3.41
         -1,          5,    6,         -2.12,          3.30,       1.86,      18.65,     61.48,          3.33
         -1,          5,    7,         -1.87,          3.30,       1.92,      19.19,     63.28,          3.21
         -1,          6,    1,         -3.71,          3.30,       1.63,      16.35,     53.91,          6.74
         -1,          6,    2,         -2.71,          3.30,       1.74,      17.41,     57.42,          5.46
         -1,          6,    3,         -2.08,          3.30,       1.84,      18.36,     60.54,          4.79
         -1,          6,    4,         -1.63,          3.30,       1.91,      19.08,     62.89,          4.49
         -1,          6,    5,         -1.29,          3.30,       1.98,      19.76,     65.13,          4.23
         -1,          6,    6,         -1.05,          3.30,       2.03,      20.30,     66.93,          4.07
         -1,          6,    7,         -0.79,          3.30,       2.08,      20.82,     68.66,          3.96
         -1,          7,    1,         -2.50,          3.30,       1.78,      17.79,     58.66,          7.44
         -1,          7,    2,         -1.56,          3.30,       1.91,      19.11,     63.00,          5.87
         -1,          7,    3,         -0.95,          3.30,       2.02,      20.20,     66.61,          5.19
         -1,          7,    4,         -0.53,          3.30,       2.09,      20.94,     69.04,          4.93
         -1,          7,    5,         -0.23,          3.30,       2.16,      21.64,     71.32,          4.70
         -1,          7,    6,         -0.02,          3.30,       2.22,      22.23,     73.28,          4.49
         -1,          7,    7,          0.16,          3.30,       2.28,      22.84,     75.28,          4.29
          0,          1,    1,        -14.61,          3.30,       1.05,      10.52,     34.70,          1.54
          0,          1,    2,        -12.92,          3.30,       1.11,      11.09,     36.60,          1.23
          0,          1,    3,        -11.59,          3.30,       1.16,      11.61,     38.31,          1.18
          0,          1,    4,        -10.57,          3.30,       1.21,      12.08,     39.85,          1.19
          0,          1,    5,         -9.81,          3.30,       1.26,      12.61,     41.58,          1.15
          0,          1,    6,         -9.11,          3.30,       1.30,      13.05,     43.03,          1.16
          0,          1,    7,         -8.59,          3.30,       1.34,      13.44,     44.32,          1.17
          0,          2,    1,        -12.07,          3.30,       1.13,      11.25,     37.12,          2.75
          0,          2,    2,        -10.57,          3.30,       1.19,      11.88,     39.20,          2.02
          0,          2,    3,         -9.37,          3.30,       1.25,      12.49,     41.18,          1.83
          0,          2,    4,         -8.45,          3.30,       1.31,      13.07,     43.11,          1.73
          0,          2,    5,         -7.70,          3.30,       1.36,      13.62,     44.92,          1.69
          0,          2,    6,         -7.11,          3.30,       1.41,      14.07,     46.42,          1.68
          0,          2,    7,         -6.56,          3.30,       1.46,      14.60,     48.16,          1.66
          0,          3,    1,         -9.14,          3.30,       1.24,      12.40,     40.91,          3.71
          0,          3,    2,         -7.80,          3.30,       1.32,      13.19,     43.49,          2.83
          0,          3,    3,         -6.79,          3.30,       1.39,      13.91,     45.88,          2.54
          0,          3,    4,         -6.00,          3.30,       1.45,      14.52,     47.86,          2.46
          0,          3,    5,         -5.40,          3.30,       1.51,      15.06,     49.68,          2.39
          0,          3,    6,         -4.96,          3.30,       1.56,      15.58,     51.40,          2.31
          0,          3,    7,         -4.55,          3.30,       1.61,      16.05,     52.94,          2.29
          0,          4,    1,         -6.97,          3.30,       1.36,      13.59,     44.81,          4.13
          0,          4,    2,         -5.77,          3.30,       1.45,      14.49,     47.78,          3.38
          0,          4,    3,         -4.94,          3.30,       1.53,      15.25,     50.31,          3.10
          0,          4,    4,         -4.30,          3.30,       1.59,      15.92,     52.49,          2.96
          0,          4,    5,         -3.78,          3.30,       1.65,      16.54,     54.53,          2.87
          0,          4,    6,         -3.36,          3.30,       1.71,      17.09,     56.37,          2.81
          0,          4,    7,         -3.02,          3.30,       1.76,      17.58,     57.97,          2.77
          0,          5,    1,         -4.74,          3.30,       1.52,      15.27,     50.36,          5.14
          0,          5,    2,         -3.68,          3.30,       1.63,      16.29,     53.72,          4.34
          0,          5,    3,         -2.95,          3.30,       1.72,      17.17,     56.62,          3.96
          0,          5,    4,         -2.41,          3.30,       1.79,      17.89,     59.00,          3.78
          0,          5,    5,         -2.02,          3.30,       1.85,      18.53,     61.12,          3.63
          0,          5,    6,         -1.70,          3.30,       1.91,      19.11,     63.01,          3.52
          0,          5,    7,         -1.45,          3.30,       1.97,      19.68,     64.87,          3.41
          0,          6,    1,         -3.28,          3.30,       1.67,      16.69,     55.03,          7.25
          0,          6,    2,         -2.29,          3.30,       1.79,      17.92,     59.08,          5.61
          0,          6,    3,         -1.64,          3.30,       1.89,      18.84,     62.12,          5.05
          0,          6,    4,         -1.24,          3.30,       1.96,      19.62,     64.67,          4.67
          0,          6,    5,         -0.87,          3.30,       2.02,      20.22,     66.64,          4.52
          0,          6,    6,         -0.60,          3.30,       2.09,      20.85,     68.75,          4.31
          0,          6,    7,         -0.38,          3.30,       2.14,      21.43,     70.65,          4.14
          0,          7,    1,         -2.07,          3.30,       1.83,      18.29,     60.30,          7.81
          0,          7,    2,         -1.11,          3.30,       1.97,      19.66,     64.82,          6.21
          0,          7,    3,         -0.50,          3.30,       2.07,      20.67,     68.16,          5.64
          0,          7,    4,         -0.11,          3.30,       2.16,      21.54,     71.00,          5.23
          0,          7,    5,          0.18,          3.30,       2.23,      22.26,     73.39,          4.95
          0,          7,    6,          0.42,          3.30,       2.29,      22.93,     75.58,          4.75
          0,          7,    7,          0.60,          3.30,       2.35,      23.53,     77.56,          4.55
          1,          1,    1,        -14.20,          3.30,       0.98,       9.75,     32.16,          1.40
          1,          1,    2,        -12.51,          3.30,       1.02,      10.22,     33.71,          1.32
          1,          1,    3,        -11.17,          3.30,       1.08,      10.76,     35.48,          1.27
          1,          1,    4,        -10.21,          3.30,       1.13,      11.33,     37.39,          1.20
          1,          1,    5,         -9.38,          3.30,       1.18,      11.80,     38.93,          1.22
          1,          1,    6,         -8.72,          3.30,       1.22,      12.23,     40.34,          1.23
          1,          1,    7,         -8.17,          3.30,       1.26,      12.64,     41.69,          1.25
          1,          2,    1,        -11.68,          3.30,       1.04,      10.38,     34.24,          3.45
          1,          2,    2,        -10.09,          3.30,       1.11,      11.10,     36.60,          2.26
          1,          2,    3,         -8.99,          3.30,       1.17,      11.74,     38.73,          1.96
          1,          2,    4,         -7.99,          3.30,       1.24,      12.36,     40.76,          1.87
          1,          2,    5,         -7.26,          3.30,       1.29,      12.85,     42.38,          1.86
          1,          2,    6,         -6.64,          3.30,       1.34,      13.37,     44.08,          1.84
          1,          2,    7,         -6.13,          3.30,       1.38,      13.83,     45.63,          1.83
          1,          3,    1,         -8.73,          3.30,       1.17,      11.65,     38.42,          3.60
          1,          3,    2,         -7.31,          3.30,       1.24,      12.43,     40.99,          2.95
          1,          3,    3,         -6.35,          3.30,       1.32,      13.18,     43.48,          2.64
          1,          3,    4,         -5.54,          3.30,       1.38,      13.82,     45.59,          2.56
          1,          3,    5,         -4.98,          3.30,       1.44,      14.43,     47.58,          2.46
          1,          3,    6,         -4.47,          3.30,       1.49,      14.95,     49.29,          2.45
          1,          3,    7,         -4.11,          3.30,       1.54,      15.43,     50.87,          2.40
          1,          4,    1,         -6.47,          3.30,       1.29,      12.90,     42.55,          4.60
          1,          4,    2,         -5.30,          3.30,       1.38,      13.79,     45.49,          3.76
          1,          4,    3,         -4.46,          3.30,       1.47,      14.63,     48.24,          3.38
          1,          4,    4,         -3.83,          3.30,       1.54,      15.35,     50.61,          3.20
          1,          4,    5,         -3.31,          3.30,       1.60,      15.97,     52.66,          3.11
          1,          4,    6,         -2.89,          3.30,       1.66,      16.56,     54.61,          3.03
          1,          4,    7,         -2.57,          3.30,       1.70,      17.07,     56.28,          2.97
          1,          5,    1,         -4.30,          3.30,       1.47,      14.64,     48.28,          5.44
          1,          5,    2,         -3.19,          3.30,       1.58,      15.77,     52.02,          4.54
          1,          5,    3,         -2.47,          3.30,       1.67,      16.65,     54.90,          4.22
          1,          5,    4,         -1.94,          3.30,       1.74,      17.37,     57.26,          4.05
          1,          5,    5,         -1.53,          3.30,       1.81,      18.09,     59.64,          3.87
          1,          5,    6,         -1.20,          3.30,       1.87,      18.68,     61.59,          3.76
          1,          5,    7,         -0.97,          3.30,       1.92,      19.22,     63.36,          3.65
          1,          6,    1,         -2.81,          3.30,       1.63,      16.29,     53.71,          7.24
          1,          6,    2,         -1.81,          3.30,       1.74,      17.42,     57.45,          6.01
          1,          6,    3,         -1.19,          3.30,       1.84,      18.43,     60.79,          5.32
          1,          6,    4,         -0.71,          3.30,       1.92,      19.21,     63.32,          5.04
          1,          6,    5,         -0.39,          3.30,       2.00,      19.96,     65.80,          4.74
          1,          6,    6,         -0.12,          3.30,       2.05,      20.54,     67.72,          4.58
          1,          6,    7,          0.11,          3.30,       2.11,      21.12,     69.63,          4.43
          1,          7,    1,         -1.58,          3.30,       1.79,      17.87,     58.93,          8.28
          1,          7,    2,         -0.61,          3.30,       1.93,      19.32,     63.69,          6.61
          1,          7,    3,         -0.00,          3.30,       2.04,      20.41,     67.29,          5.96
          1,          7,    4,          0.41,          3.30,       2.13,      21.31,     70.25,          5.57
          1,          7,    5,          0.68,          3.30,       2.21,      22.03,     72.62,          5.29
          1,          7,    6,          0.89,          3.30,       2.28,      22.74,     74.96,          5.03
          1,          7,    7,          1.08,          3.30,       2.34,      23.35,     76.98,          4.85
          2,          1,    1,        -13.79,          3.30,       0.98,       9.77,     32.22,          1.64
          2,          1,    2,        -12.04,          3.30,       1.03,      10.34,     34.12,          1.40
          2,          1,    3,        -10.77,          3.30,       1.09,      10.89,     35.91,          1.34
          2,          1,    4,         -9.75,          3.30,       1.15,      11.48,     37.89,          1.29
          2,          1,    5,         -8.96,          3.30,       1.19,      11.95,     39.42,          1.30
          2,          1,    6,         -8.28,          3.30,       1.24,      12.39,     40.88,          1.32
          2,          1,    7,         -7.71,          3.30,       1.29,      12.86,     42.40,          1.33
          2,          2,    1,        -11.17,          3.30,       1.05,      10.50,     34.64,          3.59
          2,          2,    2,         -9.74,          3.30,       1.13,      11.22,     37.00,          2.36
          2,          2,    3,         -8.50,          3.30,       1.19,      11.89,     39.23,          2.10
          2,          2,    4,         -7.58,          3.30,       1.25,      12.49,     41.19,          2.01
          2,          2,    5,         -6.83,          3.30,       1.31,      13.07,     43.10,          1.96
          2,          2,    6,         -6.22,          3.30,       1.36,      13.61,     44.88,          1.93
          2,          2,    7,         -5.68,          3.30,       1.41,      14.06,     46.38,          1.95
          2,          3,    1,         -8.27,          3.30,       1.18,      11.84,     39.05,          3.88
          2,          3,    2,         -6.92,          3.30,       1.27,      12.63,     41.66,          3.15
          2,          3,    3,         -5.86,          3.30,       1.34,      13.42,     44.27,          2.86
          2,          3,    4,         -5.09,          3.30,       1.41,      14.08,     46.45,          2.75
          2,          3,    5,         -4.54,          3.30,       1.47,      14.73,     48.60,          2.62
          2,          3,    6,         -4.03,          3.30,       1.53,      15.27,     50.38,          2.60
          2,          3,    7,         -3.66,          3.30,       1.58,      15.76,     51.97,          2.57
          2,          4,    1,         -6.04,          3.30,       1.32,      13.17,     43.42,          4.78
          2,          4,    2,         -4.86,          3.30,       1.41,      14.06,     46.38,          4.00
          2,          4,    3,         -4.02,          3.30,       1.50,      14.97,     49.36,          3.55
          2,          4,    4,         -3.36,          3.30,       1.57,      15.68,     51.70,          3.42
          2,          4,    5,         -2.86,          3.30,       1.63,      16.35,     53.92,          3.30
          2,          4,    6,         -2.45,          3.30,       1.70,      16.95,     55.90,          3.21
          2,          4,    7,         -2.11,          3.30,       1.75,      17.48,     57.66,          3.16
          2,          5,    1,         -3.86,          3.30,       1.50,      15.00,     49.47,          5.76
          2,          5,    2,         -2.76,          3.30,       1.62,      16.16,     53.32,          4.82
          2,          5,    3,         -1.99,          3.30,       1.71,      17.10,     56.40,          4.50
          2,          5,    4,         -1.49,          3.30,       1.79,      17.89,     59.00,          4.25
          2,          5,    5,         -1.08,          3.30,       1.86,      18.58,     61.28,          4.12
          2,          5,    6,         -0.77,          3.30,       1.92,      19.22,     63.35,          3.99
          2,          5,    7,         -0.50,          3.30,       1.98,      19.81,     65.31,          3.88
          2,          6,    1,         -2.33,          3.30,       1.67,      16.65,     54.92,          8.20
          2,          6,    2,         -1.34,          3.30,       1.80,      17.98,     59.28,          6.39
          2,          6,    3,         -0.70,          3.30,       1.90,      18.97,     62.56,          5.76
          2,          6,    4,         -0.25,          3.30,       1.98,      19.81,     65.32,          5.38
          2,          6,    5,          0.07,          3.30,       2.05,      20.49,     67.54,          5.15
          2,          6,    6,          0.35,          3.30,       2.12,      21.18,     69.82,          4.92
          2,          6,    7,          0.55,          3.30,       2.18,      21.78,     71.78,          4.74
          2,          7,    1,         -1.13,          3.30,       1.84,      18.41,     60.71,          8.75
          2,          7,    2,         -0.17,          3.30,       1.99,      19.92,     65.68,          6.97
          2,          7,    3,          0.44,          3.30,       2.11,      21.07,     69.48,          6.30
          2,          7,    4,          0.84,          3.30,       2.20,      21.96,     72.39,          5.92
          2,          7,    5,          1.14,          3.30,       2.28,      22.79,     75.10,          5.61
          2,          7,    6,          1.36,          3.30,       2.35,      23.47,     77.36,          5.37
          2,          7,    7,          1.56,          3.30,       2.41,      24.11,     79.46,          5.19
          3,          1,    1,        -13.25,          3.30,       0.99,       9.89,     32.63,          1.69
          3,          1,    2,        -11.67,          3.30,       1.05,      10.49,     34.60,          1.43
          3,          1,    3,        -10.36,          3.30,       1.11,      11.08,     36.54,          1.37
          3,          1,    4,         -9.30,          3.30,       1.16,      11.64,     38.38,          1.37
          3,          1,    5,         -8.48,          3.30,       1.21,      12.08,     39.84,          1.42
          3,          1,    6,         -7.82,          3.30,       1.26,      12.62,     41.63,          1.40
          3,          1,    7,         -7.25,          3.30,       1.31,      13.05,     43.03,          1.43
          3,          2,    1,        -10.75,          3.30,       1.07,      10.69,     35.25,          3.59
          3,          2,    2,         -9.27,          3.30,       1.14,      11.42,     37.68,          2.48
          3,          2,    3,         -8.01,          3.30,       1.21,      12.11,     39.93,          2.25
          3,          2,    4,         -7.07,          3.30,       1.28,      12.76,     42.09,          2.14
          3,          2,    5,         -6.34,          3.30,       1.34,      13.39,     44.16,          2.07
          3,          2,    6,         -5.74,          3.30,       1.39,      13.86,     45.71,          2.08
          3,          2,    7,         -5.22,          3.30,       1.44,      14.40,     47.50,          2.06
          3,          3,    1,         -7.76,          3.30,       1.21,      12.08,     39.86,          4.13
          3,          3,    2,         -6.41,          3.30,       1.29,      12.95,     42.73,          3.30
          3,          3,    3,         -5.41,          3.30,       1.37,      13.71,     45.21,          3.06
          3,          3,    4,         -4.66,          3.30,       1.45,      14.42,     47.57,          2.91
          3,          3,    5,         -4.07,          3.30,       1.51,      15.05,     49.63,          2.84
          3,          3,    6,         -3.57,          3.30,       1.57,      15.66,     51.63,          2.78
          3,          3,    7,         -3.17,          3.30,       1.62,      16.19,     53.38,          2.74
          3,          4,    1,         -5.55,          3.30,       1.35,      13.46,     44.39,          5.11
          3,          4,    2,         -4.39,          3.30,       1.45,      14.48,     47.75,          4.13
          3,          4,    3,         -3.51,          3.30,       1.54,      15.41,     50.81,          3.76
          3,          4,    4,         -2.86,          3.30,       1.61,      16.14,     53.22,          3.63
          3,          4,    5,         -2.36,          3.30,       1.68,      16.79,     55.34,          3.54
          3,          4,    6,         -1.95,          3.30,       1.74,      17.41,     57.39,          3.46
          3,          4,    7,         -1.63,          3.30,       1.80,      18.01,     59.39,          3.36
          3,          5,    1,         -3.34,          3.30,       1.54,      15.43,     50.87,          6.21
          3,          5,    2,         -2.24,          3.30,       1.66,      16.64,     54.86,          5.21
          3,          5,    3,         -1.49,          3.30,       1.76,      17.60,     58.04,          4.85
          3,          5,    4,         -0.97,          3.30,       1.85,      18.47,     60.89,          4.58
          3,          5,    5,         -0.58,          3.30,       1.92,      19.17,     63.20,          4.42
          3,          5,    6,         -0.25,          3.30,       1.99,      19.85,     65.44,          4.28
          3,          5,    7,         -0.00,          3.30,       2.04,      20.39,     67.21,          4.20
          3,          6,    1,         -1.83,          3.30,       1.72,      17.16,     56.58,          8.75
          3,          6,    2,         -0.85,          3.30,       1.86,      18.57,     61.23,          6.77
          3,          6,    3,         -0.20,          3.30,       1.97,      19.64,     64.76,          6.10
          3,          6,    4,          0.24,          3.30,       2.05,      20.45,     67.41,          5.77
          3,          6,    5,          0.58,          3.30,       2.12,      21.24,     70.01,          5.46
          3,          6,    6,          0.84,          3.30,       2.19,      21.89,     72.16,          5.26
          3,          6,    7,          1.07,          3.30,       2.25,      22.53,     74.26,          5.08
          3,          7,    1,         -0.62,          3.30,       1.90,      19.05,     62.81,          9.50
          3,          7,    2,          0.34,          3.30,       2.06,      20.60,     67.93,          7.59
          3,          7,    3,          0.95,          3.30,       2.18,      21.85,     72.03,          6.78
          3,          7,    4,          1.36,          3.30,       2.28,      22.79,     75.11,          6.38
          3,          7,    5,          1.66,          3.30,       2.36,      23.62,     77.84,          6.06
          3,          7,    6,          1.89,          3.30,       2.43,      24.36,     80.28,          5.82
          3,          7,    7,          2.08,          3.30,       2.51,      25.05,     82.57,          5.59
          4,          1,    1,        -12.85,          3.30,       1.00,      10.00,     33.00,          1.78
          4,          1,    2,        -11.21,          3.30,       1.06,      10.59,     34.93,          1.56
          4,          1,    3,         -9.92,          3.30,       1.13,      11.26,     37.16,          1.44
          4,          1,    4,         -8.88,          3.30,       1.18,      11.80,     38.92,          1.47
          4,          1,    5,         -8.05,          3.30,       1.23,      12.29,     40.54,          1.50
          4,          1,    6,         -7.36,          3.30,       1.28,      12.83,     42.32,          1.50
          4,          1,    7,         -6.77,          3.30,       1.33,      13.28,     43.79,          1.53
          4,          2,    1,        -10.35,          3.30,       1.08,      10.83,     35.72,          4.03
          4,          2,    2,         -8.78,          3.30,       1.16,      11.59,     38.25,          2.75
          4,          2,    3,         -7.55,          3.30,       1.23,      12.31,     40.61,          2.45
          4,          2,    4,         -6.62,          3.30,       1.30,      12.98,     42.80,          2.32
          4,          2,    5,         -5.85,          3.30,       1.36,      13.54,     44.67,          2.31
          4,          2,    6,         -5.26,          3.30,       1.41,      14.13,     46.60,          2.26
          4,          2,    7,         -4.77,          3.30,       1.47,      14.68,     48.41,          2.23
          4,          3,    1,         -7.32,          3.30,       1.23,      12.28,     40.52,          4.58
          4,          3,    2,         -5.93,          3.30,       1.32,      13.19,     43.50,          3.64
          4,          3,    3,         -4.92,          3.30,       1.40,      14.02,     46.22,          3.31
          4,          3,    4,         -4.17,          3.30,       1.48,      14.79,     48.77,          3.12
          4,          3,    5,         -3.59,          3.30,       1.54,      15.42,     50.85,          3.04
          4,          3,    6,         -3.12,          3.30,       1.60,      16.00,     52.77,          2.99
          4,          3,    7,         -2.70,          3.30,       1.66,      16.57,     54.64,          2.96
          4,          4,    1,         -5.10,          3.30,       1.38,      13.77,     45.43,          5.28
          4,          4,    2,         -3.96,          3.30,       1.48,      14.83,     48.91,          4.31
          4,          4,    3,         -3.06,          3.30,       1.57,      15.74,     51.91,          4.00
          4,          4,    4,         -2.40,          3.30,       1.66,      16.55,     54.57,          3.84
          4,          4,    5,         -1.89,          3.30,       1.72,      17.22,     56.79,          3.76
          4,          4,    6,         -1.48,          3.30,       1.79,      17.88,     58.96,          3.67
          4,          4,    7,         -1.18,          3.30,       1.85,      18.50,     60.99,          3.56
          4,          5,    1,         -2.86,          3.30,       1.58,      15.84,     52.24,          6.60
          4,          5,    2,         -1.79,          3.30,       1.71,      17.08,     56.32,          5.55
          4,          5,    3,         -1.03,          3.30,       1.82,      18.18,     59.93,          5.08
          4,          5,    4,         -0.51,          3.30,       1.90,      19.01,     62.69,          4.86
          4,          5,    5,         -0.11,          3.30,       1.98,      19.80,     65.26,          4.68
          4,          5,    6,          0.22,          3.30,       2.04,      20.43,     67.36,          4.58
          4,          5,    7,          0.48,          3.30,       2.11,      21.06,     69.41,          4.46
          4,          6,    1,         -1.35,          3.30,       1.77,      17.67,     58.25,          9.35
          4,          6,    2,         -0.38,          3.30,       1.91,      19.17,     63.19,          7.18
          4,          6,    3,          0.27,          3.30,       2.03,      20.24,     66.71,          6.53
          4,          6,    4,          0.73,          3.30,       2.12,      21.16,     69.76,          6.11
          4,          6,    5,          1.06,          3.30,       2.19,      21.90,     72.20,          5.85
          4,          6,    6,          1.33,          3.30,       2.27,      22.62,     74.58,          5.62
          4,          6,    7,          1.57,          3.30,       2.33,      23.30,     76.82,          5.43
          4,          7,    1,         -0.14,          3.30,       1.97,      19.71,     64.96,          9.88
          4,          7,    2,          0.85,          3.30,       2.14,      21.34,     70.34,          8.01
          4,          7,    3,          1.44,          3.30,       2.26,      22.61,     74.52,          7.20
          4,          7,    4,          1.84,          3.30,       2.36,      23.58,     77.72,          6.77
          4,          7,    5,          2.17,          3.30,       2.45,      24.49,     80.71,          6.45
          4,          7,    6,          2.38,          3.30,       2.52,      25.24,     83.21,          6.17
          4,          7,    7,          2.57,          3.30,       2.59,      25.96,     85.58,          5.95
          5,          1,    1,        -12.50,          3.30,       1.01,      10.08,     33.25,          1.97
          5,          1,    2,        -10.84,          3.30,       1.07,      10.69,     35.26,          1.69
          5,          1,    3,         -9.51,          3.30,       1.14,      11.35,     37.46,          1.59
          5,          1,    4,         -8.48,          3.30,       1.19,      11.91,     39.30,          1.59
          5,          1,    5,         -7.67,          3.30,       1.25,      12.48,     41.15,          1.59
          5,          1,    6,         -6.99,          3.30,       1.30,      12.98,     42.83,          1.61
          5,          1,    7,         -6.41,          3.30,       1.35,      13.47,     44.43,          1.63
          5,          2,    1,         -9.92,          3.30,       1.10,      10.98,     36.23,          4.17
          5,          2,    2,         -8.35,          3.30,       1.18,      11.78,     38.86,          2.88
          5,          2,    3,         -7.18,          3.30,       1.25,      12.49,     41.20,          2.58
          5,          2,    4,         -6.22,          3.30,       1.32,      13.20,     43.52,          2.46
          5,          2,    5,         -5.50,          3.30,       1.38,      13.80,     45.51,          2.41
          5,          2,    6,         -4.90,          3.30,       1.44,      14.37,     47.40,          2.38
          5,          2,    7,         -4.36,          3.30,       1.49,      14.93,     49.23,          2.37
          5,          3,    1,         -6.91,          3.30,       1.25,      12.47,     41.13,          5.15
          5,          3,    2,         -5.54,          3.30,       1.34,      13.43,     44.30,          3.92
          5,          3,    3,         -4.51,          3.30,       1.43,      14.32,     47.24,          3.52
          5,          3,    4,         -3.79,          3.30,       1.51,      15.13,     49.89,          3.28
          5,          3,    5,         -3.21,          3.30,       1.57,      15.72,     51.86,          3.25
          5,          3,    6,         -2.68,          3.30,       1.63,      16.33,     53.86,          3.23
          5,          3,    7,         -2.30,          3.30,       1.69,      16.91,     55.76,          3.17
          5,          4,    1,         -4.68,          3.30,       1.40,      14.01,     46.19,          5.72
          5,          4,    2,         -3.53,          3.30,       1.51,      15.11,     49.85,          4.62
          5,          4,    3,         -2.65,          3.30,       1.61,      16.10,     53.11,          4.22
          5,          4,    4,         -1.99,          3.30,       1.70,      16.97,     55.93,          4.03
          5,          4,    5,         -1.50,          3.30,       1.77,      17.61,     58.05,          3.97
          5,          4,    6,         -1.10,          3.30,       1.84,      18.37,     60.58,          3.82
          5,          4,    7,         -0.74,          3.30,       1.90,      18.96,     62.51,          3.79
          5,          5,    1,         -2.44,          3.30,       1.62,      16.26,     53.61,          6.76
          5,          5,    2,         -1.38,          3.30,       1.75,      17.55,     57.87,          5.73
          5,          5,    3,         -0.62,          3.30,       1.86,      18.68,     61.58,          5.28
          5,          5,    4,         -0.09,          3.30,       1.95,      19.56,     64.48,          5.07
          5,          5,    5,          0.31,          3.30,       2.03,      20.31,     66.95,          4.93
          5,          5,    6,          0.62,          3.30,       2.10,      21.01,     69.25,          4.79
          5,          5,    7,          0.89,          3.30,       2.17,      21.61,     71.24,          4.70
          5,          6,    1,         -0.96,          3.30,       1.82,      18.18,     59.95,          9.58
          5,          6,    2,          0.05,          3.30,       1.97,      19.69,     64.92,          7.59
          5,          6,    3,          0.70,          3.30,       2.08,      20.79,     68.55,          6.93
          5,          6,    4,          1.14,          3.30,       2.18,      21.78,     71.79,          6.43
          5,          6,    5,          1.48,          3.30,       2.26,      22.58,     74.44,          6.15
          5,          6,    6,          1.75,          3.30,       2.33,      23.34,     76.94,          5.90
          5,          6,    7,          1.98,          3.30,       2.40,      24.00,     79.09,          5.74
          5,          7,    1,          0.29,          3.30,       2.02,      20.24,     66.72,         10.41
          5,          7,    2,          1.25,          3.30,       2.20,      21.98,     72.48,          8.32
          5,          7,    3,          1.88,          3.30,       2.33,      23.32,     76.87,          7.54
          5,          7,    4,          2.28,          3.30,       2.43,      24.32,     80.18,          7.12
          5,          7,    5,          2.58,          3.30,       2.53,      25.28,     83.31,          6.74
          5,          7,    6,          2.82,          3.30,       2.61,      26.09,     86.00,          6.47
          5,          7,    7,          2.99,          3.30,       2.68,      26.82,     88.39,          6.23
          6,          1,    1,        -12.02,          3.30,       1.02,      10.25,     33.80,          2.17
          6,          1,    2,        -10.34,          3.30,       1.09,      10.93,     36.06,          1.80
          6,          1,    3,         -9.07,          3.30,       1.16,      11.60,     38.25,          1.69
          6,          1,    4,         -8.04,          3.30,       1.22,      12.19,     40.22,          1.69
          6,          1,    5,         -7.22,          3.30,       1.28,      12.76,     42.07,          1.70
          6,          1,    6,         -6.51,          3.30,       1.33,      13.29,     43.82,          1.73
          6,          1,    7,         -5.94,          3.30,       1.38,      13.82,     45.57,          1.74
          6,          2,    1,         -9.45,          3.30,       1.12,      11.22,     37.00,          4.47
          6,          2,    2,         -7.96,          3.30,       1.21,      12.05,     39.77,          3.01
          6,          2,    3,         -6.70,          3.30,       1.29,      12.86,     42.43,          2.68
          6,          2,    4,         -5.80,          3.30,       1.35,      13.56,     44.72,          2.56
          6,          2,    5,         -5.03,          3.30,       1.42,      14.19,     46.79,          2.55
          6,          2,    6,         -4.43,          3.30,       1.48,      14.83,     48.90,          2.49
          6,          2,    7,         -3.92,          3.30,       1.54,      15.38,     50.73,          2.49
          6,          3,    1,         -6.43,          3.30,       1.28,      12.85,     42.38,          4.95
          6,          3,    2,         -5.07,          3.30,       1.38,      13.84,     45.65,          3.96
          6,          3,    3,         -4.08,          3.30,       1.47,      14.75,     48.65,          3.60
          6,          3,    4,         -3.30,          3.30,       1.56,      15.54,     51.24,          3.48
          6,          3,    5,         -2.73,          3.30,       1.62,      16.23,     53.49,          3.39
          6,          3,    6,         -2.23,          3.30,       1.68,      16.82,     55.48,          3.38
          6,          3,    7,         -1.83,          3.30,       1.74,      17.38,     57.30,          3.36
          6,          4,    1,         -4.26,          3.30,       1.45,      14.51,     47.85,          5.83
          6,          4,    2,         -3.05,          3.30,       1.56,      15.61,     51.48,          4.92
          6,          4,    3,         -2.17,          3.30,       1.66,      16.64,     54.85,          4.52
          6,          4,    4,         -1.52,          3.30,       1.74,      17.42,     57.44,          4.39
          6,          4,    5,         -1.03,          3.30,       1.82,      18.27,     60.22,          4.19
          6,          4,    6,         -0.61,          3.30,       1.90,      18.99,     62.59,          4.11
          6,          4,    7,         -0.26,          3.30,       1.96,      19.61,     64.64,          4.06
          6,          5,    1,         -1.98,          3.30,       1.67,      16.73,     55.17,          7.38
          6,          5,    2,         -0.90,          3.30,       1.82,      18.19,     59.99,          6.06
          6,          5,    3,         -0.12,          3.30,       1.93,      19.36,     63.83,          5.64
          6,          5,    4,          0.41,          3.30,       2.02,      20.22,     66.68,          5.47
          6,          5,    5,          0.80,          3.30,       2.11,      21.09,     69.52,          5.24
          6,          5,    6,          1.11,          3.30,       2.17,      21.76,     71.75,          5.12
          6,          5,    7,          1.37,          3.30,       2.25,      22.43,     73.95,          5.00
          6,          6,    1,         -0.46,          3.30,       1.89,      18.91,     62.34,         10.06
          6,          6,    2,          0.53,          3.30,       2.04,      20.44,     67.39,          8.07
          6,          6,    3,          1.18,          3.30,       2.17,      21.66,     71.40,          7.29
          6,          6,    4,          1.64,          3.30,       2.26,      22.59,     74.44,          6.92
          6,          6,    5,          1.99,          3.30,       2.35,      23.50,     77.47,          6.56
          6,          6,    6,          2.26,          3.30,       2.43,      24.25,     79.95,          6.33
          6,          6,    7,          2.47,          3.30,       2.50,      25.01,     82.42,          6.09
          6,          7,    1,          0.77,          3.30,       2.10,      21.06,     69.43,         11.14
          6,          7,    2,          1.77,          3.30,       2.29,      22.90,     75.50,          8.95
          6,          7,    3,          2.37,          3.30,       2.42,      24.25,     79.94,          8.14
          6,          7,    4,          2.78,          3.30,       2.54,      25.39,     83.70,          7.59
          6,          7,    5,          3.07,          3.30,       2.64,      26.36,     86.89,          7.21
          6,          7,    6,          3.30,          3.30,       2.72,      27.18,     89.59,          6.93
          6,          7,    7,          3.49,          3.30,       2.80,      27.98,     92.22,          6.67
          7,          1,    1,        -11.58,          3.30,       1.04,      10.37,     34.22,          2.39
          7,          1,    2,         -9.90,          3.30,       1.11,      11.10,     36.63,          1.92
          7,          1,    3,         -8.58,          3.30,       1.18,      11.78,     38.85,          1.84
          7,          1,    4,         -7.53,          3.30,       1.24,      12.39,     40.87,          1.85
          7,          1,    5,         -6.72,          3.30,       1.30,      13.03,     42.99,          1.82
          7,          1,    6,         -6.02,          3.30,       1.35,      13.52,     44.60,          1.88
          7,          1,    7,         -5.49,          3.30,       1.41,      14.06,     46.36,          1.88
          7,          2,    1,         -9.00,          3.30,       1.14,      11.40,     37.60,          4.46
          7,          2,    2,         -7.49,          3.30,       1.23,      12.27,     40.48,          3.13
          7,          2,    3,         -6.20,          3.30,       1.31,      13.07,     43.10,          2.89
          7,          2,    4,         -5.28,          3.30,       1.38,      13.82,     45.58,          2.75
          7,          2,    5,         -4.57,          3.30,       1.45,      14.53,     47.93,          2.65
          7,          2,    6,         -3.95,          3.30,       1.52,      15.14,     49.93,          2.66
          7,          2,    7,         -3.42,          3.30,       1.57,      15.71,     51.79,          2.67
          7,          3,    1,         -5.94,          3.30,       1.31,      13.13,     43.31,          5.38
          7,          3,    2,         -4.59,          3.30,       1.41,      14.16,     46.69,          4.29
          7,          3,    3,         -3.57,          3.30,       1.51,      15.14,     49.93,          3.87
          7,          3,    4,         -2.80,          3.30,       1.59,      15.90,     52.43,          3.79
          7,          3,    5,         -2.22,          3.30,       1.66,      16.62,     54.82,          3.69
          7,          3,    6,         -1.74,          3.30,       1.73,      17.25,     56.88,          3.66
          7,          3,    7,         -1.35,          3.30,       1.79,      17.92,     59.07,          3.57
          7,          4,    1,         -3.74,          3.30,       1.49,      14.85,     48.98,          6.27
          7,          4,    2,         -2.56,          3.30,       1.61,      16.04,     52.91,          5.20
          7,          4,    3,         -1.67,          3.30,       1.71,      17.07,     56.30,          4.84
          7,          4,    4,         -1.01,          3.30,       1.81,      18.04,     59.49,          4.59
          7,          4,    5,         -0.51,          3.30,       1.88,      18.80,     61.98,          4.51
          7,          4,    6,         -0.10,          3.30,       1.96,      19.58,     64.54,          4.38
          7,          4,    7,          0.25,          3.30,       2.02,      20.23,     66.70,          4.33
          7,          5,    1,         -1.47,          3.30,       1.73,      17.30,     57.03,          7.86
          7,          5,    2,         -0.37,          3.30,       1.88,      18.82,     62.06,          6.52
          7,          5,    3,          0.38,          3.30,       2.00,      19.97,     65.83,          6.11
          7,          5,    4,          0.90,          3.30,       2.10,      20.97,     69.12,          5.81
          7,          5,    5,          1.30,          3.30,       2.18,      21.77,     71.77,          5.67
          7,          5,    6,          1.63,          3.30,       2.25,      22.51,     74.18,          5.55
          7,          5,    7,          1.89,          3.30,       2.33,      23.22,     76.54,          5.41
          7,          6,    1,          0.05,          3.30,       1.95,      19.54,     64.41,         10.71
          7,          6,    2,          1.05,          3.30,       2.12,      21.17,     69.80,          8.60
          7,          6,    3,          1.71,          3.30,       2.24,      22.42,     73.92,          7.82
          7,          6,    4,          2.18,          3.30,       2.35,      23.53,     77.55,          7.31
          7,          6,    5,          2.50,          3.30,       2.43,      24.35,     80.28,          7.03
          7,          6,    6,          2.78,          3.30,       2.52,      25.21,     83.10,          6.75
          7,          6,    7,          3.00,          3.30,       2.59,      25.94,     85.50,          6.53
          7,          7,    1,          1.28,          3.30,       2.18,      21.81,     71.87,         12.02
          7,          7,    2,          2.28,          3.30,       2.37,      23.72,     78.18,          9.67
          7,          7,    3,          2.90,          3.30,       2.53,      25.26,     83.25,          8.65
          7,          7,    4,          3.31,          3.30,       2.64,      26.42,     87.08,          8.12
          7,          7,    5,          3.60,          3.30,       2.74,      27.47,     90.52,          7.68
          7,          7,    6,          3.83,          3.30,       2.83,      28.28,     93.21,          7.42
          7,          7,    7,          4.02,          3.30,       2.91,      29.12,     95.99,          7.15
          8,          1,    1,        -11.22,          3.30,       1.05,      10.48,     34.58,          2.58
          8,          1,    2,         -9.48,          3.30,       1.13,      11.31,     37.30,          1.99
          8,          1,    3,         -8.18,          3.30,       1.20,      11.96,     39.47,          1.95
          8,          1,    4,         -7.12,          3.30,       1.26,      12.60,     41.57,          1.96
          8,          1,    5,         -6.31,          3.30,       1.32,      13.20,     43.53,          1.97
          8,          1,    6,         -5.63,          3.30,       1.38,      13.77,     45.40,          1.99
          8,          1,    7,         -5.07,          3.30,       1.43,      14.31,     47.20,          2.00
          8,          2,    1,         -8.63,          3.30,       1.16,      11.62,     38.35,          4.51
          8,          2,    2,         -7.04,          3.30,       1.24,      12.42,     40.96,          3.50
          8,          2,    3,         -5.81,          3.30,       1.33,      13.30,     43.86,          3.07
          8,          2,    4,         -4.89,          3.30,       1.41,      14.08,     46.43,          2.92
          8,          2,    5,         -4.16,          3.30,       1.48,      14.82,     48.88,          2.83
          8,          2,    6,         -3.53,          3.30,       1.54,      15.41,     50.82,          2.86
          8,          2,    7,         -3.02,          3.30,       1.61,      16.09,     53.07,          2.81
          8,          3,    1,         -5.50,          3.30,       1.34,      13.32,     43.94,          5.82
          8,          3,    2,         -4.19,          3.30,       1.44,      14.44,     47.61,          4.48
          8,          3,    3,         -3.13,          3.30,       1.55,      15.47,     51.02,          4.08
          8,          3,    4,         -2.37,          3.30,       1.63,      16.28,     53.68,          3.97
          8,          3,    5,         -1.81,          3.30,       1.70,      17.03,     56.17,          3.86
          8,          3,    6,         -1.31,          3.30,       1.77,      17.70,     58.34,          3.85
          8,          3,    7,         -0.95,          3.30,       1.84,      18.41,     60.71,          3.72
          8,          4,    1,         -3.32,          3.30,       1.52,      15.18,     50.06,          6.78
          8,          4,    2,         -2.14,          3.30,       1.64,      16.43,     54.19,          5.56
          8,          4,    3,         -1.25,          3.30,       1.76,      17.56,     57.91,          5.10
          8,          4,    4,         -0.60,          3.30,       1.85,      18.47,     60.91,          4.92
          8,          4,    5,         -0.07,          3.30,       1.93,      19.31,     63.68,          4.80
          8,          4,    6,          0.34,          3.30,       2.01,      20.14,     66.39,          4.67
          8,          4,    7,          0.67,          3.30,       2.08,      20.79,     68.53,          4.60
          8,          5,    1,         -1.05,          3.30,       1.77,      17.70,     58.36,          8.49
          8,          5,    2,          0.07,          3.30,       1.93,      19.28,     63.55,          7.04
          8,          5,    3,          0.81,          3.30,       2.05,      20.52,     67.65,          6.50
          8,          5,    4,          1.35,          3.30,       2.16,      21.56,     71.06,          6.21
          8,          5,    5,          1.74,          3.30,       2.24,      22.42,     73.90,          6.02
          8,          5,    6,          2.08,          3.30,       2.33,      23.27,     76.71,          5.84
          8,          5,    7,          2.33,          3.30,       2.39,      23.92,     78.84,          5.75
          8,          6,    1,          0.48,          3.30,       2.01,      20.11,     66.27,         11.13
          8,          6,    2,          1.50,          3.30,       2.18,      21.81,     71.89,          9.01
          8,          6,    3,          2.16,          3.30,       2.32,      23.17,     76.38,          8.16
          8,          6,    4,          2.62,          3.30,       2.43,      24.27,     80.01,          7.68
          8,          6,    5,          2.94,          3.30,       2.52,      25.23,     83.18,          7.30
          8,          6,    6,          3.22,          3.30,       2.60,      26.00,     85.70,          7.12
          8,          6,    7,          3.45,          3.30,       2.69,      26.88,     88.60,          6.83
          8,          7,    1,          1.71,          3.30,       2.25,      22.48,     74.11,         12.67
          8,          7,    2,          2.73,          3.30,       2.46,      24.56,     80.94,         10.12
          8,          7,    3,          3.34,          3.30,       2.61,      26.15,     86.19,          9.07
          8,          7,    4,          3.75,          3.30,       2.73,      27.33,     90.09,          8.57
          8,          7,    5,          4.05,          3.30,       2.84,      28.40,     93.59,          8.15
          8,          7,    6,          4.27,          3.30,       2.93,      29.28,     96.51,          7.84
          8,          7,    7,          4.46,          3.30,       3.01,      30.10,     99.22,          7.58
          9,          1,    1,        -10.71,          3.30,       1.06,      10.63,     35.07,          2.64
          9,          1,    2,         -9.04,          3.30,       1.15,      11.47,     37.84,          2.08
          9,          1,    3,         -7.69,          3.30,       1.22,      12.18,     40.19,          2.04
          9,          1,    4,         -6.61,          3.30,       1.28,      12.82,     42.29,          2.09
          9,          1,    5,         -5.81,          3.30,       1.34,      13.43,     44.28,          2.11
          9,          1,    6,         -5.15,          3.30,       1.40,      14.04,     46.30,          2.11
          9,          1,    7,         -4.59,          3.30,       1.47,      14.66,     48.36,          2.10
          9,          2,    1,         -8.16,          3.30,       1.18,      11.78,     38.86,          5.25
          9,          2,    2,         -6.58,          3.30,       1.27,      12.71,     41.93,          3.67
          9,          2,    3,         -5.34,          3.30,       1.36,      13.58,     44.79,          3.31
          9,          2,    4,         -4.40,          3.30,       1.44,      14.44,     47.60,          3.12
          9,          2,    5,         -3.65,          3.30,       1.51,      15.14,     49.95,          3.08
          9,          2,    6,         -3.04,          3.30,       1.58,      15.78,     52.03,          3.09
          9,          2,    7,         -2.51,          3.30,       1.65,      16.41,     54.12,          3.09
          9,          3,    1,         -5.05,          3.30,       1.37,      13.66,     45.08,          6.09
          9,          3,    2,         -3.71,          3.30,       1.48,      14.81,     48.84,          4.79
          9,          3,    3,         -2.67,          3.30,       1.59,      15.88,     52.36,          4.36
          9,          3,    4,         -1.89,          3.30,       1.68,      16.75,     55.25,          4.23
          9,          3,    5,         -1.31,          3.30,       1.75,      17.47,     57.60,          4.19
          9,          3,    6,         -0.82,          3.30,       1.83,      18.26,     60.19,          4.09
          9,          3,    7,         -0.42,          3.30,       1.89,      18.92,     62.38,          4.05
          9,          4,    1,         -2.83,          3.30,       1.56,      15.62,     51.52,          7.06
          9,          4,    2,         -1.64,          3.30,       1.69,      16.92,     55.80,          5.88
          9,          4,    3,         -0.74,          3.30,       1.81,      18.09,     59.62,          5.45
          9,          4,    4,         -0.09,          3.30,       1.91,      19.10,     62.98,          5.20
          9,          4,    5,          0.42,          3.30,       2.00,      19.94,     65.74,          5.10
          9,          4,    6,          0.84,          3.30,       2.07,      20.68,     68.18,          5.04
          9,          4,    7,          1.17,          3.30,       2.15,      21.51,     70.90,          4.89
          9,          5,    1,         -0.57,          3.30,       1.84,      18.37,     60.56,          8.66
          9,          5,    2,          0.55,          3.30,       2.00,      20.00,     65.92,          7.33
          9,          5,    3,          1.33,          3.30,       2.13,      21.31,     70.27,          6.85
          9,          5,    4,          1.85,          3.30,       2.24,      22.37,     73.75,          6.56
          9,          5,    5,          2.25,          3.30,       2.33,      23.29,     76.77,          6.38
          9,          5,    6,          2.58,          3.30,       2.41,      24.08,     79.38,          6.25
          9,          5,    7,          2.85,          3.30,       2.49,      24.92,     82.12,          6.08
          9,          6,    1,          0.99,          3.30,       2.08,      20.77,     68.46,         11.92
          9,          6,    2,          2.01,          3.30,       2.26,      22.59,     74.46,          9.61
          9,          6,    3,          2.67,          3.30,       2.41,      24.08,     79.36,          8.62
          9,          6,    4,          3.12,          3.30,       2.52,      25.26,     83.24,          8.10
          9,          6,    5,          3.46,          3.30,       2.62,      26.19,     86.33,          7.81
          9,          6,    6,          3.74,          3.30,       2.71,      27.11,     89.37,          7.52
          9,          6,    7,          3.96,          3.30,       2.79,      27.88,     91.91,          7.32
          9,          7,    1,          2.23,          3.30,       2.34,      23.41,     77.16,         13.43
          9,          7,    2,          3.24,          3.30,       2.56,      25.61,     84.43,         10.70
          9,          7,    3,          3.86,          3.30,       2.72,      27.24,     89.79,          9.69
          9,          7,    4,          4.27,          3.30,       2.85,      28.54,     94.06,          9.09
          9,          7,    5,          4.57,          3.30,       2.96,      29.61,     97.58,          8.71
          9,          7,    6,          4.80,          3.30,       3.05,      30.52,    100.60,          8.40
          9,          7,    7,          4.99,          3.30,       3.14,      31.41,    103.52,          8.13
         10,          1,    1,        -10.27,          3.30,       1.08,      10.77,     35.55,          2.75
         10,          1,    2,         -8.60,          3.30,       1.16,      11.59,     38.24,          2.26
         10,          1,    3,         -7.27,          3.30,       1.24,      12.34,     40.68,          2.19
         10,          1,    4,         -6.18,          3.30,       1.31,      13.06,     43.06,          2.20
         10,          1,    5,         -5.38,          3.30,       1.37,      13.73,     45.27,          2.20
         10,          1,    6,         -4.68,          3.30,       1.44,      14.36,     47.36,          2.24
         10,          1,    7,         -4.15,          3.30,       1.49,      14.93,     49.23,          2.25
         10,          2,    1,         -7.68,          3.30,       1.20,      11.96,     39.47,          5.72
         10,          2,    2,         -6.12,          3.30,       1.30,      12.97,     42.76,          3.90
         10,          2,    3,         -4.87,          3.30,       1.39,      13.91,     45.88,          3.47
         10,          2,    4,         -3.97,          3.30,       1.48,      14.75,     48.64,          3.30
         10,          2,    5,         -3.19,          3.30,       1.55,      15.51,     51.15,          3.27
         10,          2,    6,         -2.58,          3.30,       1.62,      16.24,     53.54,          3.24
         10,          2,    7,         -2.04,          3.30,       1.68,      16.85,     55.57,          3.28
         10,          3,    1,         -4.59,          3.30,       1.40,      13.98,     46.11,          6.47
         10,          3,    2,         -3.21,          3.30,       1.52,      15.18,     50.07,          5.12
         10,          3,    3,         -2.19,          3.30,       1.63,      16.31,     53.78,          4.64
         10,          3,    4,         -1.42,          3.30,       1.71,      17.13,     56.47,          4.58
         10,          3,    5,         -0.86,          3.30,       1.80,      17.98,     59.31,          4.42
         10,          3,    6,         -0.34,          3.30,       1.88,      18.80,     61.98,          4.35
         10,          3,    7,          0.04,          3.30,       1.94,      19.44,     64.10,          4.32
         10,          4,    1,         -2.38,          3.30,       1.60,      16.00,     52.77,          7.59
         10,          4,    2,         -1.18,          3.30,       1.73,      17.34,     57.16,          6.35
         10,          4,    3,         -0.28,          3.30,       1.86,      18.64,     61.46,          5.75
         10,          4,    4,          0.38,          3.30,       1.96,      19.64,     64.76,          5.56
         10,          4,    5,          0.90,          3.30,       2.05,      20.52,     67.67,          5.46
         10,          4,    6,          1.31,          3.30,       2.14,      21.43,     70.65,          5.30
         10,          4,    7,          1.65,          3.30,       2.22,      22.16,     73.07,          5.24
         10,          5,    1,         -0.09,          3.30,       1.89,      18.89,     62.28,          9.27
         10,          5,    2,          1.02,          3.30,       2.06,      20.60,     67.93,          7.80
         10,          5,    3,          1.80,          3.30,       2.20,      22.01,     72.57,          7.25
         10,          5,    4,          2.34,          3.30,       2.31,      23.13,     76.25,          6.98
         10,          5,    5,          2.74,          3.30,       2.41,      24.05,     79.28,          6.82
         10,          5,    6,          3.07,          3.30,       2.50,      25.02,     82.47,          6.59
         10,          5,    7,          3.34,          3.30,       2.58,      25.78,     84.98,          6.48
         10,          6,    1,          1.45,          3.30,       2.15,      21.50,     70.87,         12.92
         10,          6,    2,          2.49,          3.30,       2.35,      23.49,     77.42,         10.22
         10,          6,    3,          3.15,          3.30,       2.50,      24.99,     82.36,          9.25
         10,          6,    4,          3.61,          3.30,       2.62,      26.24,     86.49,          8.69
         10,          6,    5,          3.96,          3.30,       2.73,      27.26,     89.84,          8.35
         10,          6,    6,          4.23,          3.30,       2.82,      28.18,     92.89,          8.06
         10,          6,    7,          4.45,          3.30,       2.90,      29.03,     95.69,          7.82
         10,          7,    1,          2.73,          3.30,       2.42,      24.21,     79.82,         14.16
         10,          7,    2,          3.73,          3.30,       2.66,      26.60,     87.68,         11.18
         10,          7,    3,          4.34,          3.30,       2.84,      28.37,     93.51,         10.10
         10,          7,    4,          4.75,          3.30,       2.97,      29.69,     97.86,          9.56
         10,          7,    5,          5.05,          3.30,       3.08,      30.77,    101.41,          9.19
         10,          7,    6,          5.29,          3.30,       3.18,      31.77,    104.72,          8.87
         10,          7,    7,          5.47,          3.30,       3.27,      32.69,    107.74,          8.57
         11,          1,    1,         -9.92,          3.30,       1.09,      10.90,     35.96,          2.92
         11,          1,    2,         -8.14,          3.30,       1.18,      11.74,     38.73,          2.45
         11,          1,    3,         -6.81,          3.30,       1.25,      12.52,     41.30,          2.36
         11,          1,    4,         -5.74,          3.30,       1.33,      13.29,     43.80,          2.36
         11,          1,    5,         -4.97,          3.30,       1.39,      13.94,     45.96,          2.36
         11,          1,    6,         -4.27,          3.30,       1.46,      14.59,     48.12,          2.39
         11,          1,    7,         -3.70,          3.30,       1.52,      15.18,     50.07,          2.42
         11,          2,    1,         -7.29,          3.30,       1.22,      12.20,     40.23,          6.00
         11,          2,    2,         -5.71,          3.30,       1.32,      13.22,     43.58,          4.16
         11,          2,    3,         -4.45,          3.30,       1.41,      14.14,     46.63,          3.77
         11,          2,    4,         -3.51,          3.30,       1.50,      14.99,     49.45,          3.61
         11,          2,    5,         -2.76,          3.30,       1.58,      15.81,     52.13,          3.53
         11,          2,    6,         -2.14,          3.30,       1.65,      16.50,     54.41,          3.53
         11,          2,    7,         -1.64,          3.30,       1.72,      17.22,     56.78,          3.49
         11,          3,    1,         -4.17,          3.30,       1.43,      14.26,     47.03,          6.88
         11,          3,    2,         -2.79,          3.30,       1.55,      15.52,     51.17,          5.43
         11,          3,    3,         -1.77,          3.30,       1.67,      16.67,     54.97,          4.93
         11,          3,    4,         -0.98,          3.30,       1.76,      17.58,     57.96,          4.84
         11,          3,    5,         -0.41,          3.30,       1.85,      18.51,     61.01,          4.66
         11,          3,    6,          0.09,          3.30,       1.93,      19.31,     63.67,          4.60
         11,          3,    7,          0.48,          3.30,       2.00,      20.03,     66.04,          4.55
         11,          4,    1,         -1.94,          3.30,       1.65,      16.44,     54.21,          7.77
         11,          4,    2,         -0.73,          3.30,       1.79,      17.87,     58.93,          6.53
         11,          4,    3,          0.16,          3.30,       1.92,      19.16,     63.18,          6.04
         11,          4,    4,          0.82,          3.30,       2.02,      20.24,     66.71,          5.83
         11,          4,    5,          1.34,          3.30,       2.12,      21.17,     69.80,          5.71
         11,          4,    6,          1.75,          3.30,       2.21,      22.05,     72.67,          5.61
         11,          4,    7,          2.10,          3.30,       2.28,      22.83,     75.28,          5.53
         11,          5,    1,          0.35,          3.30,       1.95,      19.43,     64.05,          9.72
         11,          5,    2,          1.47,          3.30,       2.12,      21.26,     70.08,          8.16
         11,          5,    3,          2.25,          3.30,       2.27,      22.69,     74.81,          7.66
         11,          5,    4,          2.80,          3.30,       2.39,      23.89,     78.76,          7.37
         11,          5,    5,          3.19,          3.30,       2.50,      24.98,     82.35,          7.08
         11,          5,    6,          3.52,          3.30,       2.58,      25.83,     85.14,          6.98
         11,          5,    7,          3.79,          3.30,       2.67,      26.70,     88.01,          6.81
         11,          6,    1,          1.91,          3.30,       2.22,      22.22,     73.25,         13.57
         11,          6,    2,          2.95,          3.30,       2.42,      24.22,     79.83,         10.93
         11,          6,    3,          3.60,          3.30,       2.59,      25.84,     85.18,          9.79
         11,          6,    4,          4.06,          3.30,       2.71,      27.10,     89.32,          9.26
         11,          6,    5,          4.40,          3.30,       2.82,      28.21,     93.00,          8.84
         11,          6,    6,          4.68,          3.30,       2.92,      29.19,     96.22,          8.54
         11,          6,    7,          4.91,          3.30,       3.01,      30.06,     99.08,          8.31
         11,          7,    1,          3.16,          3.30,       2.51,      25.09,     82.70,         14.78
         11,          7,    2,          4.18,          3.30,       2.76,      27.59,     90.93,         11.76
         11,          7,    3,          4.81,          3.30,       2.94,      29.39,     96.86,         10.73
         11,          7,    4,          5.21,          3.30,       3.08,      30.73,    101.29,         10.19
         11,          7,    5,          5.51,          3.30,       3.20,      32.04,    105.60,          9.65
         11,          7,    6,          5.75,          3.30,       3.30,      33.01,    108.81,          9.37
         11,          7,    7,          5.94,          3.30,       3.40,      34.01,    112.09,          9.04
         12,          1,    1,         -9.54,          3.30,       1.11,      11.12,     36.66,          2.84
         12,          1,    2,         -7.78,          3.30,       1.19,      11.91,     39.30,          2.54
         12,          1,    3,         -6.36,          3.30,       1.28,      12.76,     42.10,          2.47
         12,          1,    4,         -5.35,          3.30,       1.35,      13.53,     44.64,          2.45
         12,          1,    5,         -4.52,          3.30,       1.42,      14.18,     46.76,          2.52
         12,          1,    6,         -3.85,          3.30,       1.48,      14.86,     49.03,          2.53
         12,          1,    7,         -3.32,          3.30,       1.55,      15.46,     50.99,          2.55
         12,          2,    1,         -6.86,          3.30,       1.24,      12.37,     40.82,          6.00
         12,          2,    2,         -5.30,          3.30,       1.34,      13.43,     44.31,          4.26
         12,          2,    3,         -4.06,          3.30,       1.44,      14.45,     47.65,          3.83
         12,          2,    4,         -3.10,          3.30,       1.53,      15.30,     50.45,          3.75
         12,          2,    5,         -2.35,          3.30,       1.62,      16.20,     53.43,          3.63
         12,          2,    6,         -1.74,          3.30,       1.69,      16.90,     55.71,          3.66
         12,          2,    7,         -1.23,          3.30,       1.76,      17.60,     58.04,          3.65
         12,          3,    1,         -3.76,          3.30,       1.46,      14.58,     48.09,          7.09
         12,          3,    2,         -2.38,          3.30,       1.58,      15.85,     52.28,          5.71
         12,          3,    3,         -1.34,          3.30,       1.70,      17.00,     56.04,          5.29
         12,          3,    4,         -0.58,          3.30,       1.81,      18.07,     59.56,          5.02
         12,          3,    5,          0.02,          3.30,       1.90,      18.98,     62.59,          4.92
         12,          3,    6,          0.52,          3.30,       1.98,      19.78,     65.22,          4.88
         12,          3,    7,          0.90,          3.30,       2.05,      20.48,     67.52,          4.85
         12,          4,    1,         -1.55,          3.30,       1.68,      16.82,     55.46,          8.40
         12,          4,    2,         -0.31,          3.30,       1.83,      18.35,     60.52,          6.94
         12,          4,    3,          0.57,          3.30,       1.97,      19.66,     64.82,          6.45
         12,          4,    4,          1.24,          3.30,       2.08,      20.74,     68.37,          6.26
         12,          4,    5,          1.74,          3.30,       2.17,      21.75,     71.70,          6.08
         12,          4,    6,          2.18,          3.30,       2.27,      22.64,     74.63,          6.00
         12,          4,    7,          2.53,          3.30,       2.35,      23.55,     77.64,          5.86
         12,          5,    1,          0.75,          3.30,       2.00,      20.03,     66.04,         10.25
         12,          5,    2,          1.91,          3.30,       2.19,      21.89,     72.18,          8.75
         12,          5,    3,          2.67,          3.30,       2.35,      23.45,     77.30,          8.09
         12,          5,    4,          3.21,          3.30,       2.47,      24.69,     81.40,          7.77
         12,          5,    5,          3.63,          3.30,       2.58,      25.78,     84.96,          7.56
         12,          5,    6,          3.96,          3.30,       2.67,      26.73,     88.10,          7.39
         12,          5,    7,          4.21,          3.30,       2.75,      27.53,     90.75,          7.25
         12,          6,    1,          2.34,          3.30,       2.29,      22.91,     75.53,         14.27
         12,          6,    2,          3.37,          3.30,       2.51,      25.11,     82.76,         11.30
         12,          6,    3,          4.03,          3.30,       2.67,      26.72,     88.08,         10.31
         12,          6,    4,          4.50,          3.30,       2.81,      28.05,     92.48,          9.73
         12,          6,    5,          4.84,          3.30,       2.92,      29.18,     96.18,          9.33
         12,          6,    6,          5.12,          3.30,       3.02,      30.20,     99.54,          9.02
         12,          6,    7,          5.34,          3.30,       3.11,      31.12,    102.56,          8.76
         12,          7,    1,          3.59,          3.30,       2.60,      25.98,     85.65,         15.21
         12,          7,    2,          4.61,          3.30,       2.85,      28.55,     94.10,         12.32
         12,          7,    3,          5.23,          3.30,       3.04,      30.43,    100.28,         11.26
         12,          7,    4,          5.65,          3.30,       3.20,      31.96,    105.35,         10.58
         12,          7,    5,          5.95,          3.30,       3.32,      33.22,    109.50,         10.13
         12,          7,    6,          6.18,          3.30,       3.42,      34.20,    112.72,          9.86
         12,          7,    7,          6.37,          3.30,       3.53,      35.25,    116.19,          9.52
         13,          1,    1,         -9.05,          3.30,       1.13,      11.22,     37.04,          3.07
         13,          1,    2,         -7.30,          3.30,       1.21,      12.15,     40.06,          2.63
         13,          1,    3,         -5.94,          3.30,       1.30,      13.04,     43.02,          2.54
         13,          1,    4,         -4.88,          3.30,       1.38,      13.80,     45.53,          2.59
         13,          1,    5,         -4.12,          3.30,       1.45,      14.48,     47.77,          2.62
         13,          1,    6,         -3.41,          3.30,       1.52,      15.19,     50.07,          2.67
         13,          1,    7,         -2.85,          3.30,       1.58,      15.80,     52.13,          2.71
         13,          2,    1,         -6.40,          3.30,       1.26,      12.62,     41.62,          6.29
         13,          2,    2,         -4.84,          3.30,       1.37,      13.68,     45.11,          4.60
         13,          2,    3,         -3.60,          3.30,       1.48,      14.80,     48.80,          4.04
         13,          2,    4,         -2.65,          3.30,       1.57,      15.70,     51.77,          3.94
         13,          2,    5,         -1.89,          3.30,       1.66,      16.57,     54.66,          3.88
         13,          2,    6,         -1.26,          3.30,       1.73,      17.33,     57.16,          3.90
         13,          2,    7,         -0.77,          3.30,       1.81,      18.12,     59.74,          3.85
         13,          3,    1,         -3.34,          3.30,       1.49,      14.92,     49.19,          7.45
         13,          3,    2,         -1.94,          3.30,       1.63,      16.31,     53.77,          5.92
         13,          3,    3,         -0.88,          3.30,       1.75,      17.46,     57.57,          5.59
         13,          3,    4,         -0.11,          3.30,       1.86,      18.62,     61.41,          5.28
         13,          3,    5,          0.49,          3.30,       1.96,      19.54,     64.44,          5.21
         13,          3,    6,          0.99,          3.30,       2.04,      20.36,     67.12,          5.19
         13,          3,    7,          1.37,          3.30,       2.12,      21.17,     69.79,          5.11
         13,          4,    1,         -1.09,          3.30,       1.73,      17.27,     56.94,          8.98
         13,          4,    2,          0.15,          3.30,       1.89,      18.94,     62.44,          7.30
         13,          4,    3,          1.03,          3.30,       2.03,      20.28,     66.86,          6.82
         13,          4,    4,          1.72,          3.30,       2.15,      21.51,     70.89,          6.57
         13,          4,    5,          2.24,          3.30,       2.25,      22.51,     74.20,          6.46
         13,          4,    6,          2.67,          3.30,       2.34,      23.45,     77.29,          6.37
         13,          4,    7,          3.01,          3.30,       2.43,      24.29,     80.07,          6.29
         13,          5,    1,          1.21,          3.30,       2.06,      20.60,     67.91,         10.92
         13,          5,    2,          2.37,          3.30,       2.26,      22.66,     74.69,          9.14
         13,          5,    3,          3.15,          3.30,       2.43,      24.31,     80.13,          8.49
         13,          5,    4,          3.69,          3.30,       2.56,      25.63,     84.48,          8.17
         13,          5,    5,          4.10,          3.30,       2.68,      26.74,     88.14,          7.96
         13,          5,    6,          4.43,          3.30,       2.77,      27.68,     91.23,          7.83
         13,          5,    7,          4.70,          3.30,       2.86,      28.66,     94.47,          7.63
         13,          6,    1,          2.81,          3.30,       2.37,      23.74,     78.27,         14.98
         13,          6,    2,          3.86,          3.30,       2.60,      26.06,     85.89,         11.93
         13,          6,    3,          4.51,          3.30,       2.78,      27.80,     91.62,         10.83
         13,          6,    4,          4.99,          3.30,       2.92,      29.17,     96.14,         10.29
         13,          6,    5,          5.32,          3.30,       3.03,      30.39,    100.17,          9.83
         13,          6,    6,          5.60,          3.30,       3.15,      31.46,    103.70,          9.51
         13,          6,    7,          5.82,          3.30,       3.24,      32.36,    106.65,          9.29
         13,          7,    1,          4.07,          3.30,       2.70,      26.97,     88.89,         16.11
         13,          7,    2,          5.08,          3.30,       2.97,      29.67,     97.78,         13.04
         13,          7,    3,          5.71,          3.30,       3.18,      31.75,    104.66,         11.79
         13,          7,    4,          6.14,          3.30,       3.33,      33.25,    109.58,         11.25
         13,          7,    5,          6.44,          3.30,       3.45,      34.50,    113.71,         10.85
         13,          7,    6,          6.67,          3.30,       3.57,      35.69,    117.65,         10.42
         13,          7,    7,          6.87,          3.30,       3.68,      36.75,    121.12,         10.11
         14,          1,    1,         -8.69,          3.30,       1.15,      11.49,     37.88,          3.17
         14,          1,    2,         -6.88,          3.30,       1.24,      12.40,     40.91,          2.81
         14,          1,    3,         -5.52,          3.30,       1.33,      13.33,     43.96,          2.71
         14,          1,    4,         -4.46,          3.30,       1.41,      14.09,     46.46,          2.78
         14,          1,    5,         -3.65,          3.30,       1.49,      14.90,     49.15,          2.78
         14,          1,    6,         -2.96,          3.30,       1.56,      15.61,     51.46,          2.84
         14,          1,    7,         -2.39,          3.30,       1.63,      16.24,     53.55,          2.89
         14,          2,    1,         -6.00,          3.30,       1.29,      12.88,     42.50,          6.97
         14,          2,    2,         -4.45,          3.30,       1.40,      14.03,     46.27,          4.87
         14,          2,    3,         -3.17,          3.30,       1.51,      15.11,     49.82,          4.41
         14,          2,    4,         -2.20,          3.30,       1.61,      16.06,     52.97,          4.29
         14,          2,    5,         -1.48,          3.30,       1.69,      16.93,     55.83,          4.20
         14,          2,    6,         -0.83,          3.30,       1.78,      17.78,     58.63,          4.18
         14,          2,    7,         -0.32,          3.30,       1.86,      18.60,     61.33,          4.14
         14,          3,    1,         -2.91,          3.30,       1.53,      15.29,     50.41,          7.84
         14,          3,    2,         -1.52,          3.30,       1.67,      16.75,     55.23,          6.22
         14,          3,    3,         -0.45,          3.30,       1.81,      18.10,     59.68,          5.71
         14,          3,    4,          0.34,          3.30,       1.91,      19.16,     63.16,          5.61
         14,          3,    5,          0.93,          3.30,       2.01,      20.18,     66.52,          5.47
         14,          3,    6,          1.42,          3.30,       2.11,      21.06,     69.43,          5.43
         14,          3,    7,          1.82,          3.30,       2.19,      21.83,     71.98,          5.42
         14,          4,    1,         -0.65,          3.30,       1.78,      17.77,     58.60,          9.33
         14,          4,    2,          0.59,          3.30,       1.95,      19.54,     64.43,          7.61
         14,          4,    3,          1.48,          3.30,       2.10,      20.97,     69.14,          7.11
         14,          4,    4,          2.17,          3.30,       2.22,      22.16,     73.04,          6.97
         14,          4,    5,          2.69,          3.30,       2.33,      23.32,     76.89,          6.76
         14,          4,    6,          3.12,          3.30,       2.42,      24.24,     79.89,          6.72
         14,          4,    7,          3.46,          3.30,       2.52,      25.20,     83.07,          6.58
         14,          5,    1,          1.66,          3.30,       2.14,      21.38,     70.49,         11.20
         14,          5,    2,          2.82,          3.30,       2.35,      23.46,     77.34,          9.60
         14,          5,    3,          3.60,          3.30,       2.52,      25.18,     83.00,          8.96
         14,          5,    4,          4.16,          3.30,       2.66,      26.58,     87.63,          8.62
         14,          5,    5,          4.56,          3.30,       2.77,      27.74,     91.43,          8.39
         14,          5,    6,          4.89,          3.30,       2.88,      28.83,     95.03,          8.19
         14,          5,    7,          5.15,          3.30,       2.97,      29.72,     97.97,          8.08
         14,          6,    1,          3.23,          3.30,       2.47,      24.63,     81.18,         15.42
         14,          6,    2,          4.30,          3.30,       2.70,      27.03,     89.12,         12.46
         14,          6,    3,          4.96,          3.30,       2.89,      28.92,     95.32,         11.28
         14,          6,    4,          5.45,          3.30,       3.04,      30.33,     99.96,         10.80
         14,          6,    5,          5.78,          3.30,       3.16,      31.66,    104.35,         10.28
         14,          6,    6,          6.07,          3.30,       3.27,      32.72,    107.84,         10.02
         14,          6,    7,          6.29,          3.30,       3.37,      33.71,    111.09,          9.77
         14,          7,    1,          4.51,          3.30,       2.81,      28.06,     92.50,         16.96
         14,          7,    2,          5.53,          3.30,       3.08,      30.85,    101.69,         13.82
         14,          7,    3,          6.17,          3.30,       3.31,      33.03,    108.86,         12.55
         14,          7,    4,          6.59,          3.30,       3.46,      34.63,    114.13,         11.92
         14,          7,    5,          6.90,          3.30,       3.60,      36.02,    118.71,         11.42
         14,          7,    6,          7.14,          3.30,       3.72,      37.17,    122.53,         11.07
         14,          7,    7,          7.32,          3.30,       3.83,      38.32,    126.31,         10.70
         15,          1,    1,         -4.07,          3.30,       1.37,      13.71,     45.21,          4.47
         15,          1,    2,         -2.17,          3.30,       1.53,      15.32,     50.52,          4.31
         15,          1,    3,         -0.90,          3.30,       1.68,      16.76,     55.27,          4.32
         15,          1,    4,          0.02,          3.30,       1.80,      18.03,     59.45,          4.37
         15,          1,    5,          0.69,          3.30,       1.92,      19.15,     63.13,          4.40
         15,          1,    6,          1.25,          3.30,       2.02,      20.22,     66.65,          4.41
         15,          1,    7,          1.68,          3.30,       2.12,      21.20,     69.89,          4.41
         15,          2,    1,         -2.17,          3.30,       1.54,      15.42,     50.87,          8.24
         15,          2,    2,         -0.44,          3.30,       1.73,      17.26,     56.91,          6.74
         15,          2,    3,          0.73,          3.30,       1.90,      18.98,     62.58,          6.20
         15,          2,    4,          1.56,          3.30,       2.04,      20.37,     67.15,          6.06
         15,          2,    5,          2.20,          3.30,       2.17,      21.70,     71.54,          5.92
         15,          2,    6,          2.70,          3.30,       2.29,      22.92,     75.55,          5.81
         15,          2,    7,          3.09,          3.30,       2.40,      24.01,     79.15,          5.72
         15,          3,    1,          0.17,          3.30,       1.82,      18.22,     60.06,         11.89
         15,          3,    2,          1.66,          3.30,       2.04,      20.38,     67.18,          9.24
         15,          3,    3,          2.66,          3.30,       2.23,      22.30,     73.49,          8.33
         15,          3,    4,          3.35,          3.30,       2.38,      23.84,     78.59,          7.92
         15,          3,    5,          3.85,          3.30,       2.53,      25.32,     83.47,          7.54
         15,          3,    6,          4.25,          3.30,       2.66,      26.59,     87.65,          7.32
         15,          3,    7,          4.56,          3.30,       2.78,      27.82,     91.70,          7.07
         15,          4,    1,          1.80,          3.30,       2.09,      20.85,     68.72,         13.18
         15,          4,    2,          3.16,          3.30,       2.33,      23.32,     76.86,         10.55
         15,          4,    3,          4.01,          3.30,       2.54,      25.40,     83.71,          9.50
         15,          4,    4,          4.60,          3.30,       2.72,      27.14,     89.48,          8.93
         15,          4,    5,          5.03,          3.30,       2.87,      28.70,     94.61,          8.52
         15,          4,    6,          5.37,          3.30,       3.01,      30.09,     99.17,          8.21
         15,          4,    7,          5.64,          3.30,       3.15,      31.51,    103.86,          7.85
         15,          5,    1,          3.48,          3.30,       2.44,      24.38,     80.34,         13.78
         15,          5,    2,          4.66,          3.30,       2.73,      27.28,     89.92,         11.34
         15,          5,    3,          5.41,          3.30,       2.96,      29.61,     97.59,         10.39
         15,          5,    4,          5.89,          3.30,       3.15,      31.50,    103.82,          9.79
         15,          5,    5,          6.25,          3.30,       3.32,      33.20,    109.43,          9.32
         15,          5,    6,          6.52,          3.30,       3.47,      34.67,    114.28,          8.96
         15,          5,    7,          6.74,          3.30,       3.62,      36.19,    119.28,          8.55
         15,          6,    1,          4.66,          3.30,       2.76,      27.63,     91.06,         16.18
         15,          6,    2,          5.74,          3.30,       3.08,      30.85,    101.68,         13.05
         15,          6,    3,          6.36,          3.30,       3.34,      33.34,    109.88,         11.73
         15,          6,    4,          6.79,          3.30,       3.54,      35.38,    116.61,         10.95
         15,          6,    5,          7.11,          3.30,       3.73,      37.24,    122.75,         10.32
         15,          6,    6,          7.33,          3.30,       3.90,      38.96,    128.40,          9.77
         15,          6,    7,          7.53,          3.30,       4.07,      40.70,    134.12,          9.26
         15,          7,    1,          5.57,          3.30,       3.09,      30.89,    101.82,         17.74
         15,          7,    2,          6.61,          3.30,       3.46,      34.55,    113.88,         14.13
         15,          7,    3,          7.18,          3.30,       3.74,      37.43,    123.38,         12.48
         15,          7,    4,          7.58,          3.30,       3.98,      39.78,    131.10,         11.55
         15,          7,    5,          7.86,          3.30,       4.19,      41.92,    138.16,         10.77
         15,          7,    6,          8.07,          3.30,       4.39,      43.89,    144.61,         10.16
         15,          7,    7,          8.24,          3.29,       4.58,      45.83,    151.02,          9.59
         16,          1,    1,         -3.64,          3.30,       1.40,      13.96,     46.06,          4.82
         16,          1,    2,         -1.74,          3.30,       1.57,      15.65,     51.61,          4.60
         16,          1,    3,         -0.44,          3.30,       1.72,      17.19,     56.66,          4.62
         16,          1,    4,          0.48,          3.30,       1.85,      18.57,     61.22,          4.63
         16,          1,    5,          1.16,          3.30,       1.97,      19.67,     64.85,          4.70
         16,          1,    6,          1.72,          3.30,       2.08,      20.80,     68.57,          4.71
         16,          1,    7,          2.17,          3.30,       2.19,      21.86,     72.05,          4.71
         16,          2,    1,         -1.74,          3.30,       1.58,      15.76,     51.98,          8.88
         16,          2,    2,         -0.01,          3.30,       1.77,      17.69,     58.32,          7.19
         16,          2,    3,          1.18,          3.30,       1.95,      19.47,     64.21,          6.63
         16,          2,    4,          2.03,          3.30,       2.10,      21.02,     69.31,          6.42
         16,          2,    5,          2.66,          3.30,       2.24,      22.40,     73.82,          6.28
         16,          2,    6,          3.15,          3.30,       2.36,      23.60,     77.81,          6.19
         16,          2,    7,          3.57,          3.30,       2.49,      24.88,     82.00,          6.06
         16,          3,    1,          0.56,          3.30,       1.87,      18.70,     61.64,         12.34
         16,          3,    2,          2.12,          3.30,       2.10,      21.04,     69.37,          9.61
         16,          3,    3,          3.10,          3.30,       2.30,      23.00,     75.83,          8.72
         16,          3,    4,          3.80,          3.30,       2.47,      24.69,     81.38,          8.29
         16,          3,    5,          4.31,          3.30,       2.62,      26.17,     86.24,          7.98
         16,          3,    6,          4.72,          3.30,       2.76,      27.57,     90.86,          7.70
         16,          3,    7,          5.04,          3.30,       2.89,      28.88,     95.18,          7.46
         16,          4,    1,          2.26,          3.30,       2.15,      21.51,     70.93,         13.75
         16,          4,    2,          3.61,          3.30,       2.42,      24.13,     79.53,         11.02
         16,          4,    3,          4.46,          3.30,       2.63,      26.30,     86.68,          9.98
         16,          4,    4,          5.06,          3.30,       2.82,      28.14,     92.75,          9.42
         16,          4,    5,          5.49,          3.30,       2.98,      29.82,     98.27,          8.95
         16,          4,    6,          5.84,          3.30,       3.13,      31.30,    103.15,          8.64
         16,          4,    7,          6.12,          3.30,       3.27,      32.71,    107.81,          8.33
         16,          5,    1,          3.93,          3.30,       2.52,      25.21,     83.08,         14.59
         16,          5,    2,          5.13,          3.30,       2.83,      28.32,     93.35,         11.97
         16,          5,    3,          5.87,          3.30,       3.08,      30.74,    101.34,         10.97
         16,          5,    4,          6.37,          3.30,       3.28,      32.75,    107.95,         10.37
         16,          5,    5,          6.73,          3.30,       3.45,      34.51,    113.72,          9.90
         16,          5,    6,          7.00,          3.30,       3.62,      36.15,    119.15,          9.46
         16,          5,    7,          7.22,          3.30,       3.77,      37.73,    124.36,          9.05
         16,          6,    1,          5.13,          3.30,       2.87,      28.73,     94.67,         16.88
         16,          6,    2,          6.21,          3.30,       3.21,      32.10,    105.78,         13.74
         16,          6,    3,          6.84,          3.30,       3.47,      34.65,    114.20,         12.43
         16,          6,    4,          7.26,          3.30,       3.69,      36.86,    121.48,         11.54
         16,          6,    5,          7.58,          3.30,       3.89,      38.86,    128.09,         10.86
         16,          6,    6,          7.81,          3.30,       4.07,      40.66,    134.01,         10.30
         16,          6,    7,          8.00,          3.30,       4.24,      42.41,    139.76,          9.81
         16,          7,    1,          6.04,          3.30,       3.22,      32.22,    106.21,         18.60
         16,          7,    2,          7.08,          3.30,       3.60,      36.02,    118.73,         14.95
         16,          7,    3,          7.66,          3.30,       3.90,      39.05,    128.72,         13.23
         16,          7,    4,          8.06,          3.30,       4.15,      41.49,    136.71,         12.27
         16,          7,    5,          8.34,          3.30,       4.38,      43.77,    144.25,         11.44
         16,          7,    6,          8.55,          3.29,       4.58,      45.81,    150.95,         10.80
         16,          7,    7,          8.71,          3.29,       4.78,      47.78,    157.40,         10.21
         17,          1,    1,         -3.23,          3.30,       1.43,      14.29,     47.13,          4.94
         17,          1,    2,         -1.34,          3.30,       1.61,      16.07,     52.99,          4.75
         17,          1,    3,         -0.02,          3.30,       1.76,      17.62,     58.09,          4.83
         17,          1,    4,          0.91,          3.30,       1.90,      19.01,     62.67,          4.90
         17,          1,    5,          1.59,          3.30,       2.02,      20.20,     66.60,          4.96
         17,          1,    6,          2.17,          3.30,       2.14,      21.38,     70.50,          4.99
         17,          1,    7,          2.61,          3.30,       2.25,      22.49,     74.12,          4.98
         17,          2,    1,         -1.34,          3.30,       1.61,      16.12,     53.15,          9.46
         17,          2,    2,          0.42,          3.30,       1.82,      18.19,     59.98,          7.54
         17,          2,    3,          1.60,          3.30,       2.01,      20.08,     66.19,          6.94
         17,          2,    4,          2.46,          3.30,       2.16,      21.63,     71.29,          6.81
         17,          2,    5,          3.09,          3.30,       2.31,      23.10,     76.14,          6.62
         17,          2,    6,          3.60,          3.30,       2.43,      24.34,     80.24,          6.57
         17,          2,    7,          4.02,          3.30,       2.57,      25.62,     84.44,          6.46
         17,          3,    1,          0.97,          3.30,       1.92,      19.19,     63.28,         13.14
         17,          3,    2,          2.52,          3.30,       2.16,      21.63,     71.29,         10.20
         17,          3,    3,          3.56,          3.30,       2.38,      23.74,     78.25,          9.26
         17,          3,    4,          4.24,          3.30,       2.55,      25.48,     83.99,          8.79
         17,          3,    5,          4.76,          3.30,       2.71,      27.11,     89.36,          8.40
         17,          3,    6,          5.17,          3.30,       2.85,      28.55,     94.09,          8.15
         17,          3,    7,          5.48,          3.30,       2.98,      29.84,     98.36,          7.91
         17,          4,    1,          2.67,          3.30,       2.22,      22.15,     73.02,         14.66
         17,          4,    2,          4.03,          3.30,       2.49,      24.91,     82.12,         11.66
         17,          4,    3,          4.89,          3.30,       2.72,      27.20,     89.64,         10.56
         17,          4,    4,          5.51,          3.30,       2.92,      29.16,     96.12,          9.95
         17,          4,    5,          5.94,          3.30,       3.09,      30.85,    101.69,          9.50
         17,          4,    6,          6.29,          3.30,       3.24,      32.43,    106.89,          9.16
         17,          4,    7,          6.57,          3.30,       3.39,      33.89,    111.71,          8.84
         17,          5,    1,          4.35,          3.30,       2.61,      26.07,     85.93,         15.13
         17,          5,    2,          5.55,          3.30,       2.93,      29.28,     96.52,         12.56
         17,          5,    3,          6.31,          3.30,       3.19,      31.90,    105.13,         11.51
         17,          5,    4,          6.81,          3.30,       3.39,      33.93,    111.82,         10.93
         17,          5,    5,          7.17,          3.30,       3.59,      35.84,    118.12,         10.39
         17,          5,    6,          7.45,          3.30,       3.75,      37.51,    123.64,          9.98
         17,          5,    7,          7.67,          3.30,       3.92,      39.21,    129.21,          9.54
         17,          6,    1,          5.56,          3.30,       2.98,      29.78,     98.17,         17.61
         17,          6,    2,          6.66,          3.30,       3.33,      33.31,    109.78,         14.46
         17,          6,    3,          7.29,          3.30,       3.60,      36.03,    118.77,         13.06
         17,          6,    4,          7.71,          3.30,       3.83,      38.30,    126.25,         12.18
         17,          6,    5,          8.03,          3.30,       4.04,      40.36,    133.03,         11.48
         17,          6,    6,          8.28,          3.30,       4.23,      42.29,    139.36,         10.92
         17,          6,    7,          8.45,          3.30,       4.41,      44.08,    145.27,         10.37
         17,          7,    1,          6.49,          3.30,       3.34,      33.40,    110.09,         19.74
         17,          7,    2,          7.53,          3.30,       3.74,      37.44,    123.39,         15.77
         17,          7,    3,          8.12,          3.30,       4.07,      40.63,    133.90,         13.99
         17,          7,    4,          8.51,          3.30,       4.32,      43.18,    142.28,         12.95
         17,          7,    5,          8.79,          3.29,       4.56,      45.55,    150.08,         12.10
         17,          7,    6,          9.00,          3.29,       4.77,      47.69,    157.09,         11.42
         17,          7,    7,          9.18,          3.29,       4.98,      49.76,    163.89,         10.84
         18,          1,    1,         -2.80,          3.30,       1.46,      14.64,     48.28,          5.12
         18,          1,    2,         -0.89,          3.30,       1.64,      16.45,     54.23,          5.03
         18,          1,    3,          0.45,          3.30,       1.82,      18.18,     59.94,          5.06
         18,          1,    4,          1.36,          3.30,       1.96,      19.61,     64.64,          5.14
         18,          1,    5,          2.07,          3.30,       2.09,      20.89,     68.88,          5.22
         18,          1,    6,          2.64,          3.30,       2.21,      22.04,     72.67,          5.30
         18,          1,    7,          3.08,          3.30,       2.32,      23.23,     76.56,          5.28
         18,          2,    1,         -0.92,          3.30,       1.65,      16.54,     54.56,          9.57
         18,          2,    2,          0.85,          3.30,       1.87,      18.71,     61.69,          7.79
         18,          2,    3,          2.05,          3.30,       2.06,      20.55,     67.76,          7.40
         18,          2,    4,          2.92,          3.30,       2.23,      22.25,     73.34,          7.19
         18,          2,    5,          3.57,          3.30,       2.38,      23.76,     78.31,          7.06
         18,          2,    6,          4.07,          3.30,       2.52,      25.20,     83.07,          6.91
         18,          2,    7,          4.49,          3.30,       2.66,      26.58,     87.63,          6.77
         18,          3,    1,          1.40,          3.30,       1.97,      19.75,     65.12,         13.63
         18,          3,    2,          2.98,          3.30,       2.23,      22.29,     73.49,         10.72
         18,          3,    3,          4.00,          3.30,       2.45,      24.54,     80.91,          9.70
         18,          3,    4,          4.70,          3.30,       2.64,      26.39,     86.97,          9.23
         18,          3,    5,          5.24,          3.30,       2.81,      28.11,     92.65,          8.86
         18,          3,    6,          5.63,          3.30,       2.96,      29.61,     97.60,          8.58
         18,          3,    7,          5.96,          3.30,       3.10,      30.96,    102.05,          8.37
         18,          4,    1,          3.10,          3.30,       2.29,      22.84,     75.31,         15.33
         18,          4,    2,          4.47,          3.30,       2.58,      25.75,     84.86,         12.24
         18,          4,    3,          5.36,          3.30,       2.82,      28.17,     92.85,         11.13
         18,          4,    4,          5.95,          3.30,       3.02,      30.17,     99.43,         10.52
         18,          4,    5,          6.41,          3.30,       3.21,      32.07,    105.71,         10.01
         18,          4,    6,          6.76,          3.30,       3.37,      33.64,    110.86,          9.71
         18,          4,    7,          7.03,          3.30,       3.53,      35.30,    116.35,          9.29
         18,          5,    1,          4.80,          3.30,       2.70,      27.04,     89.12,         15.99
         18,          5,    2,          6.02,          3.30,       3.04,      30.39,    100.18,         13.36
         18,          5,    3,          6.77,          3.30,       3.31,      33.14,    109.23,         12.19
         18,          5,    4,          7.28,          3.30,       3.53,      35.30,    116.36,         11.59
         18,          5,    5,          7.65,          3.30,       3.73,      37.25,    122.77,         11.06
         18,          5,    6,          7.93,          3.30,       3.91,      39.15,    129.04,         10.56
         18,          5,    7,          8.15,          3.30,       4.08,      40.86,    134.68,         10.13
         18,          6,    1,          6.02,          3.30,       3.09,      30.89,    101.81,         18.72
         18,          6,    2,          7.13,          3.30,       3.47,      34.65,    114.19,         15.30
         18,          6,    3,          7.76,          3.30,       3.75,      37.55,    123.76,         13.78
         18,          6,    4,          8.19,          3.30,       3.99,      39.91,    131.53,         12.92
         18,          6,    5,          8.51,          3.30,       4.21,      42.16,    138.92,         12.12
         18,          6,    6,          8.75,          3.30,       4.41,      44.08,    145.27,         11.56
         18,          6,    7,          8.94,          3.29,       4.60,      46.02,    151.61,         11.02
         18,          7,    1,          6.96,          3.30,       3.48,      34.78,    114.62,         20.77
         18,          7,    2,          8.01,          3.30,       3.91,      39.08,    128.79,         16.61
         18,          7,    3,          8.60,          3.30,       4.24,      42.38,    139.65,         14.81
         18,          7,    4,          8.99,          3.30,       4.51,      45.07,    148.49,         13.73
         18,          7,    5,          9.28,          3.29,       4.75,      47.53,    156.59,         12.86
         18,          7,    6,          9.50,          3.29,       4.98,      49.78,    163.96,         12.16
         18,          7,    7,          9.66,          3.29,       5.20,      52.00,    171.27,         11.47
         19,          1,    1,         -2.34,          3.30,       1.49,      14.93,     49.26,          5.48
         19,          1,    2,         -0.41,          3.30,       1.69,      16.89,     55.68,          5.33
         19,          1,    3,          0.90,          3.30,       1.86,      18.61,     61.37,          5.41
         19,          1,    4,          1.85,          3.30,       2.01,      20.16,     66.45,          5.51
         19,          1,    5,          2.55,          3.30,       2.16,      21.56,     71.07,          5.55
         19,          1,    6,          3.14,          3.30,       2.29,      22.85,     75.32,          5.61
         19,          1,    7,          3.58,          3.30,       2.40,      24.03,     79.22,          5.62
         19,          2,    1,         -0.50,          3.30,       1.69,      16.91,     55.77,         10.39
         19,          2,    2,          1.30,          3.30,       1.93,      19.24,     63.43,          8.31
         19,          2,    3,          2.51,          3.30,       2.12,      21.23,     70.00,          7.82
         19,          2,    4,          3.38,          3.30,       2.30,      22.99,     75.78,          7.62
         19,          2,    5,          4.03,          3.30,       2.46,      24.60,     81.09,          7.46
         19,          2,    6,          4.55,          3.30,       2.61,      26.09,     85.99,          7.35
         19,          2,    7,          4.97,          3.30,       2.75,      27.56,     90.85,          7.19
         19,          3,    1,          1.85,          3.30,       2.03,      20.29,     66.88,         14.42
         19,          3,    2,          3.43,          3.30,       2.30,      23.02,     75.88,         11.23
         19,          3,    3,          4.47,          3.30,       2.54,      25.42,     83.80,         10.17
         19,          3,    4,          5.18,          3.30,       2.73,      27.34,     90.12,          9.74
         19,          3,    5,          5.70,          3.30,       2.91,      29.14,     96.06,          9.35
         19,          3,    6,          6.12,          3.30,       3.07,      30.69,    101.14,          9.12
         19,          3,    7,          6.45,          3.30,       3.23,      32.29,    106.42,          8.80
         19,          4,    1,          3.56,          3.30,       2.36,      23.62,     77.86,         16.14
         19,          4,    2,          4.93,          3.30,       2.67,      26.67,     87.92,         12.90
         19,          4,    3,          5.81,          3.30,       2.92,      29.23,     96.33,         11.72
         19,          4,    4,          6.43,          3.30,       3.13,      31.34,    103.29,         11.14
         19,          4,    5,          6.89,          3.30,       3.33,      33.27,    109.66,         10.65
         19,          4,    6,          7.24,          3.30,       3.51,      35.03,    115.46,         10.26
         19,          4,    7,          7.52,          3.30,       3.67,      36.68,    120.90,          9.90
         19,          5,    1,          5.27,          3.30,       2.80,      28.01,     92.32,         16.79
         19,          5,    2,          6.51,          3.30,       3.16,      31.60,    104.16,         14.02
         19,          5,    3,          7.26,          3.30,       3.44,      34.43,    113.49,         12.90
         19,          5,    4,          7.77,          3.30,       3.68,      36.81,    121.31,         12.21
         19,          5,    5,          8.14,          3.30,       3.89,      38.95,    128.36,         11.62
         19,          5,    6,          8.41,          3.30,       4.08,      40.77,    134.36,         11.18
         19,          5,    7,          8.65,          3.30,       4.26,      42.63,    140.49,         10.75
         19,          6,    1,          6.51,          3.30,       3.22,      32.26,    106.33,         19.63
         19,          6,    2,          7.62,          3.30,       3.61,      36.11,    119.00,         16.28
         19,          6,    3,          8.26,          3.30,       3.92,      39.18,    129.13,         14.68
         19,          6,    4,          8.70,          3.30,       4.17,      41.70,    137.43,         13.74
         19,          6,    5,          9.01,          3.29,       4.40,      43.94,    144.79,         12.99
         19,          6,    6,          9.25,          3.30,       4.60,      46.00,    151.58,         12.36
         19,          6,    7,          9.45,          3.29,       4.79,      47.90,    157.80,         11.85
         19,          7,    1,          7.45,          3.30,       3.63,      36.30,    119.63,         22.04
         19,          7,    2,          8.51,          3.30,       4.08,      40.83,    134.57,         17.67
         19,          7,    3,          9.11,          3.30,       4.43,      44.32,    146.06,         15.78
         19,          7,    4,          9.50,          3.29,       4.71,      47.14,    155.29,         14.64
         19,          7,    5,          9.78,          3.29,       4.97,      49.63,    163.49,         13.76
         19,          7,    6,         10.00,          3.29,       5.20,      52.00,    171.26,         13.00
         19,          7,    7,         10.16,          3.29,       5.42,      54.22,    178.55,         12.33
         20,          1,    1,         -1.99,          3.30,       1.52,      15.20,     50.12,          5.78
         20,          1,    2,         -0.04,          3.30,       1.72,      17.24,     56.85,          5.61
         20,          1,    3,          1.28,          3.30,       1.91,      19.15,     63.11,          5.61
         20,          1,    4,          2.26,          3.30,       2.07,      20.66,     68.12,          5.82
         20,          1,    5,          2.96,          3.30,       2.21,      22.14,     73.00,          5.85
         20,          1,    6,          3.54,          3.30,       2.35,      23.44,     77.28,          5.93
         20,          1,    7,          3.99,          3.30,       2.47,      24.73,     81.52,          5.92
         20,          2,    1,         -0.14,          3.30,       1.72,      17.22,     56.77,         11.13
         20,          2,    2,          1.63,          3.30,       1.97,      19.65,     64.77,          8.71
         20,          2,    3,          2.88,          3.30,       2.17,      21.75,     71.68,          8.22
         20,          2,    4,          3.76,          3.30,       2.36,      23.58,     77.73,          8.02
         20,          2,    5,          4.42,          3.30,       2.53,      25.33,     83.49,          7.81
         20,          2,    6,          4.95,          3.30,       2.69,      26.85,     88.49,          7.73
         20,          2,    7,          5.36,          3.30,       2.84,      28.39,     93.57,          7.56
         20,          3,    1,          2.21,          3.30,       2.08,      20.76,     68.44,         15.19
         20,          3,    2,          3.79,          3.30,       2.36,      23.60,     77.78,         11.80
         20,          3,    3,          4.86,          3.30,       2.61,      26.10,     86.03,         10.72
         20,          3,    4,          5.57,          3.30,       2.82,      28.22,     93.03,         10.14
         20,          3,    5,          6.11,          3.30,       3.00,      30.00,     98.88,          9.86
         20,          3,    6,          6.52,          3.30,       3.17,      31.68,    104.40,          9.57
         20,          3,    7,          6.86,          3.30,       3.33,      33.26,    109.62,          9.30
         20,          4,    1,          3.94,          3.30,       2.42,      24.21,     79.79,         17.19
         20,          4,    2,          5.31,          3.30,       2.75,      27.47,     90.54,         13.50
         20,          4,    3,          6.21,          3.30,       3.01,      30.08,     99.16,         12.36
         20,          4,    4,          6.83,          3.30,       3.24,      32.39,    106.75,         11.64
         20,          4,    5,          7.29,          3.30,       3.44,      34.34,    113.20,         11.19
         20,          4,    6,          7.65,          3.30,       3.62,      36.18,    119.26,         10.80
         20,          4,    7,          7.93,          3.30,       3.79,      37.92,    124.99,         10.40
         20,          5,    1,          5.66,          3.30,       2.89,      28.94,     95.37,         17.39
         20,          5,    2,          6.90,          3.30,       3.26,      32.63,    107.55,         14.68
         20,          5,    3,          7.66,          3.30,       3.56,      35.62,    117.38,         13.52
         20,          5,    4,          8.18,          3.30,       3.81,      38.06,    125.43,         12.85
         20,          5,    5,          8.55,          3.30,       4.03,      40.30,    132.80,         12.23
         20,          5,    6,          8.84,          3.30,       4.22,      42.23,    139.17,         11.79
         20,          5,    7,          9.07,          3.30,       4.41,      44.11,    145.35,         11.35
         20,          6,    1,          6.91,          3.30,       3.33,      33.31,    109.79,         20.77
         20,          6,    2,          8.02,          3.30,       3.73,      37.37,    123.18,         17.10
         20,          6,    3,          8.67,          3.30,       4.06,      40.60,    133.82,         15.44
         20,          6,    4,          9.11,          3.30,       4.32,      43.20,    142.35,         14.48
         20,          6,    5,          9.42,          3.29,       4.56,      45.58,    150.18,         13.67
         20,          6,    6,          9.66,          3.29,       4.76,      47.61,    156.84,         13.08
         20,          6,    7,          9.86,          3.29,       4.97,      49.65,    163.54,         12.51
         20,          7,    1,          7.87,          3.30,       3.76,      37.60,    123.91,         23.31
         20,          7,    2,          8.93,          3.30,       4.24,      42.38,    139.67,         18.59
         20,          7,    3,          9.53,          3.29,       4.60,      45.99,    151.53,         16.65
         20,          7,    4,          9.92,          3.29,       4.89,      48.89,    161.08,         15.49
         20,          7,    5,         10.21,          3.29,       5.15,      51.53,    169.72,         14.57
         20,          7,    6,         10.42,          3.29,       5.39,      53.93,    177.58,         13.78
         20,          7,    7,         10.60,          3.29,       5.62,      56.23,    185.14,         13.13
         21,          1,    1,         -1.63,          3.30,       1.55,      15.49,     51.10,          6.01
         21,          1,    2,          0.36,          3.30,       1.77,      17.67,     58.25,          5.85
         21,          1,    3,          1.71,          3.30,       1.96,      19.59,     64.60,          5.95
         21,          1,    4,          2.68,          3.30,       2.13,      21.29,     70.18,          6.07
         21,          1,    5,          3.40,          3.30,       2.28,      22.77,     75.06,          6.19
         21,          1,    6,          3.98,          3.30,       2.42,      24.19,     79.75,          6.23
         21,          1,    7,          4.44,          3.30,       2.56,      25.56,     84.24,          6.23
         21,          2,    1,          0.24,          3.30,       1.76,      17.62,     58.10,         11.49
         21,          2,    2,          2.04,          3.30,       2.02,      20.13,     66.37,          9.15
         21,          2,    3,          3.28,          3.30,       2.23,      22.34,     73.63,          8.60
         21,          2,    4,          4.18,          3.30,       2.43,      24.23,     79.89,          8.45
         21,          2,    5,          4.84,          3.30,       2.60,      26.04,     85.84,          8.24
         21,          2,    6,          5.37,          3.30,       2.77,      27.71,     91.34,          8.12
         21,          2,    7,          5.79,          3.30,       2.92,      29.23,     96.35,          8.00
         21,          3,    1,          2.60,          3.30,       2.14,      21.35,     70.39,         15.98
         21,          3,    2,          4.20,          3.30,       2.43,      24.29,     80.06,         12.47
         21,          3,    3,          5.27,          3.30,       2.70,      26.96,     88.86,         11.27
         21,          3,    4,          6.00,          3.30,       2.91,      29.06,     95.78,         10.81
         21,          3,    5,          6.54,          3.30,       3.10,      31.00,    102.16,         10.44
         21,          3,    6,          6.96,          3.30,       3.28,      32.79,    108.09,         10.11
         21,          3,    7,          7.30,          3.30,       3.44,      34.42,    113.44,          9.86
         21,          4,    1,          4.34,          3.30,       2.50,      25.01,     82.43,         17.83
         21,          4,    2,          5.73,          3.30,       2.84,      28.38,     93.55,         14.19
         21,          4,    3,          6.63,          3.30,       3.11,      31.12,    102.56,         13.01
         21,          4,    4,          7.25,          3.30,       3.34,      33.43,    110.18,         12.35
         21,          4,    5,          7.72,          3.30,       3.55,      35.50,    117.01,         11.87
         21,          4,    6,          8.08,          3.30,       3.74,      37.40,    123.28,         11.46
         21,          4,    7,          8.36,          3.30,       3.93,      39.26,    129.39,         11.04
         21,          5,    1,          6.09,          3.30,       2.99,      29.95,     98.70,         18.38
         21,          5,    2,          7.33,          3.30,       3.38,      33.75,    111.25,         15.59
         21,          5,    3,          8.11,          3.30,       3.70,      37.00,    121.96,         14.26
         21,          5,    4,          8.62,          3.30,       3.96,      39.53,    130.26,         13.55
         21,          5,    5,          9.01,          3.30,       4.18,      41.80,    137.74,         13.01
         21,          5,    6,          9.29,          3.30,       4.38,      43.84,    144.45,         12.51
         21,          5,    7,          9.52,          3.29,       4.58,      45.77,    150.79,         12.08
         21,          6,    1,          7.36,          3.30,       3.46,      34.54,    113.86,         22.14
         21,          6,    2,          8.48,          3.30,       3.89,      38.89,    128.19,         18.11
         21,          6,    3,          9.13,          3.30,       4.22,      42.22,    139.13,         16.40
         21,          6,    4,          9.57,          3.30,       4.49,      44.92,    148.00,         15.42
         21,          6,    5,          9.88,          3.29,       4.73,      47.31,    155.87,         14.63
         21,          6,    6,         10.12,          3.29,       4.95,      49.53,    163.16,         13.93
         21,          6,    7,         10.32,          3.29,       5.17,      51.69,    170.26,         13.31
         21,          7,    1,          8.32,          3.30,       3.92,      39.18,    129.12,         24.28
         21,          7,    2,          9.39,          3.30,       4.41,      44.13,    145.43,         19.63
         21,          7,    3,         10.00,          3.29,       4.79,      47.93,    157.90,         17.61
         21,          7,    4,         10.39,          3.29,       5.09,      50.94,    167.77,         16.43
         21,          7,    5,         10.69,          3.29,       5.38,      53.75,    177.03,         15.43
         21,          7,    6,         10.90,          3.29,       5.61,      56.09,    184.71,         14.71
         21,          7,    7,         11.08,          3.29,       5.86,      58.54,    192.75,         14.00
         22,          1,    1,         -1.26,          3.30,       1.58,      15.84,     52.22,          6.34
         22,          1,    2,          0.71,          3.30,       1.81,      18.11,     59.71,          6.10
         22,          1,    3,          2.10,          3.30,       2.01,      20.11,     66.29,          6.26
         22,          1,    4,          3.08,          3.30,       2.18,      21.82,     71.92,          6.44
         22,          1,    5,          3.80,          3.30,       2.34,      23.46,     77.34,          6.50
         22,          1,    6,          4.40,          3.30,       2.49,      24.96,     82.26,          6.58
         22,          1,    7,          4.85,          3.30,       2.63,      26.31,     86.74,          6.60
         22,          2,    1,          0.59,          3.30,       1.81,      18.06,     59.53,         11.90
         22,          2,    2,          2.41,          3.30,       2.06,      20.62,     67.99,          9.63
         22,          2,    3,          3.65,          3.30,       2.30,      22.96,     75.70,          8.99
         22,          2,    4,          4.56,          3.30,       2.50,      24.97,     82.32,          8.81
         22,          2,    5,          5.24,          3.30,       2.68,      26.83,     88.44,          8.67
         22,          2,    6,          5.77,          3.30,       2.85,      28.52,     94.00,          8.57
         22,          2,    7,          6.21,          3.30,       3.02,      30.19,     99.51,          8.42
         22,          3,    1,          2.97,          3.30,       2.19,      21.95,     72.36,         16.80
         22,          3,    2,          4.59,          3.30,       2.51,      25.10,     82.71,         12.99
         22,          3,    3,          5.66,          3.30,       2.78,      27.76,     91.51,         11.91
         22,          3,    4,          6.41,          3.30,       3.01,      30.05,     99.03,         11.37
         22,          3,    5,          6.96,          3.30,       3.21,      32.04,    105.61,         11.02
         22,          3,    6,          7.38,          3.30,       3.39,      33.86,    111.60,         10.71
         22,          3,    7,          7.71,          3.30,       3.56,      35.58,    117.28,         10.42
         22,          4,    1,          4.74,          3.30,       2.58,      25.81,     85.07,         18.52
         22,          4,    2,          6.13,          3.30,       2.93,      29.29,     96.55,         14.89
         22,          4,    3,          7.04,          3.30,       3.22,      32.21,    106.17,         13.60
         22,          4,    4,          7.66,          3.30,       3.46,      34.56,    113.91,         13.01
         22,          4,    5,          8.13,          3.30,       3.68,      36.77,    121.20,         12.46
         22,          4,    6,          8.51,          3.30,       3.88,      38.79,    127.84,         12.05
         22,          4,    7,          8.80,          3.30,       4.06,      40.64,    133.94,         11.68
         22,          5,    1,          6.50,          3.30,       3.10,      30.93,    101.95,         19.52
         22,          5,    2,          7.74,          3.30,       3.50,      35.04,    115.50,         16.31
         22,          5,    3,          8.54,          3.30,       3.84,      38.39,    126.53,         15.04
         22,          5,    4,          9.05,          3.30,       4.10,      41.02,    135.20,         14.32
         22,          5,    5,          9.45,          3.30,       4.34,      43.42,    143.11,         13.74
         22,          5,    6,          9.74,          3.29,       4.56,      45.56,    150.13,         13.24
         22,          5,    7,          9.97,          3.29,       4.75,      47.50,    156.48,         12.82
         22,          6,    1,          7.79,          3.30,       3.59,      35.92,    118.40,         23.37
         22,          6,    2,          8.91,          3.30,       4.05,      40.47,    133.37,         19.12
         22,          6,    3,          9.57,          3.30,       4.39,      43.92,    144.72,         17.42
         22,          6,    4,         10.02,          3.29,       4.68,      46.79,    154.15,         16.32
         22,          6,    5,         10.34,          3.29,       4.92,      49.23,    162.18,         15.56
         22,          6,    6,         10.58,          3.29,       5.15,      51.47,    169.54,         14.87
         22,          6,    7,         10.79,          3.29,       5.37,      53.64,    176.64,         14.27
         22,          7,    1,          8.78,          3.30,       4.09,      40.86,    134.66,         25.68
         22,          7,    2,          9.84,          3.29,       4.61,      46.06,    151.76,         20.72
         22,          7,    3,         10.46,          3.29,       5.00,      50.03,    164.80,         18.67
         22,          7,    4,         10.86,          3.29,       5.32,      53.15,    175.04,         17.47
         22,          7,    5,         11.16,          3.29,       5.60,      55.99,    184.38,         16.50
         22,          7,    6,         11.37,          3.29,       5.85,      58.56,    192.81,         15.66
         22,          7,    7,         11.56,          3.29,       6.09,      60.90,    200.51,         15.03
         23,          1,    1,         -0.96,          3.30,       1.61,      16.11,     53.12,          6.51
         23,          1,    2,          1.03,          3.30,       1.84,      18.44,     60.80,          6.35
         23,          1,    3,          2.44,          3.30,       2.05,      20.50,     67.59,          6.56
         23,          1,    4,          3.43,          3.30,       2.23,      22.33,     73.62,          6.71
         23,          1,    5,          4.17,          3.30,       2.40,      23.98,     79.05,          6.83
         23,          1,    6,          4.77,          3.30,       2.56,      25.62,     84.45,          6.88
         23,          1,    7,          5.24,          3.30,       2.71,      27.06,     89.20,          6.90
         23,          2,    1,          0.89,          3.30,       1.84,      18.44,     60.79,         12.14
         23,          2,    2,          2.73,          3.30,       2.10,      21.05,     69.40,         10.03
         23,          2,    3,          3.99,          3.30,       2.35,      23.45,     77.31,          9.42
         23,          2,    4,          4.90,          3.30,       2.56,      25.58,     84.33,          9.19
         23,          2,    5,          5.59,          3.30,       2.75,      27.51,     90.66,          9.05
         23,          2,    6,          6.14,          3.30,       2.93,      29.28,     96.51,          8.97
         23,          2,    7,          6.57,          3.30,       3.09,      30.92,    101.92,          8.87
         23,          3,    1,          3.30,          3.30,       2.25,      22.44,     73.99,         17.41
         23,          3,    2,          4.91,          3.30,       2.57,      25.70,     84.69,         13.50
         23,          3,    3,          6.02,          3.30,       2.86,      28.58,     94.19,         12.32
         23,          3,    4,          6.77,          3.30,       3.09,      30.91,    101.89,         11.84
         23,          3,    5,          7.33,          3.30,       3.30,      32.99,    108.73,         11.51
         23,          3,    6,          7.76,          3.30,       3.49,      34.88,    114.95,         11.22
         23,          3,    7,          8.11,          3.30,       3.67,      36.66,    120.82,         10.95
         23,          4,    1,          5.07,          3.30,       2.65,      26.52,     87.39,         19.54
         23,          4,    2,          6.49,          3.30,       3.02,      30.14,     99.33,         15.70
         23,          4,    3,          7.40,          3.30,       3.32,      33.18,    109.37,         14.29
         23,          4,    4,          8.04,          3.30,       3.57,      35.65,    117.50,         13.69
         23,          4,    5,          8.52,          3.30,       3.79,      37.89,    124.88,         13.20
         23,          4,    6,          8.89,          3.30,       4.00,      39.99,    131.79,         12.71
         23,          4,    7,          9.19,          3.30,       4.19,      41.91,    138.13,         12.36
         23,          5,    1,          6.87,          3.30,       3.20,      31.96,    105.35,         20.37
         23,          5,    2,          8.13,          3.30,       3.62,      36.21,    119.34,         17.16
         23,          5,    3,          8.94,          3.30,       3.97,      39.75,    131.00,         15.80
         23,          5,    4,          9.46,          3.30,       4.25,      42.48,    140.00,         15.07
         23,          5,    5,          9.85,          3.29,       4.50,      44.93,    148.06,         14.50
         23,          5,    6,         10.14,          3.29,       4.71,      47.07,    155.09,         14.04
         23,          5,    7,         10.38,          3.29,       4.91,      49.13,    161.86,         13.59
         23,          6,    1,          8.19,          3.30,       3.72,      37.21,    122.63,         24.38
         23,          6,    2,          9.33,          3.30,       4.20,      41.98,    138.36,         20.02
         23,          6,    3,          9.99,          3.30,       4.56,      45.61,    150.28,         18.23
         23,          6,    4,         10.43,          3.29,       4.84,      48.45,    159.61,         17.25
         23,          6,    5,         10.76,          3.29,       5.10,      51.02,    168.05,         16.44
         23,          6,    6,         11.00,          3.29,       5.34,      53.41,    175.89,         15.69
         23,          6,    7,         11.21,          3.29,       5.56,      55.59,    183.04,         15.12
         23,          7,    1,          9.19,          3.30,       4.24,      42.45,    139.89,         26.88
         23,          7,    2,         10.27,          3.29,       4.78,      47.82,    157.52,         21.96
         23,          7,    3,         10.90,          3.29,       5.20,      51.99,    171.26,         19.74
         23,          7,    4,         11.30,          3.29,       5.53,      55.31,    182.14,         18.43
         23,          7,    5,         11.60,          3.29,       5.81,      58.14,    191.42,         17.53
         23,          7,    6,         11.83,          3.29,       6.07,      60.71,    199.86,         16.76
         23,          7,    7,         12.01,          3.29,       6.32,      63.18,    207.99,         16.06
         24,          1,    1,         -0.69,          3.30,       1.64,      16.39,     54.05,          6.70
         24,          1,    2,          1.35,          3.30,       1.87,      18.76,     61.85,          6.65
         24,          1,    3,          2.75,          3.30,       2.09,      20.93,     68.98,          6.82
         24,          1,    4,          3.76,          3.30,       2.29,      22.86,     75.36,          6.98
         24,          1,    5,          4.52,          3.30,       2.46,      24.56,     80.97,          7.14
         24,          1,    6,          5.13,          3.30,       2.62,      26.21,     86.38,          7.23
         24,          1,    7,          5.61,          3.30,       2.77,      27.72,     91.38,          7.27
         24,          2,    1,          1.17,          3.30,       1.88,      18.76,     61.85,         12.71
         24,          2,    2,          3.02,          3.30,       2.15,      21.51,     70.91,         10.35
         24,          2,    3,          4.30,          3.30,       2.40,      24.00,     79.11,          9.77
         24,          2,    4,          5.23,          3.30,       2.62,      26.18,     86.30,          9.59
         24,          2,    5,          5.93,          3.30,       2.82,      28.19,     92.93,          9.48
         24,          2,    6,          6.49,          3.30,       3.01,      30.04,     99.03,          9.39
         24,          2,    7,          6.94,          3.30,       3.18,      31.76,    104.68,          9.30
         24,          3,    1,          3.60,          3.30,       2.30,      22.96,     75.69,         18.19
         24,          3,    2,          5.24,          3.30,       2.64,      26.36,     86.88,         14.03
         24,          3,    3,          6.35,          3.30,       2.93,      29.32,     96.64,         12.88
         24,          3,    4,          7.12,          3.30,       3.18,      31.79,    104.77,         12.37
         24,          3,    5,          7.69,          3.30,       3.40,      33.93,    111.84,         12.06
         24,          3,    6,          8.15,          3.30,       3.59,      35.88,    118.27,         11.83
         24,          3,    7,          8.50,          3.30,       3.77,      37.70,    124.26,         11.57
         24,          4,    1,          5.40,          3.30,       2.73,      27.23,     89.76,         20.20
         24,          4,    2,          6.83,          3.30,       3.10,      30.99,    102.13,         16.32
         24,          4,    3,          7.76,          3.30,       3.41,      34.12,    112.48,         14.95
         24,          4,    4,          8.42,          3.30,       3.68,      36.74,    121.09,         14.31
         24,          4,    5,          8.91,          3.30,       3.91,      39.09,    128.85,         13.82
         24,          4,    6,          9.28,          3.30,       4.12,      41.19,    135.72,         13.43
         24,          4,    7,          9.59,          3.30,       4.32,      43.20,    142.37,         13.05
         24,          5,    1,          7.25,          3.30,       3.30,      33.03,    108.86,         21.11
         24,          5,    2,          8.52,          3.30,       3.74,      37.42,    123.34,         17.94
         24,          5,    3,          9.32,          3.30,       4.11,      41.05,    135.28,         16.60
         24,          5,    4,          9.85,          3.30,       4.39,      43.91,    144.70,         15.85
         24,          5,    5,         10.26,          3.29,       4.65,      46.49,    153.18,         15.29
         24,          5,    6,         10.56,          3.29,       4.87,      48.77,    160.67,         14.78
         24,          5,    7,         10.81,          3.29,       5.08,      50.84,    167.44,         14.39
         24,          6,    1,          8.60,          3.30,       3.86,      38.62,    127.29,         25.53
         24,          6,    2,          9.74,          3.30,       4.36,      43.58,    143.61,         21.08
         24,          6,    3,         10.41,          3.29,       4.73,      47.29,    155.80,         19.32
         24,          6,    4,         10.86,          3.29,       5.03,      50.29,    165.67,         18.26
         24,          6,    5,         11.19,          3.29,       5.30,      52.99,    174.49,         17.42
         24,          6,    6,         11.45,          3.29,       5.54,      55.42,    182.48,         16.72
         24,          6,    7,         11.66,          3.29,       5.76,      57.65,    189.81,         16.11
         24,          7,    1,          9.62,          3.30,       4.41,      44.12,    145.38,         28.23
         24,          7,    2,         10.71,          3.29,       4.98,      49.81,    164.06,         23.01
         24,          7,    3,         11.34,          3.29,       5.42,      54.15,    178.33,         20.82
         24,          7,    4,         11.76,          3.29,       5.75,      57.53,    189.42,         19.60
         24,          7,    5,         12.06,          3.29,       6.06,      60.60,    199.50,         18.57
         24,          7,    6,         12.30,          3.29,       6.33,      63.27,    208.28,         17.81
         24,          7,    7,         12.51,          3.29,       6.59,      65.85,    216.78,         17.14
         25,          1,    1,         -0.45,          3.30,       1.66,      16.60,     54.72,          7.00
         25,          1,    2,          1.60,          3.30,       1.90,      19.03,     62.75,          6.91
         25,          1,    3,          3.04,          3.30,       2.13,      21.33,     70.33,          7.07
         25,          1,    4,          4.08,          3.30,       2.33,      23.32,     76.87,          7.30
         25,          1,    5,          4.85,          3.30,       2.52,      25.16,     82.95,          7.42
         25,          1,    6,          5.48,          3.30,       2.68,      26.82,     88.43,          7.58
         25,          1,    7,          5.97,          3.30,       2.84,      28.40,     93.61,          7.63
         25,          2,    1,          1.41,          3.30,       1.90,      19.06,     62.83,         13.15
         25,          2,    2,          3.27,          3.30,       2.18,      21.86,     72.06,         10.76
         25,          2,    3,          4.58,          3.30,       2.45,      24.47,     80.65,         10.14
         25,          2,    4,          5.54,          3.30,       2.67,      26.74,     88.14,          9.99
         25,          2,    5,          6.25,          3.30,       2.88,      28.80,     94.91,          9.91
         25,          2,    6,          6.83,          3.30,       3.07,      30.69,    101.15,          9.87
         25,          2,    7,          7.29,          3.30,       3.26,      32.56,    107.33,          9.74
         25,          3,    1,          3.89,          3.30,       2.34,      23.43,     77.25,         19.24
         25,          3,    2,          5.54,          3.30,       2.70,      26.98,     88.94,         14.66
         25,          3,    3,          6.68,          3.30,       3.01,      30.03,     99.00,         13.49
         25,          3,    4,          7.45,          3.30,       3.26,      32.58,    107.39,         12.97
         25,          3,    5,          8.04,          3.30,       3.48,      34.82,    114.74,         12.67
         25,          3,    6,          8.50,          3.30,       3.69,      36.86,    121.50,         12.41
         25,          3,    7,          8.87,          3.30,       3.89,      38.85,    128.02,         12.14
         25,          4,    1,          5.73,          3.30,       2.80,      28.02,     92.36,         20.94
         25,          4,    2,          7.17,          3.30,       3.19,      31.89,    105.10,         17.03
         25,          4,    3,          8.09,          3.30,       3.51,      35.10,    115.69,         15.64
         25,          4,    4,          8.77,          3.30,       3.78,      37.78,    124.53,         15.05
         25,          4,    5,          9.27,          3.30,       4.03,      40.28,    132.73,         14.51
         25,          4,    6,          9.67,          3.30,       4.25,      42.50,    140.05,         14.12
         25,          4,    7,          9.98,          3.30,       4.46,      44.54,    146.77,         13.76
         25,          5,    1,          7.61,          3.30,       3.40,      34.05,    112.21,         22.31
         25,          5,    2,          8.90,          3.30,       3.87,      38.70,    127.55,         18.85
         25,          5,    3,          9.72,          3.30,       4.26,      42.54,    140.17,         17.42
         25,          5,    4,         10.26,          3.29,       4.55,      45.54,    150.04,         16.67
         25,          5,    5,         10.67,          3.29,       4.81,      48.10,    158.46,         16.19
         25,          5,    6,         10.98,          3.29,       5.05,      50.46,    166.22,         15.70
         25,          5,    7,         11.23,          3.29,       5.27,      52.68,    173.49,         15.24
         25,          6,    1,          9.01,          3.30,       4.01,      40.06,    132.03,         26.66
         25,          6,    2,         10.15,          3.30,       4.53,      45.27,    149.16,         22.04
         25,          6,    3,         10.83,          3.29,       4.91,      49.13,    161.85,         20.26
         25,          6,    4,         11.30,          3.29,       5.23,      52.30,    172.25,         19.22
         25,          6,    5,         11.63,          3.29,       5.51,      55.12,    181.53,         18.35
         25,          6,    6,         11.90,          3.29,       5.75,      57.53,    189.41,         17.75
         25,          6,    7,         12.12,          3.29,       5.99,      59.94,    197.35,         17.10
         25,          7,    1,         10.06,          3.29,       4.59,      45.92,    151.32,         29.59
         25,          7,    2,         11.16,          3.29,       5.20,      51.96,    171.11,         24.17
         25,          7,    3,         11.80,          3.29,       5.65,      56.51,    186.08,         21.94
         25,          7,    4,         12.23,          3.29,       6.00,      60.01,    197.56,         20.78
         25,          7,    5,         12.55,          3.29,       6.32,      63.27,    208.30,         19.72
         25,          7,    6,         12.80,          3.29,       6.61,      66.06,    217.48,         18.98
         25,          7,    7,         13.02,          3.29,       6.87,      68.71,    226.19,         18.35
         26,          1,    1,         -0.25,          3.30,       1.68,      16.78,     55.32,          7.09
         26,          1,    2,          1.82,          3.30,       1.93,      19.35,     63.80,          6.97
         26,          1,    3,          3.28,          3.30,       2.17,      21.65,     71.38,          7.25
         26,          1,    4,          4.33,          3.30,       2.37,      23.70,     78.13,          7.50
         26,          1,    5,          5.13,          3.30,       2.56,      25.56,     84.24,          7.70
         26,          1,    6,          5.76,          3.30,       2.74,      27.35,     90.15,          7.81
         26,          1,    7,          6.28,          3.30,       2.90,      28.94,     95.41,          7.95
         26,          2,    1,          1.64,          3.30,       1.94,      19.35,     63.81,         13.78
         26,          2,    2,          3.53,          3.30,       2.22,      22.24,     73.30,         11.22
         26,          2,    3,          4.82,          3.30,       2.49,      24.90,     82.09,         10.50
         26,          2,    4,          5.79,          3.30,       2.72,      27.22,     89.73,         10.39
         26,          2,    5,          6.54,          3.30,       2.94,      29.45,     97.06,         10.27
         26,          2,    6,          7.12,          3.30,       3.14,      31.40,    103.50,         10.25
         26,          2,    7,          7.60,          3.30,       3.33,      33.32,    109.81,         10.18
         26,          3,    1,          4.17,          3.30,       2.39,      23.93,     78.90,         19.78
         26,          3,    2,          5.83,          3.30,       2.76,      27.57,     90.88,         15.18
         26,          3,    3,          6.97,          3.30,       3.08,      30.81,    101.54,         13.90
         26,          3,    4,          7.76,          3.30,       3.34,      33.41,    110.13,         13.44
         26,          3,    5,          8.36,          3.30,       3.58,      35.81,    118.02,         13.11
         26,          3,    6,          8.84,          3.30,       3.79,      37.87,    124.82,         12.95
         26,          3,    7,          9.22,          3.30,       3.99,      39.88,    131.45,         12.71
         26,          4,    1,          6.08,          3.30,       2.88,      28.77,     94.81,         22.07
         26,          4,    2,          7.50,          3.30,       3.28,      32.76,    107.96,         17.84
         26,          4,    3,          8.43,          3.30,       3.61,      36.04,    118.78,         16.44
         26,          4,    4,          9.11,          3.30,       3.89,      38.94,    128.33,         15.71
         26,          4,    5,          9.61,          3.30,       4.15,      41.51,    136.81,         15.15
         26,          4,    6,         10.02,          3.30,       4.38,      43.75,    144.19,         14.84
         26,          4,    7,         10.36,          3.29,       4.59,      45.95,    151.41,         14.50
         26,          5,    1,          7.98,          3.30,       3.52,      35.15,    115.83,         23.36
         26,          5,    2,          9.28,          3.30,       4.01,      40.07,    132.06,         19.64
         26,          5,    3,         10.10,          3.30,       4.40,      44.01,    145.01,         18.26
         26,          5,    4,         10.66,          3.29,       4.71,      47.11,    155.21,         17.57
         26,          5,    5,         11.08,          3.29,       4.99,      49.87,    164.29,         17.03
         26,          5,    6,         11.40,          3.29,       5.23,      52.32,    172.32,         16.57
         26,          5,    7,         11.67,          3.29,       5.46,      54.60,    179.80,         16.16
         26,          6,    1,          9.42,          3.30,       4.16,      41.59,    137.05,         27.95
         26,          6,    2,         10.58,          3.29,       4.70,      46.99,    154.81,         23.29
         26,          6,    3,         11.26,          3.29,       5.11,      51.06,    168.19,         21.41
         26,          6,    4,         11.74,          3.29,       5.44,      54.36,    179.01,         20.36
         26,          6,    5,         12.08,          3.29,       5.73,      57.25,    188.52,         19.52
         26,          6,    6,         12.36,          3.29,       5.98,      59.81,    196.92,         18.89
         26,          6,    7,         12.59,          3.29,       6.24,      62.34,    205.24,         18.24
         26,          7,    1,         10.50,          3.29,       4.78,      47.79,    157.44,         31.16
         26,          7,    2,         11.61,          3.29,       5.42,      54.15,    178.32,         25.50
         26,          7,    3,         12.27,          3.29,       5.90,      58.97,    194.14,         23.22
         26,          7,    4,         12.70,          3.29,       6.27,      62.68,    206.33,         21.95
         26,          7,    5,         13.05,          3.29,       6.61,      66.08,    217.53,         20.99
         26,          7,    6,         13.32,          3.29,       6.90,      69.01,    227.17,         20.31
         26,          7,    7,         13.54,          3.29,       7.17,      71.68,    235.97,         19.72
         27,          1,    1,         -0.09,          3.30,       1.69,      16.90,     55.75,          7.41
         27,          1,    2,          1.97,          3.30,       1.95,      19.51,     64.32,          7.22
         27,          1,    3,          3.43,          3.30,       2.19,      21.88,     72.15,          7.45
         27,          1,    4,          4.49,          3.30,       2.40,      23.99,     79.08,          7.69
         27,          1,    5,          5.30,          3.30,       2.59,      25.91,     85.40,          7.91
         27,          1,    6,          5.95,          3.30,       2.77,      27.73,     91.42,          8.06
         27,          1,    7,          6.49,          3.30,       2.94,      29.43,     97.02,          8.18
         27,          2,    1,          1.81,          3.30,       1.96,      19.61,     64.64,         13.86
         27,          2,    2,          3.68,          3.30,       2.25,      22.49,     74.14,         11.41
         27,          2,    3,          5.00,          3.30,       2.53,      25.23,     83.15,         10.73
         27,          2,    4,          5.97,          3.30,       2.76,      27.61,     91.01,         10.60
         27,          2,    5,          6.74,          3.30,       2.98,      29.83,     98.33,         10.57
         27,          2,    6,          7.33,          3.30,       3.19,      31.91,    105.15,         10.51
         27,          2,    7,          7.83,          3.30,       3.38,      33.78,    111.34,         10.52
         27,          3,    1,          4.38,          3.30,       2.43,      24.31,     80.13,         20.45
         27,          3,    2,          6.04,          3.30,       2.82,      28.14,     92.75,         15.45
         27,          3,    3,          7.20,          3.30,       3.14,      31.44,    103.62,         14.23
         27,          3,    4,          8.01,          3.30,       3.41,      34.07,    112.31,         13.86
         27,          3,    5,          8.61,          3.30,       3.65,      36.50,    120.31,         13.56
         27,          3,    6,          9.09,          3.30,       3.87,      38.73,    127.65,         13.32
         27,          3,    7,          9.48,          3.30,       4.08,      40.76,    134.34,         13.13
         27,          4,    1,          6.33,          3.30,       2.94,      29.39,     96.88,         22.52
         27,          4,    2,          7.75,          3.30,       3.35,      33.51,    110.46,         18.24
         27,          4,    3,          8.69,          3.30,       3.69,      36.90,    121.64,         16.86
         27,          4,    4,          9.37,          3.30,       3.99,      39.83,    131.26,         16.19
         27,          4,    5,          9.89,          3.30,       4.25,      42.46,    139.93,         15.71
         27,          4,    6,         10.31,          3.30,       4.48,      44.84,    147.74,         15.36
         27,          4,    7,         10.65,          3.29,       4.70,      47.02,    154.89,         15.07
         27,          5,    1,          8.27,          3.30,       3.60,      36.06,    118.84,         24.14
         27,          5,    2,          9.57,          3.30,       4.11,      41.11,    135.50,         20.37
         27,          5,    3,         10.41,          3.30,       4.53,      45.26,    149.14,         18.90
         27,          5,    4,         10.97,          3.29,       4.84,      48.46,    159.65,         18.23
         27,          5,    5,         11.41,          3.29,       5.13,      51.26,    168.86,         17.76
         27,          5,    6,         11.74,          3.29,       5.39,      53.87,    177.38,         17.28
         27,          5,    7,         12.01,          3.29,       5.62,      56.21,    185.09,         16.90
         27,          6,    1,          9.74,          3.30,       4.29,      42.84,    141.19,         28.93
         27,          6,    2,         10.91,          3.29,       4.85,      48.49,    159.77,         24.13
         27,          6,    3,         11.60,          3.29,       5.28,      52.76,    173.76,         22.18
         27,          6,    4,         12.09,          3.29,       5.61,      56.14,    184.85,         21.20
         27,          6,    5,         12.44,          3.29,       5.92,      59.17,    194.81,         20.35
         27,          6,    6,         12.72,          3.29,       6.18,      61.80,    203.44,         19.74
         27,          6,    7,         12.96,          3.29,       6.44,      64.36,    211.88,         19.16
         27,          7,    1,         10.86,          3.29,       4.94,      49.39,    162.71,         32.42
         27,          7,    2,         11.98,          3.29,       5.60,      56.05,    184.55,         26.53
         27,          7,    3,         12.64,          3.29,       6.10,      61.02,    200.88,         24.24
         27,          7,    4,         13.09,          3.29,       6.49,      64.90,    213.66,         23.02
         27,          7,    5,         13.44,          3.29,       6.85,      68.51,    225.54,         22.00
         27,          7,    6,         13.72,          3.29,       7.14,      71.40,    235.06,         21.41
         27,          7,    7,         13.95,          3.29,       7.42,      74.17,    244.16,         20.85
         28,          1,    1,          0.07,          3.30,       1.71,      17.12,     56.47,          7.52
         28,          1,    2,          2.14,          3.30,       1.98,      19.79,     65.25,          7.34
         28,          1,    3,          3.62,          3.30,       2.22,      22.19,     73.16,          7.61
         28,          1,    4,          4.70,          3.30,       2.43,      24.34,     80.23,          7.91
         28,          1,    5,          5.52,          3.30,       2.63,      26.33,     86.79,          8.13
         28,          1,    6,          6.19,          3.30,       2.83,      28.27,     93.17,          8.28
         28,          1,    7,          6.73,          3.30,       2.99,      29.93,     98.66,          8.46
         28,          2,    1,          2.06,          3.30,       1.99,      19.92,     65.67,         14.53
         28,          2,    2,          3.89,          3.30,       2.29,      22.88,     75.44,         11.75
         28,          2,    3,          5.21,          3.30,       2.56,      25.65,     84.55,         11.07
         28,          2,    4,          6.20,          3.30,       2.82,      28.16,     92.82,         10.92
         28,          2,    5,          6.97,          3.30,       3.04,      30.37,    100.10,         10.94
         28,          2,    6,          7.59,          3.30,       3.25,      32.51,    107.15,         10.92
         28,          2,    7,          8.10,          3.30,       3.45,      34.49,    113.68,         10.94
         28,          3,    1,          4.66,          3.30,       2.49,      24.94,     82.21,         20.68
         28,          3,    2,          6.33,          3.30,       2.88,      28.80,     94.92,         16.01
         28,          3,    3,          7.50,          3.30,       3.22,      32.20,    106.14,         14.77
         28,          3,    4,          8.32,          3.30,       3.50,      34.98,    115.31,         14.38
         28,          3,    5,          8.94,          3.30,       3.75,      37.50,    123.59,         14.10
         28,          3,    6,          9.43,          3.30,       3.98,      39.82,    131.25,         13.88
         28,          3,    7,          9.84,          3.30,       4.19,      41.93,    138.18,         13.73
         28,          4,    1,          6.67,          3.30,       3.02,      30.21,     99.57,         23.75
         28,          4,    2,          8.09,          3.30,       3.45,      34.48,    113.64,         19.15
         28,          4,    3,          9.04,          3.30,       3.81,      38.06,    125.45,         17.66
         28,          4,    4,          9.73,          3.30,       4.11,      41.03,    135.20,         17.02
         28,          4,    5,         10.25,          3.30,       4.38,      43.79,    144.31,         16.49
         28,          4,    6,         10.68,          3.29,       4.62,      46.25,    152.40,         16.16
         28,          4,    7,         11.04,          3.29,       4.86,      48.60,    160.12,         15.86
         28,          5,    1,          8.66,          3.30,       3.73,      37.34,    123.08,         25.29
         28,          5,    2,          9.97,          3.30,       4.27,      42.71,    140.75,         21.26
         28,          5,    3,         10.81,          3.29,       4.69,      46.92,    154.59,         19.93
         28,          5,    4,         11.40,          3.29,       5.03,      50.31,    165.72,         19.25
         28,          5,    5,         11.84,          3.29,       5.33,      53.38,    175.80,         18.69
         28,          5,    6,         12.18,          3.29,       5.61,      56.06,    184.59,         18.26
         28,          5,    7,         12.48,          3.29,       5.85,      58.55,    192.76,         17.92
         28,          6,    1,         10.18,          3.30,       4.46,      44.60,    147.00,         30.41
         28,          6,    2,         11.37,          3.29,       5.06,      50.57,    166.58,         25.43
         28,          6,    3,         12.06,          3.29,       5.51,      55.11,    181.47,         23.39
         28,          6,    4,         12.56,          3.29,       5.87,      58.68,    193.18,         22.39
         28,          6,    5,         12.92,          3.29,       6.17,      61.70,    203.14,         21.67
         28,          6,    6,         13.22,          3.29,       6.46,      64.58,    212.61,         20.99
         28,          6,    7,         13.47,          3.29,       6.73,      67.32,    221.64,         20.40
         28,          7,    1,         11.33,          3.29,       5.17,      51.72,    170.35,         33.75
         28,          7,    2,         12.47,          3.29,       5.87,      58.73,    193.36,         27.93
         28,          7,    3,         13.15,          3.29,       6.40,      63.99,    210.68,         25.62
         28,          7,    4,         13.61,          3.29,       6.81,      68.12,    224.25,         24.41
         28,          7,    5,         13.98,          3.29,       7.18,      71.83,    236.47,         23.50
         28,          7,    6,         14.26,          3.29,       7.49,      74.88,    246.51,         22.92
         28,          7,    7,         14.50,          3.29,       7.78,      77.79,    256.06,         22.39
         29,          1,    1,          0.23,          3.30,       1.73,      17.31,     57.09,          7.61
         29,          1,    2,          2.29,          3.30,       2.00,      20.03,     66.04,          7.43
         29,          1,    3,          3.76,          3.30,       2.24,      22.46,     74.04,          7.72
         29,          1,    4,          4.84,          3.30,       2.47,      24.69,     81.36,          8.00
         29,          1,    5,          5.68,          3.30,       2.67,      26.69,     87.98,          8.27
         29,          1,    6,          6.36,          3.30,       2.86,      28.63,     94.38,          8.46
         29,          1,    7,          6.92,          3.30,       3.04,      30.36,    100.08,          8.65
         29,          2,    1,          2.21,          3.30,       2.02,      20.18,     66.53,         14.63
         29,          2,    2,          4.07,          3.30,       2.32,      23.24,     76.59,         11.92
         29,          2,    3,          5.38,          3.30,       2.60,      25.96,     85.57,         11.34
         29,          2,    4,          6.37,          3.30,       2.85,      28.53,     94.04,         11.16
         29,          2,    5,          7.15,          3.30,       3.08,      30.84,    101.64,         11.16
         29,          2,    6,          7.78,          3.30,       3.31,      33.07,    109.01,         11.15
         29,          2,    7,          8.31,          3.30,       3.50,      35.04,    115.49,         11.24
         29,          3,    1,          4.89,          3.30,       2.54,      25.43,     83.82,         21.00
         29,          3,    2,          6.56,          3.30,       2.94,      29.34,     96.72,         16.43
         29,          3,    3,          7.74,          3.30,       3.28,      32.82,    108.18,         15.21
         29,          3,    4,          8.57,          3.30,       3.57,      35.70,    117.66,         14.82
         29,          3,    5,          9.20,          3.30,       3.84,      38.37,    126.45,         14.51
         29,          3,    6,          9.70,          3.30,       4.07,      40.68,    134.06,         14.37
         29,          3,    7,         10.12,          3.30,       4.29,      42.89,    141.34,         14.22
         29,          4,    1,          6.95,          3.30,       3.09,      30.92,    101.91,         24.64
         29,          4,    2,          8.39,          3.30,       3.54,      35.37,    116.59,         19.84
         29,          4,    3,          9.31,          3.30,       3.90,      39.02,    128.61,         18.24
         29,          4,    4,         10.01,          3.30,       4.22,      42.14,    138.88,         17.58
         29,          4,    5,         10.55,          3.29,       4.49,      44.95,    148.12,         17.12
         29,          4,    6,         10.99,          3.29,       4.74,      47.42,    156.24,         16.86
         29,          4,    7,         11.35,          3.29,       4.99,      49.85,    164.22,         16.57
         29,          5,    1,          8.97,          3.30,       3.84,      38.42,    126.63,         26.18
         29,          5,    2,         10.29,          3.30,       4.39,      43.93,    144.77,         22.17
         29,          5,    3,         11.15,          3.29,       4.84,      48.40,    159.46,         20.70
         29,          5,    4,         11.73,          3.29,       5.19,      51.91,    170.96,         20.03
         29,          5,    5,         12.19,          3.29,       5.51,      55.09,    181.42,         19.49
         29,          5,    6,         12.55,          3.29,       5.78,      57.83,    190.41,         19.14
         29,          5,    7,         12.85,          3.29,       6.04,      60.42,    198.93,         18.80
         29,          6,    1,         10.55,          3.30,       4.61,      46.13,    152.01,         31.46
         29,          6,    2,         11.73,          3.29,       5.24,      52.37,    172.49,         26.38
         29,          6,    3,         12.44,          3.29,       5.71,      57.06,    187.91,         24.38
         29,          6,    4,         12.94,          3.29,       6.07,      60.72,    199.92,         23.44
         29,          6,    5,         13.32,          3.29,       6.40,      63.96,    210.56,         22.70
         29,          6,    6,         13.62,          3.29,       6.70,      67.01,    220.59,         22.00
         29,          6,    7,         13.88,          3.29,       6.98,      69.81,    229.82,         21.48
         29,          7,    1,         11.71,          3.29,       5.36,      53.61,    176.56,         35.06
         29,          7,    2,         12.87,          3.29,       6.10,      61.00,    200.84,         29.08
         29,          7,    3,         13.56,          3.29,       6.66,      66.56,    219.13,         26.75
         29,          7,    4,         14.03,          3.29,       7.09,      70.89,    233.37,         25.53
         29,          7,    5,         14.41,          3.29,       7.46,      74.62,    245.62,         24.80
         29,          7,    6,         14.70,          3.29,       7.79,      77.88,    256.34,         24.19
         29,          7,    7,         14.95,          3.29,       8.10,      80.96,    266.43,         23.65
         30,          1,    1,          0.36,          3.30,       1.75,      17.50,     57.70,          7.92
         30,          1,    2,          2.43,          3.30,       2.02,      20.23,     66.71,          7.69
         30,          1,    3,          3.92,          3.30,       2.28,      22.76,     75.01,          7.94
         30,          1,    4,          5.00,          3.30,       2.51,      25.03,     82.49,          8.22
         30,          1,    5,          5.85,          3.30,       2.71,      27.10,     89.33,          8.47
         30,          1,    6,          6.54,          3.30,       2.91,      29.06,     95.78,          8.70
         30,          1,    7,          7.11,          3.30,       3.08,      30.83,    101.63,          8.92
         30,          2,    1,          2.43,          3.30,       2.05,      20.47,     67.49,         15.28
         30,          2,    2,          4.24,          3.30,       2.36,      23.56,     77.68,         12.29
         30,          2,    3,          5.55,          3.30,       2.65,      26.44,     87.15,         11.53
         30,          2,    4,          6.55,          3.30,       2.90,      28.99,     95.53,         11.45
         30,          2,    5,          7.33,          3.30,       3.14,      31.39,    103.47,         11.39
         30,          2,    6,          7.98,          3.30,       3.36,      33.58,    110.69,         11.50
         30,          2,    7,          8.52,          3.30,       3.57,      35.68,    117.60,         11.57
         30,          3,    1,          5.13,          3.30,       2.59,      25.95,     85.53,         21.90
         30,          3,    2,          6.80,          3.30,       3.00,      29.97,     98.79,         17.02
         30,          3,    3,          7.98,          3.30,       3.36,      33.57,    110.66,         15.71
         30,          3,    4,          8.82,          3.30,       3.66,      36.58,    120.57,         15.28
         30,          3,    5,          9.46,          3.30,       3.94,      39.40,    129.84,         14.93
         30,          3,    6,          9.98,          3.30,       4.18,      41.75,    137.58,         14.88
         30,          3,    7,         10.41,          3.30,       4.40,      44.01,    145.04,         14.76
         30,          4,    1,          7.24,          3.30,       3.18,      31.84,    104.95,         25.14
         30,          4,    2,          8.67,          3.30,       3.63,      36.34,    119.78,         20.49
         30,          4,    3,          9.61,          3.30,       4.01,      40.12,    132.23,         18.90
         30,          4,    4,         10.32,          3.30,       4.33,      43.34,    142.82,         18.25
         30,          4,    5,         10.86,          3.29,       4.62,      46.21,    152.26,         17.82
         30,          4,    6,         11.31,          3.29,       4.88,      48.80,    160.77,         17.57
         30,          4,    7,         11.68,          3.29,       5.13,      51.27,    168.87,         17.33
         30,          5,    1,          9.31,          3.30,       3.97,      39.70,    130.84,         27.14
         30,          5,    2,         10.64,          3.30,       4.54,      45.45,    149.76,         23.00
         30,          5,    3,         11.50,          3.29,       5.01,      50.05,    164.86,         21.57
         30,          5,    4,         12.10,          3.29,       5.38,      53.74,    176.97,         20.91
         30,          5,    5,         12.56,          3.29,       5.70,      57.02,    187.75,         20.41
         30,          5,    6,         12.93,          3.29,       5.99,      59.86,    197.06,         20.10
         30,          5,    7,         13.24,          3.29,       6.26,      62.62,    206.16,         19.76
         30,          6,    1,         10.92,          3.29,       4.78,      47.79,    157.47,         32.75
         30,          6,    2,         12.14,          3.29,       5.44,      54.43,    179.23,         27.47
         30,          6,    3,         12.84,          3.29,       5.95,      59.43,    195.67,         25.32
         30,          6,    4,         13.35,          3.29,       6.31,      63.14,    207.85,         24.53
         30,          6,    5,         13.73,          3.29,       6.66,      66.60,    219.25,         23.74
         30,          6,    6,         14.05,          3.29,       6.97,      69.68,    229.39,         23.17
         30,          6,    7,         14.32,          3.29,       7.27,      72.70,    239.32,         22.63
         30,          7,    1,         12.12,          3.29,       5.58,      55.84,    183.90,         36.33
         30,          7,    2,         13.30,          3.29,       6.36,      63.59,    209.36,         30.37
         30,          7,    3,         14.01,          3.29,       6.95,      69.52,    228.85,         28.00
         30,          7,    4,         14.49,          3.29,       7.40,      74.03,    243.68,         26.87
         30,          7,    5,         14.87,          3.29,       7.80,      78.01,    256.76,         26.07
         30,          7,    6,         15.17,          3.29,       8.14,      81.36,    267.72,         25.55
         30,          7,    7,         15.43,          3.29,       8.46,      84.52,    278.09,         25.07
         31,          1,    1,          0.47,          3.30,       1.77,      17.71,     58.41,          8.00
         31,          1,    2,          2.52,          3.30,       2.04,      20.43,     67.35,          7.82
         31,          1,    3,          4.04,          3.30,       2.30,      23.03,     75.91,          8.07
         31,          1,    4,          5.13,          3.30,       2.55,      25.45,     83.89,          8.26
         31,          1,    5,          5.98,          3.30,       2.74,      27.45,     90.47,          8.62
         31,          1,    6,          6.69,          3.30,       2.94,      29.48,     97.16,          8.86
         31,          1,    7,          7.27,          3.30,       3.13,      31.28,    103.12,          9.10
         31,          2,    1,          2.58,          3.30,       2.08,      20.81,     68.58,         15.37
         31,          2,    2,          4.41,          3.30,       2.39,      23.88,     78.73,         12.57
         31,          2,    3,          5.71,          3.30,       2.68,      26.81,     88.35,         11.81
         31,          2,    4,          6.72,          3.30,       2.95,      29.55,     97.38,         11.56
         31,          2,    5,          7.50,          3.30,       3.19,      31.86,    105.00,         11.66
         31,          2,    6,          8.15,          3.30,       3.41,      34.08,    112.34,         11.76
         31,          2,    7,          8.70,          3.30,       3.62,      36.24,    119.45,         11.84
         31,          3,    1,          5.35,          3.30,       2.65,      26.45,     87.19,         22.52
         31,          3,    2,          7.02,          3.30,       3.06,      30.57,    100.75,         17.50
         31,          3,    3,          8.22,          3.30,       3.43,      34.30,    113.07,         16.13
         31,          3,    4,          9.06,          3.30,       3.73,      37.33,    123.05,         15.75
         31,          3,    5,          9.70,          3.30,       4.02,      40.18,    132.41,         15.45
         31,          3,    6,         10.24,          3.30,       4.27,      42.68,    140.66,         15.39
         31,          3,    7,         10.68,          3.30,       4.51,      45.06,    148.48,         15.30
         31,          4,    1,          7.52,          3.30,       3.26,      32.61,    107.47,         26.25
         31,          4,    2,          8.95,          3.30,       3.73,      37.28,    122.88,         21.26
         31,          4,    3,          9.90,          3.30,       4.12,      41.13,    135.54,         19.71
         31,          4,    4,         10.61,          3.30,       4.44,      44.44,    146.43,         19.02
         31,          4,    5,         11.15,          3.29,       4.74,      47.37,    156.09,         18.57
         31,          4,    6,         11.60,          3.29,       5.01,      50.14,    165.17,         18.27
         31,          4,    7,         11.98,          3.29,       5.27,      52.68,    173.50,         18.02
         31,          5,    1,          9.63,          3.30,       4.10,      40.95,    134.97,         27.88
         31,          5,    2,         10.97,          3.30,       4.69,      46.84,    154.35,         23.88
         31,          5,    3,         11.84,          3.29,       5.18,      51.81,    170.65,         22.26
         31,          5,    4,         12.44,          3.29,       5.55,      55.52,    182.83,         21.73
         31,          5,    5,         12.90,          3.29,       5.91,      59.05,    194.43,         21.13
         31,          5,    6,         13.29,          3.29,       6.19,      61.88,    203.74,         20.96
         31,          5,    7,         13.61,          3.29,       6.47,      64.75,    213.16,         20.67
         31,          6,    1,         11.28,          3.29,       4.95,      49.48,    163.03,         33.80
         31,          6,    2,         12.50,          3.29,       5.64,      56.43,    185.81,         28.49
         31,          6,    3,         13.22,          3.29,       6.15,      61.48,    202.41,         26.57
         31,          6,    4,         13.74,          3.29,       6.56,      65.60,    215.96,         25.54
         31,          6,    5,         14.13,          3.29,       6.92,      69.16,    227.68,         24.79
         31,          6,    6,         14.45,          3.29,       7.24,      72.41,    238.37,         24.25
         31,          6,    7,         14.74,          3.29,       7.55,      75.47,    248.42,         23.79
         31,          7,    1,         12.51,          3.29,       5.79,      57.95,    190.83,         37.42
         31,          7,    2,         13.71,          3.29,       6.62,      66.22,    218.00,         31.40
         31,          7,    3,         14.42,          3.29,       7.26,      72.54,    238.80,         28.98
         31,          7,    4,         14.92,          3.29,       7.71,      77.11,    253.79,         28.07
         31,          7,    5,         15.31,          3.29,       8.13,      81.31,    267.59,         27.28
         31,          7,    6,         15.61,          3.29,       8.48,      84.77,    278.91,         26.82
         31,          7,    7,         15.87,          3.29,       8.80,      88.01,    289.50,         26.41
         32,          1,    1,          0.60,          3.30,       1.79,      17.90,     59.02,          8.23
         32,          1,    2,          2.64,          3.30,       2.06,      20.64,     68.06,          8.00
         32,          1,    3,          4.16,          3.30,       2.33,      23.30,     76.80,          8.22
         32,          1,    4,          5.28,          3.30,       2.56,      25.62,     84.43,          8.56
         32,          1,    5,          6.13,          3.30,       2.77,      27.77,     91.53,          8.82
         32,          1,    6,          6.85,          3.30,       2.98,      29.84,     98.34,          9.09
         32,          1,    7,          7.44,          3.30,       3.17,      31.75,    104.64,          9.30
         32,          2,    1,          2.78,          3.30,       2.11,      21.15,     69.69,         15.63
         32,          2,    2,          4.57,          3.30,       2.42,      24.24,     79.90,         12.84
         32,          2,    3,          5.87,          3.30,       2.72,      27.16,     89.51,         12.10
         32,          2,    4,          6.87,          3.30,       2.98,      29.83,     98.34,         11.94
         32,          2,    5,          7.67,          3.30,       3.23,      32.31,    106.50,         11.94
         32,          2,    6,          8.34,          3.30,       3.45,      34.55,    113.88,         12.10
         32,          2,    7,          8.90,          3.30,       3.68,      36.82,    121.35,         12.16
         32,          3,    1,          5.59,          3.30,       2.70,      26.98,     88.93,         23.03
         32,          3,    2,          7.24,          3.30,       3.12,      31.18,    102.78,         17.92
         32,          3,    3,          8.45,          3.30,       3.51,      35.07,    115.58,         16.52
         32,          3,    4,          9.29,          3.30,       3.82,      38.16,    125.78,         16.16
         32,          3,    5,          9.96,          3.30,       4.12,      41.19,    135.74,         15.85
         32,          3,    6,         10.51,          3.30,       4.37,      43.66,    143.87,         15.91
         32,          3,    7,         10.96,          3.30,       4.62,      46.11,    151.96,         15.83
         32,          4,    1,          7.80,          3.30,       3.36,      33.55,    110.58,         26.61
         32,          4,    2,          9.24,          3.30,       3.83,      38.30,    126.24,         21.90
         32,          4,    3,         10.19,          3.30,       4.23,      42.30,    139.40,         20.29
         32,          4,    4,         10.90,          3.29,       4.57,      45.73,    150.67,         19.59
         32,          4,    5,         11.45,          3.29,       4.88,      48.84,    160.91,         19.14
         32,          4,    6,         11.92,          3.29,       5.15,      51.55,    169.78,         19.00
         32,          4,    7,         12.30,          3.29,       5.42,      54.18,    178.41,         18.77
         32,          5,    1,          9.96,          3.30,       4.22,      42.16,    138.95,         29.13
         32,          5,    2,         11.31,          3.29,       4.84,      48.37,    159.36,         24.87
         32,          5,    3,         12.18,          3.29,       5.36,      53.56,    176.40,         23.15
         32,          5,    4,         12.80,          3.29,       5.75,      57.51,    189.36,         22.56
         32,          5,    5,         13.27,          3.29,       6.09,      60.95,    200.65,         22.20
         32,          5,    6,         13.66,          3.29,       6.41,      64.08,    210.94,         21.93
         32,          5,    7,         13.99,          3.29,       6.71,      67.11,    220.93,         21.61
         32,          6,    1,         11.65,          3.29,       5.13,      51.31,    169.01,         34.96
         32,          6,    2,         12.89,          3.29,       5.87,      58.66,    193.13,         29.48
         32,          6,    3,         13.62,          3.29,       6.39,      63.93,    210.45,         27.64
         32,          6,    4,         14.14,          3.29,       6.81,      68.13,    224.30,         26.74
         32,          6,    5,         14.54,          3.29,       7.19,      71.90,    236.71,         25.99
         32,          6,    6,         14.87,          3.29,       7.53,      75.28,    247.78,         25.43
         32,          6,    7,         15.16,          3.29,       7.85,      78.48,    258.31,         25.05
         32,          7,    1,         12.91,          3.29,       6.03,      60.30,    198.53,         38.58
         32,          7,    2,         14.13,          3.29,       6.91,      69.11,    227.52,         32.51
         32,          7,    3,         14.86,          3.29,       7.56,      75.57,    248.73,         30.34
         32,          7,    4,         15.36,          3.29,       8.05,      80.53,    265.03,         29.33
         32,          7,    5,         15.76,          3.29,       8.48,      84.83,    279.09,         28.72
         32,          7,    6,         16.07,          3.29,       8.86,      88.58,    291.35,         28.18
         32,          7,    7,         16.33,          3.29,       9.19,      91.92,    302.28,         27.83
         33,          1,    1,          0.72,          3.30,       1.81,      18.08,     59.62,          8.37
         33,          1,    2,          2.74,          3.30,       2.08,      20.81,     68.59,          8.15
         33,          1,    3,          4.27,          3.30,       2.35,      23.47,     77.37,          8.39
         33,          1,    4,          5.38,          3.30,       2.58,      25.83,     85.15,          8.70
         33,          1,    5,          6.26,          3.30,       2.81,      28.05,     92.46,          9.00
         33,          1,    6,          6.99,          3.30,       3.01,      30.11,     99.25,          9.30
         33,          1,    7,          7.58,          3.30,       3.21,      32.07,    105.70,          9.51
         33,          2,    1,          2.93,          3.30,       2.14,      21.40,     70.53,         16.05
         33,          2,    2,          4.73,          3.30,       2.46,      24.58,     81.03,         13.07
         33,          2,    3,          6.02,          3.30,       2.75,      27.50,     90.65,         12.37
         33,          2,    4,          7.02,          3.30,       3.02,      30.15,     99.38,         12.26
         33,          2,    5,          7.82,          3.30,       3.27,      32.70,    107.77,         12.23
         33,          2,    6,          8.49,          3.30,       3.50,      35.00,    115.34,         12.40
         33,          2,    7,          9.06,          3.30,       3.73,      37.31,    122.95,         12.47
         33,          3,    1,          5.79,          3.30,       2.75,      27.49,     90.62,         23.36
         33,          3,    2,          7.45,          3.30,       3.18,      31.79,    104.79,         18.27
         33,          3,    3,          8.67,          3.30,       3.57,      35.69,    117.64,         17.01
         33,          3,    4,          9.52,          3.30,       3.90,      38.96,    128.39,         16.57
         33,          3,    5,         10.20,          3.30,       4.20,      41.95,    138.26,         16.37
         33,          3,    6,         10.75,          3.30,       4.46,      44.60,    146.97,         16.39
         33,          3,    7,         11.21,          3.30,       4.71,      47.08,    155.12,         16.36
         33,          4,    1,          8.08,          3.30,       3.43,      34.25,    112.89,         27.77
         33,          4,    2,          9.51,          3.30,       3.93,      39.25,    129.36,         22.56
         33,          4,    3,         10.46,          3.30,       4.34,      43.35,    142.85,         20.96
         33,          4,    4,         11.18,          3.30,       4.69,      46.87,    154.45,         20.29
         33,          4,    5,         11.74,          3.29,       5.00,      49.98,    164.64,         19.94
         33,          4,    6,         12.20,          3.29,       5.29,      52.86,    174.08,         19.70
         33,          4,    7,         12.60,          3.29,       5.58,      55.77,    183.66,         19.39
         33,          5,    1,         10.27,          3.30,       4.34,      43.38,    142.96,         30.05
         33,          5,    2,         11.63,          3.29,       4.99,      49.89,    164.35,         25.65
         33,          5,    3,         12.52,          3.29,       5.53,      55.26,    181.95,         23.99
         33,          5,    4,         13.13,          3.29,       5.93,      59.31,    195.26,         23.46
         33,          5,    5,         13.62,          3.29,       6.30,      62.97,    207.31,         23.09
         33,          5,    6,         14.01,          3.29,       6.62,      66.22,    217.99,         22.80
         33,          5,    7,         14.34,          3.29,       6.93,      69.31,    228.15,         22.54
         33,          6,    1,         12.00,          3.29,       5.31,      53.10,    174.89,         35.81
         33,          6,    2,         13.26,          3.29,       6.08,      60.77,    200.05,         30.53
         33,          6,    3,         14.00,          3.29,       6.63,      66.31,    218.30,         28.65
         33,          6,    4,         14.52,          3.29,       7.07,      70.71,    232.77,         27.74
         33,          6,    5,         14.93,          3.29,       7.46,      74.56,    245.44,         27.12
         33,          6,    6,         15.27,          3.29,       7.81,      78.10,    257.08,         26.59
         33,          6,    7,         15.56,          3.29,       8.15,      81.46,    268.08,         26.20
         33,          7,    1,         13.29,          3.29,       6.25,      62.51,    205.78,         39.58
         33,          7,    2,         14.54,          3.29,       7.19,      71.87,    236.57,         33.56
         33,          7,    3,         15.27,          3.29,       7.86,      78.66,    258.92,         31.47
         33,          7,    4,         15.79,          3.29,       8.39,      83.86,    275.91,         30.55
         33,          7,    5,         16.19,          3.29,       8.83,      88.29,    290.42,         30.00
         33,          7,    6,         16.50,          3.29,       9.22,      92.21,    303.24,         29.49
         33,          7,    7,         16.77,          3.29,       9.58,      95.76,    314.89,         29.15
         34,          1,    1,          0.80,          3.30,       1.82,      18.24,     60.15,          8.51
         34,          1,    2,          2.83,          3.30,       2.10,      20.97,     69.14,          8.29
         34,          1,    3,          4.36,          3.30,       2.37,      23.66,     77.99,          8.55
         34,          1,    4,          5.49,          3.30,       2.60,      26.05,     85.87,          8.89
         34,          1,    5,          6.38,          3.30,       2.83,      28.31,     93.30,          9.19
         34,          1,    6,          7.11,          3.30,       3.04,      30.41,    100.22,          9.48
         34,          1,    7,          7.72,          3.30,       3.24,      32.39,    106.76,          9.73
         34,          2,    1,          3.10,          3.30,       2.16,      21.62,     71.28,         17.21
         34,          2,    2,          4.86,          3.30,       2.49,      24.89,     82.06,         13.51
         34,          2,    3,          6.17,          3.30,       2.78,      27.84,     91.74,         12.81
         34,          2,    4,          7.17,          3.30,       3.05,      30.52,    100.60,         12.64
         34,          2,    5,          7.97,          3.30,       3.31,      33.09,    109.08,         12.63
         34,          2,    6,          8.65,          3.30,       3.55,      35.47,    116.91,         12.74
         34,          2,    7,          9.22,          3.30,       3.78,      37.77,    124.49,         12.86
         34,          3,    1,          6.02,          3.30,       2.80,      28.02,     92.35,         23.93
         34,          3,    2,          7.67,          3.30,       3.24,      32.42,    106.85,         18.76
         34,          3,    3,          8.89,          3.30,       3.64,      36.46,    120.16,         17.40
         34,          3,    4,          9.74,          3.30,       3.98,      39.77,    131.06,         17.00
         34,          3,    5,         10.43,          3.30,       4.28,      42.80,    141.03,         16.88
         34,          3,    6,         10.99,          3.30,       4.56,      45.56,    150.13,         16.85
         34,          3,    7,         11.46,          3.29,       4.81,      48.12,    158.51,         16.88
         34,          4,    1,          8.34,          3.30,       3.51,      35.09,    115.66,         28.20
         34,          4,    2,          9.78,          3.30,       4.03,      40.29,    132.80,         23.01
         34,          4,    3,         10.75,          3.30,       4.45,      44.45,    146.48,         21.58
         34,          4,    4,         11.46,          3.29,       4.80,      48.03,    158.24,         20.97
         34,          4,    5,         12.03,          3.29,       5.12,      51.26,    168.83,         20.61
         34,          4,    6,         12.49,          3.29,       5.43,      54.24,    178.63,         20.37
         34,          4,    7,         12.89,          3.29,       5.71,      57.08,    187.94,         20.17
         34,          5,    1,         10.59,          3.30,       4.47,      44.67,    147.20,         30.86
         34,          5,    2,         11.96,          3.29,       5.15,      51.47,    169.56,         26.42
         34,          5,    3,         12.86,          3.29,       5.70,      56.97,    187.60,         24.93
         34,          5,    4,         13.47,          3.29,       6.12,      61.19,    201.45,         24.35
         34,          5,    5,         13.97,          3.29,       6.51,      65.06,    214.21,         23.94
         34,          5,    6,         14.36,          3.29,       6.85,      68.43,    225.29,         23.71
         34,          5,    7,         14.70,          3.29,       7.16,      71.63,    235.80,         23.50
         34,          6,    1,         12.35,          3.29,       5.50,      54.96,    180.97,         36.67
         34,          6,    2,         13.62,          3.29,       6.31,      63.04,    207.52,         31.38
         34,          6,    3,         14.38,          3.29,       6.90,      68.98,    227.08,         29.47
         34,          6,    4,         14.91,          3.29,       7.34,      73.43,    241.70,         28.78
         34,          6,    5,         15.31,          3.29,       7.74,      77.43,    254.85,         28.15
         34,          6,    6,         15.66,          3.29,       8.11,      81.09,    266.89,         27.71
         34,          6,    7,         15.96,          3.29,       8.46,      84.52,    278.10,         27.40
         34,          7,    1,         13.67,          3.29,       6.49,      64.87,    213.56,         40.30
         34,          7,    2,         14.94,          3.29,       7.47,      74.67,    245.80,         34.63
         34,          7,    3,         15.68,          3.29,       8.19,      81.91,    269.52,         32.55
         34,          7,    4,         16.20,          3.29,       8.74,      87.41,    287.55,         31.62
         34,          7,    5,         16.60,          3.29,       9.21,      92.04,    302.67,         31.16
         34,          7,    6,         16.92,          3.29,       9.60,      95.98,    315.62,         30.76
         34,          7,    7,         17.19,          3.29,       9.97,      99.72,    327.87,         30.43
         35,          1,    1,          0.91,          3.30,       1.85,      18.48,     60.95,          8.54
         35,          1,    2,          2.94,          3.30,       2.12,      21.19,     69.87,          8.42
         35,          1,    3,          4.48,          3.30,       2.39,      23.87,     78.68,          8.71
         35,          1,    4,          5.59,          3.30,       2.63,      26.30,     86.68,          9.02
         35,          1,    5,          6.50,          3.30,       2.86,      28.62,     94.33,          9.35
         35,          1,    6,          7.25,          3.30,       3.07,      30.68,    101.13,          9.71
         35,          1,    7,          7.87,          3.30,       3.28,      32.78,    108.06,          9.96
         35,          2,    1,          3.27,          3.30,       2.20,      21.94,     72.32,         17.01
         35,          2,    2,          5.03,          3.30,       2.52,      25.20,     83.06,         13.73
         35,          2,    3,          6.32,          3.30,       2.82,      28.22,     93.02,         12.93
         35,          2,    4,          7.32,          3.30,       3.09,      30.93,    101.95,         12.82
         35,          2,    5,          8.14,          3.30,       3.35,      33.49,    110.38,         12.89
         35,          2,    6,          8.82,          3.30,       3.61,      36.09,    118.94,         12.89
         35,          2,    7,          9.40,          3.30,       3.83,      38.34,    126.37,         13.11
         35,          3,    1,          6.26,          3.30,       2.85,      28.55,     94.10,         24.54
         35,          3,    2,          7.90,          3.30,       3.31,      33.07,    109.00,         19.21
         35,          3,    3,          9.13,          3.30,       3.72,      37.25,    122.78,         17.82
         35,          3,    4,         10.00,          3.30,       4.07,      40.66,    134.02,         17.49
         35,          3,    5,         10.69,          3.30,       4.38,      43.81,    144.35,         17.36
         35,          3,    6,         11.25,          3.30,       4.67,      46.66,    153.76,         17.35
         35,          3,    7,         11.73,          3.29,       4.93,      49.30,    162.41,         17.42
         35,          4,    1,          8.65,          3.30,       3.61,      36.07,    118.89,         29.00
         35,          4,    2,         10.09,          3.30,       4.15,      41.55,    136.91,         23.58
         35,          4,    3,         11.06,          3.30,       4.59,      45.85,    151.10,         22.21
         35,          4,    4,         11.78,          3.29,       4.95,      49.51,    163.09,         21.69
         35,          4,    5,         12.34,          3.29,       5.29,      52.82,    173.94,         21.35
         35,          4,    6,         12.82,          3.29,       5.60,      55.92,    184.18,         21.12
         35,          4,    7,         13.22,          3.29,       5.89,      58.82,    193.67,         20.98
         35,          5,    1,         10.94,          3.30,       4.63,      46.26,    152.42,         31.41
         35,          5,    2,         12.33,          3.29,       5.34,      53.40,    175.88,         27.14
         35,          5,    3,         13.23,          3.29,       5.92,      59.13,    194.71,         25.71
         35,          5,    4,         13.85,          3.29,       6.36,      63.55,    209.23,         25.21
         35,          5,    5,         14.35,          3.29,       6.76,      67.58,    222.47,         24.84
         35,          5,    6,         14.74,          3.29,       7.11,      71.04,    233.87,         24.65
         35,          5,    7,         15.10,          3.29,       7.44,      74.33,    244.69,         24.53
         35,          6,    1,         12.74,          3.29,       5.71,      57.10,    188.01,         37.57
         35,          6,    2,         14.03,          3.29,       6.57,      65.71,    216.31,         32.30
         35,          6,    3,         14.79,          3.29,       7.18,      71.86,    236.55,         30.59
         35,          6,    4,         15.32,          3.29,       7.66,      76.59,    252.11,         29.83
         35,          6,    5,         15.74,          3.29,       8.08,      80.81,    265.93,         29.28
         35,          6,    6,         16.08,          3.29,       8.46,      84.60,    278.35,         28.90
         35,          6,    7,         16.39,          3.29,       8.81,      88.10,    289.79,         28.70
         35,          7,    1,         14.07,          3.29,       6.76,      67.55,    222.39,         40.98
         35,          7,    2,         15.37,          3.29,       7.81,      78.08,    257.00,         35.51
         35,          7,    3,         16.13,          3.29,       8.57,      85.69,    281.95,         33.66
         35,          7,    4,         16.65,          3.29,       9.13,      91.33,    300.35,         32.97
         35,          7,    5,         17.07,          3.29,       9.63,      96.33,    316.77,         32.47
         35,          7,    6,         17.38,          3.29,      10.04,     100.38,    330.05,         32.15
         35,          7,    7,         17.66,          3.29,      10.43,     104.33,    343.02,         31.88
         36,          1,    1,          1.00,          3.30,       1.85,      18.53,     61.11,          9.03
         36,          1,    2,          3.01,          3.30,       2.13,      21.33,     70.32,          8.63
         36,          1,    3,          4.57,          3.30,       2.41,      24.08,     79.37,          8.88
         36,          1,    4,          5.69,          3.30,       2.66,      26.56,     87.54,          9.17
         36,          1,    5,          6.61,          3.30,       2.88,      28.87,     95.16,          9.54
         36,          1,    6,          7.36,          3.30,       3.10,      30.99,    102.16,          9.90
         36,          1,    7,          8.00,          3.30,       3.31,      33.10,    109.10,         10.18
         36,          2,    1,          3.44,          3.30,       2.22,      22.23,     73.28,         17.41
         36,          2,    2,          5.18,          3.30,       2.55,      25.52,     84.11,         14.00
         36,          2,    3,          6.48,          3.30,       2.86,      28.60,     94.26,         13.20
         36,          2,    4,          7.47,          3.30,       3.13,      31.32,    103.25,         13.09
         36,          2,    5,          8.29,          3.30,       3.39,      33.91,    111.76,         13.17
         36,          2,    6,          8.97,          3.30,       3.64,      36.44,    120.11,         13.27
         36,          2,    7,          9.57,          3.30,       3.88,      38.85,    128.05,         13.43
         36,          3,    1,          6.47,          3.30,       2.91,      29.10,     95.92,         24.95
         36,          3,    2,          8.13,          3.30,       3.37,      33.73,    111.16,         19.70
         36,          3,    3,          9.38,          3.30,       3.81,      38.07,    125.49,         18.29
         36,          3,    4,         10.24,          3.30,       4.16,      41.61,    137.15,         17.91
         36,          3,    5,         10.93,          3.30,       4.50,      44.96,    148.15,         17.70
         36,          3,    6,         11.51,          3.29,       4.77,      47.72,    157.24,         17.88
         36,          3,    7,         11.99,          3.29,       5.05,      50.49,    166.33,         17.93
         36,          4,    1,          8.94,          3.30,       3.71,      37.13,    122.37,         29.21
         36,          4,    2,         10.39,          3.30,       4.27,      42.74,    140.84,         24.17
         36,          4,    3,         11.36,          3.29,       4.73,      47.24,    155.66,         22.74
         36,          4,    4,         12.08,          3.29,       5.11,      51.09,    168.27,         22.22
         36,          4,    5,         12.65,          3.29,       5.45,      54.45,    179.32,         21.99
         36,          4,    6,         13.13,          3.29,       5.76,      57.62,    189.71,         21.85
         36,          4,    7,         13.54,          3.29,       6.06,      60.58,    199.45,         21.75
         36,          5,    1,         11.27,          3.29,       4.79,      47.90,    157.81,         31.89
         36,          5,    2,         12.67,          3.29,       5.55,      55.43,    182.53,         27.73
         36,          5,    3,         13.59,          3.29,       6.14,      61.36,    202.00,         26.49
         36,          5,    4,         14.21,          3.29,       6.61,      66.09,    217.55,         25.91
         36,          5,    5,         14.71,          3.29,       7.03,      70.28,    231.36,         25.62
         36,          5,    6,         15.11,          3.29,       7.40,      73.99,    243.59,         25.41
         36,          5,    7,         15.47,          3.29,       7.74,      77.44,    254.90,         25.33
         36,          6,    1,         13.11,          3.29,       5.94,      59.43,    195.66,         37.85
         36,          6,    2,         14.41,          3.29,       6.85,      68.52,    225.56,         32.89
         36,          6,    3,         15.18,          3.29,       7.49,      74.88,    246.48,         31.43
         36,          6,    4,         15.72,          3.29,       8.00,      79.98,    263.26,         30.64
         36,          6,    5,         16.14,          3.29,       8.43,      84.33,    277.48,         30.27
         36,          6,    6,         16.49,          3.29,       8.82,      88.22,    290.21,         29.96
         36,          6,    7,         16.80,          3.29,       9.19,      91.93,    302.34,         29.77
         36,          7,    1,         14.46,          3.29,       7.03,      70.26,    231.29,         41.36
         36,          7,    2,         15.77,          3.29,       8.15,      81.52,    268.28,         36.18
         36,          7,    3,         16.55,          3.29,       8.95,      89.47,    294.27,         34.64
         36,          7,    4,         17.07,          3.29,       9.55,      95.48,    313.96,         33.95
         36,          7,    5,         17.49,          3.29,      10.06,     100.63,    330.89,         33.60
         36,          7,    6,         17.81,          3.29,      10.49,     104.93,    345.00,         33.32
         36,          7,    7,         18.09,          3.29,      10.90,     109.03,    358.48,         33.10
         37,          1,    1,          6.15,          3.30,       2.70,      27.00,     88.99,         51.14
         37,          1,    2,          6.88,          3.30,       2.90,      28.94,     95.41,         33.71
         37,          1,    3,          7.39,          3.30,       3.05,      30.50,    100.53,         27.96
         37,          1,    4,          7.64,          3.30,       3.15,      31.47,    103.73,         25.51
         37,          1,    5,          7.87,          3.30,       3.22,      32.25,    106.30,         24.15
         37,          1,    6,          8.00,          3.30,       3.29,      32.91,    108.46,         22.95
         37,          1,    7,          8.13,          3.30,       3.34,      33.43,    110.19,         22.22
         37,          2,    1,          7.84,          3.30,       3.19,      31.86,    105.01,         34.36
         37,          2,    2,          8.58,          3.30,       3.43,      34.26,    112.91,         28.12
         37,          2,    3,          9.00,          3.30,       3.58,      35.83,    118.09,         25.81
         37,          2,    4,          9.25,          3.30,       3.69,      36.92,    121.69,         24.47
         37,          2,    5,          9.45,          3.30,       3.78,      37.84,    124.73,         23.53
         37,          2,    6,          9.59,          3.30,       3.87,      38.63,    127.31,         22.76
         37,          2,    7,          9.74,          3.30,       3.94,      39.41,    129.89,         22.13
         37,          3,    1,          9.78,          3.30,       3.92,      39.19,    129.15,         30.52
         37,          3,    2,         10.70,          3.30,       4.32,      43.19,    142.35,         26.53
         37,          3,    3,         11.31,          3.29,       4.62,      46.17,    152.13,         24.97
         37,          3,    4,         11.65,          3.29,       4.81,      48.07,    158.37,         24.20
         37,          3,    5,         11.93,          3.29,       4.96,      49.63,    163.49,         23.81
         37,          3,    6,         12.11,          3.29,       5.08,      50.80,    167.32,         23.47
         37,          3,    7,         12.27,          3.29,       5.19,      51.88,    170.89,         23.15
         37,          4,    1,         11.48,          3.29,       4.76,      47.60,    156.81,         33.66
         37,          4,    2,         12.45,          3.29,       5.31,      53.04,    174.68,         29.49
         37,          4,    3,         13.00,          3.29,       5.64,      56.40,    185.70,         28.26
         37,          4,    4,         13.31,          3.29,       5.87,      58.69,    193.24,         27.40
         37,          4,    5,         13.55,          3.29,       6.02,      60.20,    198.22,         27.20
         37,          4,    6,         13.72,          3.29,       6.15,      61.49,    202.43,         26.92
         37,          4,    7,         13.87,          3.29,       6.27,      62.74,    206.55,         26.63
         37,          5,    1,         13.05,          3.29,       5.79,      57.91,    190.67,         37.16
         37,          5,    2,         14.15,          3.29,       6.56,      65.62,    216.03,         32.63
         37,          5,    3,         14.78,          3.29,       7.07,      70.74,    232.85,         31.19
         37,          5,    4,         15.15,          3.29,       7.40,      74.02,    243.65,         30.54
         37,          5,    5,         15.46,          3.29,       7.69,      76.85,    252.96,         30.14
         37,          5,    6,         15.65,          3.29,       7.89,      78.92,    259.73,         29.80
         37,          5,    7,         15.85,          3.29,       8.08,      80.79,    265.88,         29.67
         37,          6,    1,         14.35,          3.29,       6.90,      68.98,    227.09,         38.93
         37,          6,    2,         15.56,          3.29,       7.90,      78.97,    259.90,         35.02
         37,          6,    3,         16.21,          3.29,       8.51,      85.09,    279.98,         34.01
         37,          6,    4,         16.58,          3.29,       8.91,      89.07,    292.94,         33.47
         37,          6,    5,         16.85,          3.29,       9.22,      92.23,    303.32,         33.12
         37,          6,    6,         17.04,          3.29,       9.44,      94.38,    310.34,         33.00
         37,          6,    7,         17.20,          3.29,       9.63,      96.28,    316.60,         32.93
         37,          7,    1,         15.38,          3.29,       7.94,      79.42,    261.41,         39.72
         37,          7,    2,         16.70,          3.29,       9.19,      91.85,    302.09,         36.63
         37,          7,    3,         17.42,          3.29,       9.97,      99.69,    327.78,         36.04
         37,          7,    4,         17.82,          3.29,      10.46,     104.61,    343.97,         35.70
         37,          7,    5,         18.14,          3.29,      10.87,     108.69,    357.37,         35.61
         37,          7,    6,         18.34,          3.29,      11.16,     111.57,    366.81,         35.52
         37,          7,    7,         18.53,          3.29,      11.43,     114.33,    375.90,         35.43
         38,          1,    1,          6.22,          3.30,       2.72,      27.19,     89.62,         52.12
         38,          1,    2,          6.97,          3.30,       2.92,      29.23,     96.34,         33.73
         38,          1,    3,          7.48,          3.30,       3.08,      30.76,    101.39,         28.26
         38,          1,    4,          7.75,          3.30,       3.19,      31.86,    105.00,         25.45
         38,          1,    5,          7.98,          3.30,       3.27,      32.71,    107.80,         23.95
         38,          1,    6,          8.12,          3.30,       3.32,      33.25,    109.58,         23.16
         38,          1,    7,          8.24,          3.30,       3.38,      33.77,    111.32,         22.41
         38,          2,    1,          7.97,          3.30,       3.23,      32.28,    106.39,         33.98
         38,          2,    2,          8.73,          3.30,       3.48,      34.84,    114.84,         27.72
         38,          2,    3,          9.16,          3.30,       3.64,      36.43,    120.06,         25.66
         38,          2,    4,          9.40,          3.30,       3.75,      37.50,    123.59,         24.44
         38,          2,    5,          9.62,          3.30,       3.85,      38.51,    126.92,         23.48
         38,          2,    6,          9.76,          3.30,       3.93,      39.25,    129.37,         22.82
         38,          2,    7,          9.91,          3.30,       4.01,      40.09,    132.13,         22.17
         38,          3,    1,          9.96,          3.30,       4.00,      39.96,    131.70,         30.20
         38,          3,    2,         10.90,          3.30,       4.42,      44.19,    145.62,         26.34
         38,          3,    3,         11.53,          3.30,       4.75,      47.50,    156.50,         24.69
         38,          3,    4,         11.87,          3.29,       4.94,      49.35,    162.59,         24.16
         38,          3,    5,         12.17,          3.29,       5.12,      51.22,    168.69,         23.61
         38,          3,    6,         12.36,          3.29,       5.25,      52.47,    172.84,         23.26
         38,          3,    7,         12.53,          3.29,       5.35,      53.48,    176.13,         23.17
         38,          4,    1,         11.72,          3.29,       4.90,      49.00,    161.43,         33.50
         38,          4,    2,         12.71,          3.29,       5.47,      54.68,    180.05,         29.66
         38,          4,    3,         13.27,          3.29,       5.85,      58.48,    192.56,         28.16
         38,          4,    4,         13.58,          3.29,       6.08,      60.76,    200.03,         27.51
         38,          4,    5,         13.83,          3.29,       6.25,      62.54,    205.91,         27.17
         38,          4,    6,         14.00,          3.29,       6.39,      63.91,    210.40,         26.92
         38,          4,    7,         14.16,          3.29,       6.54,      65.37,    215.17,         26.55
         38,          5,    1,         13.34,          3.29,       5.98,      59.76,    196.76,         37.22
         38,          5,    2,         14.46,          3.29,       6.81,      68.14,    224.32,         32.66
         38,          5,    3,         15.11,          3.29,       7.37,      73.69,    242.59,         31.22
         38,          5,    4,         15.48,          3.29,       7.74,      77.41,    254.80,         30.45
         38,          5,    5,         15.78,          3.29,       8.05,      80.50,    264.92,         29.99
         38,          5,    6,         15.98,          3.29,       8.27,      82.74,    272.25,         29.72
         38,          5,    7,         16.17,          3.29,       8.47,      84.67,    278.56,         29.63
         38,          6,    1,         14.69,          3.29,       7.14,      71.37,    234.95,         39.13
         38,          6,    2,         15.92,          3.29,       8.23,      82.26,    270.71,         35.20
         38,          6,    3,         16.56,          3.29,       8.90,      88.91,    292.43,         34.16
         38,          6,    4,         16.93,          3.29,       9.32,      93.23,    306.58,         33.61
         38,          6,    5,         17.21,          3.29,       9.67,      96.66,    317.84,         33.26
         38,          6,    6,         17.40,          3.29,       9.92,      99.18,    326.10,         33.02
         38,          6,    7,         17.56,          3.29,      10.13,     101.25,    332.90,         32.90
         38,          7,    1,         15.73,          3.29,       8.23,      82.29,    270.83,         40.03
         38,          7,    2,         17.08,          3.29,       9.57,      95.71,    314.73,         37.16
         38,          7,    3,         17.82,          3.29,      10.42,     104.21,    342.67,         36.59
         38,          7,    4,         18.22,          3.29,      10.95,     109.50,    360.03,         36.30
         38,          7,    5,         18.54,          3.29,      11.39,     113.86,    374.34,         36.29
         38,          7,    6,         18.74,          3.29,      11.70,     117.03,    384.73,         36.09
         38,          7,    7,         18.94,          3.29,      12.00,     119.99,    394.33,         36.09
         39,          1,    1,          6.27,          3.30,       2.74,      27.41,     90.35,         48.82
         39,          1,    2,          7.04,          3.30,       2.95,      29.50,     97.23,         32.48
         39,          1,    3,          7.57,          3.30,       3.11,      31.09,    102.48,         27.49
         39,          1,    4,          7.85,          3.30,       3.21,      32.03,    105.57,         25.50
         39,          1,    5,          8.09,          3.30,       3.30,      33.06,    108.96,         23.59
         39,          1,    6,          8.23,          3.30,       3.35,      33.54,    110.54,         23.03
         39,          1,    7,          8.35,          3.30,       3.41,      34.10,    112.38,         22.27
         39,          2,    1,          8.10,          3.30,       3.26,      32.63,    107.54,         32.76
         39,          2,    2,          8.86,          3.30,       3.53,      35.33,    116.45,         26.88
         39,          2,    3,          9.32,          3.30,       3.71,      37.08,    122.21,         24.85
         39,          2,    4,          9.57,          3.30,       3.81,      38.10,    125.57,         24.01
         39,          2,    5,          9.79,          3.30,       3.93,      39.24,    129.34,         22.94
         39,          2,    6,          9.94,          3.30,       4.01,      40.07,    132.05,         22.31
         39,          2,    7,         10.10,          3.30,       4.09,      40.88,    134.74,         21.79
         39,          3,    1,         10.15,          3.30,       4.08,      40.77,    134.35,         30.05
         39,          3,    2,         11.11,          3.30,       4.54,      45.44,    149.74,         25.90
         39,          3,    3,         11.75,          3.29,       4.87,      48.75,    160.59,         24.66
         39,          3,    4,         12.10,          3.29,       5.09,      50.85,    167.49,         23.98
         39,          3,    5,         12.40,          3.29,       5.28,      52.82,    173.96,         23.48
         39,          3,    6,         12.60,          3.29,       5.41,      54.12,    178.23,         23.22
         39,          3,    7,         12.78,          3.29,       5.55,      55.48,    182.69,         22.90
         39,          4,    1,         11.97,          3.29,       5.05,      50.47,    166.24,         33.06
         39,          4,    2,         12.98,          3.29,       5.68,      56.77,    186.94,         29.12
         39,          4,    3,         13.54,          3.29,       6.06,      60.61,    199.53,         27.96
         39,          4,    4,         13.87,          3.29,       6.32,      63.15,    207.90,         27.30
         39,          4,    5,         14.11,          3.29,       6.53,      65.29,    214.95,         26.75
         39,          4,    6,         14.29,          3.29,       6.68,      66.75,    219.75,         26.54
         39,          4,    7,         14.44,          3.29,       6.82,      68.15,    224.35,         26.31
         39,          5,    1,         13.64,          3.29,       6.20,      62.05,    204.27,         36.67
         39,          5,    2,         14.79,          3.29,       7.12,      71.18,    234.32,         32.38
         39,          5,    3,         15.44,          3.29,       7.72,      77.19,    254.06,         31.00
         39,          5,    4,         15.82,          3.29,       8.13,      81.31,    267.57,         30.22
         39,          5,    5,         16.12,          3.29,       8.47,      84.70,    278.70,         29.75
         39,          5,    6,         16.33,          3.29,       8.72,      87.15,    286.68,         29.50
         39,          5,    7,         16.51,          3.29,       8.93,      89.23,    293.52,         29.37
         39,          6,    1,         15.01,          3.29,       7.40,      74.00,    243.60,         38.78
         39,          6,    2,         16.28,          3.29,       8.60,      86.02,    282.98,         35.05
         39,          6,    3,         16.92,          3.29,       9.34,      93.36,    307.02,         33.88
         39,          6,    4,         17.30,          3.29,       9.83,      98.27,    323.14,         33.30
         39,          6,    5,         17.57,          3.29,      10.18,     101.79,    334.70,         33.03
         39,          6,    6,         17.76,          3.29,      10.47,     104.68,    344.20,         32.74
         39,          6,    7,         17.92,          3.29,      10.69,     106.91,    351.54,         32.62
         39,          7,    1,         16.09,          3.29,       8.52,      85.11,    280.02,         40.38
         39,          7,    2,         17.47,          3.29,      10.00,      99.95,    328.66,         37.40
         39,          7,    3,         18.21,          3.29,      10.93,     109.24,    359.15,         36.82
         39,          7,    4,         18.61,          3.29,      11.50,     115.01,    378.06,         36.57
         39,          7,    5,         18.93,          3.29,      11.99,     119.92,    394.14,         36.40
         39,          7,    6,         19.14,          3.29,      12.34,     123.37,    405.42,         36.27
         39,          7,    7,         19.33,          3.29,      12.65,     126.50,    415.59,         36.27
         40,          1,    1,          6.32,          3.30,       2.75,      27.51,     90.68,         47.22
         40,          1,    2,          7.10,          3.30,       2.97,      29.71,     97.91,         31.46
         40,          1,    3,          7.66,          3.30,       3.13,      31.27,    103.09,         27.13
         40,          1,    4,          7.95,          3.30,       3.24,      32.44,    106.93,         24.63
         40,          1,    5,          8.20,          3.30,       3.33,      33.27,    109.64,         23.56
         40,          1,    6,          8.35,          3.30,       3.40,      34.02,    112.13,         22.39
         40,          1,    7,          8.48,          3.30,       3.45,      34.47,    113.61,         22.05
         40,          2,    1,          8.22,          3.30,       3.32,      33.22,    109.48,         30.96
         40,          2,    2,          9.00,          3.30,       3.58,      35.83,    118.09,         26.41
         40,          2,    3,          9.47,          3.30,       3.77,      37.66,    124.11,         24.54
         40,          2,    4,          9.74,          3.30,       3.89,      38.89,    128.17,         23.44
         40,          2,    5,          9.97,          3.30,       4.00,      39.99,    131.80,         22.69
         40,          2,    6,         10.12,          3.30,       4.09,      40.88,    134.75,         22.02
         40,          2,    7,         10.29,          3.30,       4.18,      41.81,    137.81,         21.49
         40,          3,    1,         10.35,          3.30,       4.19,      41.86,    137.97,         28.95
         40,          3,    2,         11.33,          3.29,       4.69,      46.88,    154.47,         25.20
         40,          3,    3,         11.99,          3.29,       5.05,      50.53,    166.45,         23.97
         40,          3,    4,         12.34,          3.29,       5.28,      52.86,    174.09,         23.29
         40,          3,    5,         12.65,          3.29,       5.51,      55.09,    181.44,         22.73
         40,          3,    6,         12.84,          3.29,       5.65,      56.47,    185.94,         22.50
         40,          3,    7,         13.03,          3.29,       5.77,      57.71,    190.04,         22.43
         40,          4,    1,         12.24,          3.29,       5.24,      52.37,    172.48,         32.37
         40,          4,    2,         13.29,          3.29,       5.93,      59.31,    195.26,         28.60
         40,          4,    3,         13.85,          3.29,       6.37,      63.69,    209.69,         27.29
         40,          4,    4,         14.19,          3.29,       6.65,      66.54,    219.05,         26.66
         40,          4,    5,         14.43,          3.29,       6.87,      68.71,    226.19,         26.28
         40,          4,    6,         14.61,          3.29,       7.04,      70.41,    231.78,         26.01
         40,          4,    7,         14.76,          3.29,       7.20,      72.03,    237.14,         25.72
         40,          5,    1,         13.98,          3.29,       6.47,      64.70,    212.98,         36.17
         40,          5,    2,         15.17,          3.29,       7.50,      75.01,    246.91,         31.92
         40,          5,    3,         15.83,          3.29,       8.19,      81.90,    269.52,         30.45
         40,          5,    4,         16.22,          3.29,       8.62,      86.22,    283.65,         29.95
         40,          5,    5,         16.52,          3.29,       9.01,      90.10,    296.32,         29.45
         40,          5,    6,         16.73,          3.29,       9.27,      92.72,    304.91,         29.22
         40,          5,    7,         16.91,          3.29,       9.53,      95.30,    313.38,         28.92
         40,          6,    1,         15.39,          3.29,       7.74,      77.40,    254.78,         38.14
         40,          6,    2,         16.69,          3.29,       9.10,      90.99,    299.25,         34.58
         40,          6,    3,         17.34,          3.29,       9.92,      99.18,    326.11,         33.50
         40,          6,    4,         17.73,          3.29,      10.46,     104.57,    343.82,         32.99
         40,          6,    5,         18.00,          3.29,      10.87,     108.67,    357.30,         32.63
         40,          6,    6,         18.19,          3.29,      11.18,     111.85,    367.74,         32.35
         40,          6,    7,         18.34,          3.29,      11.44,     114.41,    376.14,         32.17
         40,          7,    1,         16.46,          3.29,       8.86,      88.58,    291.37,         40.29
         40,          7,    2,         17.89,          3.29,      10.52,     105.18,    345.82,         37.45
         40,          7,    3,         18.63,          3.29,      11.53,     115.32,    379.10,         36.90
         40,          7,    4,         19.04,          3.29,      12.21,     122.07,    401.19,         36.46
         40,          7,    5,         19.35,          3.29,      12.76,     127.57,    419.08,         36.25
         40,          7,    6,         19.56,          3.28,      13.13,     131.32,    431.31,         36.15
         40,          7,    7,         19.75,          3.28,      13.49,     134.90,    443.03,         36.06
         41,          1,    1,          6.36,          3.30,       2.76,      27.57,     90.88,         46.84
         41,          1,    2,          7.16,          3.30,       2.98,      29.79,     98.19,         31.39
         41,          1,    3,          7.74,          3.30,       3.16,      31.59,    104.14,         26.41
         41,          1,    4,          8.04,          3.30,       3.28,      32.79,    108.09,         24.07
         41,          1,    5,          8.30,          3.30,       3.36,      33.60,    110.75,         23.20
         41,          1,    6,          8.45,          3.30,       3.43,      34.27,    112.97,         22.34
         41,          1,    7,          8.59,          3.30,       3.50,      35.02,    115.43,         21.40
         41,          2,    1,          8.33,          3.30,       3.37,      33.68,    111.02,         30.34
         41,          2,    2,          9.12,          3.30,       3.66,      36.63,    120.74,         25.41
         41,          2,    3,          9.60,          3.30,       3.86,      38.59,    127.19,         23.63
         41,          2,    4,          9.88,          3.30,       3.99,      39.86,    131.39,         22.73
         41,          2,    5,         10.12,          3.30,       4.09,      40.90,    134.80,         22.24
         41,          2,    6,         10.28,          3.30,       4.19,      41.92,    138.14,         21.52
         41,          2,    7,         10.46,          3.30,       4.27,      42.73,    140.82,         21.26
         41,          3,    1,         10.54,          3.30,       4.31,      43.07,    141.93,         28.16
         41,          3,    2,         11.55,          3.29,       4.85,      48.52,    159.86,         24.58
         41,          3,    3,         12.22,          3.29,       5.26,      52.64,    173.37,         23.27
         41,          3,    4,         12.58,          3.29,       5.50,      55.08,    181.37,         22.73
         41,          3,    5,         12.89,          3.29,       5.74,      57.47,    189.21,         22.22
         41,          3,    6,         13.08,          3.29,       5.89,      58.89,    193.90,         22.05
         41,          3,    7,         13.27,          3.29,       6.04,      60.37,    198.74,         21.87
         41,          4,    1,         12.52,          3.29,       5.45,      54.51,    179.54,         31.34
         41,          4,    2,         13.61,          3.29,       6.23,      62.28,    205.03,         27.84
         41,          4,    3,         14.19,          3.29,       6.70,      66.99,    220.53,         26.75
         41,          4,    4,         14.53,          3.29,       7.02,      70.24,    231.23,         26.08
         41,          4,    5,         14.77,          3.29,       7.26,      72.64,    239.12,         25.72
         41,          4,    6,         14.95,          3.29,       7.46,      74.56,    245.42,         25.42
         41,          4,    7,         15.10,          3.29,       7.62,      76.25,    250.97,         25.20
         41,          5,    1,         14.33,          3.29,       6.79,      67.87,    223.43,         35.25
         41,          5,    2,         15.55,          3.29,       7.88,      78.78,    259.30,         31.79
         41,          5,    3,         16.23,          3.29,       8.68,      86.80,    285.55,         30.21
         41,          5,    4,         16.62,          3.29,       9.15,      91.52,    301.00,         29.76
         41,          5,    5,         16.94,          3.29,       9.60,      95.98,    315.61,         29.22
         41,          5,    6,         17.14,          3.29,       9.88,      98.83,    324.95,         29.03
         41,          5,    7,         17.33,          3.29,      10.17,     101.72,    334.46,         28.74
         41,          6,    1,         15.76,          3.29,       8.13,      81.32,    267.63,         37.24
         41,          6,    2,         17.09,          3.29,       9.57,      95.65,    314.54,         34.56
         41,          6,    3,         17.77,          3.29,      10.54,     105.42,    346.64,         33.25
         41,          6,    4,         18.15,          3.29,      11.08,     110.76,    364.17,         33.07
         41,          6,    5,         18.44,          3.29,      11.59,     115.87,    380.93,         32.55
         41,          6,    6,         18.62,          3.29,      11.91,     119.08,    391.37,         32.40
         41,          6,    7,         18.79,          3.29,      12.24,     122.34,    402.05,         32.13
         41,          7,    1,         16.80,          3.29,       9.22,      92.18,    303.15,         39.86
         41,          7,    2,         18.29,          3.29,      11.08,     110.80,    364.29,         37.17
         41,          7,    3,         19.02,          3.29,      12.21,     122.05,    401.12,         36.62
         41,          7,    4,         19.44,          3.28,      12.97,     129.62,    425.74,         36.24
         41,          7,    5,         19.75,          3.28,      13.56,     135.63,    445.43,         35.99
         41,          7,    6,         19.96,          3.28,      13.99,     139.92,    459.51,         35.86
         41,          7,    7,         20.14,          3.28,      14.40,     144.00,    472.87,         35.65
         42,          1,    1,          6.38,          3.30,       2.79,      27.88,     91.88,         42.51
         42,          1,    2,          7.20,          3.30,       3.02,      30.22,     99.60,         29.26
         42,          1,    3,          7.80,          3.30,       3.21,      32.13,    105.90,         24.84
         42,          1,    4,          8.11,          3.30,       3.32,      33.26,    109.62,         23.14
         42,          1,    5,          8.39,          3.30,       3.42,      34.23,    112.80,         22.15
         42,          1,    6,          8.55,          3.30,       3.50,      34.94,    115.16,         21.37
         42,          1,    7,          8.69,          3.30,       3.56,      35.56,    117.19,         20.82
         42,          2,    1,          8.45,          3.30,       3.44,      34.37,    113.28,         28.46
         42,          2,    2,          9.26,          3.30,       3.74,      37.43,    123.36,         24.35
         42,          2,    3,          9.75,          3.30,       3.96,      39.54,    130.31,         22.69
         42,          2,    4,         10.04,          3.30,       4.10,      41.03,    135.21,         21.68
         42,          2,    5,         10.27,          3.30,       4.22,      42.20,    139.08,         21.10
         42,          2,    6,         10.45,          3.30,       4.32,      43.23,    142.47,         20.61
         42,          2,    7,         10.62,          3.30,       4.42,      44.21,    145.70,         20.25
         42,          3,    1,         10.79,          3.30,       4.48,      44.80,    147.62,         26.83
         42,          3,    2,         11.84,          3.29,       5.08,      50.82,    167.37,         23.70
         42,          3,    3,         12.52,          3.29,       5.53,      55.35,    182.26,         22.54
         42,          3,    4,         12.89,          3.29,       5.81,      58.04,    191.11,         22.07
         42,          3,    5,         13.21,          3.29,       6.06,      60.64,    199.64,         21.65
         42,          3,    6,         13.40,          3.29,       6.24,      62.44,    205.57,         21.33
         42,          3,    7,         13.57,          3.29,       6.41,      64.06,    210.89,         21.09
         42,          4,    1,         12.90,          3.29,       5.75,      57.45,    189.16,         30.85
         42,          4,    2,         14.00,          3.29,       6.57,      65.71,    216.33,         27.78
         42,          4,    3,         14.61,          3.29,       7.11,      71.10,    234.05,         26.71
         42,          4,    4,         14.95,          3.29,       7.48,      74.78,    246.16,         26.03
         42,          4,    5,         15.22,          3.29,       7.78,      77.76,    255.96,         25.57
         42,          4,    6,         15.40,          3.29,       8.00,      79.95,    263.13,         25.26
         42,          4,    7,         15.57,          3.29,       8.22,      82.23,    270.62,         24.91
         42,          5,    1,         14.73,          3.29,       7.15,      71.46,    235.23,         35.23
         42,          5,    2,         15.97,          3.29,       8.31,      83.13,    273.57,         32.20
         42,          5,    3,         16.64,          3.29,       9.09,      90.92,    299.04,         31.10
         42,          5,    4,         17.05,          3.29,       9.64,      96.39,    316.95,         30.53
         42,          5,    5,         17.37,          3.29,      10.10,     100.96,    331.96,         30.11
         42,          5,    6,         17.59,          3.29,      10.45,     104.50,    343.60,         29.77
         42,          5,    7,         17.78,          3.29,      10.78,     107.78,    354.38,         29.44
         42,          6,    1,         16.21,          3.29,       8.61,      86.07,    283.14,         37.05
         42,          6,    2,         17.53,          3.29,      10.11,     101.10,    332.45,         34.99
         42,          6,    3,         18.21,          3.29,      11.09,     110.80,    364.29,         34.14
         42,          6,    4,         18.60,          3.29,      11.72,     117.15,    385.12,         33.78
         42,          6,    5,         18.88,          3.29,      12.21,     122.02,    400.99,         33.54
         42,          6,    6,         19.09,          3.29,      12.60,     126.05,    414.08,         33.27
         42,          6,    7,         19.25,          3.28,      12.94,     129.38,    424.98,         33.02
         42,          7,    1,         17.20,          3.29,       9.69,      96.91,    318.66,         39.43
         42,          7,    2,         18.72,          3.29,      11.68,     116.76,    383.81,         37.53
         42,          7,    3,         19.50,          3.28,      13.04,     130.34,    428.13,         36.69
         42,          7,    4,         19.90,          3.28,      13.76,     137.55,    451.74,         36.72
         42,          7,    5,         20.22,          3.28,      14.50,     144.93,    475.92,         36.25
         42,          7,    6,         20.43,          3.28,      14.92,     149.22,    490.01,         36.22
         42,          7,    7,         20.61,          3.28,      15.40,     153.99,    505.57,         35.97
         43,          1,    1,          6.41,          3.30,       2.80,      28.03,     92.40,         39.66
         43,          1,    2,          7.23,          3.30,       3.05,      30.43,    100.29,         27.95
         43,          1,    3,          7.86,          3.30,       3.25,      32.55,    107.30,         23.56
         43,          1,    4,          8.17,          3.30,       3.37,      33.70,    111.05,         22.09
         43,          1,    5,          8.45,          3.30,       3.46,      34.69,    114.34,         21.25
         43,          1,    6,          8.62,          3.30,       3.55,      35.54,    117.13,         20.36
         43,          1,    7,          8.77,          3.30,       3.62,      36.19,    119.27,         19.88
         43,          2,    1,          8.59,          3.30,       3.51,      35.15,    115.84,         27.45
         43,          2,    2,          9.42,          3.30,       3.87,      38.65,    127.40,         23.10
         43,          2,    3,          9.92,          3.30,       4.10,      40.96,    134.98,         21.59
         43,          2,    4,         10.20,          3.30,       4.25,      42.46,    139.94,         20.79
         43,          2,    5,         10.44,          3.30,       4.38,      43.84,    144.48,         20.15
         43,          2,    6,         10.61,          3.30,       4.49,      44.85,    147.80,         19.76
         43,          2,    7,         10.80,          3.30,       4.60,      45.95,    151.41,         19.41
         43,          3,    1,         11.09,          3.30,       4.69,      46.85,    154.37,         26.12
         43,          3,    2,         12.15,          3.29,       5.32,      53.16,    175.09,         23.49
         43,          3,    3,         12.89,          3.29,       5.87,      58.68,    193.19,         22.10
         43,          3,    4,         13.27,          3.29,       6.17,      61.66,    203.02,         21.69
         43,          3,    5,         13.61,          3.29,       6.48,      64.81,    213.37,         21.24
         43,          3,    6,         13.81,          3.29,       6.66,      66.64,    219.37,         21.06
         43,          3,    7,         13.98,          3.29,       6.87,      68.66,    226.04,         20.71
         43,          4,    1,         13.20,          3.29,       5.94,      59.36,    195.46,         32.01
         43,          4,    2,         14.33,          3.29,       6.82,      68.18,    224.44,         28.74
         43,          4,    3,         14.95,          3.29,       7.40,      74.00,    243.59,         27.57
         43,          4,    4,         15.32,          3.29,       7.81,      78.14,    257.20,         26.82
         43,          4,    5,         15.60,          3.29,       8.15,      81.47,    268.11,         26.31
         43,          4,    6,         15.80,          3.29,       8.41,      84.05,    276.53,         26.01
         43,          4,    7,         15.98,          3.29,       8.66,      86.60,    284.91,         25.61
         43,          5,    1,         15.06,          3.29,       7.40,      73.98,    243.54,         36.78
         43,          5,    2,         16.33,          3.29,       8.66,      86.57,    284.80,         33.41
         43,          5,    3,         17.01,          3.29,       9.49,      94.90,    312.06,         32.24
         43,          5,    4,         17.44,          3.29,      10.08,     100.78,    331.37,         31.66
         43,          5,    5,         17.76,          3.29,      10.58,     105.75,    347.69,         31.16
         43,          5,    6,         17.98,          3.29,      10.96,     109.57,    360.26,         30.81
         43,          5,    7,         18.17,          3.29,      11.30,     112.99,    371.49,         30.49
         43,          6,    1,         16.57,          3.29,       8.95,      89.50,    294.39,         37.97
         43,          6,    2,         17.93,          3.29,      10.59,     105.85,    348.04,         35.82
         43,          6,    3,         18.61,          3.29,      11.60,     115.94,    381.12,         35.16
         43,          6,    4,         19.01,          3.29,      12.29,     122.87,    403.74,         34.82
         43,          6,    5,         19.31,          3.28,      12.81,     128.06,    420.65,         34.66
         43,          6,    6,         19.51,          3.28,      13.24,     132.41,    434.87,         34.32
         43,          6,    7,         19.67,          3.28,      13.59,     135.91,    446.33,         34.15
         43,          7,    1,         17.65,          3.29,      10.26,     102.64,    337.49,         38.84
         43,          7,    2,         19.14,          3.29,      12.33,     123.37,    405.41,         37.73
         43,          7,    3,         19.92,          3.28,      13.68,     136.83,    449.35,         37.49
         43,          7,    4,         20.35,          3.28,      14.53,     145.28,    477.09,         37.44
         43,          7,    5,         20.66,          3.28,      15.22,     152.24,    499.86,         37.30
         43,          7,    6,         20.87,          3.28,      15.75,     157.51,    517.01,         37.11
         43,          7,    7,         21.05,          3.28,      16.22,     162.17,    532.10,         37.01
         44,          1,    1,          6.44,          3.30,       2.85,      28.47,     93.85,         37.12
         44,          1,    2,          7.29,          3.30,       3.10,      31.04,    102.32,         26.35
         44,          1,    3,          7.92,          3.30,       3.31,      33.08,    109.02,         22.88
         44,          1,    4,          8.24,          3.30,       3.43,      34.32,    113.12,         21.41
         44,          1,    5,          8.52,          3.30,       3.55,      35.47,    116.90,         20.38
         44,          1,    6,          8.69,          3.30,       3.64,      36.40,    119.96,         19.48
         44,          1,    7,          8.85,          3.30,       3.71,      37.05,    122.10,         19.11
         44,          2,    1,          8.78,          3.30,       3.66,      36.53,    120.41,         25.19
         44,          2,    2,          9.65,          3.30,       4.03,      40.32,    132.89,         21.77
         44,          2,    3,         10.16,          3.30,       4.29,      42.87,    141.30,         20.40
         44,          2,    4,         10.45,          3.30,       4.46,      44.56,    146.84,         19.70
         44,          2,    5,         10.70,          3.30,       4.61,      46.11,    151.93,         19.13
         44,          2,    6,         10.88,          3.29,       4.73,      47.32,    155.93,         18.70
         44,          2,    7,         11.06,          3.29,       4.85,      48.48,    159.70,         18.42
         44,          3,    1,         11.38,          3.29,       4.84,      48.44,    159.57,         26.50
         44,          3,    2,         12.49,          3.29,       5.56,      55.63,    183.20,         23.53
         44,          3,    3,         13.23,          3.29,       6.10,      60.96,    200.70,         22.62
         44,          3,    4,         13.65,          3.29,       6.47,      64.74,    213.12,         21.98
         44,          3,    5,         14.00,          3.29,       6.80,      68.03,    223.96,         21.63
         44,          3,    6,         14.23,          3.29,       7.05,      70.48,    232.00,         21.32
         44,          3,    7,         14.44,          3.29,       7.28,      72.78,    239.58,         21.07
         44,          4,    1,         13.51,          3.29,       6.14,      61.36,    202.02,         33.79
         44,          4,    2,         14.67,          3.29,       7.10,      70.95,    233.56,         29.93
         44,          4,    3,         15.30,          3.29,       7.72,      77.20,    254.12,         28.62
         44,          4,    4,         15.69,          3.29,       8.16,      81.63,    268.65,         27.88
         44,          4,    5,         15.98,          3.29,       8.54,      85.43,    281.07,         27.24
         44,          4,    6,         16.19,          3.29,       8.82,      88.18,    290.07,         26.97
         44,          4,    7,         16.38,          3.29,       9.09,      90.87,    298.88,         26.64
         44,          5,    1,         15.42,          3.29,       7.71,      77.12,    253.83,         39.11
         44,          5,    2,         16.71,          3.29,       9.05,      90.46,    297.53,         35.35
         44,          5,    3,         17.41,          3.29,       9.95,      99.47,    327.08,         33.95
         44,          5,    4,         17.85,          3.29,      10.60,     106.00,    348.55,         33.17
         44,          5,    5,         18.18,          3.29,      11.12,     111.23,    365.72,         32.72
         44,          5,    6,         18.41,          3.29,      11.54,     115.37,    379.27,         32.33
         44,          5,    7,         18.60,          3.29,      11.91,     119.15,    391.62,         31.97
         44,          6,    1,         16.95,          3.29,       9.35,      93.43,    307.26,         39.39
         44,          6,    2,         18.35,          3.29,      11.11,     111.04,    365.08,         37.20
         44,          6,    3,         19.04,          3.29,      12.18,     121.77,    400.18,         36.64
         44,          6,    4,         19.45,          3.28,      12.92,     129.21,    424.42,         36.28
         44,          6,    5,         19.75,          3.28,      13.51,     135.10,    443.72,         35.95
         44,          6,    6,         19.96,          3.28,      13.98,     139.74,    458.90,         35.71
         44,          6,    7,         20.13,          3.28,      14.37,     143.63,    471.67,         35.46
         44,          7,    1,         18.07,          3.29,      10.78,     107.81,    354.47,         39.12
         44,          7,    2,         19.60,          3.28,      13.02,     130.16,    427.49,         38.50
         44,          7,    3,         20.36,          3.28,      14.39,     143.86,    472.43,         38.56
         44,          7,    4,         20.80,          3.28,      15.33,     153.24,    503.18,         38.41
         44,          7,    5,         21.11,          3.28,      16.09,     160.80,    527.69,         38.32
         44,          7,    6,         20.98,          3.28,      15.95,     159.42,    523.28,         37.64
         44,          7,    7,         20.89,          3.28,      15.91,     159.10,    522.22,         37.01

