[Radio] Initializing ... success!
Connected to RF power monitor: Rohde&Schwarz,FPC1500,1328.6660K03/205785,V1.80
Connected to DC power monitor: radiolib-org,DCpowerMon,070dd3d
setCurrentLimit skipped

Set [dBm/2],paDutyCycle,paSlc,Measured [dBm],Bus voltage[V],Voltage[mV],Current[mA],Power [mW],Efficiency [%]
        -18,          1,    1,        -22.46,          3.30,       0.89,       8.93,     29.47,          0.37
        -18,          1,    2,        -20.63,          3.30,       0.92,       9.26,     30.57,          0.33
        -18,          1,    3,        -19.40,          3.30,       0.96,       9.59,     31.66,          0.31
        -18,          1,    4,        -18.29,          3.30,       0.99,       9.94,     32.80,          0.30
        -18,          1,    5,        -17.19,          3.30,       1.02,      10.22,     33.72,          0.33
        -18,          1,    6,        -16.52,          3.30,       1.05,      10.51,     34.67,          0.33
        -18,          1,    7,        -15.90,          3.30,       1.08,      10.81,     35.66,          0.33
        -18,          2,    1,        -20.26,          3.30,       0.92,       9.16,     30.23,          0.75
        -18,          2,    2,        -18.59,          3.30,       0.95,       9.54,     31.48,          0.55
        -18,          2,    3,        -17.19,          3.30,       0.99,       9.93,     32.75,          0.51
        -18,          2,    4,        -16.32,          3.30,       1.02,      10.24,     33.78,          0.49
        -18,          2,    5,        -15.50,          3.30,       1.06,      10.55,     34.81,          0.48
        -18,          2,    6,        -14.70,          3.30,       1.09,      10.93,     36.05,          0.48
        -18,          2,    7,        -14.18,          3.30,       1.12,      11.27,     37.17,          0.47
        -18,          3,    1,        -17.51,          3.30,       0.96,       9.58,     31.63,          0.98
        -18,          3,    2,        -16.07,          3.30,       1.00,      10.00,     33.00,          0.78
        -18,          3,    3,        -15.00,          3.30,       1.04,      10.36,     34.18,          0.73
        -18,          3,    4,        -14.12,          3.30,       1.07,      10.76,     35.49,          0.68
        -18,          3,    5,        -13.43,          3.30,       1.11,      11.15,     36.79,          0.65
        -18,          3,    6,        -12.92,          3.30,       1.15,      11.47,     37.83,          0.64
        -18,          3,    7,        -12.53,          3.30,       1.18,      11.78,     38.86,          0.62
        -18,          4,    1,        -15.49,          3.30,       1.00,      10.00,     32.98,          1.29
        -18,          4,    2,        -14.15,          3.30,       1.05,      10.46,     34.51,          1.03
        -18,          4,    3,        -13.29,          3.30,       1.09,      10.86,     35.83,          0.93
        -18,          4,    4,        -12.58,          3.30,       1.13,      11.31,     37.31,          0.85
        -18,          4,    5,        -12.11,          3.30,       1.16,      11.63,     38.37,          0.81
        -18,          4,    6,        -11.62,          3.30,       1.20,      12.00,     39.59,          0.78
        -18,          4,    7,        -11.24,          3.30,       1.23,      12.31,     40.60,          0.77
        -18,          5,    1,        -13.42,          3.30,       1.05,      10.56,     34.84,          1.64
        -18,          5,    2,        -12.24,          3.30,       1.11,      11.10,     36.62,          1.31
        -18,          5,    3,        -11.53,          3.30,       1.16,      11.55,     38.11,          1.16
        -18,          5,    4,        -11.02,          3.30,       1.19,      11.95,     39.43,          1.07
        -18,          5,    5,        -10.55,          3.30,       1.23,      12.32,     40.67,          1.02
        -18,          5,    6,        -10.19,          3.30,       1.27,      12.69,     41.88,          0.97
        -18,          5,    7,         -9.91,          3.30,       1.30,      13.03,     42.99,          0.93
        -18,          6,    1,        -12.15,          3.30,       1.11,      11.04,     36.42,          2.11
        -18,          6,    2,        -11.12,          3.30,       1.16,      11.63,     38.35,          1.60
        -18,          6,    3,        -10.48,          3.30,       1.21,      12.14,     40.04,          1.37
        -18,          6,    4,         -9.93,          3.30,       1.25,      12.51,     41.27,          1.31
        -18,          6,    5,         -9.60,          3.30,       1.29,      12.93,     42.65,          1.20
        -18,          6,    6,         -9.32,          3.30,       1.33,      13.27,     43.77,          1.14
        -18,          6,    7,         -9.04,          3.30,       1.36,      13.61,     44.90,          1.10
        -18,          7,    1,        -11.02,          3.30,       1.16,      11.60,     38.28,          2.25
        -18,          7,    2,        -10.11,          3.30,       1.22,      12.22,     40.32,          1.76
        -18,          7,    3,         -9.45,          3.30,       1.27,      12.76,     42.09,          1.55
        -18,          7,    4,         -8.96,          3.30,       1.32,      13.21,     43.57,          1.44
        -18,          7,    5,         -8.64,          3.30,       1.36,      13.55,     44.71,          1.37
        -18,          7,    6,         -8.41,          3.30,       1.40,      13.97,     46.09,          1.27
        -18,          7,    7,         -8.16,          3.30,       1.43,      14.33,     47.28,          1.22
        -17,          1,    1,        -22.36,          3.30,       0.90,       8.97,     29.58,          0.41
        -17,          1,    2,        -20.45,          3.30,       0.93,       9.31,     30.71,          0.35
        -17,          1,    3,        -18.85,          3.30,       0.97,       9.67,     31.91,          0.35
        -17,          1,    4,        -17.82,          3.30,       0.99,       9.95,     32.83,          0.35
        -17,          1,    5,        -17.04,          3.30,       1.03,      10.29,     33.95,          0.34
        -17,          1,    6,        -16.19,          3.30,       1.06,      10.57,     34.87,          0.36
        -17,          1,    7,        -15.49,          3.30,       1.09,      10.87,     35.86,          0.37
        -17,          2,    1,        -19.99,          3.30,       0.92,       9.20,     30.36,          0.77
        -17,          2,    2,        -18.26,          3.30,       0.96,       9.61,     31.71,          0.56
        -17,          2,    3,        -16.87,          3.30,       1.00,      10.00,     33.00,          0.52
        -17,          2,    4,        -15.89,          3.30,       1.03,      10.31,     34.03,          0.52
        -17,          2,    5,        -15.14,          3.30,       1.07,      10.64,     35.10,          0.51
        -17,          2,    6,        -14.44,          3.30,       1.10,      11.00,     36.29,          0.50
        -17,          2,    7,        -13.79,          3.30,       1.13,      11.35,     37.44,          0.50
        -17,          3,    1,        -17.09,          3.30,       0.97,       9.69,     31.97,          0.98
        -17,          3,    2,        -15.61,          3.30,       1.01,      10.11,     33.34,          0.82
        -17,          3,    3,        -14.44,          3.30,       1.05,      10.50,     34.66,          0.77
        -17,          3,    4,        -13.55,          3.30,       1.09,      10.88,     35.90,          0.75
        -17,          3,    5,        -13.00,          3.30,       1.13,      11.26,     37.16,          0.70
        -17,          3,    6,        -12.61,          3.30,       1.16,      11.58,     38.20,          0.67
        -17,          3,    7,        -12.02,          3.30,       1.19,      11.92,     39.31,          0.67
        -17,          4,    1,        -14.97,          3.30,       1.01,      10.10,     33.32,          1.31
        -17,          4,    2,        -13.77,          3.30,       1.06,      10.57,     34.87,          1.05
        -17,          4,    3,        -12.87,          3.30,       1.10,      11.01,     36.33,          0.95
        -17,          4,    4,        -12.18,          3.30,       1.14,      11.42,     37.66,          0.89
        -17,          4,    5,        -11.62,          3.30,       1.18,      11.78,     38.87,          0.86
        -17,          4,    6,        -11.24,          3.30,       1.22,      12.14,     40.03,          0.82
        -17,          4,    7,        -10.84,          3.30,       1.25,      12.47,     41.12,          0.80
        -17,          5,    1,        -13.03,          3.30,       1.07,      10.67,     35.22,          1.82
        -17,          5,    2,        -11.89,          3.30,       1.12,      11.27,     37.17,          1.38
        -17,          5,    3,        -11.08,          3.30,       1.17,      11.74,     38.71,          1.25
        -17,          5,    4,        -10.54,          3.30,       1.21,      12.14,     40.03,          1.17
        -17,          5,    5,        -10.16,          3.30,       1.25,      12.50,     41.23,          1.10
        -17,          5,    6,         -9.76,          3.30,       1.29,      12.89,     42.51,          1.05
        -17,          5,    7,         -9.48,          3.30,       1.32,      13.23,     43.62,          1.01
        -17,          6,    1,        -11.62,          3.30,       1.12,      11.26,     37.14,          2.16
        -17,          6,    2,        -10.71,          3.30,       1.18,      11.81,     38.98,          1.69
        -17,          6,    3,        -10.00,          3.30,       1.23,      12.27,     40.48,          1.53
        -17,          6,    4,         -9.56,          3.30,       1.28,      12.75,     42.06,          1.36
        -17,          6,    5,         -9.11,          3.30,       1.31,      13.15,     43.36,          1.30
        -17,          6,    6,         -8.83,          3.30,       1.35,      13.50,     44.52,          1.24
        -17,          6,    7,         -8.60,          3.30,       1.38,      13.86,     45.70,          1.17
        -17,          7,    1,        -10.59,          3.30,       1.18,      11.78,     38.87,          2.50
        -17,          7,    2,         -9.58,          3.30,       1.24,      12.46,     41.11,          1.92
        -17,          7,    3,         -8.98,          3.30,       1.30,      13.01,     42.91,          1.68
        -17,          7,    4,         -8.55,          3.30,       1.34,      13.45,     44.36,          1.56
        -17,          7,    5,         -8.26,          3.30,       1.39,      13.83,     45.62,          1.46
        -17,          7,    6,         -7.94,          3.30,       1.42,      14.22,     46.90,          1.40
        -17,          7,    7,         -7.74,          3.30,       1.46,      14.64,     48.29,          1.30
        -16,          1,    1,        -21.64,          3.30,       0.90,       9.01,     29.72,          0.47
        -16,          1,    2,        -19.82,          3.30,       0.94,       9.39,     30.98,          0.39
        -16,          1,    3,        -18.37,          3.30,       0.98,       9.75,     32.17,          0.37
        -16,          1,    4,        -17.39,          3.30,       1.01,      10.09,     33.29,          0.36
        -16,          1,    5,        -16.29,          3.30,       1.04,      10.41,     34.35,          0.39
        -16,          1,    6,        -15.62,          3.30,       1.07,      10.65,     35.16,          0.40
        -16,          1,    7,        -15.07,          3.30,       1.10,      11.02,     36.36,          0.38
        -16,          2,    1,        -19.27,          3.30,       0.93,       9.31,     30.72,          0.90
        -16,          2,    2,        -17.58,          3.30,       0.98,       9.75,     32.16,          0.63
        -16,          2,    3,        -16.42,          3.30,       1.01,      10.10,     33.32,          0.58
        -16,          2,    4,        -15.36,          3.30,       1.04,      10.45,     34.48,          0.57
        -16,          2,    5,        -14.45,          3.30,       1.08,      10.83,     35.71,          0.57
        -16,          2,    6,        -13.87,          3.30,       1.12,      11.19,     36.90,          0.55
        -16,          2,    7,        -13.30,          3.30,       1.15,      11.52,     38.01,          0.54
        -16,          3,    1,        -16.30,          3.30,       0.98,       9.80,     32.35,          1.20
        -16,          3,    2,        -14.97,          3.30,       1.02,      10.23,     33.74,          0.95
        -16,          3,    3,        -13.89,          3.30,       1.06,      10.64,     35.11,          0.87
        -16,          3,    4,        -13.07,          3.30,       1.11,      11.10,     36.61,          0.79
        -16,          3,    5,        -12.45,          3.30,       1.15,      11.48,     37.85,          0.76
        -16,          3,    6,        -11.98,          3.30,       1.18,      11.77,     38.83,          0.75
        -16,          3,    7,        -11.59,          3.30,       1.21,      12.11,     39.93,          0.73
        -16,          4,    1,        -14.37,          3.30,       1.03,      10.26,     33.87,          1.52
        -16,          4,    2,        -13.15,          3.30,       1.07,      10.74,     35.44,          1.22
        -16,          4,    3,        -12.28,          3.30,       1.12,      11.25,     37.12,          1.05
        -16,          4,    4,        -11.53,          3.30,       1.16,      11.64,     38.38,          1.02
        -16,          4,    5,        -11.07,          3.30,       1.20,      12.02,     39.66,          0.95
        -16,          4,    6,        -10.67,          3.30,       1.24,      12.39,     40.86,          0.91
        -16,          4,    7,        -10.27,          3.30,       1.27,      12.73,     41.99,          0.89
        -16,          5,    1,        -12.34,          3.30,       1.09,      10.89,     35.95,          1.94
        -16,          5,    2,        -11.24,          3.30,       1.15,      11.51,     37.97,          1.50
        -16,          5,    3,        -10.52,          3.30,       1.20,      12.01,     39.62,          1.33
        -16,          5,    4,         -9.94,          3.30,       1.24,      12.40,     40.91,          1.27
        -16,          5,    5,         -9.53,          3.30,       1.28,      12.81,     42.25,          1.20
        -16,          5,    6,         -9.14,          3.30,       1.32,      13.18,     43.49,          1.16
        -16,          5,    7,         -8.87,          3.30,       1.35,      13.52,     44.61,          1.11
        -16,          6,    1,        -11.04,          3.30,       1.15,      11.53,     38.05,          2.38
        -16,          6,    2,        -10.02,          3.30,       1.21,      12.09,     39.90,          1.93
        -16,          6,    3,         -9.35,          3.30,       1.27,      12.64,     41.70,          1.67
        -16,          6,    4,         -8.89,          3.30,       1.31,      13.09,     43.17,          1.53
        -16,          6,    5,         -8.51,          3.30,       1.35,      13.50,     44.52,          1.44
        -16,          6,    6,         -8.22,          3.30,       1.39,      13.85,     45.69,          1.38
        -16,          6,    7,         -7.98,          3.30,       1.42,      14.22,     46.89,          1.31
        -16,          7,    1,         -9.91,          3.30,       1.21,      12.13,     39.99,          2.69
        -16,          7,    2,         -8.95,          3.30,       1.28,      12.78,     42.16,          2.13
        -16,          7,    3,         -8.31,          3.30,       1.34,      13.38,     44.13,          1.86
        -16,          7,    4,         -7.89,          3.30,       1.39,      13.86,     45.71,          1.71
        -16,          7,    5,         -7.55,          3.30,       1.43,      14.29,     47.14,          1.61
        -16,          7,    6,         -7.34,          3.30,       1.47,      14.69,     48.43,          1.51
        -16,          7,    7,         -7.11,          3.30,       1.51,      15.07,     49.69,          1.44
        -15,          1,    1,        -21.41,          3.30,       0.91,       9.08,     29.95,          0.46
        -15,          1,    2,        -19.39,          3.30,       0.95,       9.49,     31.30,          0.40
        -15,          1,    3,        -18.05,          3.30,       0.98,       9.84,     32.46,          0.39
        -15,          1,    4,        -17.05,          3.30,       1.01,      10.15,     33.48,          0.39
        -15,          1,    5,        -16.04,          3.30,       1.05,      10.46,     34.52,          0.41
        -15,          1,    6,        -15.32,          3.30,       1.08,      10.74,     35.42,          0.42
        -15,          1,    7,        -14.72,          3.30,       1.11,      11.09,     36.60,          0.41
        -15,          2,    1,        -18.97,          3.30,       0.94,       9.37,     30.89,          0.94
        -15,          2,    2,        -17.22,          3.30,       0.98,       9.81,     32.37,          0.67
        -15,          2,    3,        -16.00,          3.30,       1.02,      10.19,     33.63,          0.61
        -15,          2,    4,        -14.95,          3.30,       1.05,      10.53,     34.74,          0.61
        -15,          2,    5,        -14.19,          3.30,       1.09,      10.92,     36.01,          0.59
        -15,          2,    6,        -13.50,          3.30,       1.13,      11.27,     37.18,          0.58
        -15,          2,    7,        -12.95,          3.30,       1.16,      11.62,     38.32,          0.58
        -15,          3,    1,        -16.04,          3.30,       0.99,       9.88,     32.61,          1.28
        -15,          3,    2,        -14.59,          3.30,       1.03,      10.34,     34.10,          1.01
        -15,          3,    3,        -13.61,          3.30,       1.08,      10.77,     35.54,          0.89
        -15,          3,    4,        -12.72,          3.30,       1.12,      11.21,     36.96,          0.85
        -15,          3,    5,        -12.21,          3.30,       1.16,      11.58,     38.22,          0.80
        -15,          3,    6,        -11.61,          3.30,       1.19,      11.94,     39.37,          0.79
        -15,          3,    7,        -11.13,          3.30,       1.23,      12.26,     40.44,          0.79
        -15,          4,    1,        -13.96,          3.30,       1.04,      10.35,     34.14,          1.72
        -15,          4,    2,        -12.73,          3.30,       1.08,      10.88,     35.92,          1.29
        -15,          4,    3,        -11.90,          3.30,       1.14,      11.39,     37.57,          1.12
        -15,          4,    4,        -11.17,          3.30,       1.18,      11.76,     38.81,          1.09
        -15,          4,    5,        -10.72,          3.30,       1.22,      12.17,     40.14,          1.02
        -15,          4,    6,        -10.27,          3.30,       1.25,      12.52,     41.30,          0.99
        -15,          4,    7,         -9.87,          3.30,       1.29,      12.88,     42.49,          0.96
        -15,          5,    1,        -11.92,          3.30,       1.11,      11.10,     36.62,          1.93
        -15,          5,    2,        -10.86,          3.30,       1.17,      11.66,     38.46,          1.59
        -15,          5,    3,        -10.07,          3.30,       1.22,      12.17,     40.15,          1.43
        -15,          5,    4,         -9.56,          3.30,       1.26,      12.62,     41.64,          1.33
        -15,          5,    5,         -9.09,          3.30,       1.30,      13.02,     42.94,          1.28
        -15,          5,    6,         -8.77,          3.30,       1.34,      13.39,     44.17,          1.22
        -15,          5,    7,         -8.47,          3.30,       1.37,      13.75,     45.37,          1.18
        -15,          6,    1,        -10.63,          3.30,       1.17,      11.70,     38.59,          2.53
        -15,          6,    2,         -9.59,          3.30,       1.23,      12.31,     40.61,          2.02
        -15,          6,    3,         -8.91,          3.30,       1.29,      12.88,     42.49,          1.76
        -15,          6,    4,         -8.47,          3.30,       1.33,      13.29,     43.84,          1.64
        -15,          6,    5,         -8.11,          3.30,       1.37,      13.69,     45.16,          1.55
        -15,          6,    6,         -7.86,          3.30,       1.41,      14.09,     46.47,          1.45
        -15,          6,    7,         -7.56,          3.30,       1.45,      14.49,     47.79,          1.39
        -15,          7,    1,         -9.49,          3.30,       1.23,      12.30,     40.57,          2.97
        -15,          7,    2,         -8.53,          3.30,       1.31,      13.04,     43.00,          2.26
        -15,          7,    3,         -7.89,          3.30,       1.36,      13.61,     44.88,          2.01
        -15,          7,    4,         -7.47,          3.30,       1.41,      14.06,     46.39,          1.87
        -15,          7,    5,         -7.15,          3.30,       1.46,      14.58,     48.10,          1.70
        -15,          7,    6,         -6.91,          3.30,       1.50,      14.99,     49.43,          1.61
        -15,          7,    7,         -6.63,          3.30,       1.53,      15.34,     50.60,          1.57
        -14,          1,    1,        -20.58,          3.30,       0.92,       9.17,     30.25,          0.56
        -14,          1,    2,        -18.88,          3.30,       0.96,       9.57,     31.57,          0.45
        -14,          1,    3,        -17.62,          3.30,       0.99,       9.89,     32.64,          0.44
        -14,          1,    4,        -16.47,          3.30,       1.03,      10.25,     33.80,          0.44
        -14,          1,    5,        -15.55,          3.30,       1.06,      10.55,     34.82,          0.46
        -14,          1,    6,        -14.89,          3.30,       1.09,      10.93,     36.06,          0.44
        -14,          1,    7,        -14.17,          3.30,       1.12,      11.25,     37.12,          0.45
        -14,          2,    1,        -18.33,          3.30,       0.95,       9.50,     31.34,          1.02
        -14,          2,    2,        -16.73,          3.30,       0.99,       9.91,     32.70,          0.76
        -14,          2,    3,        -15.48,          3.30,       1.03,      10.30,     33.99,          0.69
        -14,          2,    4,        -14.34,          3.30,       1.07,      10.70,     35.32,          0.68
        -14,          2,    5,        -13.68,          3.30,       1.11,      11.07,     36.52,          0.65
        -14,          2,    6,        -13.06,          3.30,       1.14,      11.42,     37.66,          0.64
        -14,          2,    7,        -12.47,          3.30,       1.18,      11.76,     38.79,          0.64
        -14,          3,    1,        -15.50,          3.30,       1.00,      10.02,     33.06,          1.46
        -14,          3,    2,        -14.14,          3.30,       1.05,      10.47,     34.53,          1.13
        -14,          3,    3,        -13.05,          3.30,       1.09,      10.94,     36.09,          1.00
        -14,          3,    4,        -12.28,          3.30,       1.14,      11.41,     37.65,          0.91
        -14,          3,    5,        -11.65,          3.30,       1.18,      11.78,     38.86,          0.88
        -14,          3,    6,        -11.18,          3.30,       1.21,      12.09,     39.89,          0.87
        -14,          3,    7,        -10.69,          3.30,       1.25,      12.44,     41.02,          0.86
        -14,          4,    1,        -13.46,          3.30,       1.05,      10.54,     34.79,          1.75
        -14,          4,    2,        -12.23,          3.30,       1.11,      11.09,     36.59,          1.37
        -14,          4,    3,        -11.36,          3.30,       1.16,      11.58,     38.21,          1.22
        -14,          4,    4,        -10.68,          3.30,       1.20,      12.00,     39.60,          1.16
        -14,          4,    5,        -10.18,          3.30,       1.24,      12.39,     40.86,          1.11
        -14,          4,    6,         -9.74,          3.30,       1.28,      12.79,     42.19,          1.07
        -14,          4,    7,         -9.35,          3.30,       1.32,      13.15,     43.37,          1.04
        -14,          5,    1,        -11.33,          3.30,       1.13,      11.30,     37.29,          2.09
        -14,          5,    2,        -10.28,          3.30,       1.19,      11.87,     39.18,          1.73
        -14,          5,    3,         -9.51,          3.30,       1.24,      12.45,     41.06,          1.54
        -14,          5,    4,         -9.01,          3.30,       1.29,      12.92,     42.63,          1.42
        -14,          5,    5,         -8.55,          3.30,       1.33,      13.31,     43.92,          1.38
        -14,          5,    6,         -8.24,          3.30,       1.37,      13.68,     45.12,          1.32
        -14,          5,    7,         -7.91,          3.30,       1.41,      14.07,     46.39,          1.28
        -14,          6,    1,        -10.03,          3.30,       1.20,      11.94,     39.39,          2.86
        -14,          6,    2,         -9.04,          3.30,       1.26,      12.61,     41.59,          2.20
        -14,          6,    3,         -8.40,          3.30,       1.32,      13.15,     43.37,          1.94
        -14,          6,    4,         -7.92,          3.30,       1.37,      13.67,     45.09,          1.76
        -14,          6,    5,         -7.53,          3.30,       1.40,      14.06,     46.37,          1.69
        -14,          6,    6,         -7.25,          3.30,       1.45,      14.50,     47.84,          1.58
        -14,          6,    7,         -7.02,          3.30,       1.49,      14.85,     48.97,          1.52
        -14,          7,    1,         -8.96,          3.30,       1.26,      12.65,     41.71,          3.12
        -14,          7,    2,         -7.94,          3.30,       1.34,      13.38,     44.14,          2.47
        -14,          7,    3,         -7.32,          3.30,       1.40,      13.99,     46.13,          2.18
        -14,          7,    4,         -6.90,          3.30,       1.45,      14.50,     47.83,          2.00
        -14,          7,    5,         -6.56,          3.30,       1.50,      14.96,     49.36,          1.88
        -14,          7,    6,         -6.31,          3.30,       1.54,      15.39,     50.78,          1.78
        -14,          7,    7,         -6.09,          3.30,       1.58,      15.75,     51.94,          1.72
        -13,          1,    1,        -20.35,          3.30,       0.92,       9.19,     30.34,          0.61
        -13,          1,    2,        -18.66,          3.30,       0.96,       9.62,     31.73,          0.47
        -13,          1,    3,        -17.26,          3.30,       1.00,       9.99,     32.94,          0.46
        -13,          1,    4,        -16.09,          3.30,       1.03,      10.32,     34.05,          0.47
        -13,          1,    5,        -15.30,          3.30,       1.06,      10.63,     35.07,          0.47
        -13,          1,    6,        -14.49,          3.30,       1.10,      10.98,     36.24,          0.48
        -13,          1,    7,        -13.91,          3.30,       1.13,      11.30,     37.27,          0.48
        -13,          2,    1,        -17.97,          3.30,       0.96,       9.56,     31.54,          1.05
        -13,          2,    2,        -16.39,          3.30,       1.00,       9.98,     32.91,          0.79
        -13,          2,    3,        -15.13,          3.30,       1.04,      10.37,     34.22,          0.73
        -13,          2,    4,        -14.07,          3.30,       1.08,      10.79,     35.59,          0.70
        -13,          2,    5,        -13.39,          3.30,       1.12,      11.21,     36.99,          0.66
        -13,          2,    6,        -12.69,          3.30,       1.15,      11.53,     38.03,          0.67
        -13,          2,    7,        -12.16,          3.30,       1.18,      11.83,     39.02,          0.68
        -13,          3,    1,        -15.05,          3.30,       1.01,      10.10,     33.31,          1.65
        -13,          3,    2,        -13.68,          3.30,       1.06,      10.58,     34.89,          1.23
        -13,          3,    3,        -12.64,          3.30,       1.11,      11.09,     36.60,          1.05
        -13,          3,    4,        -11.83,          3.30,       1.15,      11.51,     37.96,          1.00
        -13,          3,    5,        -11.35,          3.30,       1.19,      11.87,     39.14,          0.95
        -13,          3,    6,        -10.75,          3.30,       1.22,      12.25,     40.40,          0.94
        -13,          3,    7,        -10.43,          3.30,       1.26,      12.57,     41.48,          0.90
        -13,          4,    1,        -13.10,          3.30,       1.06,      10.63,     35.07,          1.91
        -13,          4,    2,        -11.91,          3.30,       1.12,      11.25,     37.11,          1.40
        -13,          4,    3,        -11.00,          3.30,       1.17,      11.71,     38.64,          1.29
        -13,          4,    4,        -10.39,          3.30,       1.21,      12.14,     40.05,          1.21
        -13,          4,    5,         -9.84,          3.30,       1.26,      12.55,     41.39,          1.17
        -13,          4,    6,         -9.40,          3.30,       1.29,      12.95,     42.73,          1.12
        -13,          4,    7,         -9.00,          3.30,       1.33,      13.31,     43.91,          1.10
        -13,          5,    1,        -11.05,          3.30,       1.15,      11.46,     37.82,          2.16
        -13,          5,    2,         -9.95,          3.30,       1.21,      12.07,     39.81,          1.80
        -13,          5,    3,         -9.18,          3.30,       1.26,      12.59,     41.53,          1.64
        -13,          5,    4,         -8.62,          3.30,       1.31,      13.08,     43.16,          1.53
        -13,          5,    5,         -8.21,          3.30,       1.35,      13.52,     44.58,          1.45
        -13,          5,    6,         -7.86,          3.30,       1.39,      13.90,     45.84,          1.41
        -13,          5,    7,         -7.60,          3.30,       1.43,      14.28,     47.08,          1.35
        -13,          6,    1,         -9.66,          3.30,       1.21,      12.11,     39.96,          3.12
        -13,          6,    2,         -8.69,          3.30,       1.28,      12.83,     42.32,          2.32
        -13,          6,    3,         -8.00,          3.30,       1.34,      13.38,     44.12,          2.08
        -13,          6,    4,         -7.52,          3.30,       1.39,      13.85,     45.70,          1.92
        -13,          6,    5,         -7.16,          3.30,       1.43,      14.29,     47.15,          1.80
        -13,          6,    6,         -6.91,          3.30,       1.47,      14.74,     48.62,          1.68
        -13,          6,    7,         -6.61,          3.30,       1.51,      15.13,     49.92,          1.62
        -13,          7,    1,         -8.56,          3.30,       1.29,      12.83,     42.33,          3.40
        -13,          7,    2,         -7.60,          3.30,       1.36,      13.60,     44.86,          2.62
        -13,          7,    3,         -6.92,          3.30,       1.43,      14.22,     46.90,          2.34
        -13,          7,    4,         -6.50,          3.30,       1.48,      14.76,     48.69,          2.14
        -13,          7,    5,         -6.17,          3.30,       1.52,      15.24,     50.26,          2.01
        -13,          7,    6,         -5.91,          3.30,       1.57,      15.64,     51.57,          1.92
        -13,          7,    7,         -5.72,          3.30,       1.61,      16.06,     52.97,          1.82
        -12,          1,    1,        -19.84,          3.30,       0.93,       9.29,     30.64,          0.66
        -12,          1,    2,        -18.16,          3.30,       0.97,       9.70,     32.00,          0.52
        -12,          1,    3,        -16.85,          3.30,       1.01,      10.06,     33.18,          0.50
        -12,          1,    4,        -15.68,          3.30,       1.04,      10.43,     34.40,          0.51
        -12,          1,    5,        -14.83,          3.30,       1.08,      10.75,     35.46,          0.52
        -12,          1,    6,        -14.12,          3.30,       1.11,      11.14,     36.75,          0.50
        -12,          1,    7,        -13.50,          3.30,       1.14,      11.44,     37.73,          0.52
        -12,          2,    1,        -17.57,          3.30,       0.96,       9.66,     31.87,          1.14
        -12,          2,    2,        -15.92,          3.30,       1.01,      10.10,     33.33,          0.85
        -12,          2,    3,        -14.55,          3.30,       1.05,      10.51,     34.67,          0.81
        -12,          2,    4,        -13.66,          3.30,       1.09,      10.89,     35.94,          0.77
        -12,          2,    5,        -12.99,          3.30,       1.13,      11.31,     37.30,          0.72
        -12,          2,    6,        -12.30,          3.30,       1.17,      11.68,     38.52,          0.72
        -12,          2,    7,        -11.70,          3.30,       1.20,      11.99,     39.57,          0.73
        -12,          3,    1,        -14.63,          3.30,       1.02,      10.23,     33.76,          1.67
        -12,          3,    2,        -13.31,          3.30,       1.07,      10.74,     35.41,          1.26
        -12,          3,    3,        -12.16,          3.30,       1.12,      11.24,     37.09,          1.13
        -12,          3,    4,        -11.44,          3.30,       1.17,      11.66,     38.47,          1.06
        -12,          3,    5,        -10.83,          3.30,       1.21,      12.08,     39.84,          1.01
        -12,          3,    6,        -10.32,          3.30,       1.24,      12.41,     40.94,          1.01
        -12,          3,    7,         -9.96,          3.30,       1.28,      12.79,     42.21,          0.96
        -12,          4,    1,        -12.57,          3.30,       1.08,      10.81,     35.68,          2.03
        -12,          4,    2,        -11.39,          3.30,       1.14,      11.42,     37.67,          1.54
        -12,          4,    3,        -10.56,          3.30,       1.19,      11.91,     39.29,          1.39
        -12,          4,    4,         -9.91,          3.30,       1.24,      12.36,     40.76,          1.31
        -12,          4,    5,         -9.35,          3.30,       1.28,      12.78,     42.15,          1.26
        -12,          4,    6,         -8.96,          3.30,       1.32,      13.19,     43.51,          1.20
        -12,          4,    7,         -8.56,          3.30,       1.36,      13.54,     44.67,          1.19
        -12,          5,    1,        -10.52,          3.30,       1.17,      11.69,     38.55,          2.30
        -12,          5,    2,         -9.46,          3.30,       1.23,      12.29,     40.55,          1.93
        -12,          5,    3,         -8.61,          3.30,       1.29,      12.88,     42.47,          1.77
        -12,          5,    4,         -8.13,          3.30,       1.34,      13.34,     44.02,          1.65
        -12,          5,    5,         -7.70,          3.30,       1.38,      13.77,     45.42,          1.58
        -12,          5,    6,         -7.36,          3.30,       1.42,      14.18,     46.76,          1.52
        -12,          5,    7,         -7.06,          3.30,       1.46,      14.60,     48.15,          1.46
        -12,          6,    1,         -9.13,          3.30,       1.24,      12.40,     40.90,          3.24
        -12,          6,    2,         -8.14,          3.30,       1.31,      13.10,     43.21,          2.52
        -12,          6,    3,         -7.52,          3.30,       1.37,      13.69,     45.16,          2.20
        -12,          6,    4,         -7.02,          3.30,       1.42,      14.20,     46.84,          2.04
        -12,          6,    5,         -6.66,          3.30,       1.47,      14.67,     48.39,          1.92
        -12,          6,    6,         -6.35,          3.30,       1.51,      15.07,     49.73,          1.84
        -12,          6,    7,         -6.14,          3.30,       1.54,      15.46,     50.99,          1.75
        -12,          7,    1,         -7.98,          3.30,       1.32,      13.15,     43.37,          3.62
        -12,          7,    2,         -7.01,          3.30,       1.39,      13.94,     45.98,          2.84
        -12,          7,    3,         -6.38,          3.30,       1.46,      14.66,     48.35,          2.46
        -12,          7,    4,         -5.97,          3.30,       1.52,      15.13,     49.91,          2.31
        -12,          7,    5,         -5.65,          3.30,       1.56,      15.65,     51.62,          2.15
        -12,          7,    6,         -5.45,          3.30,       1.61,      16.10,     53.10,          2.02
        -12,          7,    7,         -5.24,          3.30,       1.65,      16.50,     54.42,          1.94
        -11,          1,    1,        -19.68,          3.30,       0.94,       9.39,     30.97,          0.63
        -11,          1,    2,        -17.89,          3.30,       0.98,       9.79,     32.29,          0.53
        -11,          1,    3,        -16.37,          3.30,       1.02,      10.16,     33.54,          0.54
        -11,          1,    4,        -15.38,          3.30,       1.05,      10.50,     34.64,          0.54
        -11,          1,    5,        -14.34,          3.30,       1.09,      10.88,     35.89,          0.55
        -11,          1,    6,        -13.69,          3.30,       1.13,      11.27,     37.19,          0.54
        -11,          1,    7,        -13.09,          3.30,       1.16,      11.61,     38.30,          0.54
        -11,          2,    1,        -17.08,          3.30,       0.97,       9.76,     32.19,          1.32
        -11,          2,    2,        -15.54,          3.30,       1.02,      10.19,     33.60,          0.97
        -11,          2,    3,        -14.15,          3.30,       1.06,      10.61,     35.02,          0.89
        -11,          2,    4,        -13.22,          3.30,       1.11,      11.07,     36.53,          0.82
        -11,          2,    5,        -12.53,          3.30,       1.14,      11.47,     37.83,          0.78
        -11,          2,    6,        -11.89,          3.30,       1.18,      11.80,     38.93,          0.79
        -11,          2,    7,        -11.39,          3.30,       1.22,      12.13,     40.04,          0.78
        -11,          3,    1,        -14.19,          3.30,       1.03,      10.36,     34.18,          1.81
        -11,          3,    2,        -12.87,          3.30,       1.09,      10.90,     35.95,          1.33
        -11,          3,    3,        -11.78,          3.30,       1.14,      11.43,     37.72,          1.17
        -11,          3,    4,        -10.95,          3.30,       1.18,      11.82,     38.97,          1.16
        -11,          3,    5,        -10.44,          3.30,       1.22,      12.21,     40.30,          1.10
        -11,          3,    6,         -9.92,          3.30,       1.26,      12.63,     41.64,          1.06
        -11,          3,    7,         -9.49,          3.30,       1.30,      12.99,     42.86,          1.04
        -11,          4,    1,        -12.08,          3.30,       1.10,      10.98,     36.25,          2.12
        -11,          4,    2,        -10.97,          3.30,       1.16,      11.60,     38.26,          1.62
        -11,          4,    3,        -10.08,          3.30,       1.21,      12.13,     40.02,          1.47
        -11,          4,    4,         -9.41,          3.30,       1.26,      12.57,     41.47,          1.41
        -11,          4,    5,         -8.92,          3.30,       1.30,      13.03,     42.98,          1.33
        -11,          4,    6,         -8.50,          3.30,       1.34,      13.44,     44.34,          1.28
        -11,          4,    7,         -8.13,          3.30,       1.38,      13.80,     45.51,          1.26
        -11,          5,    1,        -10.07,          3.30,       1.19,      11.87,     39.17,          2.49
        -11,          5,    2,         -8.98,          3.30,       1.25,      12.54,     41.37,          2.05
        -11,          5,    3,         -8.19,          3.30,       1.31,      13.14,     43.36,          1.86
        -11,          5,    4,         -7.65,          3.30,       1.36,      13.59,     44.84,          1.78
        -11,          5,    5,         -7.25,          3.30,       1.41,      14.09,     46.46,          1.67
        -11,          5,    6,         -6.93,          3.30,       1.45,      14.51,     47.85,          1.60
        -11,          5,    7,         -6.61,          3.30,       1.49,      14.90,     49.13,          1.57
        -11,          6,    1,         -8.69,          3.30,       1.27,      12.67,     41.79,          3.54
        -11,          6,    2,         -7.66,          3.30,       1.34,      13.42,     44.26,          2.72
        -11,          6,    3,         -6.97,          3.30,       1.40,      14.01,     46.22,          2.44
        -11,          6,    4,         -6.51,          3.30,       1.46,      14.59,     48.10,          2.20
        -11,          6,    5,         -6.14,          3.30,       1.50,      14.98,     49.42,          2.12
        -11,          6,    6,         -5.88,          3.30,       1.54,      15.44,     50.92,          1.99
        -11,          6,    7,         -5.66,          3.30,       1.58,      15.82,     52.19,          1.91
        -11,          7,    1,         -7.51,          3.30,       1.35,      13.48,     44.46,          3.82
        -11,          7,    2,         -6.53,          3.30,       1.43,      14.32,     47.24,          2.99
        -11,          7,    3,         -5.89,          3.30,       1.50,      14.99,     49.45,          2.67
        -11,          7,    4,         -5.49,          3.30,       1.56,      15.55,     51.28,          2.46
        -11,          7,    5,         -5.14,          3.30,       1.61,      16.06,     52.98,          2.32
        -11,          7,    6,         -4.97,          3.30,       1.65,      16.48,     54.33,          2.19
        -11,          7,    7,         -4.74,          3.30,       1.69,      16.91,     55.75,          2.11
        -10,          1,    1,        -19.18,          3.30,       0.95,       9.51,     31.37,          0.70
        -10,          1,    2,        -17.36,          3.30,       0.99,       9.91,     32.68,          0.61
        -10,          1,    3,        -15.89,          3.30,       1.03,      10.28,     33.92,          0.60
        -10,          1,    4,        -14.90,          3.30,       1.06,      10.64,     35.11,          0.59
        -10,          1,    5,        -13.99,          3.30,       1.11,      11.09,     36.57,          0.58
        -10,          1,    6,        -13.36,          3.30,       1.14,      11.38,     37.52,          0.59
        -10,          1,    7,        -12.79,          3.30,       1.17,      11.72,     38.65,          0.58
        -10,          2,    1,        -16.65,          3.30,       0.99,       9.91,     32.70,          1.39
        -10,          2,    2,        -15.02,          3.30,       1.03,      10.33,     34.07,          1.08
        -10,          2,    3,        -13.71,          3.30,       1.08,      10.80,     35.63,          0.95
        -10,          2,    4,        -12.80,          3.30,       1.12,      11.25,     37.09,          0.88
        -10,          2,    5,        -12.03,          3.30,       1.16,      11.64,     38.41,          0.86
        -10,          2,    6,        -11.48,          3.30,       1.20,      12.00,     39.59,          0.84
        -10,          2,    7,        -10.98,          3.30,       1.24,      12.38,     40.84,          0.82
        -10,          3,    1,        -13.74,          3.30,       1.05,      10.51,     34.67,          1.97
        -10,          3,    2,        -12.34,          3.30,       1.11,      11.12,     36.69,          1.40
        -10,          3,    3,        -11.33,          3.30,       1.16,      11.59,     38.25,          1.29
        -10,          3,    4,        -10.53,          3.30,       1.21,      12.07,     39.83,          1.21
        -10,          3,    5,        -10.03,          3.30,       1.25,      12.46,     41.12,          1.15
        -10,          3,    6,         -9.51,          3.30,       1.29,      12.89,     42.50,          1.12
        -10,          3,    7,         -9.02,          3.30,       1.33,      13.25,     43.72,          1.12
        -10,          4,    1,        -11.70,          3.30,       1.13,      11.27,     37.16,          2.07
        -10,          4,    2,        -10.52,          3.30,       1.18,      11.82,     39.00,          1.74
        -10,          4,    3,         -9.64,          3.30,       1.23,      12.36,     40.78,          1.58
        -10,          4,    4,         -9.00,          3.30,       1.28,      12.86,     42.40,          1.48
        -10,          4,    5,         -8.42,          3.30,       1.33,      13.30,     43.89,          1.44
        -10,          4,    6,         -8.07,          3.30,       1.37,      13.71,     45.23,          1.38
        -10,          4,    7,         -7.70,          3.30,       1.41,      14.12,     46.59,          1.34
        -10,          5,    1,         -9.58,          3.30,       1.21,      12.12,     39.99,          2.81
        -10,          5,    2,         -8.52,          3.30,       1.29,      12.89,     42.50,          2.19
        -10,          5,    3,         -7.75,          3.30,       1.35,      13.45,     44.38,          2.02
        -10,          5,    4,         -7.20,          3.30,       1.40,      13.93,     45.95,          1.93
        -10,          5,    5,         -6.81,          3.30,       1.44,      14.46,     47.69,          1.80
        -10,          5,    6,         -6.44,          3.30,       1.49,      14.84,     48.95,          1.76
        -10,          5,    7,         -6.15,          3.30,       1.53,      15.28,     50.39,          1.69
        -10,          6,    1,         -8.21,          3.30,       1.30,      12.97,     42.77,          3.80
        -10,          6,    2,         -7.20,          3.30,       1.37,      13.72,     45.24,          2.96
        -10,          6,    3,         -6.50,          3.30,       1.44,      14.37,     47.40,          2.60
        -10,          6,    4,         -6.03,          3.30,       1.49,      14.92,     49.21,          2.39
        -10,          6,    5,         -5.71,          3.30,       1.54,      15.37,     50.70,          2.26
        -10,          6,    6,         -5.42,          3.30,       1.58,      15.81,     52.15,          2.15
        -10,          6,    7,         -5.21,          3.30,       1.63,      16.22,     53.49,          2.05
        -10,          7,    1,         -7.07,          3.30,       1.38,      13.79,     45.50,          4.19
        -10,          7,    2,         -6.05,          3.30,       1.47,      14.71,     48.52,          3.22
        -10,          7,    3,         -5.40,          3.30,       1.54,      15.40,     50.79,          2.89
        -10,          7,    4,         -5.03,          3.30,       1.60,      16.00,     52.75,          2.63
        -10,          7,    5,         -4.71,          3.30,       1.65,      16.54,     54.55,          2.46
        -10,          7,    6,         -4.47,          3.30,       1.69,      16.93,     55.83,          2.38
        -10,          7,    7,         -4.26,          3.30,       1.74,      17.38,     57.31,          2.27
         -9,          1,    1,        -18.53,          3.30,       0.96,       9.63,     31.76,          0.75
         -9,          1,    2,        -16.88,          3.30,       1.00,      10.00,     32.99,          0.66
         -9,          1,    3,        -15.42,          3.30,       1.04,      10.42,     34.39,          0.64
         -9,          1,    4,        -14.38,          3.30,       1.08,      10.75,     35.47,          0.65
         -9,          1,    5,        -13.53,          3.30,       1.12,      11.17,     36.87,          0.63
         -9,          1,    6,        -12.87,          3.30,       1.16,      11.55,     38.09,          0.63
         -9,          1,    7,        -12.28,          3.30,       1.19,      11.91,     39.29,          0.63
         -9,          2,    1,        -16.05,          3.30,       1.00,      10.03,     33.08,          1.59
         -9,          2,    2,        -14.42,          3.30,       1.05,      10.47,     34.55,          1.19
         -9,          2,    3,        -13.27,          3.30,       1.10,      10.96,     36.16,          1.01
         -9,          2,    4,        -12.29,          3.30,       1.14,      11.45,     37.78,          0.94
         -9,          2,    5,        -11.56,          3.30,       1.18,      11.80,     38.94,          0.94
         -9,          2,    6,        -11.00,          3.30,       1.22,      12.21,     40.27,          0.91
         -9,          2,    7,        -10.47,          3.30,       1.26,      12.59,     41.54,          0.90
         -9,          3,    1,        -13.14,          3.30,       1.07,      10.72,     35.38,          2.02
         -9,          3,    2,        -11.87,          3.30,       1.13,      11.30,     37.27,          1.52
         -9,          3,    3,        -10.86,          3.30,       1.18,      11.84,     39.05,          1.35
         -9,          3,    4,        -10.10,          3.30,       1.23,      12.25,     40.43,          1.31
         -9,          3,    5,         -9.55,          3.30,       1.27,      12.74,     42.03,          1.23
         -9,          3,    6,         -8.94,          3.30,       1.31,      13.12,     43.28,          1.24
         -9,          3,    7,         -8.54,          3.30,       1.35,      13.48,     44.46,          1.22
         -9,          4,    1,        -11.17,          3.30,       1.15,      11.47,     37.84,          2.27
         -9,          4,    2,         -9.96,          3.30,       1.21,      12.04,     39.73,          1.92
         -9,          4,    3,         -9.08,          3.30,       1.26,      12.64,     41.69,          1.71
         -9,          4,    4,         -8.41,          3.30,       1.32,      13.15,     43.36,          1.62
         -9,          4,    5,         -7.95,          3.30,       1.36,      13.60,     44.83,          1.55
         -9,          4,    6,         -7.50,          3.30,       1.40,      14.02,     46.25,          1.51
         -9,          4,    7,         -7.12,          3.30,       1.45,      14.49,     47.78,          1.46
         -9,          5,    1,         -9.03,          3.30,       1.24,      12.41,     40.92,          2.99
         -9,          5,    2,         -7.97,          3.30,       1.32,      13.17,     43.43,          2.39
         -9,          5,    3,         -7.17,          3.30,       1.38,      13.80,     45.52,          2.19
         -9,          5,    4,         -6.64,          3.30,       1.43,      14.33,     47.27,          2.06
         -9,          5,    5,         -6.19,          3.30,       1.48,      14.81,     48.83,          1.99
         -9,          5,    6,         -5.88,          3.30,       1.52,      15.24,     50.28,          1.91
         -9,          5,    7,         -5.59,          3.30,       1.56,      15.66,     51.65,          1.85
         -9,          6,    1,         -7.63,          3.30,       1.33,      13.32,     43.94,          4.00
         -9,          6,    2,         -6.58,          3.30,       1.41,      14.12,     46.58,          3.16
         -9,          6,    3,         -5.91,          3.30,       1.48,      14.84,     48.95,          2.75
         -9,          6,    4,         -5.49,          3.30,       1.53,      15.34,     50.58,          2.58
         -9,          6,    5,         -5.15,          3.30,       1.58,      15.83,     52.20,          2.43
         -9,          6,    6,         -4.83,          3.30,       1.63,      16.29,     53.72,          2.34
         -9,          6,    7,         -4.62,          3.30,       1.67,      16.74,     55.21,          2.22
         -9,          7,    1,         -6.44,          3.30,       1.42,      14.23,     46.93,          4.61
         -9,          7,    2,         -5.44,          3.30,       1.52,      15.15,     49.95,          3.60
         -9,          7,    3,         -4.86,          3.30,       1.59,      15.89,     52.41,          3.14
         -9,          7,    4,         -4.43,          3.30,       1.65,      16.52,     54.47,          2.90
         -9,          7,    5,         -4.14,          3.30,       1.70,      17.00,     56.05,          2.75
         -9,          7,    6,         -3.89,          3.30,       1.75,      17.44,     57.52,          2.63
         -9,          7,    7,         -3.70,          3.30,       1.80,      17.97,     59.28,          2.47
         -8,          1,    1,        -18.33,          3.30,       0.97,       9.69,     31.96,          0.72
         -8,          1,    2,        -16.47,          3.30,       1.01,      10.10,     33.33,          0.66
         -8,          1,    3,        -15.09,          3.30,       1.05,      10.50,     34.66,          0.65
         -8,          1,    4,        -14.00,          3.30,       1.09,      10.92,     36.02,          0.65
         -8,          1,    5,        -13.14,          3.30,       1.13,      11.28,     37.23,          0.66
         -8,          1,    6,        -12.49,          3.30,       1.17,      11.68,     38.52,          0.65
         -8,          1,    7,        -11.89,          3.30,       1.20,      12.00,     39.60,          0.67
         -8,          2,    1,        -15.70,          3.30,       1.01,      10.12,     33.41,          1.66
         -8,          2,    2,        -14.19,          3.30,       1.06,      10.59,     34.95,          1.21
         -8,          2,    3,        -12.90,          3.30,       1.11,      11.09,     36.60,          1.07
         -8,          2,    4,        -11.95,          3.30,       1.16,      11.55,     38.10,          1.01
         -8,          2,    5,        -11.20,          3.30,       1.19,      11.96,     39.46,          0.99
         -8,          2,    6,        -10.62,          3.30,       1.23,      12.37,     40.80,          0.96
         -8,          2,    7,        -10.13,          3.30,       1.27,      12.72,     41.96,          0.96
         -8,          3,    1,        -12.76,          3.30,       1.09,      10.87,     35.86,          2.16
         -8,          3,    2,        -11.50,          3.30,       1.14,      11.43,     37.71,          1.65
         -8,          3,    3,        -10.48,          3.30,       1.20,      11.97,     39.49,          1.47
         -8,          3,    4,         -9.67,          3.30,       1.24,      12.40,     40.92,          1.44
         -8,          3,    5,         -9.11,          3.30,       1.30,      12.92,     42.62,          1.33
         -8,          3,    6,         -8.61,          3.30,       1.33,      13.31,     43.91,          1.31
         -8,          3,    7,         -8.15,          3.30,       1.37,      13.71,     45.24,          1.29
         -8,          4,    1,        -10.72,          3.30,       1.16,      11.64,     38.39,          2.45
         -8,          4,    2,         -9.55,          3.30,       1.22,      12.24,     40.38,          2.04
         -8,          4,    3,         -8.71,          3.30,       1.29,      12.87,     42.45,          1.79
         -8,          4,    4,         -8.04,          3.30,       1.34,      13.37,     44.09,          1.72
         -8,          4,    5,         -7.51,          3.30,       1.38,      13.81,     45.55,          1.67
         -8,          4,    6,         -7.10,          3.30,       1.43,      14.29,     47.13,          1.60
         -8,          4,    7,         -6.70,          3.30,       1.47,      14.73,     48.57,          1.57
         -8,          5,    1,         -8.62,          3.30,       1.27,      12.68,     41.84,          3.08
         -8,          5,    2,         -7.52,          3.30,       1.34,      13.42,     44.28,          2.56
         -8,          5,    3,         -6.78,          3.30,       1.40,      14.04,     46.32,          2.35
         -8,          5,    4,         -6.21,          3.30,       1.46,      14.62,     48.22,          2.21
         -8,          5,    5,         -5.82,          3.30,       1.51,      15.10,     49.78,          2.11
         -8,          5,    6,         -5.49,          3.30,       1.56,      15.56,     51.31,          2.03
         -8,          5,    7,         -5.20,          3.30,       1.60,      15.95,     52.59,          1.98
         -8,          6,    1,         -7.18,          3.30,       1.36,      13.59,     44.85,          4.24
         -8,          6,    2,         -6.16,          3.30,       1.44,      14.43,     47.58,          3.34
         -8,          6,    3,         -5.52,          3.30,       1.51,      15.11,     49.83,          2.96
         -8,          6,    4,         -5.08,          3.30,       1.56,      15.67,     51.69,          2.74
         -8,          6,    5,         -4.73,          3.30,       1.62,      16.19,     53.40,          2.57
         -8,          6,    6,         -4.46,          3.30,       1.66,      16.65,     54.91,          2.46
         -8,          6,    7,         -4.23,          3.30,       1.71,      17.07,     56.29,          2.36
         -8,          7,    1,         -6.02,          3.30,       1.46,      14.58,     48.09,          4.67
         -8,          7,    2,         -5.04,          3.30,       1.55,      15.52,     51.18,          3.71
         -8,          7,    3,         -4.42,          3.30,       1.63,      16.33,     53.84,          3.26
         -8,          7,    4,         -4.05,          3.30,       1.69,      16.84,     55.52,          3.08
         -8,          7,    5,         -3.73,          3.30,       1.74,      17.40,     57.40,          2.89
         -8,          7,    6,         -3.50,          3.30,       1.80,      17.95,     59.19,          2.72
         -8,          7,    7,         -3.31,          3.30,       1.84,      18.43,     60.76,          2.59
         -7,          1,    1,        -17.84,          3.30,       0.98,       9.75,     32.15,          0.88
         -7,          1,    2,        -16.01,          3.30,       1.02,      10.17,     33.58,          0.76
         -7,          1,    3,        -14.62,          3.30,       1.06,      10.63,     35.07,          0.72
         -7,          1,    4,        -13.53,          3.30,       1.11,      11.07,     36.52,          0.71
         -7,          1,    5,        -12.82,          3.30,       1.14,      11.43,     37.72,          0.70
         -7,          1,    6,        -12.02,          3.30,       1.18,      11.79,     38.89,          0.73
         -7,          1,    7,        -11.47,          3.30,       1.22,      12.14,     40.06,          0.73
         -7,          2,    1,        -15.27,          3.30,       1.03,      10.23,     33.75,          1.85
         -7,          2,    2,        -13.62,          3.30,       1.07,      10.72,     35.39,          1.34
         -7,          2,    3,        -12.42,          3.30,       1.13,      11.29,     37.24,          1.12
         -7,          2,    4,        -11.37,          3.30,       1.17,      11.70,     38.60,          1.13
         -7,          2,    5,        -10.78,          3.30,       1.22,      12.14,     40.07,          1.05
         -7,          2,    6,        -10.16,          3.30,       1.26,      12.56,     41.45,          1.04
         -7,          2,    7,         -9.63,          3.30,       1.30,      12.95,     42.70,          1.03
         -7,          3,    1,        -12.31,          3.30,       1.10,      11.03,     36.37,          2.29
         -7,          3,    2,        -10.97,          3.30,       1.16,      11.64,     38.40,          1.74
         -7,          3,    3,         -9.95,          3.30,       1.22,      12.20,     40.23,          1.58
         -7,          3,    4,         -9.23,          3.30,       1.27,      12.67,     41.79,          1.50
         -7,          3,    5,         -8.61,          3.30,       1.31,      13.11,     43.26,          1.46
         -7,          3,    6,         -8.14,          3.30,       1.36,      13.58,     44.81,          1.40
         -7,          3,    7,         -7.73,          3.30,       1.39,      13.93,     45.93,          1.39
         -7,          4,    1,        -10.22,          3.30,       1.19,      11.85,     39.09,          2.63
         -7,          4,    2,         -9.07,          3.30,       1.25,      12.48,     41.17,          2.17
         -7,          4,    3,         -8.17,          3.30,       1.31,      13.10,     43.21,          1.97
         -7,          4,    4,         -7.54,          3.30,       1.36,      13.62,     44.91,          1.87
         -7,          4,    5,         -7.01,          3.30,       1.41,      14.11,     46.53,          1.80
         -7,          4,    6,         -6.60,          3.30,       1.46,      14.60,     48.15,          1.72
         -7,          4,    7,         -6.22,          3.30,       1.50,      15.00,     49.47,          1.71
         -7,          5,    1,         -8.11,          3.30,       1.30,      12.96,     42.73,          3.41
         -7,          5,    2,         -7.00,          3.30,       1.37,      13.71,     45.22,          2.84
         -7,          5,    3,         -6.22,          3.30,       1.44,      14.40,     47.50,          2.57
         -7,          5,    4,         -5.69,          3.30,       1.50,      14.95,     49.31,          2.43
         -7,          5,    5,         -5.32,          3.30,       1.55,      15.46,     50.96,          2.30
         -7,          5,    6,         -4.98,          3.30,       1.59,      15.96,     52.64,          2.20
         -7,          5,    7,         -4.71,          3.30,       1.64,      16.41,     54.11,          2.13
         -7,          6,    1,         -6.66,          3.30,       1.39,      13.93,     45.94,          4.59
         -7,          6,    2,         -5.65,          3.30,       1.48,      14.82,     48.90,          3.56
         -7,          6,    3,         -5.01,          3.30,       1.55,      15.54,     51.25,          3.15
         -7,          6,    4,         -4.55,          3.30,       1.61,      16.14,     53.24,          2.92
         -7,          6,    5,         -4.22,          3.30,       1.67,      16.64,     54.88,          2.78
         -7,          6,    6,         -3.96,          3.30,       1.71,      17.07,     56.28,          2.67
         -7,          6,    7,         -3.73,          3.30,       1.76,      17.53,     57.80,          2.56
         -7,          7,    1,         -5.49,          3.30,       1.50,      15.01,     49.51,          4.90
         -7,          7,    2,         -4.53,          3.30,       1.60,      15.99,     52.75,          3.91
         -7,          7,    3,         -3.89,          3.30,       1.68,      16.75,     55.25,          3.55
         -7,          7,    4,         -3.50,          3.30,       1.74,      17.33,     57.17,          3.32
         -7,          7,    5,         -3.19,          3.30,       1.80,      17.97,     59.25,          3.09
         -7,          7,    6,         -2.96,          3.30,       1.85,      18.50,     60.98,          2.93
         -7,          7,    7,         -2.75,          3.30,       1.90,      18.97,     62.55,          2.82
         -6,          1,    1,        -17.30,          3.30,       0.99,       9.90,     32.67,          0.84
         -6,          1,    2,        -15.57,          3.30,       1.03,      10.29,     33.96,          0.79
         -6,          1,    3,        -14.17,          3.30,       1.07,      10.72,     35.37,          0.78
         -6,          1,    4,        -13.10,          3.30,       1.12,      11.19,     36.91,          0.76
         -6,          1,    5,        -12.39,          3.30,       1.16,      11.56,     38.14,          0.75
         -6,          1,    6,        -11.71,          3.30,       1.20,      11.95,     39.42,          0.75
         -6,          1,    7,        -11.15,          3.30,       1.23,      12.26,     40.46,          0.77
         -6,          2,    1,        -14.80,          3.30,       1.03,      10.31,     34.03,          2.16
         -6,          2,    2,        -13.22,          3.30,       1.08,      10.89,     35.92,          1.39
         -6,          2,    3,        -12.03,          3.30,       1.14,      11.40,     37.60,          1.23
         -6,          2,    4,        -11.08,          3.30,       1.19,      11.87,     39.17,          1.17
         -6,          2,    5,        -10.33,          3.30,       1.23,      12.31,     40.62,          1.14
         -6,          2,    6,         -9.75,          3.30,       1.28,      12.76,     42.09,          1.11
         -6,          2,    7,         -9.29,          3.30,       1.31,      13.15,     43.36,          1.08
         -6,          3,    1,        -11.88,          3.30,       1.12,      11.22,     37.02,          2.28
         -6,          3,    2,        -10.57,          3.30,       1.18,      11.79,     38.90,          1.86
         -6,          3,    3,         -9.54,          3.30,       1.24,      12.39,     40.87,          1.66
         -6,          3,    4,         -8.75,          3.30,       1.29,      12.92,     42.61,          1.58
         -6,          3,    5,         -8.18,          3.30,       1.34,      13.36,     44.05,          1.54
         -6,          3,    6,         -7.73,          3.30,       1.38,      13.77,     45.44,          1.50
         -6,          3,    7,         -7.30,          3.30,       1.42,      14.19,     46.79,          1.48
         -6,          4,    1,         -9.77,          3.30,       1.20,      12.01,     39.61,          2.84
         -6,          4,    2,         -8.59,          3.30,       1.27,      12.73,     42.00,          2.27
         -6,          4,    3,         -7.75,          3.30,       1.34,      13.35,     44.04,          2.06
         -6,          4,    4,         -7.09,          3.30,       1.39,      13.92,     45.91,          1.95
         -6,          4,    5,         -6.60,          3.30,       1.44,      14.40,     47.50,          1.89
         -6,          4,    6,         -6.16,          3.30,       1.49,      14.87,     49.05,          1.84
         -6,          4,    7,         -5.77,          3.30,       1.53,      15.29,     50.45,          1.82
         -6,          5,    1,         -7.63,          3.30,       1.32,      13.23,     43.65,          3.53
         -6,          5,    2,         -6.57,          3.30,       1.40,      14.02,     46.26,          2.94
         -6,          5,    3,         -5.78,          3.30,       1.47,      14.72,     48.55,          2.70
         -6,          5,    4,         -5.26,          3.30,       1.53,      15.32,     50.53,          2.53
         -6,          5,    5,         -4.84,          3.30,       1.59,      15.81,     52.15,          2.45
         -6,          5,    6,         -4.54,          3.30,       1.63,      16.32,     53.81,          2.33
         -6,          5,    7,         -4.28,          3.30,       1.67,      16.74,     55.21,          2.27
         -6,          6,    1,         -6.20,          3.30,       1.42,      14.24,     46.97,          4.86
         -6,          6,    2,         -5.16,          3.30,       1.52,      15.19,     50.11,          3.77
         -6,          6,    3,         -4.56,          3.30,       1.59,      15.91,     52.45,          3.36
         -6,          6,    4,         -4.11,          3.30,       1.65,      16.49,     54.38,          3.14
         -6,          6,    5,         -3.77,          3.30,       1.70,      16.99,     56.02,          3.00
         -6,          6,    6,         -3.50,          3.30,       1.75,      17.52,     57.75,          2.84
         -6,          6,    7,         -3.26,          3.30,       1.80,      18.02,     59.42,          2.72
         -6,          7,    1,         -5.03,          3.30,       1.54,      15.38,     50.72,          5.24
         -6,          7,    2,         -4.06,          3.30,       1.64,      16.42,     54.15,          4.17
         -6,          7,    3,         -3.44,          3.30,       1.72,      17.18,     56.65,          3.80
         -6,          7,    4,         -3.04,          3.30,       1.79,      17.86,     58.89,          3.50
         -6,          7,    5,         -2.74,          3.30,       1.85,      18.48,     60.95,          3.28
         -6,          7,    6,         -2.50,          3.30,       1.90,      19.00,     62.64,          3.14
         -6,          7,    7,         -2.29,          3.30,       1.95,      19.51,     64.31,          3.02
         -5,          1,    1,        -16.91,          3.30,       0.99,       9.95,     32.84,          1.03
         -5,          1,    2,        -15.18,          3.30,       1.04,      10.42,     34.36,          0.87
         -5,          1,    3,        -13.78,          3.30,       1.09,      10.87,     35.86,          0.84
         -5,          1,    4,        -12.78,          3.30,       1.14,      11.35,     37.45,          0.80
         -5,          1,    5,        -11.92,          3.30,       1.17,      11.72,     38.66,          0.82
         -5,          1,    6,        -11.29,          3.30,       1.21,      12.06,     39.79,          0.83
         -5,          1,    7,        -10.69,          3.30,       1.25,      12.47,     41.14,          0.83
         -5,          2,    1,        -14.35,          3.30,       1.05,      10.47,     34.53,          2.22
         -5,          2,    2,        -12.76,          3.30,       1.10,      11.02,     36.35,          1.53
         -5,          2,    3,        -11.62,          3.30,       1.15,      11.54,     38.07,          1.33
         -5,          2,    4,        -10.73,          3.30,       1.21,      12.04,     39.71,          1.24
         -5,          2,    5,         -9.92,          3.30,       1.25,      12.49,     41.19,          1.23
         -5,          2,    6,         -9.32,          3.30,       1.30,      12.93,     42.66,          1.20
         -5,          2,    7,         -8.81,          3.30,       1.33,      13.36,     44.06,          1.18
         -5,          3,    1,        -11.47,          3.30,       1.14,      11.36,     37.48,          2.51
         -5,          3,    2,        -10.12,          3.30,       1.20,      12.00,     39.58,          1.97
         -5,          3,    3,         -9.16,          3.30,       1.26,      12.57,     41.46,          1.78
         -5,          3,    4,         -8.37,          3.30,       1.31,      13.12,     43.29,          1.68
         -5,          3,    5,         -7.75,          3.30,       1.36,      13.58,     44.80,          1.65
         -5,          3,    6,         -7.27,          3.30,       1.40,      14.02,     46.24,          1.62
         -5,          3,    7,         -6.82,          3.30,       1.45,      14.45,     47.67,          1.60
         -5,          4,    1,         -9.35,          3.30,       1.22,      12.25,     40.42,          3.03
         -5,          4,    2,         -8.17,          3.30,       1.30,      12.98,     42.83,          2.44
         -5,          4,    3,         -7.33,          3.30,       1.36,      13.61,     44.88,          2.23
         -5,          4,    4,         -6.65,          3.30,       1.42,      14.17,     46.75,          2.12
         -5,          4,    5,         -6.09,          3.30,       1.47,      14.73,     48.57,          2.05
         -5,          4,    6,         -5.70,          3.30,       1.52,      15.16,     50.01,          2.00
         -5,          4,    7,         -5.38,          3.30,       1.56,      15.66,     51.65,          1.92
         -5,          5,    1,         -7.17,          3.30,       1.35,      13.47,     44.42,          3.84
         -5,          5,    2,         -6.08,          3.30,       1.43,      14.33,     47.28,          3.14
         -5,          5,    3,         -5.34,          3.30,       1.51,      15.08,     49.72,          2.84
         -5,          5,    4,         -4.83,          3.30,       1.57,      15.63,     51.57,          2.71
         -5,          5,    5,         -4.43,          3.30,       1.62,      16.21,     53.46,          2.57
         -5,          5,    6,         -4.12,          3.30,       1.67,      16.70,     55.08,          2.48
         -5,          5,    7,         -3.85,          3.30,       1.71,      17.15,     56.56,          2.40
         -5,          6,    1,         -5.73,          3.30,       1.46,      14.60,     48.14,          5.25
         -5,          6,    2,         -4.73,          3.30,       1.56,      15.56,     51.33,          4.06
         -5,          6,    3,         -4.09,          3.30,       1.63,      16.34,     53.90,          3.59
         -5,          6,    4,         -3.65,          3.30,       1.69,      16.91,     55.77,          3.39
         -5,          6,    5,         -3.31,          3.30,       1.75,      17.43,     57.49,          3.23
         -5,          6,    6,         -3.02,          3.30,       1.80,      18.00,     59.36,          3.06
         -5,          6,    7,         -2.80,          3.30,       1.85,      18.49,     60.98,          2.92
         -5,          7,    1,         -4.56,          3.30,       1.57,      15.76,     51.97,          5.64
         -5,          7,    2,         -3.59,          3.30,       1.68,      16.83,     55.51,          4.49
         -5,          7,    3,         -2.98,          3.30,       1.77,      17.64,     58.16,          4.06
         -5,          7,    4,         -2.55,          3.30,       1.84,      18.40,     60.67,          3.73
         -5,          7,    5,         -2.27,          3.30,       1.90,      18.96,     62.54,          3.54
         -5,          7,    6,         -2.04,          3.30,       1.95,      19.50,     64.30,          3.38
         -5,          7,    7,         -1.84,          3.30,       2.00,      20.04,     66.06,          3.22
         -4,          1,    1,        -16.39,          3.30,       1.01,      10.07,     33.22,          1.18
         -4,          1,    2,        -14.58,          3.30,       1.05,      10.53,     34.74,          1.00
         -4,          1,    3,        -13.26,          3.30,       1.10,      11.06,     36.47,          0.91
         -4,          1,    4,        -12.28,          3.30,       1.15,      11.46,     37.82,          0.90
         -4,          1,    5,        -11.45,          3.30,       1.19,      11.86,     39.14,          0.91
         -4,          1,    6,        -10.81,          3.30,       1.23,      12.29,     40.54,          0.89
         -4,          1,    7,        -10.29,          3.30,       1.27,      12.68,     41.83,          0.89
         -4,          2,    1,        -13.82,          3.30,       1.06,      10.58,     34.89,          2.59
         -4,          2,    2,        -12.31,          3.30,       1.12,      11.19,     36.93,          1.61
         -4,          2,    3,        -11.08,          3.30,       1.18,      11.79,     38.89,          1.39
         -4,          2,    4,        -10.19,          3.30,       1.23,      12.25,     40.40,          1.35
         -4,          2,    5,         -9.46,          3.30,       1.27,      12.72,     41.98,          1.30
         -4,          2,    6,         -8.87,          3.30,       1.31,      13.12,     43.27,          1.30
         -4,          2,    7,         -8.35,          3.30,       1.36,      13.56,     44.74,          1.28
         -4,          3,    1,        -10.94,          3.30,       1.16,      11.56,     38.13,          2.66
         -4,          3,    2,         -9.63,          3.30,       1.22,      12.22,     40.32,          2.09
         -4,          3,    3,         -8.53,          3.30,       1.29,      12.88,     42.48,          1.91
         -4,          3,    4,         -7.84,          3.30,       1.34,      13.37,     44.12,          1.83
         -4,          3,    5,         -7.24,          3.30,       1.39,      13.86,     45.71,          1.78
         -4,          3,    6,         -6.75,          3.30,       1.44,      14.37,     47.40,          1.72
         -4,          3,    7,         -6.30,          3.30,       1.48,      14.79,     48.77,          1.72
         -4,          4,    1,         -8.84,          3.30,       1.25,      12.51,     41.27,          3.37
         -4,          4,    2,         -7.65,          3.30,       1.33,      13.26,     43.74,          2.71
         -4,          4,    3,         -6.76,          3.30,       1.39,      13.91,     45.87,          2.49
         -4,          4,    4,         -6.09,          3.30,       1.45,      14.54,     47.96,          2.33
         -4,          4,    5,         -5.61,          3.30,       1.51,      15.07,     49.69,          2.24
         -4,          4,    6,         -5.21,          3.30,       1.55,      15.55,     51.30,          2.17
         -4,          4,    7,         -4.86,          3.30,       1.60,      16.05,     52.92,          2.10
         -4,          5,    1,         -6.59,          3.30,       1.38,      13.80,     45.53,          4.19
         -4,          5,    2,         -5.52,          3.30,       1.47,      14.73,     48.59,          3.38
         -4,          5,    3,         -4.78,          3.30,       1.55,      15.51,     51.16,          3.06
         -4,          5,    4,         -4.30,          3.30,       1.61,      16.09,     53.06,          2.91
         -4,          5,    5,         -3.90,          3.30,       1.67,      16.68,     55.00,          2.77
         -4,          5,    6,         -3.58,          3.30,       1.72,      17.15,     56.56,          2.69
         -4,          5,    7,         -3.30,          3.30,       1.76,      17.64,     58.15,          2.62
         -4,          6,    1,         -5.21,          3.30,       1.50,      15.02,     49.56,          5.42
         -4,          6,    2,         -4.18,          3.30,       1.60,      16.00,     52.75,          4.36
         -4,          6,    3,         -3.55,          3.30,       1.68,      16.79,     55.38,          3.88
         -4,          6,    4,         -3.11,          3.30,       1.74,      17.42,     57.45,          3.63
         -4,          6,    5,         -2.76,          3.30,       1.81,      18.03,     59.47,          3.42
         -4,          6,    6,         -2.51,          3.30,       1.86,      18.54,     61.14,          3.27
         -4,          6,    7,         -2.25,          3.30,       1.91,      19.05,     62.80,          3.17
         -4,          7,    1,         -4.04,          3.30,       1.63,      16.29,     53.71,          5.98
         -4,          7,    2,         -3.03,          3.30,       1.74,      17.38,     57.31,          4.89
         -4,          7,    3,         -2.40,          3.30,       1.83,      18.30,     60.35,          4.35
         -4,          7,    4,         -2.02,          3.30,       1.90,      19.01,     62.69,          4.04
         -4,          7,    5,         -1.72,          3.30,       1.97,      19.69,     64.94,          3.78
         -4,          7,    6,         -1.51,          3.30,       2.02,      20.17,     66.50,          3.64
         -4,          7,    7,         -1.30,          3.30,       2.07,      20.72,     68.29,          3.50
         -3,          1,    1,        -16.09,          3.30,       1.02,      10.17,     33.56,          1.16
         -3,          1,    2,        -14.33,          3.30,       1.06,      10.63,     35.07,          1.02
         -3,          1,    3,        -12.95,          3.30,       1.12,      11.14,     36.76,          0.95
         -3,          1,    4,        -11.89,          3.30,       1.16,      11.62,     38.32,          0.94
         -3,          1,    5,        -11.18,          3.30,       1.20,      12.03,     39.69,          0.92
         -3,          1,    6,        -10.43,          3.30,       1.24,      12.42,     40.96,          0.95
         -3,          1,    7,         -9.90,          3.30,       1.29,      12.82,     42.28,          0.94
         -3,          2,    1,        -13.40,          3.30,       1.07,      10.72,     35.37,          2.40
         -3,          2,    2,        -11.94,          3.30,       1.13,      11.31,     37.31,          1.67
         -3,          2,    3,        -10.75,          3.30,       1.19,      11.90,     39.26,          1.45
         -3,          2,    4,         -9.81,          3.30,       1.24,      12.38,     40.83,          1.42
         -3,          2,    5,         -9.11,          3.30,       1.29,      12.92,     42.62,          1.34
         -3,          2,    6,         -8.48,          3.30,       1.33,      13.30,     43.87,          1.36
         -3,          2,    7,         -7.97,          3.30,       1.38,      13.77,     45.40,          1.34
         -3,          3,    1,        -10.58,          3.30,       1.17,      11.74,     38.71,          2.84
         -3,          3,    2,         -9.25,          3.30,       1.24,      12.40,     40.89,          2.26
         -3,          3,    3,         -8.23,          3.30,       1.30,      13.05,     43.05,          2.03
         -3,          3,    4,         -7.47,          3.30,       1.36,      13.56,     44.74,          1.97
         -3,          3,    5,         -6.88,          3.30,       1.41,      14.08,     46.45,          1.90
         -3,          3,    6,         -6.35,          3.30,       1.46,      14.64,     48.27,          1.84
         -3,          3,    7,         -5.97,          3.30,       1.51,      15.02,     49.54,          1.82
         -3,          4,    1,         -8.45,          3.30,       1.27,      12.74,     42.01,          3.39
         -3,          4,    2,         -7.25,          3.30,       1.35,      13.50,     44.51,          2.80
         -3,          4,    3,         -6.37,          3.30,       1.42,      14.18,     46.77,          2.57
         -3,          4,    4,         -5.71,          3.30,       1.48,      14.84,     48.96,          2.40
         -3,          4,    5,         -5.19,          3.30,       1.54,      15.36,     50.67,          2.35
         -3,          4,    6,         -4.80,          3.30,       1.59,      15.86,     52.29,          2.28
         -3,          4,    7,         -4.44,          3.30,       1.64,      16.38,     54.01,          2.22
         -3,          5,    1,         -6.22,          3.30,       1.41,      14.09,     46.48,          4.28
         -3,          5,    2,         -5.16,          3.30,       1.50,      15.01,     49.50,          3.54
         -3,          5,    3,         -4.42,          3.30,       1.58,      15.81,     52.13,          3.22
         -3,          5,    4,         -3.90,          3.30,       1.65,      16.48,     54.34,          3.03
         -3,          5,    5,         -3.48,          3.30,       1.70,      17.01,     56.08,          2.96
         -3,          5,    6,         -3.15,          3.30,       1.75,      17.53,     57.79,          2.87
         -3,          5,    7,         -2.89,          3.30,       1.81,      18.06,     59.55,          2.75
         -3,          6,    1,         -4.78,          3.30,       1.53,      15.35,     50.63,          5.91
         -3,          6,    2,         -3.79,          3.30,       1.64,      16.39,     54.07,          4.61
         -3,          6,    3,         -3.14,          3.30,       1.72,      17.17,     56.62,          4.17
         -3,          6,    4,         -2.70,          3.30,       1.79,      17.87,     58.93,          3.85
         -3,          6,    5,         -2.36,          3.30,       1.85,      18.50,     60.98,          3.63
         -3,          6,    6,         -2.06,          3.30,       1.90,      19.07,     62.87,          3.49
         -3,          6,    7,         -1.85,          3.30,       1.95,      19.53,     64.39,          3.37
         -3,          7,    1,         -3.61,          3.30,       1.67,      16.63,     54.86,          6.47
         -3,          7,    2,         -2.61,          3.30,       1.79,      17.86,     58.88,          5.10
         -3,          7,    3,         -2.01,          3.30,       1.88,      18.75,     61.82,          4.60
         -3,          7,    4,         -1.62,          3.30,       1.95,      19.50,     64.28,          4.26
         -3,          7,    5,         -1.32,          3.30,       2.02,      20.14,     66.39,          4.04
         -3,          7,    6,         -1.08,          3.30,       2.07,      20.68,     68.20,          3.89
         -3,          7,    7,         -0.89,          3.30,       2.13,      21.26,     70.10,          3.71
         -2,          1,    1,        -15.53,          3.30,       1.03,      10.30,     33.99,          1.33
         -2,          1,    2,        -13.81,          3.30,       1.08,      10.81,     35.68,          1.10
         -2,          1,    3,        -12.55,          3.30,       1.14,      11.35,     37.43,          1.00
         -2,          1,    4,        -11.39,          3.30,       1.18,      11.81,     38.94,          1.03
         -2,          1,    5,        -10.71,          3.30,       1.22,      12.22,     40.32,          1.01
         -2,          1,    6,        -10.01,          3.30,       1.27,      12.64,     41.70,          1.02
         -2,          1,    7,         -9.45,          3.30,       1.30,      13.04,     43.02,          1.02
         -2,          2,    1,        -12.99,          3.30,       1.09,      10.91,     35.97,          2.73
         -2,          2,    2,        -11.50,          3.30,       1.16,      11.55,     38.12,          1.77
         -2,          2,    3,        -10.27,          3.30,       1.21,      12.12,     39.99,          1.60
         -2,          2,    4,         -9.37,          3.30,       1.27,      12.67,     41.80,          1.51
         -2,          2,    5,         -8.66,          3.30,       1.31,      13.19,     43.50,          1.45
         -2,          2,    6,         -8.03,          3.30,       1.36,      13.61,     44.90,          1.46
         -2,          2,    7,         -7.47,          3.30,       1.41,      14.05,     46.35,          1.47
         -2,          3,    1,        -10.09,          3.30,       1.20,      11.97,     39.49,          3.12
         -2,          3,    2,         -8.74,          3.30,       1.27,      12.72,     41.97,          2.38
         -2,          3,    3,         -7.78,          3.30,       1.34,      13.35,     44.04,          2.17
         -2,          3,    4,         -6.99,          3.30,       1.39,      13.89,     45.82,          2.11
         -2,          3,    5,         -6.36,          3.30,       1.45,      14.47,     47.74,          2.03
         -2,          3,    6,         -5.86,          3.30,       1.50,      14.95,     49.29,          2.01
         -2,          3,    7,         -5.47,          3.30,       1.54,      15.43,     50.90,          1.95
         -2,          4,    1,         -7.97,          3.30,       1.31,      13.05,     43.03,          3.66
         -2,          4,    2,         -6.80,          3.30,       1.38,      13.83,     45.62,          3.01
         -2,          4,    3,         -5.89,          3.30,       1.46,      14.59,     48.11,          2.73
         -2,          4,    4,         -5.23,          3.30,       1.52,      15.21,     50.14,          2.61
         -2,          4,    5,         -4.74,          3.30,       1.58,      15.76,     51.98,          2.52
         -2,          4,    6,         -4.33,          3.30,       1.63,      16.27,     53.68,          2.46
         -2,          4,    7,         -3.97,          3.30,       1.68,      16.80,     55.40,          2.40
         -2,          5,    1,         -5.72,          3.30,       1.45,      14.53,     47.91,          4.56
         -2,          5,    2,         -4.68,          3.30,       1.55,      15.47,     51.01,          3.80
         -2,          5,    3,         -3.93,          3.30,       1.63,      16.33,     53.85,          3.42
         -2,          5,    4,         -3.42,          3.30,       1.69,      16.91,     55.77,          3.32
         -2,          5,    5,         -3.00,          3.30,       1.75,      17.53,     57.80,          3.18
         -2,          5,    6,         -2.68,          3.30,       1.81,      18.13,     59.77,          3.04
         -2,          5,    7,         -2.42,          3.30,       1.86,      18.65,     61.48,          2.94
         -2,          6,    1,         -4.30,          3.30,       1.59,      15.88,     52.37,          5.96
         -2,          6,    2,         -3.31,          3.30,       1.69,      16.88,     55.66,          4.91
         -2,          6,    3,         -2.68,          3.30,       1.78,      17.75,     58.52,          4.36
         -2,          6,    4,         -2.19,          3.30,       1.84,      18.42,     60.75,          4.14
         -2,          6,    5,         -1.86,          3.30,       1.91,      19.10,     62.99,          3.87
         -2,          6,    6,         -1.58,          3.30,       1.97,      19.67,     64.87,          3.71
         -2,          6,    7,         -1.36,          3.30,       2.02,      20.16,     66.47,          3.59
         -2,          7,    1,         -3.09,          3.30,       1.72,      17.20,     56.72,          6.94
         -2,          7,    2,         -2.11,          3.30,       1.85,      18.46,     60.86,          5.49
         -2,          7,    3,         -1.51,          3.30,       1.94,      19.43,     64.07,          4.90
         -2,          7,    4,         -1.12,          3.30,       2.02,      20.18,     66.54,          4.58
         -2,          7,    5,         -0.80,          3.30,       2.08,      20.82,     68.65,          4.38
         -2,          7,    6,         -0.58,          3.30,       2.14,      21.47,     70.78,          4.14
         -2,          7,    7,         -0.40,          3.30,       2.20,      21.96,     72.40,          4.01
         -1,          1,    1,        -15.04,          3.30,       1.04,      10.41,     34.36,          1.50
         -1,          1,    2,        -13.35,          3.30,       1.10,      10.97,     36.17,          1.18
         -1,          1,    3,        -12.02,          3.30,       1.15,      11.50,     37.96,          1.10
         -1,          1,    4,        -11.00,          3.30,       1.20,      11.99,     39.55,          1.09
         -1,          1,    5,        -10.22,          3.30,       1.24,      12.40,     40.89,          1.10
         -1,          1,    6,         -9.52,          3.30,       1.29,      12.87,     42.45,          1.10
         -1,          1,    7,         -8.97,          3.30,       1.33,      13.26,     43.75,          1.10
         -1,          2,    1,        -12.48,          3.30,       1.11,      11.15,     36.77,          2.58
         -1,          2,    2,        -11.04,          3.30,       1.18,      11.74,     38.73,          1.90
         -1,          2,    3,         -9.79,          3.30,       1.23,      12.34,     40.72,          1.71
         -1,          2,    4,         -8.88,          3.30,       1.29,      12.92,     42.62,          1.61
         -1,          2,    5,         -8.11,          3.30,       1.34,      13.41,     44.22,          1.60
         -1,          2,    6,         -7.51,          3.30,       1.39,      13.87,     45.75,          1.59
         -1,          2,    7,         -6.98,          3.30,       1.43,      14.35,     47.35,          1.57
         -1,          3,    1,         -9.60,          3.30,       1.22,      12.19,     40.22,          3.46
         -1,          3,    2,         -8.23,          3.30,       1.29,      12.96,     42.75,          2.64
         -1,          3,    3,         -7.25,          3.30,       1.36,      13.66,     45.04,          2.36
         -1,          3,    4,         -6.46,          3.30,       1.42,      14.23,     46.94,          2.29
         -1,          3,    5,         -5.84,          3.30,       1.48,      14.82,     48.89,          2.20
         -1,          3,    6,         -5.38,          3.30,       1.53,      15.30,     50.45,          2.16
         -1,          3,    7,         -5.00,          3.30,       1.58,      15.76,     51.98,          2.12
         -1,          4,    1,         -7.44,          3.30,       1.33,      13.34,     44.01,          3.90
         -1,          4,    2,         -6.25,          3.30,       1.42,      14.18,     46.77,          3.22
         -1,          4,    3,         -5.37,          3.30,       1.50,      14.95,     49.31,          2.93
         -1,          4,    4,         -4.72,          3.30,       1.56,      15.59,     51.41,          2.80
         -1,          4,    5,         -4.22,          3.30,       1.62,      16.19,     53.39,          2.70
         -1,          4,    6,         -3.81,          3.30,       1.67,      16.70,     55.08,          2.65
         -1,          4,    7,         -3.45,          3.30,       1.72,      17.21,     56.75,          2.60
         -1,          5,    1,         -5.19,          3.30,       1.49,      14.91,     49.16,          4.85
         -1,          5,    2,         -4.13,          3.30,       1.59,      15.89,     52.42,          4.06
         -1,          5,    3,         -3.38,          3.30,       1.68,      16.76,     55.25,          3.73
         -1,          5,    4,         -2.85,          3.30,       1.74,      17.44,     57.49,          3.56
         -1,          5,    5,         -2.46,          3.30,       1.81,      18.11,     59.70,          3.38
         -1,          5,    6,         -2.14,          3.30,       1.87,      18.65,     61.49,          3.29
         -1,          5,    7,         -1.87,          3.30,       1.92,      19.13,     63.10,          3.22
         -1,          6,    1,         -3.74,          3.30,       1.64,      16.35,     53.92,          6.61
         -1,          6,    2,         -2.74,          3.30,       1.74,      17.39,     57.36,          5.42
         -1,          6,    3,         -2.10,          3.30,       1.84,      18.34,     60.47,          4.76
         -1,          6,    4,         -1.66,          3.30,       1.91,      19.07,     62.86,          4.45
         -1,          6,    5,         -1.32,          3.30,       1.97,      19.74,     65.09,          4.21
         -1,          6,    6,         -1.03,          3.30,       2.03,      20.30,     66.93,          4.07
         -1,          6,    7,         -0.83,          3.30,       2.09,      20.83,     68.67,          3.91
         -1,          7,    1,         -2.54,          3.30,       1.78,      17.77,     58.61,          7.43
         -1,          7,    2,         -1.58,          3.30,       1.91,      19.11,     63.01,          5.84
         -1,          7,    3,         -0.98,          3.30,       2.01,      20.12,     66.34,          5.24
         -1,          7,    4,         -0.55,          3.30,       2.09,      20.92,     68.95,          4.94
         -1,          7,    5,         -0.25,          3.30,       2.16,      21.61,     71.25,          4.69
         -1,          7,    6,         -0.04,          3.30,       2.22,      22.21,     73.21,          4.48
         -1,          7,    7,          0.15,          3.30,       2.28,      22.81,     75.20,          4.29
          0,          1,    1,        -14.58,          3.30,       1.05,      10.50,     34.65,          1.57
          0,          1,    2,        -13.02,          3.30,       1.11,      11.09,     36.57,          1.21
          0,          1,    3,        -11.63,          3.30,       1.16,      11.61,     38.31,          1.17
          0,          1,    4,        -10.59,          3.30,       1.22,      12.12,     39.98,          1.16
          0,          1,    5,         -9.85,          3.30,       1.26,      12.55,     41.41,          1.15
          0,          1,    6,         -9.16,          3.30,       1.31,      13.03,     42.98,          1.15
          0,          1,    7,         -8.58,          3.30,       1.34,      13.42,     44.27,          1.17
          0,          2,    1,        -12.08,          3.30,       1.13,      11.25,     37.11,          2.83
          0,          2,    2,        -10.63,          3.30,       1.19,      11.89,     39.22,          2.01
          0,          2,    3,         -9.37,          3.30,       1.26,      12.56,     41.45,          1.77
          0,          2,    4,         -8.47,          3.30,       1.31,      13.09,     43.17,          1.72
          0,          2,    5,         -7.73,          3.30,       1.36,      13.62,     44.91,          1.69
          0,          2,    6,         -7.14,          3.30,       1.41,      14.08,     46.45,          1.68
          0,          2,    7,         -6.56,          3.30,       1.46,      14.57,     48.06,          1.68
          0,          3,    1,         -9.18,          3.30,       1.24,      12.37,     40.81,          3.66
          0,          3,    2,         -7.87,          3.30,       1.32,      13.16,     43.40,          2.78
          0,          3,    3,         -6.81,          3.30,       1.39,      13.88,     45.77,          2.52
          0,          3,    4,         -6.02,          3.30,       1.45,      14.50,     47.84,          2.42
          0,          3,    5,         -5.44,          3.30,       1.51,      15.07,     49.69,          2.34
          0,          3,    6,         -4.95,          3.30,       1.56,      15.61,     51.47,          2.29
          0,          3,    7,         -4.57,          3.30,       1.61,      16.06,     52.94,          2.26
          0,          4,    1,         -7.04,          3.30,       1.36,      13.58,     44.80,          4.11
          0,          4,    2,         -5.81,          3.30,       1.45,      14.48,     47.77,          3.37
          0,          4,    3,         -4.98,          3.30,       1.53,      15.27,     50.36,          3.06
          0,          4,    4,         -4.30,          3.30,       1.59,      15.90,     52.43,          2.98
          0,          4,    5,         -3.81,          3.30,       1.65,      16.53,     54.52,          2.86
          0,          4,    6,         -3.38,          3.30,       1.71,      17.05,     56.23,          2.83
          0,          4,    7,         -3.05,          3.30,       1.76,      17.56,     57.90,          2.77
          0,          5,    1,         -4.79,          3.30,       1.52,      15.21,     50.17,          5.18
          0,          5,    2,         -3.70,          3.30,       1.63,      16.35,     53.92,          4.20
          0,          5,    3,         -2.95,          3.30,       1.71,      17.13,     56.50,          3.98
          0,          5,    4,         -2.43,          3.30,       1.79,      17.87,     58.93,          3.77
          0,          5,    5,         -2.03,          3.30,       1.85,      18.52,     61.06,          3.63
          0,          5,    6,         -1.72,          3.30,       1.91,      19.10,     62.98,          3.50
          0,          5,    7,         -1.45,          3.30,       1.97,      19.65,     64.79,          3.41
          0,          6,    1,         -3.33,          3.30,       1.67,      16.68,     55.03,          7.18
          0,          6,    2,         -2.31,          3.30,       1.79,      17.90,     59.00,          5.62
          0,          6,    3,         -1.67,          3.30,       1.88,      18.82,     62.06,          5.04
          0,          6,    4,         -1.23,          3.30,       1.96,      19.58,     64.56,          4.70
          0,          6,    5,         -0.89,          3.30,       2.02,      20.25,     66.77,          4.47
          0,          6,    6,         -0.61,          3.30,       2.08,      20.83,     68.68,          4.32
          0,          6,    7,         -0.39,          3.30,       2.14,      21.43,     70.64,          4.14
          0,          7,    1,         -2.08,          3.30,       1.83,      18.27,     60.23,          7.79
          0,          7,    2,         -1.13,          3.30,       1.97,      19.64,     64.75,          6.18
          0,          7,    3,         -0.50,          3.30,       2.07,      20.68,     68.17,          5.60
          0,          7,    4,         -0.12,          3.30,       2.15,      21.50,     70.88,          5.23
          0,          7,    5,          0.17,          3.30,       2.23,      22.24,     73.32,          4.94
          0,          7,    6,          0.41,          3.30,       2.29,      22.88,     75.42,          4.75
          0,          7,    7,          0.59,          3.30,       2.36,      23.54,     77.60,          4.52
          1,          1,    1,        -14.23,          3.30,       0.97,       9.74,     32.14,          1.37
          1,          1,    2,        -12.53,          3.30,       1.02,      10.24,     33.77,          1.27
          1,          1,    3,        -11.19,          3.30,       1.08,      10.76,     35.48,          1.25
          1,          1,    4,        -10.13,          3.30,       1.13,      11.33,     37.38,          1.21
          1,          1,    5,         -9.34,          3.30,       1.18,      11.77,     38.84,          1.23
          1,          1,    6,         -8.71,          3.30,       1.22,      12.20,     40.26,          1.24
          1,          1,    7,         -8.14,          3.30,       1.26,      12.65,     41.73,          1.24
          1,          2,    1,        -11.65,          3.30,       1.04,      10.39,     34.28,          3.30
          1,          2,    2,        -10.15,          3.30,       1.11,      11.06,     36.50,          2.25
          1,          2,    3,         -8.94,          3.30,       1.17,      11.70,     38.61,          1.99
          1,          2,    4,         -8.01,          3.30,       1.23,      12.31,     40.60,          1.89
          1,          2,    5,         -7.28,          3.30,       1.29,      12.87,     42.47,          1.82
          1,          2,    6,         -6.64,          3.30,       1.34,      13.36,     44.06,          1.83
          1,          2,    7,         -6.13,          3.30,       1.39,      13.84,     45.67,          1.81
          1,          3,    1,         -8.70,          3.30,       1.17,      11.68,     38.54,          3.54
          1,          3,    2,         -7.32,          3.30,       1.24,      12.46,     41.11,          2.90
          1,          3,    3,         -6.33,          3.30,       1.32,      13.18,     43.49,          2.66
          1,          3,    4,         -5.58,          3.30,       1.38,      13.82,     45.57,          2.55
          1,          3,    5,         -4.99,          3.30,       1.44,      14.39,     47.47,          2.49
          1,          3,    6,         -4.51,          3.30,       1.50,      14.95,     49.30,          2.43
          1,          3,    7,         -4.13,          3.30,       1.54,      15.43,     50.89,          2.39
          1,          4,    1,         -6.51,          3.30,       1.29,      12.86,     42.43,          4.61
          1,          4,    2,         -5.33,          3.30,       1.38,      13.79,     45.49,          3.71
          1,          4,    3,         -4.48,          3.30,       1.46,      14.64,     48.28,          3.33
          1,          4,    4,         -3.81,          3.30,       1.53,      15.30,     50.48,          3.22
          1,          4,    5,         -3.33,          3.30,       1.59,      15.96,     52.65,          3.08
          1,          4,    6,         -2.90,          3.30,       1.66,      16.56,     54.60,          3.01
          1,          4,    7,         -2.58,          3.30,       1.71,      17.06,     56.25,          2.96
          1,          5,    1,         -4.31,          3.30,       1.47,      14.67,     48.38,          5.34
          1,          5,    2,         -3.22,          3.30,       1.57,      15.72,     51.84,          4.58
          1,          5,    3,         -2.46,          3.30,       1.67,      16.67,     54.96,          4.20
          1,          5,    4,         -1.96,          3.30,       1.74,      17.37,     57.26,          4.02
          1,          5,    5,         -1.53,          3.30,       1.81,      18.10,     59.66,          3.85
          1,          5,    6,         -1.25,          3.30,       1.87,      18.68,     61.58,          3.72
          1,          5,    7,         -0.98,          3.30,       1.92,      19.23,     63.41,          3.63
          1,          6,    1,         -2.84,          3.30,       1.62,      16.21,     53.46,          7.39
          1,          6,    2,         -1.82,          3.30,       1.74,      17.40,     57.41,          5.99
          1,          6,    3,         -1.17,          3.30,       1.84,      18.43,     60.75,          5.33
          1,          6,    4,         -0.72,          3.30,       1.92,      19.24,     63.45,          4.97
          1,          6,    5,         -0.41,          3.30,       1.99,      19.96,     65.81,          4.69
          1,          6,    6,         -0.13,          3.30,       2.05,      20.49,     67.56,          4.59
          1,          6,    7,          0.10,          3.30,       2.11,      21.11,     69.61,          4.42
          1,          7,    1,         -1.60,          3.30,       1.79,      17.86,     58.88,          8.34
          1,          7,    2,         -0.64,          3.30,       1.93,      19.25,     63.46,          6.71
          1,          7,    3,         -0.02,          3.30,       2.04,      20.38,     67.19,          5.99
          1,          7,    4,          0.36,          3.30,       2.13,      21.28,     70.14,          5.56
          1,          7,    5,          0.66,          3.30,       2.20,      22.01,     72.56,          5.29
          1,          7,    6,          0.89,          3.30,       2.27,      22.66,     74.68,          5.09
          1,          7,    7,          1.08,          3.30,       2.33,      23.35,     76.99,          4.85
          2,          1,    1,        -13.78,          3.30,       0.98,       9.81,     32.35,          1.50
          2,          1,    2,        -12.06,          3.30,       1.04,      10.36,     34.17,          1.35
          2,          1,    3,        -10.77,          3.30,       1.09,      10.90,     35.95,          1.31
          2,          1,    4,         -9.77,          3.30,       1.15,      11.45,     37.76,          1.29
          2,          1,    5,         -8.96,          3.30,       1.19,      11.93,     39.34,          1.30
          2,          1,    6,         -8.25,          3.30,       1.24,      12.40,     40.91,          1.32
          2,          1,    7,         -7.73,          3.30,       1.29,      12.86,     42.43,          1.31
          2,          2,    1,        -11.21,          3.30,       1.05,      10.51,     34.65,          3.73
          2,          2,    2,         -9.74,          3.30,       1.12,      11.25,     37.11,          2.37
          2,          2,    3,         -8.49,          3.30,       1.20,      11.98,     39.54,          2.05
          2,          2,    4,         -7.59,          3.30,       1.25,      12.50,     41.22,          2.03
          2,          2,    5,         -6.85,          3.30,       1.31,      13.08,     43.13,          1.97
          2,          2,    6,         -6.18,          3.30,       1.36,      13.61,     44.89,          1.96
          2,          2,    7,         -5.69,          3.30,       1.41,      14.07,     46.41,          1.96
          2,          3,    1,         -8.33,          3.30,       1.18,      11.83,     39.01,          3.81
          2,          3,    2,         -6.93,          3.30,       1.27,      12.66,     41.74,          3.08
          2,          3,    3,         -5.86,          3.30,       1.34,      13.43,     44.29,          2.84
          2,          3,    4,         -5.12,          3.30,       1.41,      14.07,     46.40,          2.73
          2,          3,    5,         -4.52,          3.30,       1.47,      14.75,     48.66,          2.61
          2,          3,    6,         -4.06,          3.30,       1.53,      15.25,     50.28,          2.60
          2,          3,    7,         -3.65,          3.30,       1.58,      15.78,     52.04,          2.55
          2,          4,    1,         -6.09,          3.30,       1.32,      13.15,     43.39,          4.73
          2,          4,    2,         -4.89,          3.30,       1.41,      14.10,     46.49,          3.91
          2,          4,    3,         -4.03,          3.30,       1.50,      14.96,     49.35,          3.54
          2,          4,    4,         -3.38,          3.30,       1.57,      15.68,     51.70,          3.40
          2,          4,    5,         -2.88,          3.30,       1.64,      16.40,     54.07,          3.24
          2,          4,    6,         -2.46,          3.30,       1.69,      16.91,     55.78,          3.22
          2,          4,    7,         -2.12,          3.30,       1.75,      17.48,     57.65,          3.15
          2,          5,    1,         -3.85,          3.30,       1.50,      14.98,     49.42,          5.80
          2,          5,    2,         -2.79,          3.30,       1.62,      16.16,     53.30,          4.79
          2,          5,    3,         -2.00,          3.30,       1.71,      17.09,     56.34,          4.50
          2,          5,    4,         -1.51,          3.30,       1.79,      17.88,     58.97,          4.24
          2,          5,    5,         -1.09,          3.30,       1.86,      18.59,     61.31,          4.09
          2,          5,    6,         -0.77,          3.30,       1.92,      19.19,     63.27,          4.00
          2,          5,    7,         -0.52,          3.30,       1.98,      19.78,     65.22,          3.87
          2,          6,    1,         -2.35,          3.30,       1.66,      16.63,     54.82,          8.23
          2,          6,    2,         -1.35,          3.30,       1.79,      17.96,     59.23,          6.38
          2,          6,    3,         -0.72,          3.30,       1.90,      18.97,     62.54,          5.73
          2,          6,    4,         -0.26,          3.30,       1.98,      19.81,     65.30,          5.36
          2,          6,    5,          0.07,          3.30,       2.05,      20.50,     67.59,          5.12
          2,          6,    6,          0.31,          3.30,       2.12,      21.17,     69.79,          4.88
          2,          6,    7,          0.53,          3.30,       2.17,      21.77,     71.77,          4.71
          2,          7,    1,         -1.15,          3.30,       1.84,      18.39,     60.65,          8.68
          2,          7,    2,         -0.19,          3.30,       1.99,      19.90,     65.60,          6.94
          2,          7,    3,          0.44,          3.30,       2.11,      21.05,     69.40,          6.29
          2,          7,    4,          0.84,          3.30,       2.20,      21.96,     72.38,          5.90
          2,          7,    5,          1.12,          3.30,       2.27,      22.73,     74.93,          5.60
          2,          7,    6,          1.36,          3.30,       2.35,      23.45,     77.29,          5.37
          2,          7,    7,          1.54,          3.30,       2.41,      24.05,     79.29,          5.19
          3,          1,    1,        -13.38,          3.30,       0.99,       9.87,     32.56,          1.70
          3,          1,    2,        -11.62,          3.30,       1.05,      10.46,     34.51,          1.48
          3,          1,    3,        -10.34,          3.30,       1.11,      11.08,     36.56,          1.38
          3,          1,    4,         -9.29,          3.30,       1.16,      11.63,     38.36,          1.38
          3,          1,    5,         -8.53,          3.30,       1.21,      12.09,     39.88,          1.40
          3,          1,    6,         -7.84,          3.30,       1.26,      12.59,     41.54,          1.41
          3,          1,    7,         -7.25,          3.30,       1.31,      13.06,     43.08,          1.42
          3,          2,    1,        -10.76,          3.30,       1.07,      10.66,     35.16,          3.82
          3,          2,    2,         -9.26,          3.30,       1.14,      11.44,     37.74,          2.48
          3,          2,    3,         -8.03,          3.30,       1.21,      12.09,     39.87,          2.28
          3,          2,    4,         -7.10,          3.30,       1.28,      12.77,     42.14,          2.13
          3,          2,    5,         -6.36,          3.30,       1.33,      13.34,     44.00,          2.09
          3,          2,    6,         -5.72,          3.30,       1.39,      13.86,     45.70,          2.10
          3,          2,    7,         -5.22,          3.30,       1.44,      14.38,     47.45,          2.07
          3,          3,    1,         -7.80,          3.30,       1.21,      12.06,     39.78,          4.06
          3,          3,    2,         -6.43,          3.30,       1.29,      12.92,     42.59,          3.30
          3,          3,    3,         -5.37,          3.30,       1.37,      13.71,     45.24,          3.04
          3,          3,    4,         -4.64,          3.30,       1.44,      14.43,     47.60,          2.89
          3,          3,    5,         -4.08,          3.30,       1.51,      15.06,     49.65,          2.80
          3,          3,    6,         -3.60,          3.30,       1.57,      15.67,     51.68,          2.73
          3,          3,    7,         -3.18,          3.30,       1.62,      16.14,     53.24,          2.74
          3,          4,    1,         -5.58,          3.30,       1.35,      13.44,     44.34,          5.07
          3,          4,    2,         -4.41,          3.30,       1.45,      14.46,     47.70,          4.11
          3,          4,    3,         -3.54,          3.30,       1.54,      15.37,     50.70,          3.74
          3,          4,    4,         -2.89,          3.30,       1.61,      16.15,     53.25,          3.58
          3,          4,    5,         -2.38,          3.30,       1.68,      16.79,     55.35,          3.51
          3,          4,    6,         -1.95,          3.30,       1.74,      17.39,     57.35,          3.46
          3,          4,    7,         -1.63,          3.30,       1.80,      18.01,     59.40,          3.35
          3,          5,    1,         -3.37,          3.30,       1.54,      15.42,     50.84,          6.21
          3,          5,    2,         -2.26,          3.30,       1.67,      16.63,     54.86,          5.20
          3,          5,    3,         -1.52,          3.30,       1.76,      17.62,     58.10,          4.80
          3,          5,    4,         -0.98,          3.30,       1.85,      18.48,     60.93,          4.56
          3,          5,    5,         -0.59,          3.30,       1.92,      19.20,     63.28,          4.40
          3,          5,    6,         -0.27,          3.30,       1.98,      19.86,     65.48,          4.26
          3,          5,    7,         -0.01,          3.30,       2.04,      20.38,     67.19,          4.19
          3,          6,    1,         -1.85,          3.30,       1.71,      17.14,     56.50,          8.73
          3,          6,    2,         -0.84,          3.30,       1.86,      18.55,     61.15,          6.79
          3,          6,    3,         -0.22,          3.30,       1.97,      19.64,     64.75,          6.04
          3,          6,    4,          0.22,          3.30,       2.05,      20.45,     67.43,          5.72
          3,          6,    5,          0.57,          3.30,       2.13,      21.24,     70.03,          5.42
          3,          6,    6,          0.84,          3.30,       2.19,      21.89,     72.17,          5.24
          3,          6,    7,          1.07,          3.30,       2.25,      22.54,     74.29,          5.06
          3,          7,    1,         -0.65,          3.30,       1.90,      19.04,     62.78,          9.54
          3,          7,    2,          0.34,          3.30,       2.06,      20.60,     67.90,          7.64
          3,          7,    3,          0.96,          3.30,       2.18,      21.82,     71.95,          6.85
          3,          7,    4,          1.36,          3.30,       2.28,      22.83,     75.24,          6.36
          3,          7,    5,          1.64,          3.30,       2.36,      23.59,     77.78,          6.07
          3,          7,    6,          1.88,          3.30,       2.43,      24.33,     80.21,          5.82
          3,          7,    7,          2.07,          3.30,       2.51,      25.06,     82.61,          5.58
          4,          1,    1,        -12.78,          3.30,       1.00,       9.98,     32.92,          1.84
          4,          1,    2,        -11.24,          3.30,       1.06,      10.56,     34.85,          1.57
          4,          1,    3,         -9.91,          3.30,       1.12,      11.25,     37.11,          1.45
          4,          1,    4,         -8.87,          3.30,       1.18,      11.80,     38.92,          1.46
          4,          1,    5,         -8.07,          3.30,       1.23,      12.28,     40.53,          1.49
          4,          1,    6,         -7.35,          3.30,       1.29,      12.88,     42.47,          1.48
          4,          1,    7,         -6.80,          3.30,       1.33,      13.30,     43.88,          1.51
          4,          2,    1,        -10.38,          3.30,       1.08,      10.80,     35.65,          4.04
          4,          2,    2,         -8.85,          3.30,       1.16,      11.60,     38.29,          2.65
          4,          2,    3,         -7.56,          3.30,       1.23,      12.31,     40.62,          2.42
          4,          2,    4,         -6.67,          3.30,       1.30,      12.96,     42.75,          2.30
          4,          2,    5,         -5.90,          3.30,       1.36,      13.57,     44.78,          2.26
          4,          2,    6,         -5.27,          3.30,       1.41,      14.10,     46.50,          2.26
          4,          2,    7,         -4.77,          3.30,       1.47,      14.71,     48.51,          2.20
          4,          3,    1,         -7.32,          3.30,       1.22,      12.26,     40.44,          4.53
          4,          3,    2,         -5.95,          3.30,       1.32,      13.21,     43.57,          3.52
          4,          3,    3,         -4.93,          3.30,       1.40,      13.99,     46.16,          3.28
          4,          3,    4,         -4.18,          3.30,       1.48,      14.76,     48.68,          3.10
          4,          3,    5,         -3.62,          3.30,       1.54,      15.41,     50.84,          3.00
          4,          3,    6,         -3.12,          3.30,       1.60,      16.02,     52.84,          2.96
          4,          3,    7,         -2.72,          3.30,       1.66,      16.57,     54.64,          2.92
          4,          4,    1,         -5.14,          3.30,       1.37,      13.74,     45.31,          5.32
          4,          4,    2,         -3.93,          3.30,       1.48,      14.83,     48.92,          4.32
          4,          4,    3,         -3.08,          3.30,       1.57,      15.74,     51.91,          3.98
          4,          4,    4,         -2.42,          3.30,       1.65,      16.52,     54.49,          3.83
          4,          4,    5,         -1.91,          3.30,       1.72,      17.19,     56.67,          3.77
          4,          4,    6,         -1.52,          3.30,       1.79,      17.87,     58.91,          3.64
          4,          4,    7,         -1.14,          3.30,       1.85,      18.51,     61.04,          3.58
          4,          5,    1,         -2.88,          3.30,       1.58,      15.85,     52.27,          6.47
          4,          5,    2,         -1.80,          3.30,       1.71,      17.10,     56.37,          5.48
          4,          5,    3,         -1.03,          3.30,       1.82,      18.18,     59.95,          5.04
          4,          5,    4,         -0.52,          3.30,       1.90,      19.01,     62.67,          4.82
          4,          5,    5,         -0.11,          3.30,       1.98,      19.81,     65.30,          4.64
          4,          5,    6,          0.21,          3.30,       2.04,      20.41,     67.28,          4.56
          4,          5,    7,          0.44,          3.30,       2.10,      21.03,     69.34,          4.42
          4,          6,    1,         -1.36,          3.30,       1.77,      17.72,     58.42,          9.00
          4,          6,    2,         -0.37,          3.30,       1.91,      19.14,     63.09,          7.17
          4,          6,    3,          0.26,          3.30,       2.02,      20.21,     66.62,          6.51
          4,          6,    4,          0.72,          3.30,       2.11,      21.14,     69.68,          6.10
          4,          6,    5,          1.05,          3.30,       2.19,      21.90,     72.18,          5.82
          4,          6,    6,          1.31,          3.30,       2.26,      22.60,     74.52,          5.58
          4,          6,    7,          1.54,          3.30,       2.33,      23.31,     76.84,          5.37
          4,          7,    1,         -0.15,          3.30,       1.97,      19.66,     64.82,          9.89
          4,          7,    2,          0.82,          3.30,       2.13,      21.33,     70.32,          7.91
          4,          7,    3,          1.43,          3.30,       2.26,      22.60,     74.50,          7.14
          4,          7,    4,          1.83,          3.30,       2.36,      23.58,     77.73,          6.72
          4,          7,    5,          2.13,          3.30,       2.45,      24.45,     80.59,          6.39
          4,          7,    6,          2.37,          3.30,       2.52,      25.25,     83.22,          6.13
          4,          7,    7,          2.57,          3.30,       2.59,      25.93,     85.48,          5.93
          5,          1,    1,        -12.55,          3.30,       1.01,      10.05,     33.17,          1.91
          5,          1,    2,        -10.84,          3.30,       1.07,      10.70,     35.31,          1.63
          5,          1,    3,         -9.54,          3.30,       1.14,      11.37,     37.52,          1.53
          5,          1,    4,         -8.49,          3.30,       1.19,      11.93,     39.35,          1.56
          5,          1,    5,         -7.65,          3.30,       1.25,      12.48,     41.16,          1.57
          5,          1,    6,         -6.97,          3.30,       1.30,      12.99,     42.85,          1.60
          5,          1,    7,         -6.40,          3.30,       1.35,      13.43,     44.30,          1.63
          5,          2,    1,         -9.95,          3.30,       1.09,      10.95,     36.13,          4.13
          5,          2,    2,         -8.43,          3.30,       1.17,      11.75,     38.75,          2.83
          5,          2,    3,         -7.18,          3.30,       1.25,      12.49,     41.20,          2.55
          5,          2,    4,         -6.21,          3.30,       1.32,      13.17,     43.43,          2.46
          5,          2,    5,         -5.48,          3.30,       1.38,      13.82,     45.57,          2.38
          5,          2,    6,         -4.88,          3.30,       1.44,      14.41,     47.52,          2.35
          5,          2,    7,         -4.38,          3.30,       1.50,      14.96,     49.36,          2.33
          5,          3,    1,         -6.93,          3.30,       1.25,      12.46,     41.10,          4.92
          5,          3,    2,         -5.53,          3.30,       1.35,      13.43,     44.32,          3.81
          5,          3,    3,         -4.55,          3.30,       1.43,      14.28,     47.10,          3.47
          5,          3,    4,         -3.80,          3.30,       1.51,      15.08,     49.74,          3.26
          5,          3,    5,         -3.19,          3.30,       1.57,      15.69,     51.74,          3.25
          5,          3,    6,         -2.72,          3.30,       1.63,      16.36,     53.96,          3.15
          5,          3,    7,         -2.31,          3.30,       1.69,      16.90,     55.73,          3.13
          5,          4,    1,         -4.72,          3.30,       1.40,      14.02,     46.26,          5.66
          5,          4,    2,         -3.51,          3.30,       1.51,      15.15,     49.96,          4.61
          5,          4,    3,         -2.64,          3.30,       1.61,      16.10,     53.09,          4.26
          5,          4,    4,         -1.99,          3.30,       1.69,      16.89,     55.71,          4.10
          5,          4,    5,         -1.49,          3.30,       1.77,      17.65,     58.22,          3.96
          5,          4,    6,         -1.08,          3.30,       1.83,      18.32,     60.41,          3.88
          5,          4,    7,         -0.76,          3.30,       1.90,      18.96,     62.53,          3.78
          5,          5,    1,         -2.45,          3.30,       1.62,      16.20,     53.43,          6.93
          5,          5,    2,         -1.37,          3.30,       1.75,      17.47,     57.61,          5.88
          5,          5,    3,         -0.62,          3.30,       1.86,      18.64,     61.45,          5.34
          5,          5,    4,         -0.10,          3.30,       1.95,      19.53,     64.40,          5.10
          5,          5,    5,          0.30,          3.30,       2.03,      20.30,     66.92,          4.93
          5,          5,    6,          0.61,          3.30,       2.10,      20.98,     69.16,          4.81
          5,          5,    7,          0.87,          3.30,       2.16,      21.63,     71.32,          4.68
          5,          6,    1,         -0.95,          3.30,       1.82,      18.18,     59.96,          9.51
          5,          6,    2,          0.04,          3.30,       1.97,      19.70,     64.94,          7.52
          5,          6,    3,          0.70,          3.30,       2.08,      20.79,     68.53,          6.90
          5,          6,    4,          1.14,          3.30,       2.18,      21.78,     71.80,          6.41
          5,          6,    5,          1.47,          3.30,       2.26,      22.54,     74.31,          6.16
          5,          6,    6,          1.75,          3.30,       2.33,      23.34,     76.94,          5.88
          5,          6,    7,          1.97,          3.30,       2.40,      23.99,     79.08,          5.71
          5,          7,    1,          0.28,          3.30,       2.02,      20.22,     66.67,         10.33
          5,          7,    2,          1.24,          3.30,       2.19,      21.96,     72.38,          8.31
          5,          7,    3,          1.86,          3.30,       2.33,      23.32,     76.86,          7.49
          5,          7,    4,          2.28,          3.30,       2.43,      24.31,     80.12,          7.11
          5,          7,    5,          2.57,          3.30,       2.53,      25.25,     83.22,          6.73
          5,          7,    6,          2.80,          3.30,       2.60,      26.04,     85.83,          6.47
          5,          7,    7,          2.97,          3.30,       2.68,      26.82,     88.41,          6.19
          6,          1,    1,        -12.00,          3.30,       1.03,      10.29,     33.94,          2.14
          6,          1,    2,        -10.36,          3.30,       1.09,      10.93,     36.04,          1.82
          6,          1,    3,         -9.10,          3.30,       1.16,      11.59,     38.22,          1.70
          6,          1,    4,         -8.04,          3.30,       1.22,      12.20,     40.24,          1.70
          6,          1,    5,         -7.22,          3.30,       1.28,      12.79,     42.19,          1.69
          6,          1,    6,         -6.48,          3.30,       1.33,      13.34,     44.01,          1.73
          6,          1,    7,         -5.97,          3.30,       1.38,      13.79,     45.50,          1.74
          6,          2,    1,         -9.51,          3.30,       1.13,      11.28,     37.21,          4.05
          6,          2,    2,         -7.95,          3.30,       1.20,      12.01,     39.62,          3.10
          6,          2,    3,         -6.67,          3.30,       1.29,      12.86,     42.40,          2.71
          6,          2,    4,         -5.77,          3.30,       1.35,      13.53,     44.63,          2.60
          6,          2,    5,         -5.06,          3.30,       1.42,      14.17,     46.74,          2.54
          6,          2,    6,         -4.44,          3.30,       1.48,      14.79,     48.78,          2.51
          6,          2,    7,         -3.96,          3.30,       1.53,      15.35,     50.63,          2.48
          6,          3,    1,         -6.41,          3.30,       1.28,      12.80,     42.24,          5.14
          6,          3,    2,         -5.10,          3.30,       1.38,      13.79,     45.48,          4.02
          6,          3,    3,         -4.07,          3.30,       1.48,      14.75,     48.65,          3.60
          6,          3,    4,         -3.32,          3.30,       1.55,      15.49,     51.09,          3.50
          6,          3,    5,         -2.72,          3.30,       1.63,      16.23,     53.55,          3.39
          6,          3,    6,         -2.23,          3.30,       1.69,      16.88,     55.68,          3.35
          6,          3,    7,         -1.84,          3.30,       1.74,      17.41,     57.42,          3.33
          6,          4,    1,         -4.25,          3.30,       1.45,      14.46,     47.70,          5.97
          6,          4,    2,         -3.04,          3.30,       1.56,      15.63,     51.55,          4.89
          6,          4,    3,         -2.17,          3.30,       1.66,      16.59,     54.71,          4.56
          6,          4,    4,         -1.52,          3.30,       1.75,      17.46,     57.60,          4.35
          6,          4,    5,         -1.02,          3.30,       1.83,      18.30,     60.35,          4.17
          6,          4,    6,         -0.61,          3.30,       1.89,      18.93,     62.40,          4.14
          6,          4,    7,         -0.28,          3.30,       1.96,      19.62,     64.69,          4.03
          6,          5,    1,         -1.98,          3.30,       1.68,      16.76,     55.24,          7.40
          6,          5,    2,         -0.90,          3.30,       1.82,      18.17,     59.92,          6.13
          6,          5,    3,         -0.14,          3.30,       1.93,      19.28,     63.57,          5.73
          6,          5,    4,          0.39,          3.30,       2.02,      20.25,     66.77,          5.44
          6,          5,    5,          0.79,          3.30,       2.11,      21.06,     69.41,          5.27
          6,          5,    6,          1.11,          3.30,       2.17,      21.71,     71.57,          5.19
          6,          5,    7,          1.36,          3.30,       2.25,      22.45,     74.01,          5.00
          6,          6,    1,         -0.47,          3.30,       1.89,      18.86,     62.18,         10.09
          6,          6,    2,          0.54,          3.30,       2.04,      20.38,     67.19,          8.14
          6,          6,    3,          1.17,          3.30,       2.16,      21.60,     71.19,          7.31
          6,          6,    4,          1.61,          3.30,       2.26,      22.54,     74.30,          6.90
          6,          6,    5,          1.97,          3.30,       2.35,      23.49,     77.44,          6.52
          6,          6,    6,          2.25,          3.30,       2.42,      24.25,     79.92,          6.30
          6,          6,    7,          2.47,          3.30,       2.50,      24.96,     82.29,          6.10
          6,          7,    1,          0.75,          3.30,       2.10,      21.00,     69.22,         11.14
          6,          7,    2,          1.74,          3.30,       2.29,      22.83,     75.26,          8.93
          6,          7,    3,          2.36,          3.30,       2.42,      24.23,     79.88,          8.08
          6,          7,    4,          2.77,          3.30,       2.54,      25.41,     83.74,          7.51
          6,          7,    5,          3.06,          3.30,       2.63,      26.31,     86.71,          7.18
          6,          7,    6,          3.30,          3.30,       2.72,      27.17,     89.56,          6.89
          6,          7,    7,          3.48,          3.30,       2.80,      27.93,     92.08,          6.64
          7,          1,    1,        -11.59,          3.30,       1.04,      10.40,     34.33,          2.27
          7,          1,    2,         -9.89,          3.30,       1.11,      11.14,     36.74,          1.87
          7,          1,    3,         -8.62,          3.30,       1.18,      11.79,     38.91,          1.80
          7,          1,    4,         -7.54,          3.30,       1.24,      12.38,     40.86,          1.84
          7,          1,    5,         -6.73,          3.30,       1.30,      12.97,     42.79,          1.84
          7,          1,    6,         -5.99,          3.30,       1.35,      13.50,     44.54,          1.90
          7,          1,    7,         -5.47,          3.30,       1.40,      14.01,     46.23,          1.90
          7,          2,    1,         -9.00,          3.30,       1.14,      11.45,     37.77,          4.38
          7,          2,    2,         -7.51,          3.30,       1.22,      12.23,     40.36,          3.25
          7,          2,    3,         -6.18,          3.30,       1.31,      13.05,     43.06,          2.95
          7,          2,    4,         -5.31,          3.30,       1.38,      13.74,     45.33,          2.82
          7,          2,    5,         -4.58,          3.30,       1.45,      14.53,     47.93,          2.68
          7,          2,    6,         -3.95,          3.30,       1.51,      15.12,     49.86,          2.69
          7,          2,    7,         -3.43,          3.30,       1.57,      15.75,     51.93,          2.67
          7,          3,    1,         -5.93,          3.30,       1.31,      13.10,     43.23,          5.31
          7,          3,    2,         -4.60,          3.30,       1.42,      14.13,     46.63,          4.23
          7,          3,    3,         -3.59,          3.30,       1.51,      15.12,     49.88,          3.82
          7,          3,    4,         -2.80,          3.30,       1.59,      15.90,     52.43,          3.74
          7,          3,    5,         -2.20,          3.30,       1.67,      16.66,     54.94,          3.64
          7,          3,    6,         -1.72,          3.30,       1.72,      17.27,     56.95,          3.63
          7,          3,    7,         -1.35,          3.30,       1.80,      17.97,     59.27,          3.52
          7,          4,    1,         -3.78,          3.30,       1.49,      14.88,     49.08,          6.27
          7,          4,    2,         -2.53,          3.30,       1.60,      16.02,     52.84,          5.34
          7,          4,    3,         -1.67,          3.30,       1.70,      17.05,     56.22,          4.92
          7,          4,    4,         -1.00,          3.30,       1.80,      17.99,     59.32,          4.69
          7,          4,    5,         -0.51,          3.30,       1.88,      18.80,     62.00,          4.53
          7,          4,    6,         -0.10,          3.30,       1.95,      19.53,     64.39,          4.44
          7,          4,    7,          0.24,          3.30,       2.02,      20.21,     66.62,          4.36
          7,          5,    1,         -1.49,          3.30,       1.73,      17.22,     56.80,          8.02
          7,          5,    2,         -0.39,          3.30,       1.88,      18.79,     61.96,          6.53
          7,          5,    3,          0.38,          3.30,       2.00,      19.98,     65.88,          6.08
          7,          5,    4,          0.90,          3.30,       2.10,      20.94,     69.03,          5.84
          7,          5,    5,          1.31,          3.30,       2.18,      21.75,     71.69,          5.70
          7,          5,    6,          1.63,          3.30,       2.25,      22.52,     74.23,          5.53
          7,          5,    7,          1.89,          3.30,       2.32,      23.23,     76.59,          5.39
          7,          6,    1,          0.04,          3.30,       1.96,      19.55,     64.46,         10.56
          7,          6,    2,          1.04,          3.30,       2.11,      21.13,     69.67,          8.61
          7,          6,    3,          1.69,          3.30,       2.24,      22.44,     73.96,          7.74
          7,          6,    4,          2.17,          3.30,       2.35,      23.44,     77.27,          7.37
          7,          6,    5,          2.50,          3.30,       2.44,      24.39,     80.39,          6.98
          7,          6,    6,          2.78,          3.30,       2.52,      25.22,     83.15,          6.71
          7,          6,    7,          3.00,          3.30,       2.60,      25.96,     85.55,          6.51
          7,          7,    1,          1.27,          3.30,       2.18,      21.82,     71.93,         11.73
          7,          7,    2,          2.28,          3.30,       2.38,      23.76,     78.31,          9.51
          7,          7,    3,          2.89,          3.30,       2.52,      25.28,     83.35,          8.53
          7,          7,    4,          3.30,          3.30,       2.64,      26.40,     87.02,          8.06
          7,          7,    5,          3.59,          3.30,       2.74,      27.39,     90.28,          7.68
          7,          7,    6,          3.81,          3.30,       2.83,      28.31,     93.31,          7.34
          7,          7,    7,          4.02,          3.30,       2.91,      29.07,     95.80,          7.15
          8,          1,    1,        -11.22,          3.30,       1.05,      10.50,     34.64,          2.35
          8,          1,    2,         -9.55,          3.30,       1.13,      11.28,     37.20,          1.92
          8,          1,    3,         -8.15,          3.30,       1.20,      11.97,     39.50,          1.89
          8,          1,    4,         -7.13,          3.30,       1.26,      12.63,     41.67,          1.89
          8,          1,    5,         -6.33,          3.30,       1.32,      13.18,     43.47,          1.93
          8,          1,    6,         -5.61,          3.30,       1.37,      13.73,     45.28,          1.98
          8,          1,    7,         -5.09,          3.30,       1.43,      14.32,     47.22,          1.96
          8,          2,    1,         -8.63,          3.30,       1.16,      11.60,     38.26,          4.65
          8,          2,    2,         -7.04,          3.30,       1.24,      12.43,     40.99,          3.48
          8,          2,    3,         -5.78,          3.30,       1.33,      13.30,     43.88,          3.08
          8,          2,    4,         -4.89,          3.30,       1.40,      14.03,     46.31,          2.95
          8,          2,    5,         -4.14,          3.30,       1.48,      14.76,     48.69,          2.88
          8,          2,    6,         -3.57,          3.30,       1.54,      15.41,     50.81,          2.83
          8,          2,    7,         -3.01,          3.30,       1.60,      16.03,     52.85,          2.85
          8,          3,    1,         -5.55,          3.30,       1.34,      13.33,     43.98,          5.65
          8,          3,    2,         -4.19,          3.30,       1.44,      14.42,     47.56,          4.48
          8,          3,    3,         -3.14,          3.30,       1.55,      15.42,     50.86,          4.11
          8,          3,    4,         -2.37,          3.30,       1.63,      16.26,     53.60,          3.98
          8,          3,    5,         -1.82,          3.30,       1.70,      17.01,     56.09,          3.86
          8,          3,    6,         -1.32,          3.30,       1.77,      17.68,     58.31,          3.83
          8,          3,    7,         -0.91,          3.30,       1.83,      18.35,     60.51,          3.78
          8,          4,    1,         -3.33,          3.30,       1.52,      15.20,     50.14,          6.60
          8,          4,    2,         -2.12,          3.30,       1.65,      16.46,     54.29,          5.48
          8,          4,    3,         -1.24,          3.30,       1.75,      17.50,     57.72,          5.14
          8,          4,    4,         -0.61,          3.30,       1.85,      18.52,     61.04,          4.85
          8,          4,    5,         -0.09,          3.30,       1.94,      19.35,     63.81,          4.73
          8,          4,    6,          0.31,          3.30,       2.01,      20.11,     66.32,          4.63
          8,          4,    7,          0.67,          3.30,       2.08,      20.77,     68.47,          4.60
          8,          5,    1,         -1.05,          3.30,       1.77,      17.71,     58.39,          8.41
          8,          5,    2,          0.04,          3.30,       1.93,      19.28,     63.59,          6.94
          8,          5,    3,          0.80,          3.30,       2.06,      20.53,     67.68,          6.45
          8,          5,    4,          1.33,          3.30,       2.16,      21.53,     70.96,          6.20
          8,          5,    5,          1.72,          3.30,       2.24,      22.45,     74.00,          5.95
          8,          5,    6,          2.06,          3.30,       2.33,      23.25,     76.66,          5.82
          8,          5,    7,          2.32,          3.30,       2.40,      23.94,     78.92,          5.71
          8,          6,    1,          0.47,          3.30,       2.01,      20.09,     66.22,         11.19
          8,          6,    2,          1.49,          3.30,       2.18,      21.79,     71.82,          9.06
          8,          6,    3,          2.15,          3.30,       2.31,      23.14,     76.28,          8.20
          8,          6,    4,          2.60,          3.30,       2.42,      24.21,     79.81,          7.73
          8,          6,    5,          2.95,          3.30,       2.52,      25.22,     83.15,          7.33
          8,          6,    6,          3.20,          3.30,       2.60,      26.06,     85.91,          7.06
          8,          6,    7,          3.43,          3.30,       2.68,      26.77,     88.25,          6.89
          8,          7,    1,          1.70,          3.30,       2.25,      22.45,     74.02,         12.54
          8,          7,    2,          2.70,          3.30,       2.45,      24.55,     80.93,          9.96
          8,          7,    3,          3.33,          3.30,       2.61,      26.11,     86.07,          9.03
          8,          7,    4,          3.74,          3.30,       2.74,      27.36,     90.19,          8.45
          8,          7,    5,          4.04,          3.30,       2.85,      28.42,     93.66,          8.06
          8,          7,    6,          4.27,          3.30,       2.93,      29.30,     96.58,          7.77
          8,          7,    7,          4.46,          3.30,       3.01,      30.14,     99.36,          7.52
          9,          1,    1,        -10.67,          3.30,       1.06,      10.62,     35.04,          2.60
          9,          1,    2,         -9.06,          3.30,       1.14,      11.43,     37.72,          2.08
          9,          1,    3,         -7.67,          3.30,       1.22,      12.18,     40.18,          2.03
          9,          1,    4,         -6.60,          3.30,       1.28,      12.85,     42.39,          2.05
          9,          1,    5,         -5.82,          3.30,       1.34,      13.43,     44.29,          2.08
          9,          1,    6,         -5.16,          3.30,       1.40,      14.03,     46.28,          2.10
          9,          1,    7,         -4.57,          3.30,       1.46,      14.65,     48.31,          2.11
          9,          2,    1,         -8.13,          3.30,       1.18,      11.81,     38.95,          5.12
          9,          2,    2,         -6.55,          3.30,       1.27,      12.70,     41.88,          3.73
          9,          2,    3,         -5.30,          3.30,       1.36,      13.61,     44.88,          3.30
          9,          2,    4,         -4.40,          3.30,       1.44,      14.38,     47.45,          3.16
          9,          2,    5,         -3.68,          3.30,       1.51,      15.14,     49.93,          3.07
          9,          2,    6,         -3.04,          3.30,       1.58,      15.77,     51.99,          3.09
          9,          2,    7,         -2.52,          3.30,       1.64,      16.42,     54.15,          3.07
          9,          3,    1,         -5.06,          3.30,       1.37,      13.63,     44.98,          6.17
          9,          3,    2,         -3.70,          3.30,       1.48,      14.81,     48.83,          4.79
          9,          3,    3,         -2.66,          3.30,       1.59,      15.86,     52.32,          4.37
          9,          3,    4,         -1.90,          3.30,       1.67,      16.74,     55.20,          4.22
          9,          3,    5,         -1.30,          3.30,       1.75,      17.51,     57.74,          4.16
          9,          3,    6,         -0.81,          3.30,       1.83,      18.27,     60.24,          4.08
          9,          3,    7,         -0.42,          3.30,       1.89,      18.91,     62.35,          4.05
          9,          4,    1,         -2.87,          3.30,       1.56,      15.59,     51.41,          6.97
          9,          4,    2,         -1.62,          3.30,       1.69,      16.91,     55.77,          5.85
          9,          4,    3,         -0.74,          3.30,       1.81,      18.12,     59.74,          5.35
          9,          4,    4,         -0.09,          3.30,       1.90,      19.06,     62.84,          5.20
          9,          4,    5,          0.40,          3.30,       2.00,      19.97,     65.83,          5.02
          9,          4,    6,          0.83,          3.30,       2.07,      20.66,     68.12,          5.02
          9,          4,    7,          1.17,          3.30,       2.15,      21.48,     70.82,          4.88
          9,          5,    1,         -0.57,          3.30,       1.83,      18.30,     60.36,          8.64
          9,          5,    2,          0.53,          3.30,       1.99,      19.95,     65.77,          7.26
          9,          5,    3,          1.31,          3.30,       2.13,      21.27,     70.11,          6.79
          9,          5,    4,          1.85,          3.30,       2.23,      22.30,     73.53,          6.56
          9,          5,    5,          2.25,          3.30,       2.32,      23.27,     76.70,          6.34
          9,          5,    6,          2.58,          3.30,       2.41,      24.11,     79.50,          6.18
          9,          5,    7,          2.85,          3.30,       2.49,      24.86,     81.95,          6.07
          9,          6,    1,          0.99,          3.30,       2.08,      20.79,     68.57,         11.69
          9,          6,    2,          2.00,          3.30,       2.26,      22.61,     74.56,          9.47
          9,          6,    3,          2.65,          3.30,       2.40,      24.01,     79.13,          8.65
          9,          6,    4,          3.12,          3.30,       2.52,      25.23,     83.17,          8.10
          9,          6,    5,          3.46,          3.30,       2.62,      26.19,     86.34,          7.78
          9,          6,    6,          3.74,          3.30,       2.71,      27.12,     89.40,          7.50
          9,          6,    7,          3.96,          3.30,       2.79,      27.92,     92.04,          7.28
          9,          7,    1,          2.22,          3.30,       2.34,      23.33,     76.92,         13.26
          9,          7,    2,          3.23,          3.30,       2.56,      25.57,     84.28,         10.56
          9,          7,    3,          3.84,          3.30,       2.72,      27.21,     89.68,          9.57
          9,          7,    4,          4.26,          3.30,       2.86,      28.55,     94.09,          8.96
          9,          7,    5,          4.57,          3.30,       2.96,      29.60,     97.56,          8.62
          9,          7,    6,          4.79,          3.30,       3.06,      30.56,    100.73,          8.28
          9,          7,    7,          4.99,          3.30,       3.14,      31.39,    103.46,          8.06
         10,          1,    1,        -10.30,          3.30,       1.08,      10.80,     35.66,          2.60
         10,          1,    2,         -8.61,          3.30,       1.16,      11.60,     38.26,          2.22
         10,          1,    3,         -7.20,          3.30,       1.23,      12.34,     40.70,          2.21
         10,          1,    4,         -6.18,          3.30,       1.31,      13.08,     43.15,          2.17
         10,          1,    5,         -5.36,          3.30,       1.37,      13.68,     45.13,          2.23
         10,          1,    6,         -4.71,          3.30,       1.43,      14.32,     47.22,          2.23
         10,          1,    7,         -4.13,          3.30,       1.49,      14.89,     49.09,          2.27
         10,          2,    1,         -7.67,          3.30,       1.20,      11.99,     39.54,          5.46
         10,          2,    2,         -6.12,          3.30,       1.29,      12.92,     42.62,          3.93
         10,          2,    3,         -4.90,          3.30,       1.39,      13.83,     45.61,          3.52
         10,          2,    4,         -3.97,          3.30,       1.47,      14.74,     48.60,          3.29
         10,          2,    5,         -3.21,          3.30,       1.55,      15.49,     51.07,          3.26
         10,          2,    6,         -2.59,          3.30,       1.62,      16.21,     53.47,          3.23
         10,          2,    7,         -2.05,          3.30,       1.68,      16.80,     55.40,          3.28
         10,          3,    1,         -4.61,          3.30,       1.39,      13.94,     45.98,          6.42
         10,          3,    2,         -3.22,          3.30,       1.51,      15.15,     49.98,          5.08
         10,          3,    3,         -2.19,          3.30,       1.62,      16.23,     53.53,          4.67
         10,          3,    4,         -1.44,          3.30,       1.72,      17.18,     56.64,          4.47
         10,          3,    5,         -0.86,          3.30,       1.80,      18.04,     59.49,          4.34
         10,          3,    6,         -0.34,          3.30,       1.88,      18.81,     62.01,          4.32
         10,          3,    7,          0.05,          3.30,       1.95,      19.50,     64.30,          4.27
         10,          4,    1,         -2.39,          3.30,       1.60,      15.99,     52.72,          7.52
         10,          4,    2,         -1.17,          3.30,       1.73,      17.35,     57.20,          6.28
         10,          4,    3,         -0.28,          3.30,       1.86,      18.62,     61.40,          5.73
         10,          4,    4,          0.37,          3.30,       1.97,      19.68,     64.87,          5.49
         10,          4,    5,          0.88,          3.30,       2.05,      20.53,     67.70,          5.40
         10,          4,    6,          1.31,          3.30,       2.14,      21.41,     70.56,          5.30
         10,          4,    7,          1.65,          3.30,       2.22,      22.15,     73.03,          5.22
         10,          5,    1,         -0.08,          3.30,       1.89,      18.89,     62.27,          9.30
         10,          5,    2,          1.03,          3.30,       2.05,      20.55,     67.74,          7.90
         10,          5,    3,          1.79,          3.30,       2.20,      21.97,     72.42,          7.29
         10,          5,    4,          2.32,          3.30,       2.32,      23.16,     76.34,          6.93
         10,          5,    5,          2.75,          3.30,       2.41,      24.09,     79.42,          6.79
         10,          5,    6,          3.07,          3.30,       2.50,      25.01,     82.45,          6.60
         10,          5,    7,          3.32,          3.30,       2.58,      25.80,     85.05,          6.45
         10,          6,    1,          1.45,          3.30,       2.15,      21.51,     70.89,         12.76
         10,          6,    2,          2.50,          3.30,       2.35,      23.48,     77.40,         10.19
         10,          6,    3,          3.13,          3.30,       2.49,      24.95,     82.25,          9.22
         10,          6,    4,          3.60,          3.30,       2.62,      26.18,     86.29,          8.70
         10,          6,    5,          3.94,          3.30,       2.72,      27.23,     89.75,          8.32
         10,          6,    6,          4.22,          3.30,       2.81,      28.13,     92.71,          8.06
         10,          6,    7,          4.43,          3.30,       2.89,      28.97,     95.48,          7.81
         10,          7,    1,          2.70,          3.30,       2.42,      24.18,     79.69,         14.16
         10,          7,    2,          3.71,          3.30,       2.66,      26.55,     87.52,         11.20
         10,          7,    3,          4.34,          3.30,       2.84,      28.35,     93.43,         10.10
         10,          7,    4,          4.75,          3.30,       2.97,      29.67,     97.80,          9.54
         10,          7,    5,          5.05,          3.30,       3.08,      30.73,    101.30,          9.20
         10,          7,    6,          5.28,          3.30,       3.17,      31.79,    104.77,          8.82
         10,          7,    7,          5.46,          3.30,       3.27,      32.70,    107.78,          8.53
         11,          1,    1,         -9.91,          3.30,       1.09,      10.93,     36.07,          2.68
         11,          1,    2,         -8.18,          3.30,       1.18,      11.81,     38.94,          2.28
         11,          1,    3,         -6.80,          3.30,       1.25,      12.53,     41.33,          2.30
         11,          1,    4,         -5.74,          3.30,       1.33,      13.32,     43.93,          2.29
         11,          1,    5,         -4.96,          3.30,       1.40,      13.98,     46.13,          2.30
         11,          1,    6,         -4.26,          3.30,       1.46,      14.59,     48.14,          2.36
         11,          1,    7,         -3.70,          3.30,       1.52,      15.19,     50.11,          2.39
         11,          2,    1,         -7.25,          3.30,       1.22,      12.17,     40.14,          6.32
         11,          2,    2,         -5.68,          3.30,       1.32,      13.20,     43.55,          4.23
         11,          2,    3,         -4.45,          3.30,       1.41,      14.11,     46.54,          3.83
         11,          2,    4,         -3.50,          3.30,       1.50,      15.01,     49.50,          3.62
         11,          2,    5,         -2.76,          3.30,       1.58,      15.82,     52.17,          3.52
         11,          2,    6,         -2.14,          3.30,       1.66,      16.57,     54.64,          3.50
         11,          2,    7,         -1.62,          3.30,       1.72,      17.22,     56.79,          3.50
         11,          3,    1,         -4.17,          3.30,       1.42,      14.21,     46.88,          6.76
         11,          3,    2,         -2.81,          3.30,       1.55,      15.53,     51.22,          5.23
         11,          3,    3,         -1.75,          3.30,       1.67,      16.66,     54.94,          4.87
         11,          3,    4,         -1.00,          3.30,       1.76,      17.62,     58.12,          4.70
         11,          3,    5,         -0.41,          3.30,       1.85,      18.53,     61.08,          4.59
         11,          3,    6,          0.08,          3.30,       1.93,      19.30,     63.64,          4.55
         11,          3,    7,          0.48,          3.30,       2.00,      20.00,     65.95,          4.52
         11,          4,    1,         -1.94,          3.30,       1.65,      16.47,     54.31,          7.66
         11,          4,    2,         -0.72,          3.30,       1.78,      17.86,     58.89,          6.55
         11,          4,    3,          0.16,          3.30,       1.91,      19.12,     63.05,          6.07
         11,          4,    4,          0.83,          3.30,       2.02,      20.20,     66.61,          5.86
         11,          4,    5,          1.32,          3.30,       2.12,      21.14,     69.71,          5.70
         11,          4,    6,          1.75,          3.30,       2.20,      22.04,     72.66,          5.60
         11,          4,    7,          2.11,          3.30,       2.28,      22.82,     75.22,          5.56
         11,          5,    1,          0.35,          3.30,       1.94,      19.43,     64.04,          9.82
         11,          5,    2,          1.46,          3.30,       2.12,      21.23,     69.99,          8.25
         11,          5,    3,          2.24,          3.30,       2.28,      22.73,     74.91,          7.66
         11,          5,    4,          2.79,          3.30,       2.39,      23.89,     78.76,          7.38
         11,          5,    5,          3.19,          3.30,       2.50,      24.96,     82.29,          7.13
         11,          5,    6,          3.52,          3.30,       2.58,      25.79,     85.03,          7.03
         11,          5,    7,          3.79,          3.30,       2.66,      26.67,     87.91,          6.86
         11,          6,    1,          1.91,          3.30,       2.22,      22.17,     73.11,         13.41
         11,          6,    2,          2.94,          3.30,       2.43,      24.25,     79.93,         10.70
         11,          6,    3,          3.60,          3.30,       2.58,      25.82,     85.10,          9.72
         11,          6,    4,          4.06,          3.30,       2.71,      27.15,     89.47,          9.12
         11,          6,    5,          4.40,          3.30,       2.82,      28.17,     92.87,          8.80
         11,          6,    6,          4.68,          3.30,       2.92,      29.16,     96.13,          8.50
         11,          6,    7,          4.89,          3.30,       3.00,      30.01,     98.92,          8.26
         11,          7,    1,          3.15,          3.30,       2.51,      25.09,     82.70,         14.50
         11,          7,    2,          4.17,          3.30,       2.76,      27.56,     90.82,         11.67
         11,          7,    3,          4.80,          3.30,       2.94,      29.41,     96.94,         10.60
         11,          7,    4,          5.21,          3.30,       3.07,      30.73,    101.29,         10.11
         11,          7,    5,          5.51,          3.30,       3.20,      32.02,    105.55,          9.59
         11,          7,    6,          5.73,          3.30,       3.31,      33.05,    108.91,          9.25
         11,          7,    7,          5.93,          3.30,       3.39,      33.94,    111.85,          9.02
         12,          1,    1,         -9.48,          3.30,       1.11,      11.09,     36.58,          2.88
         12,          1,    2,         -7.77,          3.30,       1.20,      11.96,     39.45,          2.46
         12,          1,    3,         -6.37,          3.30,       1.28,      12.82,     42.30,          2.40
         12,          1,    4,         -5.34,          3.30,       1.35,      13.55,     44.70,          2.43
         12,          1,    5,         -4.56,          3.30,       1.42,      14.19,     46.80,          2.48
         12,          1,    6,         -3.86,          3.30,       1.49,      14.87,     49.05,          2.51
         12,          1,    7,         -3.27,          3.30,       1.54,      15.44,     50.93,          2.58
         12,          2,    1,         -6.87,          3.30,       1.24,      12.36,     40.78,          6.08
         12,          2,    2,         -5.29,          3.30,       1.34,      13.37,     44.09,          4.42
         12,          2,    3,         -4.02,          3.30,       1.45,      14.44,     47.63,          3.88
         12,          2,    4,         -3.10,          3.30,       1.53,      15.34,     50.60,          3.71
         12,          2,    5,         -2.36,          3.30,       1.62,      16.18,     53.36,          3.64
         12,          2,    6,         -1.74,          3.30,       1.69,      16.93,     55.83,          3.64
         12,          2,    7,         -1.21,          3.30,       1.75,      17.56,     57.91,          3.69
         12,          3,    1,         -3.77,          3.30,       1.45,      14.54,     47.95,          7.11
         12,          3,    2,         -2.40,          3.30,       1.59,      15.89,     52.40,          5.57
         12,          3,    3,         -1.34,          3.30,       1.70,      17.04,     56.18,          5.20
         12,          3,    4,         -0.58,          3.30,       1.81,      18.08,     59.62,          4.98
         12,          3,    5,          0.02,          3.30,       1.89,      18.93,     62.42,          4.93
         12,          3,    6,          0.51,          3.30,       1.98,      19.78,     65.21,          4.85
         12,          3,    7,          0.90,          3.30,       2.05,      20.53,     67.68,          4.80
         12,          4,    1,         -1.54,          3.30,       1.68,      16.77,     55.30,          8.40
         12,          4,    2,         -0.31,          3.30,       1.83,      18.32,     60.42,          6.91
         12,          4,    3,          0.57,          3.30,       1.97,      19.71,     64.98,          6.33
         12,          4,    4,          1.23,          3.30,       2.08,      20.73,     68.36,          6.20
         12,          4,    5,          1.74,          3.30,       2.18,      21.75,     71.70,          6.04
         12,          4,    6,          2.20,          3.30,       2.26,      22.64,     74.65,          5.99
         12,          4,    7,          2.53,          3.30,       2.35,      23.51,     77.49,          5.87
         12,          5,    1,          0.76,          3.30,       2.00,      20.02,     66.01,         10.15
         12,          5,    2,          1.88,          3.30,       2.18,      21.84,     71.99,          8.70
         12,          5,    3,          2.68,          3.30,       2.35,      23.46,     77.33,          8.03
         12,          5,    4,          3.20,          3.30,       2.47,      24.71,     81.45,          7.69
         12,          5,    5,          3.62,          3.30,       2.57,      25.72,     84.77,          7.55
         12,          5,    6,          3.95,          3.30,       2.67,      26.74,     88.15,          7.33
         12,          5,    7,          4.20,          3.30,       2.76,      27.54,     90.78,          7.21
         12,          6,    1,          2.32,          3.30,       2.29,      22.90,     75.50,         13.93
         12,          6,    2,          3.36,          3.30,       2.51,      25.10,     82.72,         11.14
         12,          6,    3,          4.02,          3.30,       2.67,      26.74,     88.12,         10.16
         12,          6,    4,          4.49,          3.30,       2.81,      28.10,     92.61,          9.57
         12,          6,    5,          4.83,          3.30,       2.92,      29.16,     96.11,          9.25
         12,          6,    6,          5.12,          3.30,       3.02,      30.13,     99.32,          9.00
         12,          6,    7,          5.34,          3.30,       3.11,      31.08,    102.44,          8.72
         12,          7,    1,          3.57,          3.30,       2.59,      25.94,     85.51,         15.36
         12,          7,    2,          4.59,          3.30,       2.85,      28.54,     94.05,         12.32
         12,          7,    3,          5.22,          3.30,       3.04,      30.44,    100.32,         11.23
         12,          7,    4,          5.64,          3.30,       3.19,      31.90,    105.16,         10.62
         12,          7,    5,          5.95,          3.30,       3.32,      33.14,    109.24,         10.21
         12,          7,    6,          6.17,          3.30,       3.42,      34.22,    112.78,          9.85
         12,          7,    7,          6.38,          3.30,       3.52,      35.25,    116.18,          9.54
         13,          1,    1,         -9.07,          3.30,       1.13,      11.27,     37.16,          3.00
         13,          1,    2,         -7.32,          3.30,       1.21,      12.09,     39.88,          2.71
         13,          1,    3,         -5.94,          3.30,       1.30,      13.01,     42.91,          2.58
         13,          1,    4,         -4.88,          3.30,       1.38,      13.75,     45.37,          2.64
         13,          1,    5,         -4.10,          3.30,       1.45,      14.49,     47.79,          2.64
         13,          1,    6,         -3.39,          3.30,       1.52,      15.16,     49.99,          2.70
         13,          1,    7,         -2.85,          3.30,       1.58,      15.77,     52.02,          2.73
         13,          2,    1,         -6.39,          3.30,       1.26,      12.62,     41.64,          6.54
         13,          2,    2,         -4.86,          3.30,       1.37,      13.65,     45.02,          4.74
         13,          2,    3,         -3.60,          3.30,       1.48,      14.77,     48.72,          4.12
         13,          2,    4,         -2.64,          3.30,       1.57,      15.63,     51.54,          4.06
         13,          2,    5,         -1.90,          3.30,       1.65,      16.53,     54.50,          3.95
         13,          2,    6,         -1.27,          3.30,       1.73,      17.26,     56.92,          3.98
         13,          2,    7,         -0.77,          3.30,       1.81,      18.07,     59.58,          3.90
         13,          3,    1,         -3.33,          3.30,       1.49,      14.88,     49.09,          7.67
         13,          3,    2,         -1.93,          3.30,       1.63,      16.29,     53.72,          5.99
         13,          3,    3,         -0.88,          3.30,       1.75,      17.50,     57.70,          5.57
         13,          3,    4,         -0.11,          3.30,       1.86,      18.64,     61.44,          5.30
         13,          3,    5,          0.48,          3.30,       1.96,      19.54,     64.42,          5.23
         13,          3,    6,          0.97,          3.30,       2.03,      20.33,     67.02,          5.22
         13,          3,    7,          1.38,          3.30,       2.12,      21.18,     69.83,          5.12
         13,          4,    1,         -1.10,          3.30,       1.73,      17.28,     57.00,          8.65
         13,          4,    2,          0.16,          3.30,       1.89,      18.85,     62.15,          7.35
         13,          4,    3,          1.03,          3.30,       2.02,      20.24,     66.74,          6.77
         13,          4,    4,          1.71,          3.30,       2.15,      21.49,     70.83,          6.50
         13,          4,    5,          2.23,          3.30,       2.25,      22.53,     74.28,          6.36
         13,          4,    6,          2.66,          3.30,       2.35,      23.48,     77.39,          6.28
         13,          4,    7,          3.01,          3.30,       2.43,      24.29,     80.08,          6.23
         13,          5,    1,          1.21,          3.30,       2.06,      20.57,     67.81,         10.81
         13,          5,    2,          2.37,          3.30,       2.26,      22.58,     74.45,          9.15
         13,          5,    3,          3.14,          3.30,       2.43,      24.22,     79.85,          8.49
         13,          5,    4,          3.69,          3.30,       2.56,      25.60,     84.38,          8.12
         13,          5,    5,          4.10,          3.30,       2.67,      26.66,     87.86,          7.97
         13,          5,    6,          4.44,          3.30,       2.77,      27.69,     91.27,          7.78
         13,          5,    7,          4.70,          3.30,       2.87,      28.64,     94.38,          7.60
         13,          6,    1,          2.80,          3.30,       2.37,      23.71,     78.15,         14.88
         13,          6,    2,          3.84,          3.30,       2.60,      26.02,     85.76,         11.85
         13,          6,    3,          4.52,          3.30,       2.78,      27.78,     91.58,         10.79
         13,          6,    4,          4.98,          3.30,       2.91,      29.12,     95.99,         10.28
         13,          6,    5,          5.33,          3.30,       3.03,      30.31,     99.91,          9.87
         13,          6,    6,          5.60,          3.30,       3.14,      31.38,    103.43,          9.54
         13,          6,    7,          5.83,          3.30,       3.24,      32.42,    106.84,          9.22
         13,          7,    1,          4.04,          3.30,       2.70,      26.99,     88.97,         15.93
         13,          7,    2,          5.08,          3.30,       2.97,      29.68,     97.83,         12.99
         13,          7,    3,          5.71,          3.30,       3.17,      31.74,    104.63,         11.78
         13,          7,    4,          6.12,          3.30,       3.33,      33.27,    109.66,         11.17
         13,          7,    5,          6.44,          3.30,       3.45,      34.54,    113.84,         10.79
         13,          7,    6,          6.67,          3.30,       3.57,      35.65,    117.50,         10.46
         13,          7,    7,          6.86,          3.30,       3.67,      36.72,    121.03,         10.12
         14,          1,    1,         -8.65,          3.30,       1.15,      11.46,     37.79,          3.22
         14,          1,    2,         -6.88,          3.30,       1.24,      12.36,     40.76,          2.84
         14,          1,    3,         -5.48,          3.30,       1.33,      13.30,     43.87,          2.74
         14,          1,    4,         -4.46,          3.30,       1.41,      14.08,     46.45,          2.78
         14,          1,    5,         -3.66,          3.30,       1.49,      14.86,     49.02,          2.79
         14,          1,    6,         -2.94,          3.30,       1.56,      15.61,     51.47,          2.83
         14,          1,    7,         -2.39,          3.30,       1.63,      16.24,     53.56,          2.88
         14,          2,    1,         -5.97,          3.30,       1.29,      12.90,     42.56,          7.11
         14,          2,    2,         -4.42,          3.30,       1.40,      14.01,     46.21,          5.01
         14,          2,    3,         -3.17,          3.30,       1.51,      15.13,     49.90,          4.42
         14,          2,    4,         -2.22,          3.30,       1.61,      16.11,     53.13,          4.25
         14,          2,    5,         -1.47,          3.30,       1.69,      16.95,     55.90,          4.22
         14,          2,    6,         -0.85,          3.30,       1.78,      17.84,     58.83,          4.14
         14,          2,    7,         -0.32,          3.30,       1.86,      18.61,     61.36,          4.16
         14,          3,    1,         -2.90,          3.30,       1.53,      15.26,     50.34,          7.92
         14,          3,    2,         -1.52,          3.30,       1.67,      16.71,     55.11,          6.27
         14,          3,    3,         -0.46,          3.30,       1.81,      18.10,     59.69,          5.69
         14,          3,    4,          0.34,          3.30,       1.92,      19.14,     63.11,          5.62
         14,          3,    5,          0.93,          3.30,       2.02,      20.16,     66.47,          5.47
         14,          3,    6,          1.44,          3.30,       2.10,      21.05,     69.40,          5.45
         14,          3,    7,          1.82,          3.30,       2.18,      21.87,     72.11,          5.38
         14,          4,    1,         -0.65,          3.30,       1.78,      17.77,     58.61,          9.42
         14,          4,    2,          0.58,          3.30,       1.95,      19.47,     64.21,          7.75
         14,          4,    3,          1.48,          3.30,       2.09,      20.92,     68.96,          7.21
         14,          4,    4,          2.16,          3.30,       2.22,      22.15,     73.01,          6.98
         14,          4,    5,          2.70,          3.30,       2.33,      23.28,     76.73,          6.82
         14,          4,    6,          3.11,          3.30,       2.43,      24.28,     80.03,          6.70
         14,          4,    7,          3.47,          3.30,       2.52,      25.18,     83.01,          6.62
         14,          5,    1,          1.64,          3.30,       2.13,      21.31,     70.26,         11.28
         14,          5,    2,          2.81,          3.30,       2.34,      23.45,     77.30,          9.56
         14,          5,    3,          3.60,          3.30,       2.52,      25.20,     83.08,          8.88
         14,          5,    4,          4.14,          3.30,       2.66,      26.55,     87.53,          8.59
         14,          5,    5,          4.56,          3.30,       2.77,      27.74,     91.45,          8.37
         14,          5,    6,          4.89,          3.30,       2.88,      28.75,     94.77,          8.23
         14,          5,    7,          5.15,          3.30,       2.97,      29.74,     98.02,          8.05
         14,          6,    1,          3.25,          3.30,       2.46,      24.60,     81.08,         15.50
         14,          6,    2,          4.29,          3.30,       2.70,      27.02,     89.05,         12.41
         14,          6,    3,          4.96,          3.30,       2.89,      28.89,     95.22,         11.29
         14,          6,    4,          5.43,          3.30,       3.03,      30.32,     99.95,         10.75
         14,          6,    5,          5.77,          3.30,       3.16,      31.56,    104.01,         10.32
         14,          6,    6,          6.07,          3.30,       3.27,      32.66,    107.66,         10.05
         14,          6,    7,          6.30,          3.30,       3.37,      33.69,    111.05,          9.77
         14,          7,    1,          4.49,          3.30,       2.80,      27.99,     92.27,         16.91
         14,          7,    2,          5.53,          3.30,       3.08,      30.86,    101.70,         13.68
         14,          7,    3,          6.16,          3.30,       3.30,      33.00,    108.77,         12.47
         14,          7,    4,          6.60,          3.30,       3.46,      34.61,    114.07,         11.88
         14,          7,    5,          6.90,          3.30,       3.60,      35.98,    118.59,         11.40
         14,          7,    6,          7.13,          3.30,       3.71,      37.12,    122.33,         11.06
         14,          7,    7,          7.33,          3.30,       3.83,      38.34,    126.35,         10.66
         15,          1,    1,         -4.07,          3.30,       1.37,      13.66,     45.06,          4.58
         15,          1,    2,         -2.19,          3.30,       1.53,      15.34,     50.60,          4.29
         15,          1,    3,         -0.91,          3.30,       1.67,      16.71,     55.11,          4.36
         15,          1,    4,          0.02,          3.30,       1.80,      18.02,     59.40,          4.39
         15,          1,    5,          0.72,          3.30,       1.92,      19.16,     63.18,          4.42
         15,          1,    6,          1.24,          3.30,       2.02,      20.15,     66.45,          4.44
         15,          1,    7,          1.69,          3.30,       2.12,      21.16,     69.77,          4.44
         15,          2,    1,         -2.15,          3.30,       1.54,      15.37,     50.70,          8.55
         15,          2,    2,         -0.44,          3.30,       1.73,      17.25,     56.89,          6.79
         15,          2,    3,          0.72,          3.30,       1.90,      18.98,     62.57,          6.22
         15,          2,    4,          1.57,          3.30,       2.04,      20.34,     67.07,          6.11
         15,          2,    5,          2.21,          3.30,       2.17,      21.67,     71.44,          5.97
         15,          2,    6,          2.69,          3.30,       2.29,      22.87,     75.41,          5.84
         15,          2,    7,          3.10,          3.30,       2.40,      24.02,     79.19,          5.73
         15,          3,    1,          0.13,          3.30,       1.82,      18.17,     59.93,         11.76
         15,          3,    2,          1.65,          3.30,       2.03,      20.35,     67.11,          9.17
         15,          3,    3,          2.65,          3.30,       2.23,      22.30,     73.51,          8.24
         15,          3,    4,          3.34,          3.30,       2.39,      23.86,     78.65,          7.86
         15,          3,    5,          3.85,          3.30,       2.53,      25.29,     83.37,          7.54
         15,          3,    6,          4.25,          3.30,       2.66,      26.57,     87.59,          7.30
         15,          3,    7,          4.56,          3.30,       2.78,      27.82,     91.70,          7.05
         15,          4,    1,          1.81,          3.30,       2.09,      20.80,     68.58,         13.22
         15,          4,    2,          3.14,          3.30,       2.33,      23.34,     76.96,         10.39
         15,          4,    3,          4.00,          3.30,       2.54,      25.39,     83.70,          9.45
         15,          4,    4,          4.59,          3.30,       2.71,      27.09,     89.31,          8.94
         15,          4,    5,          5.02,          3.30,       2.87,      28.68,     94.52,          8.50
         15,          4,    6,          5.37,          3.30,       3.01,      30.11,     99.25,          8.18
         15,          4,    7,          5.65,          3.30,       3.15,      31.49,    103.79,          7.86
         15,          5,    1,          3.47,          3.30,       2.43,      24.35,     80.26,         13.69
         15,          5,    2,          4.67,          3.30,       2.72,      27.23,     89.74,         11.39
         15,          5,    3,          5.40,          3.30,       2.96,      29.62,     97.63,         10.30
         15,          5,    4,          5.89,          3.30,       3.15,      31.50,    103.81,          9.76
         15,          5,    5,          6.25,          3.30,       3.32,      33.21,    109.44,          9.28
         15,          5,    6,          6.53,          3.30,       3.47,      34.70,    114.35,          8.92
         15,          5,    7,          6.76,          3.30,       3.62,      36.17,    119.22,          8.58
         15,          6,    1,          4.65,          3.30,       2.76,      27.63,     91.08,         15.96
         15,          6,    2,          5.73,          3.30,       3.08,      30.79,    101.49,         13.05
         15,          6,    3,          6.36,          3.30,       3.33,      33.34,    109.90,         11.67
         15,          6,    4,          6.80,          3.30,       3.53,      35.34,    116.50,         10.94
         15,          6,    5,          7.10,          3.30,       3.72,      37.26,    122.79,         10.26
         15,          6,    6,          7.33,          3.30,       3.89,      38.95,    128.36,          9.74
         15,          6,    7,          7.52,          3.30,       4.07,      40.67,    134.04,          9.23
         15,          7,    1,          5.57,          3.30,       3.09,      30.89,    101.83,         17.62
         15,          7,    2,          6.60,          3.30,       3.45,      34.47,    113.61,         14.18
         15,          7,    3,          7.19,          3.30,       3.74,      37.35,    123.10,         12.55
         15,          7,    4,          7.57,          3.30,       3.97,      39.72,    130.92,         11.54
         15,          7,    5,          7.85,          3.30,       4.20,      41.95,    138.25,         10.72
         15,          7,    6,          8.07,          3.30,       4.39,      43.89,    144.63,         10.13
         15,          7,    7,          8.24,          3.30,       4.58,      45.80,    150.93,          9.59
         16,          1,    1,         -3.61,          3.30,       1.39,      13.92,     45.94,          4.88
         16,          1,    2,         -1.74,          3.30,       1.57,      15.66,     51.65,          4.58
         16,          1,    3,         -0.45,          3.30,       1.72,      17.18,     56.65,          4.59
         16,          1,    4,          0.48,          3.30,       1.85,      18.53,     61.10,          4.63
         16,          1,    5,          1.16,          3.30,       1.97,      19.73,     65.06,          4.66
         16,          1,    6,          1.71,          3.30,       2.08,      20.78,     68.50,          4.71
         16,          1,    7,          2.17,          3.30,       2.18,      21.81,     71.93,          4.72
         16,          2,    1,         -1.73,          3.30,       1.57,      15.75,     51.93,          8.97
         16,          2,    2,          0.01,          3.30,       1.77,      17.69,     58.35,          7.21
         16,          2,    3,          1.18,          3.30,       1.95,      19.47,     64.19,          6.64
         16,          2,    4,          2.04,          3.30,       2.10,      20.94,     69.05,          6.50
         16,          2,    5,          2.66,          3.30,       2.24,      22.38,     73.78,          6.30
         16,          2,    6,          3.16,          3.30,       2.36,      23.59,     77.78,          6.21
         16,          2,    7,          3.58,          3.30,       2.48,      24.82,     81.81,          6.10
         16,          3,    1,          0.57,          3.30,       1.87,      18.71,     61.69,         12.15
         16,          3,    2,          2.11,          3.30,       2.10,      21.00,     69.23,          9.61
         16,          3,    3,          3.11,          3.30,       2.30,      23.04,     75.97,          8.65
         16,          3,    4,          3.81,          3.30,       2.47,      24.73,     81.53,          8.23
         16,          3,    5,          4.32,          3.30,       2.62,      26.22,     86.43,          7.92
         16,          3,    6,          4.72,          3.30,       2.75,      27.52,     90.70,          7.73
         16,          3,    7,          5.04,          3.30,       2.89,      28.87,     95.16,          7.46
         16,          4,    1,          2.26,          3.30,       2.15,      21.49,     70.83,         13.75
         16,          4,    2,          3.61,          3.30,       2.41,      24.06,     79.31,         11.08
         16,          4,    3,          4.45,          3.30,       2.63,      26.29,     86.66,          9.94
         16,          4,    4,          5.06,          3.30,       2.82,      28.16,     92.79,          9.37
         16,          4,    5,          5.51,          3.30,       2.98,      29.82,     98.28,          8.95
         16,          4,    6,          5.84,          3.30,       3.12,      31.25,    103.00,          8.65
         16,          4,    7,          6.12,          3.30,       3.27,      32.74,    107.90,          8.29
         16,          5,    1,          3.94,          3.30,       2.52,      25.21,     83.10,         14.45
         16,          5,    2,          5.13,          3.30,       2.83,      28.23,     93.07,         12.02
         16,          5,    3,          5.86,          3.30,       3.07,      30.74,    101.32,         10.89
         16,          5,    4,          6.37,          3.30,       3.28,      32.74,    107.91,         10.33
         16,          5,    5,          6.73,          3.30,       3.45,      34.46,    113.57,          9.89
         16,          5,    6,          7.00,          3.30,       3.61,      36.12,    119.05,          9.44
         16,          5,    7,          7.22,          3.30,       3.77,      37.72,    124.31,          9.04
         16,          6,    1,          5.13,          3.30,       2.87,      28.71,     94.64,         16.80
         16,          6,    2,          6.21,          3.30,       3.21,      32.06,    105.65,         13.75
         16,          6,    3,          6.84,          3.30,       3.46,      34.59,    114.02,         12.45
         16,          6,    4,          7.27,          3.30,       3.68,      36.77,    121.21,         11.60
         16,          6,    5,          7.58,          3.30,       3.88,      38.80,    127.87,         10.89
         16,          6,    6,          7.82,          3.30,       4.06,      40.60,    133.81,         10.34
         16,          6,    7,          8.01,          3.30,       4.24,      42.40,    139.73,          9.80
         16,          7,    1,          6.02,          3.30,       3.22,      32.17,    106.05,         18.39
         16,          7,    2,          7.07,          3.30,       3.59,      35.95,    118.51,         14.89
         16,          7,    3,          7.67,          3.30,       3.90,      39.00,    128.53,         13.21
         16,          7,    4,          8.06,          3.30,       4.15,      41.48,    136.72,         12.19
         16,          7,    5,          8.34,          3.30,       4.37,      43.72,    144.07,         11.40
         16,          7,    6,          8.56,          3.30,       4.58,      45.80,    150.91,         10.76
         16,          7,    7,          8.72,          3.30,       4.78,      47.79,    157.47,         10.17
         17,          1,    1,         -3.24,          3.30,       1.43,      14.28,     47.11,          4.96
         17,          1,    2,         -1.33,          3.30,       1.61,      16.07,     53.00,          4.76
         17,          1,    3,         -0.01,          3.30,       1.76,      17.61,     58.04,          4.87
         17,          1,    4,          0.92,          3.30,       1.90,      18.99,     62.61,          4.92
         17,          1,    5,          1.59,          3.30,       2.02,      20.24,     66.74,          4.94
         17,          1,    6,          2.17,          3.30,       2.14,      21.42,     70.62,          4.98
         17,          1,    7,          2.62,          3.30,       2.25,      22.50,     74.16,          4.99
         17,          2,    1,         -1.34,          3.30,       1.62,      16.12,     53.18,          9.18
         17,          2,    2,          0.43,          3.30,       1.82,      18.22,     60.10,          7.41
         17,          2,    3,          1.60,          3.30,       2.00,      20.03,     66.02,          6.94
         17,          2,    4,          2.47,          3.30,       2.16,      21.63,     71.30,          6.76
         17,          2,    5,          3.10,          3.30,       2.31,      23.07,     76.07,          6.62
         17,          2,    6,          3.61,          3.30,       2.44,      24.32,     80.17,          6.56
         17,          2,    7,          4.02,          3.30,       2.56,      25.66,     84.59,          6.40
         17,          3,    1,          0.98,          3.30,       1.92,      19.16,     63.18,         13.22
         17,          3,    2,          2.54,          3.30,       2.16,      21.62,     71.27,         10.21
         17,          3,    3,          3.55,          3.30,       2.37,      23.74,     78.27,          9.22
         17,          3,    4,          4.25,          3.30,       2.55,      25.50,     84.07,          8.76
         17,          3,    5,          4.76,          3.30,       2.71,      27.08,     89.28,          8.41
         17,          3,    6,          5.17,          3.30,       2.85,      28.49,     93.91,          8.17
         17,          3,    7,          5.48,          3.30,       2.98,      29.83,     98.32,          7.92
         17,          4,    1,          2.66,          3.30,       2.21,      22.10,     72.85,         14.66
         17,          4,    2,          4.02,          3.30,       2.49,      24.94,     82.22,         11.48
         17,          4,    3,          4.89,          3.30,       2.72,      27.21,     89.67,         10.49
         17,          4,    4,          5.51,          3.30,       2.91,      29.15,     96.07,          9.92
         17,          4,    5,          5.93,          3.30,       3.08,      30.83,    101.62,          9.48
         17,          4,    6,          6.29,          3.30,       3.24,      32.40,    106.78,          9.16
         17,          4,    7,          6.57,          3.30,       3.40,      33.95,    111.89,          8.78
         17,          5,    1,          4.35,          3.30,       2.60,      26.06,     85.92,         15.07
         17,          5,    2,          5.57,          3.30,       2.93,      29.28,     96.49,         12.59
         17,          5,    3,          6.31,          3.30,       3.19,      31.86,    105.03,         11.52
         17,          5,    4,          6.81,          3.30,       3.39,      33.96,    111.92,         10.89
         17,          5,    5,          7.17,          3.30,       3.58,      35.79,    117.96,         10.40
         17,          5,    6,          7.45,          3.30,       3.75,      37.52,    123.66,          9.96
         17,          5,    7,          7.67,          3.30,       3.92,      39.23,    129.29,          9.53
         17,          6,    1,          5.56,          3.30,       2.98,      29.77,     98.13,         17.60
         17,          6,    2,          6.66,          3.30,       3.33,      33.30,    109.76,         14.47
         17,          6,    3,          7.28,          3.30,       3.60,      36.02,    118.71,         13.05
         17,          6,    4,          7.72,          3.30,       3.83,      38.31,    126.25,         12.18
         17,          6,    5,          8.03,          3.30,       4.04,      40.37,    133.04,         11.47
         17,          6,    6,          8.28,          3.30,       4.23,      42.25,    139.24,         10.93
         17,          6,    7,          8.46,          3.30,       4.41,      44.10,    145.33,         10.38
         17,          7,    1,          6.47,          3.30,       3.34,      33.36,    109.94,         19.74
         17,          7,    2,          7.53,          3.30,       3.74,      37.40,    123.26,         15.80
         17,          7,    3,          8.12,          3.30,       4.06,      40.61,    133.82,         13.97
         17,          7,    4,          8.51,          3.30,       4.31,      43.11,    142.07,         12.99
         17,          7,    5,          8.80,          3.29,       4.55,      45.54,    150.05,         12.10
         17,          7,    6,          9.01,          3.29,       4.76,      47.67,    157.06,         11.42
         17,          7,    7,          9.18,          3.29,       4.98,      49.77,    163.96,         10.82
         18,          1,    1,         -2.78,          3.30,       1.46,      14.60,     48.14,          5.31
         18,          1,    2,         -0.88,          3.30,       1.64,      16.44,     54.22,          5.10
         18,          1,    3,          0.44,          3.30,       1.81,      18.09,     59.64,          5.17
         18,          1,    4,          1.37,          3.30,       1.96,      19.58,     64.55,          5.20
         18,          1,    5,          2.07,          3.30,       2.08,      20.83,     68.67,          5.29
         18,          1,    6,          2.63,          3.30,       2.21,      22.08,     72.81,          5.30
         18,          1,    7,          3.09,          3.30,       2.32,      23.24,     76.62,          5.30
         18,          2,    1,         -0.92,          3.30,       1.65,      16.53,     54.51,          9.69
         18,          2,    2,          0.83,          3.30,       1.87,      18.67,     61.56,          7.86
         18,          2,    3,          2.06,          3.30,       2.06,      20.61,     67.95,          7.37
         18,          2,    4,          2.93,          3.30,       2.22,      22.26,     73.39,          7.21
         18,          2,    5,          3.56,          3.30,       2.38,      23.80,     78.47,          7.02
         18,          2,    6,          4.07,          3.30,       2.52,      25.20,     83.08,          6.92
         18,          2,    7,          4.48,          3.30,       2.65,      26.57,     87.57,          6.78
         18,          3,    1,          1.41,          3.30,       1.97,      19.74,     65.08,         13.44
         18,          3,    2,          2.97,          3.30,       2.23,      22.27,     73.42,         10.64
         18,          3,    3,          4.00,          3.30,       2.45,      24.50,     80.77,          9.67
         18,          3,    4,          4.72,          3.30,       2.64,      26.43,     87.12,          9.16
         18,          3,    5,          5.23,          3.30,       2.81,      28.12,     92.70,          8.79
         18,          3,    6,          5.64,          3.30,       2.95,      29.57,     97.48,          8.58
         18,          3,    7,          5.95,          3.30,       3.10,      30.99,    102.14,          8.31
         18,          4,    1,          3.11,          3.30,       2.28,      22.83,     75.28,         15.31
         18,          4,    2,          4.48,          3.30,       2.57,      25.71,     84.74,         12.30
         18,          4,    3,          5.36,          3.30,       2.82,      28.21,     92.97,         11.06
         18,          4,    4,          5.95,          3.30,       3.02,      30.16,     99.41,         10.51
         18,          4,    5,          6.41,          3.30,       3.21,      32.03,    105.58,         10.02
         18,          4,    6,          6.76,          3.30,       3.36,      33.64,    110.88,          9.70
         18,          4,    7,          7.04,          3.30,       3.53,      35.28,    116.28,          9.31
         18,          5,    1,          4.80,          3.30,       2.70,      26.97,     88.88,         16.03
         18,          5,    2,          6.01,          3.30,       3.03,      30.33,     99.97,         13.34
         18,          5,    3,          6.78,          3.30,       3.32,      33.14,    109.22,         12.16
         18,          5,    4,          7.28,          3.30,       3.53,      35.28,    116.29,         11.55
         18,          5,    5,          7.65,          3.30,       3.73,      37.28,    122.87,         11.03
         18,          5,    6,          7.93,          3.30,       3.91,      39.13,    128.96,         10.54
         18,          5,    7,          8.15,          3.30,       4.08,      40.80,    134.49,         10.14
         18,          6,    1,          6.01,          3.30,       3.09,      30.87,    101.76,         18.69
         18,          6,    2,          7.12,          3.30,       3.45,      34.57,    113.94,         15.35
         18,          6,    3,          7.76,          3.30,       3.74,      37.46,    123.48,         13.86
         18,          6,    4,          8.20,          3.30,       3.99,      39.93,    131.59,         12.91
         18,          6,    5,          8.51,          3.30,       4.21,      42.08,    138.67,         12.18
         18,          6,    6,          8.75,          3.30,       4.40,      44.05,    145.18,         11.57
         18,          6,    7,          8.94,          3.30,       4.60,      45.99,    151.55,         11.02
         18,          7,    1,          6.95,          3.30,       3.48,      34.76,    114.58,         20.68
         18,          7,    2,          8.01,          3.30,       3.90,      39.05,    128.68,         16.62
         18,          7,    3,          8.60,          3.30,       4.23,      42.34,    139.56,         14.80
         18,          7,    4,          9.00,          3.30,       4.51,      45.08,    148.56,         13.69
         18,          7,    5,          9.28,          3.29,       4.75,      47.50,    156.50,         12.86
         18,          7,    6,          9.49,          3.29,       4.97,      49.72,    163.81,         12.14
         18,          7,    7,          9.66,          3.29,       5.19,      51.93,    171.02,         11.51
         19,          1,    1,         -2.36,          3.30,       1.49,      14.95,     49.30,          5.48
         19,          1,    2,         -0.40,          3.30,       1.68,      16.82,     55.48,          5.43
         19,          1,    3,          0.92,          3.30,       1.86,      18.63,     61.42,          5.44
         19,          1,    4,          1.87,          3.30,       2.01,      20.16,     66.46,          5.54
         19,          1,    5,          2.57,          3.30,       2.15,      21.52,     70.93,          5.60
         19,          1,    6,          3.13,          3.30,       2.28,      22.85,     75.34,          5.62
         19,          1,    7,          3.59,          3.30,       2.40,      23.99,     79.09,          5.66
         19,          2,    1,         -0.49,          3.30,       1.69,      16.88,     55.65,         10.54
         19,          2,    2,          1.29,          3.30,       1.92,      19.20,     63.32,          8.34
         19,          2,    3,          2.52,          3.30,       2.12,      21.26,     70.08,          7.80
         19,          2,    4,          3.40,          3.30,       2.30,      23.03,     75.92,          7.60
         19,          2,    5,          4.05,          3.30,       2.46,      24.65,     81.26,          7.46
         19,          2,    6,          4.55,          3.30,       2.61,      26.10,     86.03,          7.34
         19,          2,    7,          4.98,          3.30,       2.75,      27.49,     90.61,          7.25
         19,          3,    1,          1.84,          3.30,       2.03,      20.26,     66.83,         14.47
         19,          3,    2,          3.44,          3.30,       2.30,      23.01,     75.86,         11.27
         19,          3,    3,          4.47,          3.30,       2.54,      25.38,     83.67,         10.22
         19,          3,    4,          5.18,          3.30,       2.73,      27.32,     90.04,          9.77
         19,          3,    5,          5.72,          3.30,       2.92,      29.14,     96.06,          9.38
         19,          3,    6,          6.13,          3.30,       3.07,      30.71,    101.22,          9.13
         19,          3,    7,          6.47,          3.30,       3.22,      32.24,    106.25,          8.87
         19,          4,    1,          3.55,          3.30,       2.36,      23.58,     77.75,         16.12
         19,          4,    2,          4.94,          3.30,       2.67,      26.69,     87.99,         12.83
         19,          4,    3,          5.81,          3.30,       2.92,      29.18,     96.19,         11.74
         19,          4,    4,          6.44,          3.30,       3.14,      31.39,    103.45,         11.08
         19,          4,    5,          6.90,          3.30,       3.33,      33.31,    109.80,         10.62
         19,          4,    6,          7.25,          3.30,       3.50,      35.02,    115.43,         10.25
         19,          4,    7,          7.54,          3.30,       3.67,      36.72,    121.04,          9.89
         19,          5,    1,          5.27,          3.30,       2.80,      28.01,     92.32,         16.76
         19,          5,    2,          6.51,          3.30,       3.16,      31.60,    104.16,         14.03
         19,          5,    3,          7.26,          3.30,       3.44,      34.37,    113.27,         12.97
         19,          5,    4,          7.77,          3.30,       3.68,      36.73,    121.07,         12.27
         19,          5,    5,          8.15,          3.30,       3.89,      38.89,    128.16,         11.68
         19,          5,    6,          8.42,          3.30,       4.08,      40.76,    134.33,         11.21
         19,          5,    7,          8.66,          3.30,       4.26,      42.57,    140.28,         10.79
         19,          6,    1,          6.50,          3.30,       3.22,      32.20,    106.11,         19.76
         19,          6,    2,          7.61,          3.30,       3.61,      36.07,    118.91,         16.28
         19,          6,    3,          8.26,          3.30,       3.92,      39.16,    129.06,         14.70
         19,          6,    4,          8.70,          3.30,       4.16,      41.63,    137.22,         13.78
         19,          6,    5,          9.01,          3.30,       4.39,      43.93,    144.78,         13.00
         19,          6,    6,          9.25,          3.29,       4.60,      46.01,    151.60,         12.37
         19,          6,    7,          9.44,          3.29,       4.79,      47.95,    157.95,         11.82
         19,          7,    1,          7.45,          3.30,       3.62,      36.24,    119.45,         22.13
         19,          7,    2,          8.51,          3.30,       4.08,      40.76,    134.33,         17.72
         19,          7,    3,          9.10,          3.30,       4.43,      44.24,    145.80,         15.80
         19,          7,    4,          9.50,          3.29,       4.70,      47.05,    155.02,         14.69
         19,          7,    5,          9.79,          3.29,       4.96,      49.63,    163.50,         13.77
         19,          7,    6,         10.00,          3.29,       5.20,      51.99,    171.27,         12.99
         19,          7,    7,         10.18,          3.29,       5.42,      54.18,    178.43,         12.38
         20,          1,    1,         -1.99,          3.30,       1.52,      15.18,     50.06,          5.85
         20,          1,    2,         -0.04,          3.30,       1.72,      17.23,     56.82,          5.64
         20,          1,    3,          1.30,          3.30,       1.91,      19.09,     62.94,          5.69
         20,          1,    4,          2.26,          3.30,       2.06,      20.68,     68.18,          5.81
         20,          1,    5,          2.97,          3.30,       2.21,      22.06,     72.73,          5.92
         20,          1,    6,          3.54,          3.30,       2.34,      23.43,     77.24,          5.95
         20,          1,    7,          4.00,          3.30,       2.47,      24.73,     81.50,          5.94
         20,          2,    1,         -0.14,          3.30,       1.72,      17.24,     56.85,         10.84
         20,          2,    2,          1.63,          3.30,       1.97,      19.63,     64.73,          8.65
         20,          2,    3,          2.88,          3.30,       2.18,      21.75,     71.70,          8.16
         20,          2,    4,          3.77,          3.30,       2.36,      23.60,     77.79,          7.97
         20,          2,    5,          4.43,          3.30,       2.53,      25.26,     83.26,          7.85
         20,          2,    6,          4.96,          3.30,       2.69,      26.89,     88.62,          7.69
         20,          2,    7,          5.38,          3.30,       2.83,      28.34,     93.41,          7.58
         20,          3,    1,          2.22,          3.30,       2.08,      20.76,     68.43,         15.03
         20,          3,    2,          3.80,          3.30,       2.36,      23.59,     77.77,         11.75
         20,          3,    3,          4.85,          3.30,       2.62,      26.12,     86.10,         10.62
         20,          3,    4,          5.57,          3.30,       2.82,      28.16,     92.82,         10.17
         20,          3,    5,          6.12,          3.30,       3.00,      30.00,     98.89,          9.84
         20,          3,    6,          6.53,          3.30,       3.17,      31.72,    104.56,          9.53
         20,          3,    7,          6.87,          3.30,       3.32,      33.26,    109.64,          9.30
         20,          4,    1,          3.94,          3.30,       2.42,      24.22,     79.83,         17.07
         20,          4,    2,          5.31,          3.30,       2.74,      27.40,     90.32,         13.59
         20,          4,    3,          6.21,          3.30,       3.01,      30.10,     99.23,         12.32
         20,          4,    4,          6.82,          3.30,       3.24,      32.34,    106.59,         11.66
         20,          4,    5,          7.28,          3.30,       3.43,      34.30,    113.06,         11.20
         20,          4,    6,          7.66,          3.30,       3.61,      36.13,    119.06,         10.84
         20,          4,    7,          7.94,          3.30,       3.79,      37.86,    124.77,         10.46
         20,          5,    1,          5.64,          3.30,       2.89,      28.88,     95.17,         17.52
         20,          5,    2,          6.90,          3.30,       3.26,      32.58,    107.39,         14.77
         20,          5,    3,          7.67,          3.30,       3.56,      35.61,    117.37,         13.55
         20,          5,    4,          8.18,          3.30,       3.80,      38.03,    125.34,         12.87
         20,          5,    5,          8.56,          3.30,       4.02,      40.23,    132.58,         12.30
         20,          5,    6,          8.84,          3.30,       4.22,      42.20,    139.06,         11.82
         20,          5,    7,          9.07,          3.30,       4.41,      44.07,    145.22,         11.37
         20,          6,    1,          6.91,          3.30,       3.33,      33.27,    109.66,         20.91
         20,          6,    2,          8.02,          3.30,       3.73,      37.36,    123.13,         17.15
         20,          6,    3,          8.67,          3.30,       4.05,      40.53,    133.58,         15.53
         20,          6,    4,          9.11,          3.30,       4.32,      43.17,    142.28,         14.53
         20,          6,    5,          9.42,          3.30,       4.55,      45.51,    149.95,         13.73
         20,          6,    6,          9.67,          3.29,       4.76,      47.64,    156.98,         13.08
         20,          6,    7,          9.87,          3.29,       4.96,      49.65,    163.56,         12.53
         20,          7,    1,          7.86,          3.30,       3.76,      37.57,    123.84,         23.04
         20,          7,    2,          8.93,          3.30,       4.24,      42.36,    139.60,         18.50
         20,          7,    3,          9.53,          3.29,       4.60,      46.01,    151.60,         16.53
         20,          7,    4,          9.92,          3.29,       4.88,      48.83,    160.88,         15.46
         20,          7,    5,         10.22,          3.29,       5.15,      51.50,    169.66,         14.53
         20,          7,    6,         10.43,          3.29,       5.39,      53.93,    177.61,         13.75
         20,          7,    7,         10.60,          3.29,       5.62,      56.20,    185.07,         13.09
         21,          1,    1,         -1.61,          3.30,       1.55,      15.51,     51.15,          6.07
         21,          1,    2,          0.36,          3.30,       1.76,      17.59,     58.00,          5.96
         21,          1,    3,          1.71,          3.30,       1.96,      19.55,     64.44,          6.01
         21,          1,    4,          2.68,          3.30,       2.12,      21.26,     70.07,          6.12
         21,          1,    5,          3.40,          3.30,       2.27,      22.74,     74.94,          6.22
         21,          1,    6,          3.98,          3.30,       2.42,      24.18,     79.73,          6.26
         21,          1,    7,          4.45,          3.30,       2.55,      25.52,     84.12,          6.28
         21,          2,    1,          0.24,          3.30,       1.76,      17.65,     58.21,         11.27
         21,          2,    2,          2.05,          3.30,       2.02,      20.14,     66.39,          9.12
         21,          2,    3,          3.28,          3.30,       2.23,      22.35,     73.67,          8.56
         21,          2,    4,          4.17,          3.30,       2.43,      24.25,     79.94,          8.40
         21,          2,    5,          4.85,          3.30,       2.61,      26.07,     85.93,          8.24
         21,          2,    6,          5.39,          3.30,       2.77,      27.72,     91.39,          8.13
         21,          2,    7,          5.81,          3.30,       2.93,      29.27,     96.49,          7.99
         21,          3,    1,          2.60,          3.30,       2.14,      21.35,     70.39,         15.81
         21,          3,    2,          4.20,          3.30,       2.43,      24.31,     80.14,         12.36
         21,          3,    3,          5.28,          3.30,       2.70,      26.95,     88.83,         11.26
         21,          3,    4,          6.00,          3.30,       2.91,      29.05,     95.75,         10.79
         21,          3,    5,          6.55,          3.30,       3.10,      30.99,    102.14,         10.44
         21,          3,    6,          6.97,          3.30,       3.28,      32.75,    107.95,         10.14
         21,          3,    7,          7.31,          3.30,       3.43,      34.35,    113.22,          9.90
         21,          4,    1,          4.34,          3.30,       2.50,      24.99,     82.37,         17.57
         21,          4,    2,          5.73,          3.30,       2.84,      28.32,     93.37,         14.14
         21,          4,    3,          6.63,          3.30,       3.11,      31.09,    102.48,         12.93
         21,          4,    4,          7.26,          3.30,       3.34,      33.41,    110.11,         12.30
         21,          4,    5,          7.72,          3.30,       3.55,      35.50,    117.03,         11.80
         21,          4,    6,          8.08,          3.30,       3.74,      37.37,    123.16,         11.44
         21,          4,    7,          8.38,          3.30,       3.92,      39.22,    129.27,         11.04
         21,          5,    1,          6.08,          3.30,       2.99,      29.87,     98.46,         18.49
         21,          5,    2,          7.33,          3.30,       3.37,      33.73,    111.17,         15.60
         21,          5,    3,          8.11,          3.30,       3.69,      36.93,    121.73,         14.32
         21,          5,    4,          8.63,          3.30,       3.95,      39.46,    130.07,         13.64
         21,          5,    5,          9.01,          3.30,       4.18,      41.83,    137.86,         12.98
         21,          5,    6,          9.29,          3.30,       4.38,      43.82,    144.41,         12.52
         21,          5,    7,          9.52,          3.30,       4.58,      45.80,    150.91,         12.04
         21,          6,    1,          7.36,          3.30,       3.45,      34.49,    113.69,         22.13
         21,          6,    2,          8.48,          3.30,       3.89,      38.87,    128.12,         18.03
         21,          6,    3,          9.12,          3.30,       4.22,      42.22,    139.15,         16.32
         21,          6,    4,          9.57,          3.29,       4.49,      44.89,    147.91,         15.41
         21,          6,    5,          9.88,          3.30,       4.73,      47.29,    155.84,         14.56
         21,          6,    6,         10.13,          3.29,       4.95,      49.50,    163.08,         13.93
         21,          6,    7,         10.33,          3.29,       5.16,      51.62,    170.03,         13.34
         21,          7,    1,          8.32,          3.30,       3.91,      39.12,    128.93,         24.35
         21,          7,    2,          9.38,          3.30,       4.41,      44.12,    145.40,         19.55
         21,          7,    3,         10.00,          3.30,       4.79,      47.85,    157.64,         17.66
         21,          7,    4,         10.40,          3.29,       5.09,      50.92,    167.75,         16.43
         21,          7,    5,         10.69,          3.29,       5.37,      53.69,    176.83,         15.48
         21,          7,    6,         10.90,          3.29,       5.61,      56.12,    184.79,         14.69
         21,          7,    7,         11.08,          3.29,       5.85,      58.44,    192.44,         14.02
         22,          1,    1,         -1.25,          3.30,       1.58,      15.82,     52.18,          6.36
         22,          1,    2,          0.73,          3.30,       1.81,      18.08,     59.62,          6.15
         22,          1,    3,          2.11,          3.30,       2.01,      20.08,     66.22,          6.29
         22,          1,    4,          3.07,          3.30,       2.18,      21.84,     71.99,          6.42
         22,          1,    5,          3.81,          3.30,       2.34,      23.42,     77.22,          6.53
         22,          1,    6,          4.41,          3.30,       2.50,      24.95,     82.23,          6.59
         22,          1,    7,          4.88,          3.30,       2.63,      26.32,     86.75,          6.63
         22,          2,    1,          0.58,          3.30,       1.81,      18.08,     59.62,         11.67
         22,          2,    2,          2.42,          3.30,       2.06,      20.63,     68.03,          9.58
         22,          2,    3,          3.66,          3.30,       2.29,      22.94,     75.62,          9.01
         22,          2,    4,          4.56,          3.30,       2.49,      24.96,     82.27,          8.81
         22,          2,    5,          5.24,          3.30,       2.69,      26.86,     88.52,          8.63
         22,          2,    6,          5.77,          3.30,       2.85,      28.53,     94.04,          8.55
         22,          2,    7,          6.21,          3.30,       3.01,      30.13,     99.30,          8.45
         22,          3,    1,          2.98,          3.30,       2.19,      21.88,     72.13,         16.97
         22,          3,    2,          4.58,          3.30,       2.51,      25.05,     82.57,         12.96
         22,          3,    3,          5.67,          3.30,       2.78,      27.79,     91.58,         11.84
         22,          3,    4,          6.41,          3.30,       3.00,      29.98,     98.83,         11.40
         22,          3,    5,          6.96,          3.30,       3.21,      32.04,    105.61,         10.98
         22,          3,    6,          7.39,          3.30,       3.38,      33.85,    111.56,         10.72
         22,          3,    7,          7.72,          3.30,       3.56,      35.60,    117.32,         10.41
         22,          4,    1,          4.72,          3.30,       2.58,      25.78,     84.98,         18.53
         22,          4,    2,          6.13,          3.30,       2.93,      29.27,     96.47,         14.91
         22,          4,    3,          7.04,          3.30,       3.22,      32.18,    106.05,         13.63
         22,          4,    4,          7.67,          3.30,       3.45,      34.52,    113.79,         13.05
         22,          4,    5,          8.15,          3.30,       3.68,      36.74,    121.08,         12.52
         22,          4,    6,          8.51,          3.30,       3.87,      38.73,    127.65,         12.08
         22,          4,    7,          8.80,          3.30,       4.06,      40.61,    133.86,         11.69
         22,          5,    1,          6.49,          3.30,       3.09,      30.96,    102.03,         19.30
         22,          5,    2,          7.75,          3.30,       3.50,      35.02,    115.41,         16.31
         22,          5,    3,          8.54,          3.30,       3.84,      38.35,    126.41,         15.03
         22,          5,    4,          9.06,          3.30,       4.10,      40.98,    135.06,         14.34
         22,          5,    5,          9.45,          3.30,       4.34,      43.35,    142.88,         13.77
         22,          5,    6,          9.74,          3.29,       4.55,      45.50,    149.93,         13.27
         22,          5,    7,          9.97,          3.29,       4.75,      47.46,    156.36,         12.82
         22,          6,    1,          7.79,          3.30,       3.59,      35.91,    118.35,         23.17
         22,          6,    2,          8.91,          3.30,       4.04,      40.43,    133.24,         19.05
         22,          6,    3,          9.58,          3.30,       4.39,      43.90,    144.69,         17.34
         22,          6,    4,         10.02,          3.29,       4.67,      46.71,    153.89,         16.33
         22,          6,    5,         10.34,          3.29,       4.92,      49.19,    162.05,         15.52
         22,          6,    6,         10.59,          3.29,       5.15,      51.46,    169.51,         14.84
         22,          6,    7,         10.79,          3.29,       5.37,      53.69,    176.82,         14.21
         22,          7,    1,          8.77,          3.30,       4.08,      40.76,    134.33,         25.74
         22,          7,    2,          9.84,          3.30,       4.60,      45.99,    151.57,         20.73
         22,          7,    3,         10.46,          3.29,       4.99,      49.94,    164.52,         18.70
         22,          7,    4,         10.86,          3.29,       5.31,      53.10,    174.87,         17.47
         22,          7,    5,         11.16,          3.29,       5.60,      55.96,    184.30,         16.48
         22,          7,    6,         11.38,          3.29,       5.84,      58.45,    192.46,         15.71
         22,          7,    7,         11.56,          3.29,       6.08,      60.81,    200.21,         15.06
         23,          1,    1,         -0.96,          3.30,       1.61,      16.07,     53.01,          6.56
         23,          1,    2,          1.04,          3.30,       1.84,      18.43,     60.78,          6.36
         23,          1,    3,          2.45,          3.30,       2.05,      20.48,     67.52,          6.58
         23,          1,    4,          3.43,          3.30,       2.23,      22.33,     73.61,          6.72
         23,          1,    5,          4.18,          3.30,       2.40,      23.96,     79.00,          6.86
         23,          1,    6,          4.77,          3.30,       2.56,      25.53,     84.15,          6.92
         23,          1,    7,          5.24,          3.30,       2.71,      27.04,     89.14,          6.92
         23,          2,    1,          0.88,          3.30,       1.84,      18.40,     60.69,         12.25
         23,          2,    2,          2.74,          3.30,       2.10,      21.06,     69.44,         10.02
         23,          2,    3,          4.00,          3.30,       2.34,      23.45,     77.29,          9.45
         23,          2,    4,          4.91,          3.30,       2.56,      25.59,     84.34,          9.20
         23,          2,    5,          5.58,          3.30,       2.75,      27.45,     90.47,          9.09
         23,          2,    6,          6.14,          3.30,       2.93,      29.30,     96.57,          8.95
         23,          2,    7,          6.59,          3.30,       3.10,      30.94,    102.00,          8.88
         23,          3,    1,          3.30,          3.30,       2.24,      22.40,     73.84,         17.67
         23,          3,    2,          4.91,          3.30,       2.57,      25.67,     84.60,         13.57
         23,          3,    3,          6.03,          3.30,       2.86,      28.54,     94.08,         12.39
         23,          3,    4,          6.78,          3.30,       3.08,      30.85,    101.67,         11.93
         23,          3,    5,          7.34,          3.30,       3.30,      32.98,    108.71,         11.55
         23,          3,    6,          7.77,          3.30,       3.49,      34.83,    114.79,         11.30
         23,          3,    7,          8.12,          3.30,       3.66,      36.62,    120.69,         11.01
         23,          4,    1,          5.07,          3.30,       2.65,      26.49,     87.30,         19.35
         23,          4,    2,          6.49,          3.30,       3.01,      30.10,     99.19,         15.65
         23,          4,    3,          7.40,          3.30,       3.31,      33.13,    109.21,         14.28
         23,          4,    4,          8.05,          3.30,       3.56,      35.57,    117.25,         13.70
         23,          4,    5,          8.52,          3.30,       3.79,      37.86,    124.79,         13.16
         23,          4,    6,          8.89,          3.30,       4.00,      39.96,    131.71,         12.70
         23,          4,    7,          9.20,          3.30,       4.19,      41.92,    138.16,         12.34
         23,          5,    1,          6.86,          3.30,       3.19,      31.93,    105.24,         20.25
         23,          5,    2,          8.13,          3.30,       3.62,      36.20,    119.31,         17.08
         23,          5,    3,          8.93,          3.30,       3.97,      39.68,    130.78,         15.79
         23,          5,    4,          9.47,          3.30,       4.24,      42.47,    139.97,         15.06
         23,          5,    5,          9.85,          3.30,       4.49,      44.91,    148.00,         14.48
         23,          5,    6,         10.15,          3.30,       4.71,      47.05,    155.05,         14.03
         23,          5,    7,         10.39,          3.29,       4.91,      49.10,    161.78,         13.60
         23,          6,    1,          8.20,          3.30,       3.72,      37.14,    122.42,         24.51
         23,          6,    2,          9.32,          3.30,       4.19,      41.92,    138.16,         20.05
         23,          6,    3,          9.99,          3.30,       4.56,      45.58,    150.19,         18.22
         23,          6,    4,         10.44,          3.29,       4.84,      48.40,    159.46,         17.31
         23,          6,    5,         10.76,          3.29,       5.10,      50.96,    167.85,         16.47
         23,          6,    6,         11.02,          3.29,       5.34,      53.37,    175.77,         15.75
         23,          6,    7,         11.22,          3.29,       5.56,      55.57,    183.00,         15.12
         23,          7,    1,          9.19,          3.30,       4.24,      42.39,    139.70,         26.79
         23,          7,    2,         10.27,          3.29,       4.78,      47.76,    157.36,         21.89
         23,          7,    3,         10.89,          3.29,       5.19,      51.96,    171.14,         19.69
         23,          7,    4,         11.30,          3.29,       5.52,      55.23,    181.89,         18.46
         23,          7,    5,         11.60,          3.29,       5.81,      58.12,    191.38,         17.49
         23,          7,    6,         11.83,          3.29,       6.07,      60.69,    199.81,         16.73
         23,          7,    7,         12.02,          3.29,       6.32,      63.17,    207.97,         16.03
         24,          1,    1,         -0.67,          3.30,       1.64,      16.35,     53.91,          6.77
         24,          1,    2,          1.34,          3.30,       1.88,      18.76,     61.86,          6.61
         24,          1,    3,          2.77,          3.30,       2.09,      20.93,     69.01,          6.82
         24,          1,    4,          3.78,          3.30,       2.28,      22.87,     75.38,          7.00
         24,          1,    5,          4.54,          3.30,       2.45,      24.55,     80.93,          7.18
         24,          1,    6,          5.14,          3.30,       2.62,      26.17,     86.27,          7.25
         24,          1,    7,          5.62,          3.30,       2.77,      27.69,     91.28,          7.29
         24,          2,    1,          1.16,          3.30,       1.87,      18.74,     61.79,         12.63
         24,          2,    2,          3.02,          3.30,       2.15,      21.52,     70.95,         10.28
         24,          2,    3,          4.31,          3.30,       2.39,      23.93,     78.90,          9.82
         24,          2,    4,          5.24,          3.30,       2.62,      26.14,     86.17,          9.62
         24,          2,    5,          5.94,          3.30,       2.82,      28.20,     92.94,          9.47
         24,          2,    6,          6.50,          3.30,       3.00,      30.00,     98.87,          9.42
         24,          2,    7,          6.95,          3.30,       3.18,      31.76,    104.69,          9.31
         24,          3,    1,          3.60,          3.30,       2.29,      22.94,     75.61,         18.06
         24,          3,    2,          5.23,          3.30,       2.63,      26.33,     86.80,         13.98
         24,          3,    3,          6.37,          3.30,       2.93,      29.28,     96.52,         12.89
         24,          3,    4,          7.13,          3.30,       3.18,      31.78,    104.75,         12.35
         24,          3,    5,          7.70,          3.30,       3.39,      33.89,    111.69,         12.08
         24,          3,    6,          8.16,          3.30,       3.59,      35.88,    118.25,         11.82
         24,          3,    7,          8.51,          3.30,       3.77,      37.72,    124.32,         11.55
         24,          4,    1,          5.41,          3.30,       2.72,      27.25,     89.82,         20.09
         24,          4,    2,          6.83,          3.30,       3.10,      30.96,    102.05,         16.34
         24,          4,    3,          7.75,          3.30,       3.41,      34.07,    112.29,         14.99
         24,          4,    4,          8.42,          3.30,       3.67,      36.72,    121.04,         14.32
         24,          4,    5,          8.91,          3.30,       3.91,      39.07,    128.78,         13.83
         24,          4,    6,          9.29,          3.30,       4.12,      41.21,    135.81,         13.42
         24,          4,    7,          9.59,          3.30,       4.32,      43.19,    142.33,         13.04
         24,          5,    1,          7.25,          3.30,       3.30,      33.01,    108.79,         21.16
         24,          5,    2,          8.52,          3.30,       3.74,      37.40,    123.26,         17.99
         24,          5,    3,          9.34,          3.30,       4.10,      41.05,    135.29,         16.64
         24,          5,    4,          9.87,          3.30,       4.39,      43.89,    144.64,         15.91
         24,          5,    5,         10.27,          3.29,       4.65,      46.46,    153.07,         15.33
         24,          5,    6,         10.57,          3.29,       4.87,      48.70,    160.44,         14.86
         24,          5,    7,         10.81,          3.29,       5.09,      50.83,    167.44,         14.39
         24,          6,    1,          8.60,          3.30,       3.86,      38.56,    127.07,         25.54
         24,          6,    2,          9.73,          3.30,       4.35,      43.48,    143.29,         21.10
         24,          6,    3,         10.41,          3.29,       4.73,      47.25,    155.68,         19.29
         24,          6,    4,         10.87,          3.29,       5.03,      50.32,    165.75,         18.23
         24,          6,    5,         11.20,          3.29,       5.29,      52.94,    174.36,         17.42
         24,          6,    6,         11.45,          3.29,       5.54,      55.38,    182.38,         16.71
         24,          6,    7,         11.66,          3.29,       5.76,      57.60,    189.65,         16.14
         24,          7,    1,          9.62,          3.30,       4.40,      44.04,    145.12,         28.19
         24,          7,    2,         10.71,          3.29,       4.97,      49.74,    163.85,         22.96
         24,          7,    3,         11.34,          3.29,       5.41,      54.10,    178.16,         20.78
         24,          7,    4,         11.76,          3.29,       5.75,      57.53,    189.43,         19.52
         24,          7,    5,         12.07,          3.29,       6.05,      60.54,    199.32,         18.58
         24,          7,    6,         12.31,          3.29,       6.32,      63.18,    207.98,         17.83
         24,          7,    7,         12.51,          3.29,       6.58,      65.82,    216.67,         17.13
         25,          1,    1,         -0.46,          3.30,       1.66,      16.56,     54.61,          6.91
         25,          1,    2,          1.58,          3.30,       1.90,      19.05,     62.82,          6.79
         25,          1,    3,          3.05,          3.30,       2.14,      21.34,     70.37,          7.01
         25,          1,    4,          4.08,          3.30,       2.33,      23.32,     76.86,          7.26
         25,          1,    5,          4.86,          3.30,       2.51,      25.13,     82.83,          7.42
         25,          1,    6,          5.48,          3.30,       2.68,      26.78,     88.26,          7.57
         25,          1,    7,          5.97,          3.30,       2.84,      28.35,     93.46,          7.63
         25,          2,    1,          1.40,          3.30,       1.91,      19.04,     62.77,         13.11
         25,          2,    2,          3.29,          3.30,       2.19,      21.86,     72.09,         10.73
         25,          2,    3,          4.59,          3.30,       2.44,      24.42,     80.50,         10.18
         25,          2,    4,          5.53,          3.30,       2.67,      26.75,     88.16,          9.95
         25,          2,    5,          6.27,          3.30,       2.88,      28.80,     94.93,          9.92
         25,          2,    6,          6.83,          3.30,       3.07,      30.68,    101.13,          9.86
         25,          2,    7,          7.30,          3.30,       3.25,      32.51,    107.14,          9.77
         25,          3,    1,          3.88,          3.30,       2.35,      23.43,     77.24,         18.85
         25,          3,    2,          5.55,          3.30,       2.69,      26.91,     88.69,         14.70
         25,          3,    3,          6.68,          3.30,       3.00,      30.05,     99.03,         13.38
         25,          3,    4,          7.45,          3.30,       3.26,      32.58,    107.38,         12.90
         25,          3,    5,          8.04,          3.30,       3.48,      34.78,    114.64,         12.66
         25,          3,    6,          8.51,          3.30,       3.69,      36.88,    121.56,         12.39
         25,          3,    7,          8.88,          3.30,       3.88,      38.83,    127.98,         12.13
         25,          4,    1,          5.74,          3.30,       2.79,      27.96,     92.14,         21.14
         25,          4,    2,          7.18,          3.30,       3.19,      31.86,    104.99,         17.09
         25,          4,    3,          8.10,          3.30,       3.50,      35.04,    115.50,         15.72
         25,          4,    4,          8.77,          3.30,       3.78,      37.81,    124.61,         15.02
         25,          4,    5,          9.28,          3.30,       4.03,      40.29,    132.80,         14.50
         25,          4,    6,          9.67,          3.30,       4.25,      42.49,    140.03,         14.11
         25,          4,    7,          9.99,          3.30,       4.46,      44.54,    146.77,         13.79
         25,          5,    1,          7.62,          3.30,       3.40,      34.01,    112.11,         22.26
         25,          5,    2,          8.90,          3.30,       3.87,      38.68,    127.49,         18.77
         25,          5,    3,          9.72,          3.30,       4.25,      42.52,    140.12,         17.37
         25,          5,    4,         10.27,          3.30,       4.55,      45.52,    150.02,         16.66
         25,          5,    5,         10.68,          3.29,       4.80,      48.05,    158.31,         16.21
         25,          5,    6,         10.99,          3.29,       5.04,      50.43,    166.12,         15.70
         25,          5,    7,         11.24,          3.29,       5.27,      52.64,    173.36,         15.26
         25,          6,    1,          9.01,          3.30,       4.00,      40.00,    131.83,         26.58
         25,          6,    2,         10.16,          3.29,       4.52,      45.22,    148.99,         22.02
         25,          6,    3,         10.84,          3.29,       4.91,      49.07,    161.65,         20.30
         25,          6,    4,         11.30,          3.29,       5.23,      52.27,    172.16,         19.21
         25,          6,    5,         11.64,          3.29,       5.51,      55.02,    181.19,         18.39
         25,          6,    6,         11.91,          3.29,       5.75,      57.53,    189.40,         17.74
         25,          6,    7,         12.13,          3.29,       5.99,      59.88,    197.18,         17.12
         25,          7,    1,         10.06,          3.29,       4.59,      45.86,    151.11,         29.52
         25,          7,    2,         11.16,          3.29,       5.19,      51.88,    170.86,         24.16
         25,          7,    3,         11.80,          3.29,       5.64,      56.44,    185.86,         21.93
         25,          7,    4,         12.23,          3.29,       6.00,      59.99,    197.52,         20.70
         25,          7,    5,         12.56,          3.29,       6.32,      63.20,    208.07,         19.76
         25,          7,    6,         12.81,          3.29,       6.60,      66.05,    217.44,         18.98
         25,          7,    7,         13.02,          3.29,       6.87,      68.69,    226.14,         18.34
         26,          1,    1,         -0.24,          3.30,       1.68,      16.75,     55.24,          7.21
         26,          1,    2,          1.81,          3.30,       1.93,      19.31,     63.65,          7.04
         26,          1,    3,          3.27,          3.30,       2.16,      21.66,     71.42,          7.25
         26,          1,    4,          4.32,          3.30,       2.37,      23.67,     78.04,          7.53
         26,          1,    5,          5.13,          3.30,       2.56,      25.58,     84.32,          7.73
         26,          1,    6,          5.77,          3.30,       2.73,      27.33,     90.08,          7.87
         26,          1,    7,          6.28,          3.30,       2.89,      28.96,     95.44,          7.97
         26,          2,    1,          1.64,          3.30,       1.93,      19.33,     63.73,         13.70
         26,          2,    2,          3.51,          3.30,       2.23,      22.24,     73.31,         11.11
         26,          2,    3,          4.84,          3.30,       2.49,      24.92,     82.14,         10.49
         26,          2,    4,          5.80,          3.30,       2.73,      27.25,     89.82,         10.36
         26,          2,    5,          6.55,          3.30,       2.94,      29.40,     96.89,         10.30
         26,          2,    6,          7.13,          3.30,       3.14,      31.42,    103.55,         10.22
         26,          2,    7,          7.61,          3.30,       3.33,      33.26,    109.64,         10.20
         26,          3,    1,          4.18,          3.30,       2.39,      23.93,     78.88,         19.85
         26,          3,    2,          5.82,          3.30,       2.76,      27.57,     90.86,         15.17
         26,          3,    3,          6.98,          3.30,       3.07,      30.72,    101.27,         14.01
         26,          3,    4,          7.77,          3.30,       3.34,      33.40,    110.09,         13.48
         26,          3,    5,          8.38,          3.30,       3.58,      35.76,    117.87,         13.19
         26,          3,    6,          8.85,          3.30,       3.78,      37.84,    124.73,         12.99
         26,          3,    7,          9.23,          3.30,       3.99,      39.89,    131.48,         12.72
         26,          4,    1,          6.07,          3.30,       2.87,      28.70,     94.61,         21.96
         26,          4,    2,          7.50,          3.30,       3.28,      32.76,    107.99,         17.70
         26,          4,    3,          8.43,          3.30,       3.61,      36.09,    118.97,         16.29
         26,          4,    4,          9.12,          3.30,       3.89,      38.94,    128.34,         15.66
         26,          4,    5,          9.63,          3.30,       4.15,      41.51,    136.80,         15.14
         26,          4,    6,         10.04,          3.30,       4.38,      43.76,    144.23,         14.82
         26,          4,    7,         10.37,          3.30,       4.60,      45.94,    151.38,         14.47
         26,          5,    1,          7.98,          3.30,       3.51,      35.08,    115.63,         23.50
         26,          5,    2,          9.29,          3.30,       4.00,      40.07,    132.06,         19.64
         26,          5,    3,         10.10,          3.30,       4.40,      43.97,    144.87,         18.29
         26,          5,    4,         10.67,          3.29,       4.71,      47.10,    155.19,         17.59
         26,          5,    5,         11.09,          3.29,       4.98,      49.83,    164.16,         17.08
         26,          5,    6,         11.41,          3.29,       5.23,      52.30,    172.29,         16.60
         26,          5,    7,         11.68,          3.29,       5.46,      54.57,    179.74,         16.19
         26,          6,    1,          9.42,          3.30,       4.16,      41.59,    137.06,         27.89
         26,          6,    2,         10.59,          3.30,       4.70,      46.98,    154.81,         23.30
         26,          6,    3,         11.27,          3.29,       5.11,      51.03,    168.10,         21.44
         26,          6,    4,         11.74,          3.29,       5.44,      54.34,    178.95,         20.37
         26,          6,    5,         12.09,          3.29,       5.73,      57.26,    188.57,         19.53
         26,          6,    6,         12.37,          3.29,       5.99,      59.84,    197.01,         18.90
         26,          6,    7,         12.60,          3.29,       6.23,      62.29,    205.06,         18.33
         26,          7,    1,         10.50,          3.29,       4.77,      47.71,    157.19,         31.27
         26,          7,    2,         11.62,          3.29,       5.41,      54.09,    178.12,         25.58
         26,          7,    3,         12.27,          3.29,       5.89,      58.94,    194.06,         23.19
         26,          7,    4,         12.71,          3.29,       6.27,      62.68,    206.35,         21.96
         26,          7,    5,         13.05,          3.29,       6.60,      66.05,    217.42,         21.02
         26,          7,    6,         13.33,          3.29,       6.90,      69.02,    227.22,         20.31
         26,          7,    7,         13.55,          3.29,       7.17,      71.65,    235.86,         19.75
         27,          1,    1,         -0.10,          3.30,       1.69,      16.91,     55.79,          7.35
         27,          1,    2,          1.96,          3.30,       1.95,      19.56,     64.48,          7.14
         27,          1,    3,          3.45,          3.30,       2.19,      21.84,     72.02,          7.50
         27,          1,    4,          4.49,          3.30,       2.40,      23.95,     78.95,          7.72
         27,          1,    5,          5.31,          3.30,       2.59,      25.92,     85.42,          7.91
         27,          1,    6,          5.96,          3.30,       2.77,      27.72,     91.38,          8.08
         27,          1,    7,          6.50,          3.30,       2.94,      29.43,     97.01,          8.20
         27,          2,    1,          1.83,          3.30,       1.96,      19.59,     64.59,         14.01
         27,          2,    2,          3.69,          3.30,       2.25,      22.46,     74.05,         11.49
         27,          2,    3,          5.01,          3.30,       2.52,      25.23,     83.15,         10.76
         27,          2,    4,          5.98,          3.30,       2.76,      27.58,     90.92,         10.65
         27,          2,    5,          6.74,          3.30,       2.99,      29.87,     98.43,         10.55
         27,          2,    6,          7.34,          3.30,       3.19,      31.87,    105.03,         10.55
         27,          2,    7,          7.83,          3.30,       3.38,      33.76,    111.29,         10.54
         27,          3,    1,          4.39,          3.30,       2.43,      24.31,     80.13,         20.36
         27,          3,    2,          6.05,          3.30,       2.81,      28.08,     92.56,         15.52
         27,          3,    3,          7.21,          3.30,       3.14,      31.37,    103.40,         14.32
         27,          3,    4,          8.01,          3.30,       3.41,      34.05,    112.23,         13.88
         27,          3,    5,          8.62,          3.30,       3.65,      36.48,    120.24,         13.58
         27,          3,    6,          9.10,          3.30,       3.87,      38.68,    127.50,         13.36
         27,          3,    7,          9.49,          3.30,       4.07,      40.68,    134.09,         13.17
         27,          4,    1,          6.33,          3.30,       2.94,      29.38,     96.84,         22.51
         27,          4,    2,          7.76,          3.30,       3.35,      33.46,    110.29,         18.34
         27,          4,    3,          8.70,          3.30,       3.69,      36.85,    121.45,         16.94
         27,          4,    4,          9.38,          3.30,       3.98,      39.84,    131.32,         16.19
         27,          4,    5,          9.90,          3.30,       4.25,      42.45,    139.88,         15.72
         27,          4,    6,         10.31,          3.30,       4.48,      44.81,    147.66,         15.37
         27,          4,    7,         10.66,          3.29,       4.71,      47.03,    154.96,         15.07
         27,          5,    1,          8.27,          3.30,       3.60,      36.01,    118.69,         24.12
         27,          5,    2,          9.58,          3.30,       4.11,      41.06,    135.31,         20.41
         27,          5,    3,         10.41,          3.30,       4.52,      45.23,    149.04,         18.90
         27,          5,    4,         10.98,          3.30,       4.84,      48.41,    159.53,         18.25
         27,          5,    5,         11.41,          3.29,       5.13,      51.29,    168.96,         17.71
         27,          5,    6,         11.75,          3.29,       5.39,      53.84,    177.31,         17.30
         27,          5,    7,         12.02,          3.29,       5.62,      56.21,    185.10,         16.89
         27,          6,    1,          9.74,          3.30,       4.28,      42.81,    141.08,         29.00
         27,          6,    2,         10.92,          3.29,       4.85,      48.46,    159.65,         24.19
         27,          6,    3,         11.61,          3.29,       5.27,      52.70,    173.59,         22.29
         27,          6,    4,         12.09,          3.29,       5.61,      56.12,    184.81,         21.22
         27,          6,    5,         12.45,          3.29,       5.91,      59.14,    194.71,         20.39
         27,          6,    6,         12.73,          3.29,       6.18,      61.79,    203.43,         19.77
         27,          6,    7,         12.97,          3.29,       6.44,      64.35,    211.83,         19.20
         27,          7,    1,         10.85,          3.29,       4.93,      49.30,    162.44,         32.36
         27,          7,    2,         11.98,          3.29,       5.60,      56.00,    184.41,         26.49
         27,          7,    3,         12.65,          3.29,       6.09,      60.96,    200.69,         24.25
         27,          7,    4,         13.10,          3.29,       6.49,      64.87,    213.55,         23.00
         27,          7,    5,         13.45,          3.29,       6.84,      68.44,    225.30,         22.03
         27,          7,    6,         13.73,          3.29,       7.14,      71.40,    235.06,         21.41
         27,          7,    7,         13.96,          3.29,       7.41,      74.15,    244.11,         20.86
         28,          1,    1,          0.08,          3.30,       1.72,      17.14,     56.53,          7.43
         28,          1,    2,          2.15,          3.30,       1.98,      19.79,     65.27,          7.31
         28,          1,    3,          3.63,          3.30,       2.22,      22.16,     73.06,          7.62
         28,          1,    4,          4.70,          3.30,       2.43,      24.34,     80.24,          7.88
         28,          1,    5,          5.53,          3.30,       2.64,      26.40,     87.03,          8.09
         28,          1,    6,          6.20,          3.30,       2.83,      28.24,     93.09,          8.29
         28,          1,    7,          6.75,          3.30,       2.99,      29.94,     98.69,          8.46
         28,          2,    1,          2.05,          3.30,       1.99,      19.93,     65.71,         14.30
         28,          2,    2,          3.90,          3.30,       2.29,      22.92,     75.55,         11.66
         28,          2,    3,          5.22,          3.30,       2.56,      25.63,     84.47,         11.09
         28,          2,    4,          6.21,          3.30,       2.81,      28.14,     92.76,         10.91
         28,          2,    5,          6.98,          3.30,       3.04,      30.39,    100.15,         10.92
         28,          2,    6,          7.60,          3.30,       3.25,      32.50,    107.12,         10.93
         28,          2,    7,          8.11,          3.30,       3.44,      34.45,    113.56,         10.97
         28,          3,    1,          4.68,          3.30,       2.49,      24.92,     82.15,         20.64
         28,          3,    2,          6.34,          3.30,       2.88,      28.74,     94.74,         16.05
         28,          3,    3,          7.51,          3.30,       3.22,      32.18,    106.08,         14.77
         28,          3,    4,          8.32,          3.30,       3.50,      34.97,    115.25,         14.34
         28,          3,    5,          8.95,          3.30,       3.74,      37.43,    123.34,         14.16
         28,          3,    6,          9.44,          3.30,       3.98,      39.80,    131.19,         13.90
         28,          3,    7,          9.85,          3.30,       4.19,      41.92,    138.15,         13.74
         28,          4,    1,          6.68,          3.30,       3.02,      30.20,     99.54,         23.66
         28,          4,    2,          8.11,          3.30,       3.45,      34.43,    113.49,         19.24
         28,          4,    3,          9.04,          3.30,       3.80,      38.02,    125.29,         17.67
         28,          4,    4,          9.74,          3.30,       4.10,      41.02,    135.18,         17.03
         28,          4,    5,         10.26,          3.30,       4.37,      43.72,    144.07,         16.54
         28,          4,    6,         10.69,          3.30,       4.62,      46.23,    152.32,         16.20
         28,          4,    7,         11.05,          3.29,       4.85,      48.50,    159.79,         15.92
         28,          5,    1,          8.66,          3.30,       3.73,      37.30,    122.94,         25.29
         28,          5,    2,          9.97,          3.30,       4.26,      42.61,    140.43,         21.36
         28,          5,    3,         10.82,          3.30,       4.69,      46.91,    154.59,         19.92
         28,          5,    4,         11.40,          3.29,       5.03,      50.31,    165.73,         19.22
         28,          5,    5,         11.85,          3.29,       5.34,      53.36,    175.73,         18.73
         28,          5,    6,         12.19,          3.29,       5.60,      55.98,    184.36,         18.32
         28,          5,    7,         12.48,          3.29,       5.85,      58.48,    192.55,         17.97
         28,          6,    1,         10.18,          3.30,       4.45,      44.51,    146.67,         30.41
         28,          6,    2,         11.37,          3.29,       5.05,      50.48,    166.28,         25.44
         28,          6,    3,         12.07,          3.29,       5.51,      55.07,    181.35,         23.35
         28,          6,    4,         12.56,          3.29,       5.86,      58.63,    193.05,         22.37
         28,          6,    5,         12.93,          3.29,       6.17,      61.70,    203.14,         21.63
         28,          6,    6,         13.22,          3.29,       6.45,      64.49,    212.30,         21.02
         28,          6,    7,         13.48,          3.29,       6.73,      67.28,    221.49,         20.43
         28,          7,    1,         11.33,          3.29,       5.16,      51.63,    170.07,         33.76
         28,          7,    2,         12.48,          3.29,       5.87,      58.67,    193.15,         27.94
         28,          7,    3,         13.15,          3.29,       6.39,      63.93,    210.45,         25.64
         28,          7,    4,         13.62,          3.29,       6.81,      68.07,    224.10,         24.41
         28,          7,    5,         13.98,          3.29,       7.18,      71.78,    236.29,         23.50
         28,          7,    6,         14.27,          3.29,       7.48,      74.80,    246.24,         22.98
         28,          7,    7,         14.51,          3.29,       7.78,      77.74,    255.90,         22.41
         29,          1,    1,          0.22,          3.30,       1.73,      17.27,     56.96,          7.71
         29,          1,    2,          2.29,          3.30,       2.00,      19.99,     65.93,          7.49
         29,          1,    3,          3.77,          3.30,       2.24,      22.42,     73.90,          7.79
         29,          1,    4,          4.85,          3.30,       2.47,      24.68,     81.35,          8.03
         29,          1,    5,          5.68,          3.30,       2.67,      26.69,     87.97,          8.29
         29,          1,    6,          6.37,          3.30,       2.86,      28.58,     94.19,          8.51
         29,          1,    7,          6.93,          3.30,       3.03,      30.31,     99.89,          8.71
         29,          2,    1,          2.24,          3.30,       2.01,      20.14,     66.41,         14.86
         29,          2,    2,          4.08,          3.30,       2.32,      23.20,     76.46,         11.99
         29,          2,    3,          5.39,          3.30,       2.60,      25.98,     85.62,         11.34
         29,          2,    4,          6.38,          3.30,       2.85,      28.49,     93.91,         11.19
         29,          2,    5,          7.15,          3.30,       3.08,      30.82,    101.57,         11.17
         29,          2,    6,          7.78,          3.30,       3.30,      32.97,    108.68,         11.21
         29,          2,    7,          8.32,          3.30,       3.50,      35.01,    115.38,         11.27
         29,          3,    1,          4.89,          3.30,       2.54,      25.35,     83.56,         21.34
         29,          3,    2,          6.56,          3.30,       2.93,      29.30,     96.58,         16.50
         29,          3,    3,          7.75,          3.30,       3.28,      32.83,    108.22,         15.22
         29,          3,    4,          8.57,          3.30,       3.57,      35.66,    117.54,         14.86
         29,          3,    5,          9.20,          3.30,       3.83,      38.31,    126.30,         14.53
         29,          3,    6,          9.71,          3.30,       4.07,      40.65,    134.00,         14.40
         29,          3,    7,         10.12,          3.30,       4.28,      42.83,    141.14,         14.27
         29,          4,    1,          6.95,          3.30,       3.09,      30.88,    101.79,         24.76
         29,          4,    2,          8.38,          3.30,       3.53,      35.34,    116.47,         19.83
         29,          4,    3,          9.32,          3.30,       3.90,      38.99,    128.50,         18.29
         29,          4,    4,         10.02,          3.30,       4.21,      42.13,    138.85,         17.59
         29,          4,    5,         10.56,          3.30,       4.49,      44.87,    147.87,         17.19
         29,          4,    6,         10.99,          3.29,       4.74,      47.39,    156.15,         16.89
         29,          4,    7,         11.36,          3.29,       4.98,      49.82,    164.13,         16.60
         29,          5,    1,          8.98,          3.30,       3.84,      38.39,    126.52,         26.16
         29,          5,    2,         10.30,          3.30,       4.39,      43.86,    144.55,         22.24
         29,          5,    3,         11.15,          3.29,       4.83,      48.36,    159.33,         20.69
         29,          5,    4,         11.74,          3.29,       5.19,      51.88,    170.91,         20.03
         29,          5,    5,         12.20,          3.29,       5.51,      55.03,    181.21,         19.55
         29,          5,    6,         12.56,          3.29,       5.77,      57.74,    190.12,         19.22
         29,          5,    7,         12.85,          3.29,       6.04,      60.38,    198.78,         18.82
         29,          6,    1,         10.53,          3.30,       4.60,      46.08,    151.83,         31.26
         29,          6,    2,         11.74,          3.29,       5.23,      52.32,    172.33,         26.34
         29,          6,    3,         12.44,          3.29,       5.70,      56.95,    187.51,         24.43
         29,          6,    4,         12.94,          3.29,       6.07,      60.70,    199.83,         23.41
         29,          6,    5,         13.32,          3.29,       6.39,      63.93,    210.45,         22.67
         29,          6,    6,         13.62,          3.29,       6.70,      66.97,    220.46,         21.99
         29,          6,    7,         13.89,          3.29,       6.98,      69.76,    229.66,         21.48
         29,          7,    1,         11.70,          3.29,       5.36,      53.55,    176.37,         34.88
         29,          7,    2,         12.87,          3.29,       6.09,      60.88,    200.45,         29.12
         29,          7,    3,         13.56,          3.29,       6.65,      66.50,    218.93,         26.71
         29,          7,    4,         14.04,          3.29,       7.08,      70.79,    233.04,         25.58
         29,          7,    5,         14.42,          3.29,       7.46,      74.55,    245.42,         24.80
         29,          7,    6,         14.71,          3.29,       7.78,      77.83,    256.18,         24.20
         29,          7,    7,         14.96,          3.29,       8.10,      80.94,    266.38,         23.65
         30,          1,    1,          0.35,          3.30,       1.75,      17.51,     57.74,          7.85
         30,          1,    2,          2.44,          3.30,       2.02,      20.23,     66.72,          7.70
         30,          1,    3,          3.91,          3.30,       2.27,      22.73,     74.94,          7.93
         30,          1,    4,          5.00,          3.30,       2.50,      25.01,     82.45,          8.22
         30,          1,    5,          5.84,          3.30,       2.71,      27.09,     89.28,          8.46
         30,          1,    6,          6.54,          3.30,       2.90,      29.04,     95.72,          8.70
         30,          1,    7,          7.12,          3.30,       3.09,      30.96,    102.04,          8.86
         30,          2,    1,          2.43,          3.30,       2.04,      20.46,     67.44,         15.20
         30,          2,    2,          4.25,          3.30,       2.35,      23.54,     77.59,         12.29
         30,          2,    3,          5.56,          3.30,       2.64,      26.43,     87.12,         11.53
         30,          2,    4,          6.56,          3.30,       2.90,      28.96,     95.46,         11.46
         30,          2,    5,          7.34,          3.30,       3.13,      31.32,    103.25,         11.45
         30,          2,    6,          7.98,          3.30,       3.36,      33.55,    110.60,         11.50
         30,          2,    7,          8.53,          3.30,       3.57,      35.68,    117.60,         11.55
         30,          3,    1,          5.13,          3.30,       2.59,      25.94,     85.51,         21.73
         30,          3,    2,          6.79,          3.30,       3.00,      29.92,     98.63,         17.00
         30,          3,    3,          7.99,          3.30,       3.36,      33.54,    110.55,         15.73
         30,          3,    4,          8.82,          3.30,       3.65,      36.51,    120.35,         15.30
         30,          3,    5,          9.47,          3.30,       3.92,      39.21,    129.23,         15.08
         30,          3,    6,          9.99,          3.30,       4.17,      41.69,    137.37,         14.91
         30,          3,    7,         10.42,          3.30,       4.40,      43.95,    144.84,         14.82
         30,          4,    1,          7.25,          3.30,       3.18,      31.78,    104.73,         25.29
         30,          4,    2,          8.68,          3.30,       3.63,      36.32,    119.71,         20.52
         30,          4,    3,          9.62,          3.30,       4.01,      40.06,    132.04,         18.97
         30,          4,    4,         10.33,          3.30,       4.33,      43.30,    142.68,         18.31
         30,          4,    5,         10.86,          3.30,       4.63,      46.27,    152.48,         17.76
         30,          4,    6,         11.31,          3.29,       4.88,      48.78,    160.68,         17.59
         30,          4,    7,         11.68,          3.29,       5.12,      51.25,    168.81,         17.33
         30,          5,    1,          9.31,          3.30,       3.96,      39.63,    130.62,         27.16
         30,          5,    2,         10.65,          3.30,       4.54,      45.40,    149.60,         23.03
         30,          5,    3,         11.50,          3.29,       5.00,      49.99,    164.67,         21.60
         30,          5,    4,         12.11,          3.29,       5.37,      53.69,    176.85,         20.93
         30,          5,    5,         12.57,          3.29,       5.69,      56.95,    187.54,         20.45
         30,          5,    6,         12.94,          3.29,       5.98,      59.82,    196.95,         20.11
         30,          5,    7,         13.25,          3.29,       6.26,      62.58,    206.04,         19.78
         30,          6,    1,         10.93,          3.29,       4.77,      47.72,    157.23,         32.85
         30,          6,    2,         12.13,          3.29,       5.44,      54.38,    179.08,         27.46
         30,          6,    3,         12.85,          3.29,       5.94,      59.38,    195.51,         25.40
         30,          6,    4,         13.36,          3.29,       6.31,      63.07,    207.65,         24.59
         30,          6,    5,         13.74,          3.29,       6.65,      66.54,    219.05,         23.80
         30,          6,    6,         14.06,          3.29,       6.96,      69.63,    229.24,         23.20
         30,          6,    7,         14.33,          3.29,       7.27,      72.65,    239.15,         22.66
         30,          7,    1,         12.12,          3.29,       5.58,      55.85,    183.90,         36.21
         30,          7,    2,         13.31,          3.29,       6.36,      63.57,    209.27,         30.42
         30,          7,    3,         14.01,          3.29,       6.95,      69.43,    228.57,         28.06
         30,          7,    4,         14.50,          3.29,       7.40,      73.95,    243.46,         26.95
         30,          7,    5,         14.88,          3.29,       7.79,      77.92,    256.46,         26.17
         30,          7,    6,         15.18,          3.29,       8.13,      81.30,    267.56,         25.59
         30,          7,    7,         15.43,          3.29,       8.46,      84.60,    278.34,         25.06
         31,          1,    1,          0.47,          3.30,       1.77,      17.70,     58.37,          8.00
         31,          1,    2,          2.53,          3.30,       2.04,      20.43,     67.36,          7.81
         31,          1,    3,          4.05,          3.30,       2.30,      22.99,     75.77,          8.11
         31,          1,    4,          5.14,          3.30,       2.53,      25.31,     83.42,          8.38
         31,          1,    5,          5.99,          3.30,       2.74,      27.41,     90.33,          8.65
         31,          1,    6,          6.70,          3.30,       2.94,      29.40,     96.90,          8.91
         31,          1,    7,          7.27,          3.30,       3.12,      31.23,    102.93,          9.11
         31,          2,    1,          2.59,          3.30,       2.08,      20.77,     68.48,         15.51
         31,          2,    2,          4.40,          3.30,       2.39,      23.89,     78.74,         12.54
         31,          2,    3,          5.71,          3.30,       2.68,      26.77,     88.24,         11.84
         31,          2,    4,          6.72,          3.30,       2.94,      29.41,     96.95,         11.69
         31,          2,    5,          7.51,          3.30,       3.19,      31.83,    104.91,         11.69
         31,          2,    6,          8.16,          3.30,       3.41,      34.05,    112.22,         11.81
         31,          2,    7,          8.71,          3.30,       3.62,      36.20,    119.33,         11.86
         31,          3,    1,          5.36,          3.30,       2.65,      26.48,     87.28,         22.34
         31,          3,    2,          7.02,          3.30,       3.05,      30.55,    100.69,         17.48
         31,          3,    3,          8.22,          3.30,       3.42,      34.25,    112.87,         16.21
         31,          3,    4,          9.05,          3.30,       3.73,      37.30,    122.92,         15.76
         31,          3,    5,          9.72,          3.30,       4.01,      40.13,    132.27,         15.53
         31,          3,    6,         10.25,          3.30,       4.27,      42.64,    140.53,         15.43
         31,          3,    7,         10.68,          3.30,       4.50,      45.01,    148.31,         15.32
         31,          4,    1,          7.53,          3.30,       3.26,      32.58,    107.40,         26.08
         31,          4,    2,          8.95,          3.30,       3.73,      37.25,    122.78,         21.19
         31,          4,    3,          9.90,          3.30,       4.11,      41.12,    135.50,         19.61
         31,          4,    4,         10.61,          3.30,       4.44,      44.41,    146.35,         19.00
         31,          4,    5,         11.15,          3.29,       4.74,      47.36,    156.02,         18.56
         31,          4,    6,         11.61,          3.29,       5.01,      50.05,    164.86,         18.31
         31,          4,    7,         11.99,          3.29,       5.27,      52.66,    173.44,         18.02
         31,          5,    1,          9.63,          3.30,       4.08,      40.79,    134.45,         28.18
         31,          5,    2,         10.98,          3.30,       4.68,      46.78,    154.13,         23.95
         31,          5,    3,         11.84,          3.29,       5.16,      51.62,    170.03,         22.40
         31,          5,    4,         12.44,          3.29,       5.55,      55.44,    182.58,         21.75
         31,          5,    5,         12.92,          3.29,       5.89,      58.90,    193.93,         21.26
         31,          5,    6,         13.30,          3.29,       6.19,      61.85,    203.63,         21.00
         31,          5,    7,         13.62,          3.29,       6.47,      64.67,    212.89,         20.73
         31,          6,    1,         11.28,          3.29,       4.94,      49.43,    162.84,         33.78
         31,          6,    2,         12.51,          3.29,       5.64,      56.37,    185.62,         28.49
         31,          6,    3,         13.23,          3.29,       6.15,      61.50,    202.47,         26.54
         31,          6,    4,         13.74,          3.29,       6.55,      65.53,    215.75,         25.54
         31,          6,    5,         14.14,          3.29,       6.91,      69.08,    227.42,         24.85
         31,          6,    6,         14.46,          3.29,       7.24,      72.34,    238.14,         24.28
         31,          6,    7,         14.74,          3.29,       7.55,      75.46,    248.39,         23.77
         31,          7,    1,         12.51,          3.29,       5.79,      57.86,    190.51,         37.46
         31,          7,    2,         13.71,          3.29,       6.62,      66.15,    217.77,         31.42
         31,          7,    3,         14.43,          3.29,       7.23,      72.33,    238.10,         29.12
         31,          7,    4,         14.92,          3.29,       7.72,      77.14,    253.91,         27.99
         31,          7,    5,         15.31,          3.29,       8.12,      81.22,    267.29,         27.35
         31,          7,    6,         15.61,          3.29,       8.47,      84.71,    278.73,         26.83
         31,          7,    7,         15.88,          3.29,       8.80,      87.94,    289.30,         26.44
         32,          1,    1,          0.60,          3.30,       1.79,      17.93,     59.12,          8.17
         32,          1,    2,          2.66,          3.30,       2.06,      20.59,     67.90,          8.08
         32,          1,    3,          4.16,          3.30,       2.33,      23.26,     76.68,          8.24
         32,          1,    4,          5.27,          3.30,       2.56,      25.58,     84.33,          8.58
         32,          1,    5,          6.14,          3.30,       2.77,      27.73,     91.40,          8.88
         32,          1,    6,          6.85,          3.30,       2.98,      29.80,     98.23,          9.11
         32,          1,    7,          7.44,          3.30,       3.17,      31.68,    104.42,          9.34
         32,          2,    1,          2.77,          3.30,       2.11,      21.11,     69.60,         15.59
         32,          2,    2,          4.58,          3.30,       2.42,      24.21,     79.80,         12.83
         32,          2,    3,          5.87,          3.30,       2.72,      27.15,     89.50,         12.06
         32,          2,    4,          6.88,          3.30,       2.98,      29.82,     98.28,         11.93
         32,          2,    5,          7.67,          3.30,       3.23,      32.27,    106.36,         11.95
         32,          2,    6,          8.33,          3.30,       3.45,      34.49,    113.70,         12.11
         32,          2,    7,          8.90,          3.30,       3.68,      36.78,    121.24,         12.16
         32,          3,    1,          5.60,          3.30,       2.70,      26.97,     88.89,         23.04
         32,          3,    2,          7.25,          3.30,       3.12,      31.18,    102.77,         17.91
         32,          3,    3,          8.45,          3.30,       3.50,      35.00,    115.34,         16.58
         32,          3,    4,          9.30,          3.30,       3.81,      38.16,    125.78,         16.17
         32,          3,    5,          9.97,          3.30,       4.10,      41.00,    135.14,         16.02
         32,          3,    6,         10.52,          3.30,       4.36,      43.62,    143.78,         15.94
         32,          3,    7,         10.96,          3.30,       4.61,      46.08,    151.82,         15.86
         32,          4,    1,          7.80,          3.30,       3.34,      33.40,    110.10,         27.06
         32,          4,    2,          9.24,          3.30,       3.83,      38.28,    126.18,         21.92
         32,          4,    3,         10.20,          3.30,       4.23,      42.28,    139.32,         20.34
         32,          4,    4,         10.91,          3.30,       4.57,      45.67,    150.49,         19.67
         32,          4,    5,         11.46,          3.29,       4.87,      48.68,    160.39,         19.30
         32,          4,    6,         11.92,          3.29,       5.15,      51.48,    169.57,         19.05
         32,          4,    7,         12.31,          3.29,       5.41,      54.16,    178.38,         18.81
         32,          5,    1,          9.96,          3.30,       4.21,      42.14,    138.87,         29.12
         32,          5,    2,         11.31,          3.29,       4.83,      48.32,    159.20,         24.91
         32,          5,    3,         12.19,          3.29,       5.34,      53.42,    175.95,         23.27
         32,          5,    4,         12.80,          3.29,       5.74,      57.32,    188.73,         22.74
         32,          5,    5,         13.28,          3.29,       6.09,      60.89,    200.45,         22.25
         32,          5,    6,         13.67,          3.29,       6.41,      64.05,    210.88,         21.95
         32,          5,    7,         14.00,          3.29,       6.71,      67.06,    220.76,         21.68
         32,          6,    1,         11.65,          3.29,       5.12,      51.25,    168.86,         35.16
         32,          6,    2,         12.89,          3.29,       5.86,      58.60,    192.95,         29.63
         32,          6,    3,         13.62,          3.29,       6.39,      63.84,    210.18,         27.78
         32,          6,    4,         14.15,          3.29,       6.81,      68.11,    224.22,         26.81
         32,          6,    5,         14.55,          3.29,       7.18,      71.85,    236.52,         26.08
         32,          6,    6,         14.88,          3.29,       7.53,      75.34,    247.99,         25.47
         32,          6,    7,         15.17,          3.29,       7.84,      78.42,    258.12,         25.15
         32,          7,    1,         12.91,          3.29,       6.02,      60.19,    198.17,         38.46
         32,          7,    2,         14.14,          3.29,       6.90,      69.01,    227.19,         32.47
         32,          7,    3,         14.86,          3.29,       7.55,      75.50,    248.54,         30.28
         32,          7,    4,         15.37,          3.29,       8.04,      80.42,    264.69,         29.34
         32,          7,    5,         15.77,          3.29,       8.48,      84.74,    278.85,         28.70
         32,          7,    6,         16.08,          3.29,       8.85,      88.50,    291.13,         28.19
         32,          7,    7,         16.34,          3.29,       9.19,      91.83,    302.04,         27.85
         33,          1,    1,          0.71,          3.30,       1.81,      18.05,     59.54,          8.31
         33,          1,    2,          2.74,          3.30,       2.08,      20.78,     68.53,          8.12
         33,          1,    3,          4.28,          3.30,       2.35,      23.45,     77.31,          8.38
         33,          1,    4,          5.39,          3.30,       2.58,      25.81,     85.07,          8.71
         33,          1,    5,          6.27,          3.30,       2.80,      28.04,     92.43,          9.00
         33,          1,    6,          6.98,          3.30,       3.01,      30.07,     99.12,          9.29
         33,          1,    7,          7.58,          3.30,       3.20,      32.02,    105.55,          9.53
         33,          2,    1,          2.94,          3.30,       2.14,      21.37,     70.43,         16.18
         33,          2,    2,          4.73,          3.30,       2.46,      24.57,     80.98,         13.07
         33,          2,    3,          6.02,          3.30,       2.75,      27.49,     90.62,         12.37
         33,          2,    4,          7.03,          3.30,       3.01,      30.14,     99.35,         12.28
         33,          2,    5,          7.83,          3.30,       3.27,      32.66,    107.65,         12.27
         33,          2,    6,          8.50,          3.30,       3.50,      34.98,    115.29,         12.41
         33,          2,    7,          9.07,          3.30,       3.72,      37.27,    122.83,         12.51
         33,          3,    1,          5.81,          3.30,       2.74,      27.45,     90.46,         23.44
         33,          3,    2,          7.46,          3.30,       3.18,      31.78,    104.73,         18.27
         33,          3,    3,          8.67,          3.30,       3.57,      35.70,    117.64,         16.96
         33,          3,    4,          9.53,          3.30,       3.89,      38.95,    128.36,         16.57
         33,          3,    5,         10.20,          3.30,       4.19,      41.93,    138.20,         16.38
         33,          3,    6,         10.76,          3.30,       4.46,      44.56,    146.83,         16.39
         33,          3,    7,         11.22,          3.29,       4.71,      47.08,    155.13,         16.36
         33,          4,    1,          8.08,          3.30,       3.42,      34.21,    112.76,         27.59
         33,          4,    2,          9.51,          3.30,       3.93,      39.24,    129.30,         22.44
         33,          4,    3,         10.47,          3.30,       4.33,      43.32,    142.77,         20.92
         33,          4,    4,         11.19,          3.30,       4.68,      46.82,    154.29,         20.29
         33,          4,    5,         11.75,          3.29,       4.99,      49.89,    164.36,         19.98
         33,          4,    6,         12.21,          3.29,       5.29,      52.83,    174.00,         19.69
         33,          4,    7,         12.61,          3.29,       5.56,      55.62,    183.16,         19.45
         33,          5,    1,         10.27,          3.30,       4.34,      43.35,    142.87,         30.08
         33,          5,    2,         11.63,          3.29,       4.98,      49.81,    164.11,         25.72
         33,          5,    3,         12.52,          3.29,       5.52,      55.15,    181.61,         24.11
         33,          5,    4,         13.14,          3.29,       5.93,      59.23,    195.02,         23.54
         33,          5,    5,         13.63,          3.29,       6.29,      62.91,    207.12,         23.13
         33,          5,    6,         14.02,          3.29,       6.62,      66.18,    217.87,         22.84
         33,          5,    7,         14.36,          3.29,       6.93,      69.30,    228.14,         22.62
         33,          6,    1,         12.01,          3.29,       5.30,      53.01,    174.60,         35.93
         33,          6,    2,         13.26,          3.29,       6.07,      60.69,    199.78,         30.57
         33,          6,    3,         14.00,          3.29,       6.63,      66.25,    218.09,         28.66
         33,          6,    4,         14.53,          3.29,       7.07,      70.68,    232.68,         27.75
         33,          6,    5,         14.94,          3.29,       7.45,      74.48,    245.19,         27.17
         33,          6,    6,         15.27,          3.29,       7.80,      78.06,    256.94,         26.63
         33,          6,    7,         15.57,          3.29,       8.14,      81.41,    267.94,         26.24
         33,          7,    1,         13.29,          3.29,       6.24,      62.40,    205.42,         39.57
         33,          7,    2,         14.54,          3.29,       7.17,      71.75,    236.20,         33.57
         33,          7,    3,         15.28,          3.29,       7.86,      78.58,    258.65,         31.46
         33,          7,    4,         15.79,          3.29,       8.38,      83.78,    275.68,         30.56
         33,          7,    5,         16.19,          3.29,       8.82,      88.21,    290.21,         30.01
         33,          7,    6,         16.50,          3.29,       9.22,      92.22,    303.31,         29.47
         33,          7,    7,         16.78,          3.29,       9.57,      95.72,    314.76,         29.16
         34,          1,    1,          0.81,          3.30,       1.82,      18.21,     60.05,          8.52
         34,          1,    2,          2.84,          3.30,       2.09,      20.95,     69.09,          8.29
         34,          1,    3,          4.38,          3.30,       2.37,      23.66,     77.99,          8.55
         34,          1,    4,          5.49,          3.30,       2.60,      26.03,     85.79,          8.88
         34,          1,    5,          6.38,          3.30,       2.83,      28.26,     93.16,          9.21
         34,          1,    6,          7.12,          3.30,       3.03,      30.34,     99.99,          9.53
         34,          1,    7,          7.73,          3.30,       3.23,      32.38,    106.71,          9.74
         34,          2,    1,          3.10,          3.30,       2.16,      21.61,     71.24,         16.64
         34,          2,    2,          4.88,          3.30,       2.48,      24.87,     81.99,         13.36
         34,          2,    3,          6.17,          3.30,       2.78,      27.80,     91.64,         12.68
         34,          2,    4,          7.16,          3.30,       3.05,      30.47,    100.43,         12.55
         34,          2,    5,          7.98,          3.30,       3.32,      33.17,    109.32,         12.46
         34,          2,    6,          8.66,          3.30,       3.54,      35.42,    116.75,         12.70
         34,          2,    7,          9.24,          3.30,       3.77,      37.70,    124.28,         12.84
         34,          3,    1,          6.01,          3.30,       2.80,      27.94,     92.09,         24.08
         34,          3,    2,          7.67,          3.30,       3.24,      32.38,    106.72,         18.72
         34,          3,    3,          8.89,          3.30,       3.64,      36.40,    119.96,         17.43
         34,          3,    4,          9.75,          3.30,       3.97,      39.71,    130.87,         17.06
         34,          3,    5,         10.44,          3.30,       4.27,      42.76,    140.93,         16.91
         34,          3,    6,         10.99,          3.30,       4.55,      45.53,    150.04,         16.85
         34,          3,    7,         11.47,          3.29,       4.81,      48.05,    158.33,         16.93
         34,          4,    1,          8.35,          3.30,       3.51,      35.05,    115.53,         28.29
         34,          4,    2,          9.79,          3.30,       4.02,      40.26,    132.70,         23.06
         34,          4,    3,         10.75,          3.30,       4.44,      44.44,    146.44,         21.60
         34,          4,    4,         11.47,          3.29,       4.80,      47.99,    158.09,         21.04
         34,          4,    5,         12.03,          3.29,       5.12,      51.20,    168.66,         20.66
         34,          4,    6,         12.51,          3.29,       5.43,      54.23,    178.59,         20.42
         34,          4,    7,         12.90,          3.29,       5.71,      57.04,    187.82,         20.21
         34,          5,    1,         10.59,          3.30,       4.46,      44.62,    147.02,         30.95
         34,          5,    2,         11.97,          3.29,       5.14,      51.44,    169.43,         26.48
         34,          5,    3,         12.86,          3.29,       5.69,      56.93,    187.47,         24.93
         34,          5,    4,         13.48,          3.29,       6.11,      61.12,    201.23,         24.45
         34,          5,    5,         13.97,          3.29,       6.50,      65.01,    214.00,         24.01
         34,          5,    6,         14.36,          3.29,       6.86,      68.52,    225.55,         23.65
         34,          5,    7,         14.72,          3.29,       7.16,      71.61,    235.75,         23.55
         34,          6,    1,         12.35,          3.29,       5.49,      54.87,    180.69,         36.77
         34,          6,    2,         13.63,          3.29,       6.30,      62.97,    207.30,         31.45
         34,          6,    3,         14.38,          3.29,       6.88,      68.79,    226.46,         29.64
         34,          6,    4,         14.91,          3.29,       7.34,      73.36,    241.49,         28.81
         34,          6,    5,         15.33,          3.29,       7.75,      77.48,    255.02,         28.15
         34,          6,    6,         15.66,          3.29,       8.10,      81.04,    266.71,         27.75
         34,          6,    7,         15.97,          3.29,       8.45,      84.52,    278.08,         27.40
         34,          7,    1,         13.66,          3.29,       6.47,      64.72,    213.08,         40.35
         34,          7,    2,         14.94,          3.29,       7.46,      74.60,    245.57,         34.58
         34,          7,    3,         15.69,          3.29,       8.18,      81.81,    269.23,         32.56
         34,          7,    4,         16.21,          3.29,       8.72,      87.22,    286.89,         31.77
         34,          7,    5,         16.61,          3.29,       9.20,      91.95,    302.41,         31.20
         34,          7,    6,         16.93,          3.29,       9.59,      95.94,    315.47,         30.81
         34,          7,    7,         17.20,          3.29,       9.97,      99.70,    327.81,         30.48
         35,          1,    1,          0.91,          3.30,       1.84,      18.39,     60.64,          8.80
         35,          1,    2,          2.94,          3.30,       2.11,      21.13,     69.66,          8.55
         35,          1,    3,          4.48,          3.30,       2.39,      23.83,     78.54,          8.78
         35,          1,    4,          5.60,          3.30,       2.63,      26.31,     86.72,          9.04
         35,          1,    5,          6.51,          3.30,       2.86,      28.56,     94.14,          9.43
         35,          1,    6,          7.24,          3.30,       3.07,      30.66,    101.04,          9.73
         35,          1,    7,          7.87,          3.30,       3.28,      32.73,    107.88,          9.99
         35,          2,    1,          3.28,          3.30,       2.19,      21.92,     72.25,         17.13
         35,          2,    2,          5.04,          3.30,       2.52,      25.19,     83.06,         13.75
         35,          2,    3,          6.34,          3.30,       2.82,      28.21,     92.98,         12.99
         35,          2,    4,          7.33,          3.30,       3.09,      30.91,    101.87,         12.86
         35,          2,    5,          8.13,          3.30,       3.35,      33.49,    110.38,         12.87
         35,          2,    6,          8.82,          3.30,       3.59,      35.90,    118.32,         13.03
         35,          2,    7,          9.41,          3.30,       3.83,      38.34,    126.36,         13.11
         35,          3,    1,          6.26,          3.30,       2.86,      28.52,     93.99,         24.59
         35,          3,    2,          7.91,          3.30,       3.31,      33.06,    108.95,         19.22
         35,          3,    3,          9.14,          3.30,       3.72,      37.22,    122.69,         17.89
         35,          3,    4,         10.00,          3.30,       4.06,      40.62,    133.87,         17.51
         35,          3,    5,         10.69,          3.30,       4.38,      43.76,    144.23,         17.40
         35,          3,    6,         11.25,          3.29,       4.66,      46.62,    153.60,         17.38
         35,          3,    7,         11.73,          3.29,       4.92,      49.25,    162.23,         17.45
         35,          4,    1,          8.66,          3.30,       3.61,      36.06,    118.87,         28.94
         35,          4,    2,         10.10,          3.30,       4.15,      41.49,    136.73,         23.69
         35,          4,    3,         11.06,          3.30,       4.58,      45.85,    151.09,         22.18
         35,          4,    4,         11.79,          3.29,       4.95,      49.50,    163.08,         21.69
         35,          4,    5,         12.35,          3.29,       5.28,      52.80,    173.90,         21.35
         35,          4,    6,         12.82,          3.29,       5.60,      56.03,    184.51,         21.05
         35,          4,    7,         13.23,          3.29,       5.88,      58.81,    193.63,         21.03
         35,          5,    1,         10.94,          3.30,       4.62,      46.24,    152.37,         31.36
         35,          5,    2,         12.33,          3.29,       5.35,      53.48,    176.15,         26.98
         35,          5,    3,         13.24,          3.29,       5.91,      59.11,    194.63,         25.73
         35,          5,    4,         13.86,          3.29,       6.35,      63.52,    209.12,         25.24
         35,          5,    5,         14.36,          3.29,       6.75,      67.54,    222.37,         24.90
         35,          5,    6,         14.75,          3.29,       7.11,      71.05,    233.90,         24.65
         35,          5,    7,         15.10,          3.29,       7.43,      74.37,    244.80,         24.52
         35,          6,    1,         12.75,          3.29,       5.72,      57.13,    188.10,         37.41
         35,          6,    2,         14.04,          3.29,       6.57,      65.66,    216.14,         32.32
         35,          6,    3,         14.81,          3.29,       7.18,      71.78,    236.27,         30.70
         35,          6,    4,         15.33,          3.29,       7.65,      76.55,    251.96,         29.90
         35,          6,    5,         15.75,          3.29,       8.08,      80.77,    265.80,         29.36
         35,          6,    6,         16.09,          3.29,       8.47,      84.69,    278.70,         28.87
         35,          6,    7,         16.40,          3.29,       8.81,      88.05,    289.65,         28.75
         35,          7,    1,         14.07,          3.29,       6.75,      67.46,    222.07,         40.86
         35,          7,    2,         15.37,          3.29,       7.80,      78.01,    256.79,         35.43
         35,          7,    3,         16.14,          3.29,       8.56,      85.62,    281.75,         33.62
         35,          7,    4,         16.66,          3.29,       9.13,      91.25,    300.11,         32.98
         35,          7,    5,         17.07,          3.29,       9.63,      96.24,    316.47,         32.48
         35,          7,    6,         17.39,          3.29,      10.03,     100.32,    329.87,         32.18
         35,          7,    7,         17.66,          3.29,      10.43,     104.28,    342.89,         31.85
         36,          1,    1,          1.01,          3.30,       1.85,      18.50,     61.01,          9.05
         36,          1,    2,          3.03,          3.30,       2.13,      21.30,     70.23,          8.67
         36,          1,    3,          4.56,          3.30,       2.40,      24.02,     79.18,          8.90
         36,          1,    4,          5.70,          3.30,       2.65,      26.52,     87.42,          9.20
         36,          1,    5,          6.61,          3.30,       2.88,      28.84,     95.07,          9.55
         36,          1,    6,          7.37,          3.30,       3.10,      30.95,    102.02,          9.92
         36,          1,    7,          8.00,          3.30,       3.31,      33.04,    108.91,         10.21
         36,          2,    1,          3.43,          3.30,       2.22,      22.20,     73.18,         17.49
         36,          2,    2,          5.19,          3.30,       2.55,      25.52,     84.11,         14.05
         36,          2,    3,          6.49,          3.30,       2.86,      28.56,     94.14,         13.27
         36,          2,    4,          7.48,          3.30,       3.13,      31.31,    103.19,         13.13
         36,          2,    5,          8.30,          3.30,       3.39,      33.89,    111.70,         13.22
         36,          2,    6,          8.98,          3.30,       3.64,      36.43,    120.07,         13.29
         36,          2,    7,          9.58,          3.30,       3.88,      38.81,    127.92,         13.47
         36,          3,    1,          6.48,          3.30,       2.91,      29.08,     95.85,         24.78
         36,          3,    2,          8.14,          3.30,       3.37,      33.72,    111.13,         19.60
         36,          3,    3,          9.38,          3.30,       3.81,      38.07,    125.46,         18.24
         36,          3,    4,         10.24,          3.30,       4.16,      41.55,    136.92,         17.91
         36,          3,    5,         10.94,          3.30,       4.48,      44.76,    147.51,         17.83
         36,          3,    6,         11.52,          3.29,       4.77,      47.68,    157.09,         17.90
         36,          3,    7,         12.00,          3.29,       5.04,      50.44,    166.13,         17.95
         36,          4,    1,          8.95,          3.30,       3.71,      37.11,    122.31,         29.20
         36,          4,    2,         10.40,          3.30,       4.27,      42.72,    140.79,         24.19
         36,          4,    3,         11.37,          3.29,       4.72,      47.20,    155.51,         22.82
         36,          4,    4,         12.09,          3.29,       5.10,      51.01,    168.02,         22.31
         36,          4,    5,         12.66,          3.29,       5.44,      54.44,    179.30,         22.01
         36,          4,    6,         13.14,          3.29,       5.76,      57.59,    189.62,         21.87
         36,          4,    7,         13.55,          3.29,       6.06,      60.59,    199.48,         21.76
         36,          5,    1,         11.27,          3.29,       4.77,      47.73,    157.25,         32.20
         36,          5,    2,         12.67,          3.29,       5.54,      55.37,    182.32,         27.76
         36,          5,    3,         13.59,          3.29,       6.13,      61.32,    201.90,         26.49
         36,          5,    4,         14.22,          3.29,       6.61,      66.02,    217.33,         25.98
         36,          5,    5,         14.72,          3.29,       7.02,      70.23,    231.18,         25.67
         36,          5,    6,         15.12,          3.29,       7.39,      73.84,    243.07,         25.54
         36,          5,    7,         15.48,          3.29,       7.73,      77.28,    254.36,         25.46
         36,          6,    1,         13.11,          3.29,       5.92,      59.27,    195.14,         37.97
         36,          6,    2,         14.42,          3.29,       6.84,      68.42,    225.25,         32.93
         36,          6,    3,         15.19,          3.29,       7.48,      74.82,    246.30,         31.40
         36,          6,    4,         15.73,          3.29,       7.99,      79.91,    263.01,         30.69
         36,          6,    5,         16.15,          3.29,       8.43,      84.30,    277.36,         30.29
         36,          6,    6,         16.49,          3.29,       8.81,      88.15,    289.98,         29.96
         36,          6,    7,         16.81,          3.29,       9.19,      91.86,    302.09,         29.80
         36,          7,    1,         14.45,          3.29,       7.02,      70.13,    230.87,         41.35
         36,          7,    2,         15.78,          3.29,       8.14,      81.39,    267.83,         36.25
         36,          7,    3,         16.56,          3.29,       8.94,      89.37,    293.95,         34.69
         36,          7,    4,         17.08,          3.29,       9.54,      95.42,    313.74,         33.98
         36,          7,    5,         17.50,          3.29,      10.06,     100.56,    330.64,         33.63
         36,          7,    6,         17.82,          3.29,      10.48,     104.83,    344.68,         33.39
         36,          7,    7,         18.10,          3.29,      10.89,     108.90,    358.07,         33.17
         37,          1,    1,          6.14,          3.30,       2.70,      26.97,     88.90,         50.52
         37,          1,    2,          6.88,          3.30,       2.89,      28.91,     95.29,         33.56
         37,          1,    3,          7.39,          3.30,       3.04,      30.44,    100.32,         28.00
         37,          1,    4,          7.65,          3.30,       3.14,      31.37,    103.42,         25.69
         37,          1,    5,          7.87,          3.30,       3.23,      32.23,    106.24,         24.05
         37,          1,    6,          8.01,          3.30,       3.29,      32.86,    108.29,         22.99
         37,          1,    7,          8.13,          3.30,       3.34,      33.39,    110.04,         22.19
         37,          2,    1,          7.85,          3.30,       3.18,      31.82,    104.88,         33.92
         37,          2,    2,          8.59,          3.30,       3.42,      34.22,    112.78,         27.95
         37,          2,    3,          9.01,          3.30,       3.58,      35.81,    118.03,         25.59
         37,          2,    4,          9.25,          3.30,       3.69,      36.91,    121.64,         24.26
         37,          2,    5,          9.45,          3.30,       3.78,      37.80,    124.60,         23.40
         37,          2,    6,          9.60,          3.30,       3.86,      38.59,    127.21,         22.61
         37,          2,    7,          9.75,          3.30,       3.94,      39.39,    129.82,         22.00
         37,          3,    1,          9.78,          3.30,       3.91,      39.10,    128.87,         30.62
         37,          3,    2,         10.71,          3.30,       4.33,      43.27,    142.59,         26.31
         37,          3,    3,         11.31,          3.30,       4.62,      46.14,    152.03,         24.97
         37,          3,    4,         11.64,          3.29,       4.79,      47.93,    157.91,         24.29
         37,          3,    5,         11.93,          3.29,       4.96,      49.57,    163.31,         23.82
         37,          3,    6,         12.11,          3.29,       5.08,      50.72,    167.07,         23.49
         37,          3,    7,         12.27,          3.29,       5.18,      51.83,    170.71,         23.15
         37,          4,    1,         11.48,          3.30,       4.75,      47.56,    156.70,         33.61
         37,          4,    2,         12.45,          3.29,       5.30,      52.95,    174.38,         29.56
         37,          4,    3,         13.01,          3.29,       5.63,      56.34,    185.54,         28.31
         37,          4,    4,         13.32,          3.29,       5.85,      58.53,    192.70,         27.58
         37,          4,    5,         13.55,          3.29,       6.02,      60.20,    198.22,         27.19
         37,          4,    6,         13.72,          3.29,       6.14,      61.44,    202.31,         26.93
         37,          4,    7,         13.87,          3.29,       6.27,      62.70,    206.42,         26.64
         37,          5,    1,         13.04,          3.29,       5.78,      57.80,    190.32,         37.12
         37,          5,    2,         14.15,          3.29,       6.56,      65.64,    216.07,         32.47
         37,          5,    3,         14.79,          3.29,       7.07,      70.65,    232.57,         31.21
         37,          5,    4,         15.16,          3.29,       7.40,      73.94,    243.40,         30.53
         37,          5,    5,         15.46,          3.29,       7.68,      76.75,    252.65,         30.13
         37,          5,    6,         15.66,          3.29,       7.89,      78.84,    259.51,         29.83
         37,          5,    7,         15.85,          3.29,       8.07,      80.73,    265.69,         29.67
         37,          6,    1,         14.35,          3.29,       6.89,      68.88,    226.77,         38.88
         37,          6,    2,         15.56,          3.29,       7.89,      78.85,    259.54,         35.02
         37,          6,    3,         16.21,          3.29,       8.50,      85.00,    279.71,         33.99
         37,          6,    4,         16.58,          3.29,       8.90,      88.95,    292.64,         33.51
         37,          6,    5,         16.85,          3.29,       9.20,      91.97,    302.47,         33.27
         37,          6,    6,         17.05,          3.29,       9.43,      94.29,    310.05,         33.08
         37,          6,    7,         17.21,          3.29,       9.63,      96.23,    316.42,         32.97
         37,          7,    1,         15.37,          3.29,       7.93,      79.24,    260.80,         39.74
         37,          7,    2,         16.69,          3.29,       9.17,      91.68,    301.51,         36.63
         37,          7,    3,         17.43,          3.29,       9.96,      99.60,    327.48,         36.05
         37,          7,    4,         17.82,          3.29,      10.45,     104.50,    343.61,         35.74
         37,          7,    5,         18.15,          3.29,      10.86,     108.62,    357.13,         35.65
         37,          7,    6,         18.35,          3.29,      11.15,     111.42,    366.32,         35.56
         37,          7,    7,         18.54,          3.29,      11.41,     114.12,    375.19,         35.54
         38,          1,    1,          6.20,          3.30,       2.72,      27.27,     89.90,         47.57
         38,          1,    2,          6.96,          3.30,       2.91,      29.13,     96.03,         33.31
         38,          1,    3,          7.48,          3.30,       3.08,      30.82,    101.58,         27.38
         38,          1,    4,          7.75,          3.30,       3.18,      31.83,    104.91,         25.05
         38,          1,    5,          7.98,          3.30,       3.27,      32.72,    107.86,         23.50
         38,          1,    6,          8.12,          3.30,       3.32,      33.22,    109.49,         22.90
         38,          1,    7,          8.24,          3.30,       3.39,      33.86,    111.62,         21.88
         38,          2,    1,          7.97,          3.30,       3.23,      32.24,    106.25,         33.88
         38,          2,    2,          8.72,          3.30,       3.48,      34.79,    114.68,         27.64
         38,          2,    3,          9.17,          3.30,       3.65,      36.49,    120.28,         25.38
         38,          2,    4,          9.41,          3.30,       3.75,      37.49,    123.55,         24.40
         38,          2,    5,          9.62,          3.30,       3.85,      38.47,    126.80,         23.44
         38,          2,    6,          9.76,          3.30,       3.92,      39.23,    129.29,         22.79
         38,          2,    7,          9.91,          3.30,       4.02,      40.16,    132.36,         21.97
         38,          3,    1,          9.97,          3.30,       4.00,      39.98,    131.77,         30.03
         38,          3,    2,         10.91,          3.30,       4.42,      44.20,    145.67,         26.30
         38,          3,    3,         11.53,          3.29,       4.73,      47.32,    155.93,         24.90
         38,          3,    4,         11.88,          3.29,       4.94,      49.37,    162.63,         24.12
         38,          3,    5,         12.17,          3.29,       5.11,      51.14,    168.42,         23.65
         38,          3,    6,         12.36,          3.29,       5.24,      52.43,    172.70,         23.29
         38,          3,    7,         12.54,          3.29,       5.36,      53.57,    176.43,         23.08
         38,          4,    1,         11.71,          3.29,       4.89,      48.92,    161.15,         33.48
         38,          4,    2,         12.72,          3.29,       5.47,      54.72,    180.20,         29.50
         38,          4,    3,         13.28,          3.29,       5.84,      58.42,    192.35,         28.18
         38,          4,    4,         13.60,          3.29,       6.06,      60.60,    199.54,         27.69
         38,          4,    5,         13.83,          3.29,       6.25,      62.45,    205.61,         27.24
         38,          4,    6,         14.01,          3.29,       6.40,      63.98,    210.62,         26.83
         38,          4,    7,         14.16,          3.29,       6.52,      65.21,    214.66,         26.67
         38,          5,    1,         13.34,          3.29,       5.98,      59.77,    196.80,         36.94
         38,          5,    2,         14.47,          3.29,       6.81,      68.13,    224.26,         32.60
         38,          5,    3,         15.11,          3.29,       7.36,      73.62,    242.34,         31.21
         38,          5,    4,         15.49,          3.29,       7.73,      77.32,    254.52,         30.48
         38,          5,    5,         15.78,          3.29,       8.04,      80.36,    264.48,         30.06
         38,          5,    6,         15.99,          3.29,       8.27,      82.66,    272.03,         29.73
         38,          5,    7,         16.18,          3.29,       8.46,      84.57,    278.27,         29.66
         38,          6,    1,         14.68,          3.29,       7.13,      71.30,    234.73,         38.87
         38,          6,    2,         15.92,          3.29,       8.22,      82.22,    270.59,         35.09
         38,          6,    3,         16.57,          3.29,       8.88,      88.78,    292.06,         34.13
         38,          6,    4,         16.94,          3.29,       9.32,      93.23,    306.60,         33.56
         38,          6,    5,         17.21,          3.29,       9.65,      96.49,    317.30,         33.28
         38,          6,    6,         17.41,          3.29,       9.90,      99.00,    325.52,         33.09
         38,          6,    7,         17.56,          3.29,      10.11,     101.08,    332.37,         32.95
         38,          7,    1,         15.73,          3.29,       8.20,      82.02,    269.95,         40.05
         38,          7,    2,         17.08,          3.29,       9.57,      95.67,    314.61,         36.99
         38,          7,    3,         17.82,          3.29,      10.41,     104.08,    342.21,         36.57
         38,          7,    4,         18.22,          3.29,      10.94,     109.39,    359.67,         36.25
         38,          7,    5,         18.55,          3.29,      11.38,     113.76,    373.99,         36.25
         38,          7,    6,         18.75,          3.29,      11.68,     116.84,    384.10,         36.14
         38,          7,    7,         18.95,          3.29,      11.98,     119.79,    393.76,         36.13
         39,          1,    1,          6.27,          3.30,       2.74,      27.35,     90.14,         47.03
         39,          1,    2,          7.03,          3.30,       2.93,      29.37,     96.81,         32.20
         39,          1,    3,          7.57,          3.30,       3.11,      31.05,    102.35,         26.93
         39,          1,    4,          7.85,          3.30,       3.20,      32.00,    105.48,         25.03
         39,          1,    5,          8.09,          3.30,       3.29,      32.90,    108.45,         23.56
         39,          1,    6,          8.23,          3.30,       3.35,      33.49,    110.39,         22.76
         39,          1,    7,          8.36,          3.30,       3.41,      34.08,    112.31,         21.97
         39,          2,    1,          8.10,          3.30,       3.26,      32.60,    107.45,         32.65
         39,          2,    2,          8.86,          3.30,       3.52,      35.19,    115.98,         27.20
         39,          2,    3,          9.32,          3.30,       3.70,      36.95,    121.80,         25.06
         39,          2,    4,          9.58,          3.30,       3.82,      38.22,    125.98,         23.70
         39,          2,    5,          9.79,          3.30,       3.92,      39.22,    129.26,         22.93
         39,          2,    6,          9.95,          3.30,       4.00,      40.04,    131.98,         22.29
         39,          2,    7,         10.11,          3.30,       4.08,      40.72,    134.21,         22.02
         39,          3,    1,         10.14,          3.30,       4.08,      40.76,    134.36,         29.63
         39,          3,    2,         11.11,          3.30,       4.53,      45.30,    149.27,         25.95
         39,          3,    3,         11.75,          3.29,       4.87,      48.69,    160.43,         24.57
         39,          3,    4,         12.10,          3.29,       5.08,      50.78,    167.27,         23.95
         39,          3,    5,         12.41,          3.29,       5.27,      52.73,    173.69,         23.46
         39,          3,    6,         12.60,          3.29,       5.41,      54.05,    178.01,         23.20
         39,          3,    7,         12.78,          3.29,       5.54,      55.33,    182.23,         22.92
         39,          4,    1,         11.97,          3.29,       5.03,      50.27,    165.62,         33.06
         39,          4,    2,         12.98,          3.29,       5.67,      56.72,    186.78,         28.93
         39,          4,    3,         13.55,          3.29,       6.06,      60.57,    199.41,         27.83
         39,          4,    4,         13.87,          3.29,       6.31,      63.09,    207.70,         27.21
         39,          4,    5,         14.12,          3.29,       6.53,      65.27,    214.87,         26.65
         39,          4,    6,         14.29,          3.29,       6.68,      66.83,    220.00,         26.35
         39,          4,    7,         14.45,          3.29,       6.82,      68.21,    224.54,         26.15
         39,          5,    1,         13.64,          3.29,       6.19,      61.91,    203.84,         36.55
         39,          5,    2,         14.79,          3.29,       7.10,      71.01,    233.78,         32.38
         39,          5,    3,         15.44,          3.29,       7.71,      77.09,    253.75,         30.93
         39,          5,    4,         15.82,          3.29,       8.12,      81.12,    266.97,         30.27
         39,          5,    5,         16.12,          3.29,       8.45,      84.52,    278.09,         29.81
         39,          5,    6,         16.33,          3.29,       8.70,      86.94,    286.02,         29.54
         39,          5,    7,         16.51,          3.29,       8.93,      89.29,    293.70,         29.29
         39,          6,    1,         15.01,          3.29,       7.39,      73.88,    243.22,         38.95
         39,          6,    2,         16.29,          3.29,       8.59,      85.90,    282.59,         35.20
         39,          6,    3,         16.93,          3.29,       9.34,      93.38,    307.13,         33.91
         39,          6,    4,         17.31,          3.29,       9.81,      98.07,    322.46,         33.51
         39,          6,    5,         17.58,          3.29,      10.17,     101.72,    334.47,         33.14
         39,          6,    6,         17.77,          3.29,      10.46,     104.60,    343.92,         32.84
         39,          6,    7,         17.92,          3.29,      10.69,     106.85,    351.33,         32.70
         39,          7,    1,         16.09,          3.29,       8.49,      84.94,    279.45,         40.28
         39,          7,    2,         17.47,          3.29,       9.98,      99.79,    328.12,         37.39
         39,          7,    3,         18.21,          3.29,      10.90,     109.04,    358.54,         36.84
         39,          7,    4,         18.62,          3.29,      11.49,     114.93,    377.84,         36.54
         39,          7,    5,         18.94,          3.29,      11.99,     119.92,    394.18,         36.33
         39,          7,    6,         19.15,          3.29,      12.32,     123.18,    404.77,         36.33
         39,          7,    7,         19.34,          3.29,      12.64,     126.37,    415.15,         36.30
         40,          1,    1,          6.32,          3.30,       2.75,      27.47,     90.57,         45.11
         40,          1,    2,          7.10,          3.30,       2.96,      29.54,     97.36,         31.50
         40,          1,    3,          7.66,          3.30,       3.13,      31.37,    103.40,         26.14
         40,          1,    4,          7.95,          3.30,       3.24,      32.39,    106.76,         24.32
         40,          1,    5,          8.20,          3.30,       3.33,      33.32,    109.83,         22.99
         40,          1,    6,          8.35,          3.30,       3.39,      33.84,    111.56,         22.45
         40,          1,    7,          8.48,          3.30,       3.45,      34.54,    113.84,         21.52
         40,          2,    1,          8.23,          3.30,       3.31,      33.07,    109.00,         31.43
         40,          2,    2,          9.00,          3.30,       3.58,      35.80,    118.01,         26.33
         40,          2,    3,          9.48,          3.30,       3.76,      37.66,    124.12,         24.47
         40,          2,    4,          9.74,          3.30,       3.89,      38.88,    128.14,         23.40
         40,          2,    5,          9.97,          3.30,       4.00,      39.96,    131.71,         22.64
         40,          2,    6,         10.13,          3.30,       4.08,      40.77,    134.38,         22.16
         40,          2,    7,         10.30,          3.30,       4.17,      41.69,    137.39,         21.62
         40,          3,    1,         10.34,          3.30,       4.19,      41.91,    138.12,         28.61
         40,          3,    2,         11.34,          3.30,       4.68,      46.82,    154.30,         25.19
         40,          3,    3,         11.99,          3.29,       5.06,      50.56,    166.56,         23.85
         40,          3,    4,         12.34,          3.29,       5.28,      52.80,    173.92,         23.30
         40,          3,    5,         12.65,          3.29,       5.49,      54.92,    180.86,         22.85
         40,          3,    6,         12.85,          3.29,       5.63,      56.32,    185.45,         22.61
         40,          3,    7,         13.03,          3.29,       5.77,      57.66,    189.85,         22.42
         40,          4,    1,         12.24,          3.29,       5.23,      52.27,    172.18,         32.21
         40,          4,    2,         13.29,          3.29,       5.92,      59.21,    194.95,         28.54
         40,          4,    3,         13.86,          3.29,       6.36,      63.62,    209.45,         27.26
         40,          4,    4,         14.20,          3.29,       6.64,      66.38,    218.53,         26.72
         40,          4,    5,         14.44,          3.29,       6.87,      68.69,    226.12,         26.24
         40,          4,    6,         14.62,          3.29,       7.04,      70.37,    231.65,         25.97
         40,          4,    7,         14.77,          3.29,       7.21,      72.11,    237.37,         25.59
         40,          5,    1,         13.98,          3.29,       6.46,      64.55,    212.51,         36.22
         40,          5,    2,         15.18,          3.29,       7.49,      74.95,    246.73,         31.92
         40,          5,    3,         15.83,          3.29,       8.18,      81.75,    269.04,         30.51
         40,          5,    4,         16.23,          3.29,       8.62,      86.25,    283.76,         29.90
         40,          5,    5,         16.53,          3.29,       9.01,      90.06,    296.21,         29.46
         40,          5,    6,         16.73,          3.29,       9.27,      92.65,    304.73,         29.24
         40,          5,    7,         16.91,          3.29,       9.51,      95.11,    312.77,         29.02
         40,          6,    1,         15.39,          3.29,       7.73,      77.27,    254.35,         38.18
         40,          6,    2,         16.70,          3.29,       9.09,      90.86,    298.87,         34.64
         40,          6,    3,         17.35,          3.29,       9.91,      99.08,    325.77,         33.54
         40,          6,    4,         17.74,          3.29,      10.46,     104.55,    343.75,         33.00
         40,          6,    5,         18.00,          3.29,      10.86,     108.59,    357.05,         32.67
         40,          6,    6,         18.19,          3.29,      11.17,     111.66,    367.12,         32.46
         40,          6,    7,         18.35,          3.29,      11.44,     114.37,    376.02,         32.25
         40,          7,    1,         16.46,          3.29,       8.84,      88.38,    290.76,         40.22
         40,          7,    2,         17.89,          3.29,      10.51,     105.01,    345.29,         37.42
         40,          7,    3,         18.63,          3.29,      11.52,     115.20,    378.71,         36.87
         40,          7,    4,         19.05,          3.29,      12.21,     122.05,    401.13,         36.44
         40,          7,    5,         19.36,          3.29,      12.73,     127.36,    418.41,         36.30
         40,          7,    6,         19.57,          3.28,      13.12,     131.24,    431.08,         36.15
         40,          7,    7,         19.75,          3.28,      13.49,     134.91,    443.06,         36.02
         41,          1,    1,          6.35,          3.30,       2.75,      27.53,     90.74,         44.64
         41,          1,    2,          7.15,          3.30,       2.98,      29.76,     98.10,         30.48
         41,          1,    3,          7.74,          3.30,       3.17,      31.66,    104.36,         25.55
         41,          1,    4,          8.04,          3.30,       3.26,      32.61,    107.49,         24.10
         41,          1,    5,          8.30,          3.30,       3.36,      33.59,    110.71,         22.82
         41,          1,    6,          8.46,          3.30,       3.42,      34.26,    112.94,         21.99
         41,          1,    7,          8.60,          3.30,       3.50,      35.00,    115.35,         21.12
         41,          2,    1,          8.33,          3.30,       3.35,      33.53,    110.51,         30.43
         41,          2,    2,          9.12,          3.30,       3.66,      36.58,    120.58,         25.19
         41,          2,    3,          9.61,          3.30,       3.85,      38.45,    126.74,         23.65
         41,          2,    4,          9.88,          3.30,       3.99,      39.82,    131.22,         22.58
         41,          2,    5,         10.12,          3.30,       4.09,      40.85,    134.65,         22.11
         41,          2,    6,         10.29,          3.30,       4.19,      41.87,    138.00,         21.43
         41,          2,    7,         10.46,          3.30,       4.27,      42.68,    140.66,         21.16
         41,          3,    1,         10.54,          3.30,       4.30,      43.03,    141.79,         27.92
         41,          3,    2,         11.56,          3.29,       4.85,      48.48,    159.72,         24.46
         41,          3,    3,         12.22,          3.29,       5.25,      52.48,    172.85,         23.27
         41,          3,    4,         12.59,          3.29,       5.50,      54.97,    181.06,         22.72
         41,          3,    5,         12.89,          3.29,       5.74,      57.38,    188.94,         22.18
         41,          3,    6,         13.09,          3.29,       5.90,      58.97,    194.14,         21.92
         41,          3,    7,         13.27,          3.29,       6.04,      60.39,    198.82,         21.75
         41,          4,    1,         12.52,          3.29,       5.43,      54.32,    178.91,         31.72
         41,          4,    2,         13.61,          3.29,       6.22,      62.20,    204.78,         27.94
         41,          4,    3,         14.19,          3.29,       6.70,      67.03,    220.65,         26.77
         41,          4,    4,         14.53,          3.29,       7.00,      70.06,    230.63,         26.25
         41,          4,    5,         14.78,          3.29,       7.27,      72.69,    239.27,         25.73
         41,          4,    6,         14.96,          3.29,       7.45,      74.52,    245.31,         25.50
         41,          4,    7,         15.11,          3.29,       7.62,      76.16,    250.70,         25.31
         41,          5,    1,         14.32,          3.29,       6.78,      67.78,    223.12,         35.15
         41,          5,    2,         15.55,          3.29,       7.88,      78.76,    259.27,         31.71
         41,          5,    3,         16.24,          3.29,       8.67,      86.73,    285.34,         30.19
         41,          5,    4,         16.63,          3.29,       9.13,      91.29,    300.25,         29.85
         41,          5,    5,         16.94,          3.29,       9.60,      95.99,    315.63,         29.14
         41,          5,    6,         17.15,          3.29,       9.89,      98.82,    324.95,         28.99
         41,          5,    7,         17.33,          3.29,      10.16,     101.64,    334.19,         28.77
         41,          6,    1,         15.75,          3.29,       8.11,      81.05,    266.72,         37.41
         41,          6,    2,         17.09,          3.29,       9.54,      95.39,    313.69,         34.69
         41,          6,    3,         17.77,          3.29,      10.53,     105.26,    346.10,         33.29
         41,          6,    4,         18.16,          3.29,      11.07,     110.67,    363.90,         33.11
         41,          6,    5,         18.44,          3.29,      11.59,     115.88,    380.96,         32.53
         41,          6,    6,         18.63,          3.29,      11.89,     118.90,    390.86,         32.48
         41,          6,    7,         18.79,          3.29,      12.24,     122.33,    402.08,         32.11
         41,          7,    1,         16.80,          3.29,       9.20,      91.94,    302.42,         39.99
         41,          7,    2,         18.29,          3.29,      11.06,     110.60,    363.63,         37.27
         41,          7,    3,         19.03,          3.29,      12.20,     121.95,    400.79,         36.67
         41,          7,    4,         19.45,          3.29,      12.94,     129.40,    425.13,         36.34
         41,          7,    5,         19.76,          3.28,      13.56,     135.59,    445.31,         36.04
         41,          7,    6,         19.97,          3.28,      13.99,     139.84,    459.23,         35.87
         41,          7,    7,         20.15,          3.28,      14.39,     143.88,    472.50,         35.71
         42,          1,    1,          6.38,          3.30,       2.78,      27.82,     91.72,         41.30
         42,          1,    2,          7.20,          3.30,       3.01,      30.14,     99.35,         28.91
         42,          1,    3,          7.80,          3.30,       3.20,      31.96,    105.35,         24.96
         42,          1,    4,          8.11,          3.30,       3.31,      33.10,    109.12,         23.20
         42,          1,    5,          8.38,          3.30,       3.41,      34.09,    112.36,         22.11
         42,          1,    6,          8.55,          3.30,       3.49,      34.89,    114.99,         21.19
         42,          1,    7,          8.69,          3.30,       3.54,      35.41,    116.72,         20.83
         42,          2,    1,          8.45,          3.30,       3.43,      34.29,    113.03,         28.99
         42,          2,    2,          9.26,          3.30,       3.74,      37.38,    123.20,         24.57
         42,          2,    3,          9.76,          3.30,       3.96,      39.61,    130.54,         22.70
         42,          2,    4,         10.03,          3.30,       4.09,      40.86,    134.68,         21.98
         42,          2,    5,         10.27,          3.30,       4.22,      42.14,    138.90,         21.29
         42,          2,    6,         10.44,          3.30,       4.31,      43.07,    141.95,         20.86
         42,          2,    7,         10.62,          3.30,       4.41,      44.04,    145.15,         20.51
         42,          3,    1,         10.79,          3.30,       4.47,      44.69,    147.27,         26.91
         42,          3,    2,         11.84,          3.29,       5.07,      50.68,    166.96,         23.78
         42,          3,    3,         12.52,          3.29,       5.53,      55.26,    181.99,         22.56
         42,          3,    4,         12.89,          3.29,       5.81,      58.12,    191.37,         21.95
         42,          3,    5,         13.21,          3.29,       6.07,      60.68,    199.78,         21.58
         42,          3,    6,         13.41,          3.29,       6.24,      62.36,    205.32,         21.37
         42,          3,    7,         13.59,          3.29,       6.40,      64.01,    210.74,         21.15
         42,          4,    1,         12.89,          3.29,       5.74,      57.37,    188.92,         30.77
         42,          4,    2,         14.01,          3.29,       6.56,      65.56,    215.84,         27.90
         42,          4,    3,         14.61,          3.29,       7.11,      71.15,    234.22,         26.64
         42,          4,    4,         14.97,          3.29,       7.46,      74.62,    245.61,         26.15
         42,          4,    5,         15.23,          3.29,       7.77,      77.73,    255.86,         25.61
         42,          4,    6,         15.41,          3.29,       8.00,      80.03,    263.41,         25.23
         42,          4,    7,         15.57,          3.29,       8.23,      82.25,    270.69,         24.85
         42,          5,    1,         14.73,          3.29,       7.13,      71.25,    234.56,         35.53
         42,          5,    2,         15.97,          3.29,       8.29,      82.93,    272.90,         32.39
         42,          5,    3,         16.64,          3.29,       9.09,      90.92,    299.02,         31.13
         42,          5,    4,         17.06,          3.29,       9.64,      96.41,    317.04,         30.59
         42,          5,    5,         17.37,          3.29,      10.09,     100.90,    331.79,         30.19
         42,          5,    6,         17.59,          3.29,      10.44,     104.38,    343.21,         29.86
         42,          5,    7,         17.78,          3.29,      10.77,     107.71,    354.14,         29.52
         42,          6,    1,         16.20,          3.29,       8.60,      86.02,    283.05,         36.96
         42,          6,    2,         17.53,          3.29,      10.11,     101.05,    332.27,         34.99
         42,          6,    3,         18.21,          3.29,      11.06,     110.59,    363.60,         34.26
         42,          6,    4,         18.61,          3.29,      11.71,     117.06,    384.83,         33.86
         42,          6,    5,         18.90,          3.29,      12.20,     121.94,    400.78,         33.63
         42,          6,    6,         19.10,          3.29,      12.59,     125.94,    413.80,         33.34
         42,          6,    7,         19.26,          3.28,      12.92,     129.22,    424.49,         33.14
         42,          7,    1,         17.20,          3.29,       9.66,      96.63,    317.77,         39.54
         42,          7,    2,         18.72,          3.29,      11.66,     116.62,    383.39,         37.56
         42,          7,    3,         19.49,          3.28,      13.02,     130.15,    427.50,         36.70
         42,          7,    4,         19.91,          3.28,      13.76,     137.56,    451.77,         36.70
         42,          7,    5,         20.23,          3.28,      14.47,     144.69,    475.14,         36.35
         42,          7,    6,         20.43,          3.28,      14.91,     149.09,    489.58,         36.29
         42,          7,    7,         20.62,          3.28,      15.39,     153.86,    505.21,         36.03
         43,          1,    1,          6.40,          3.30,       2.80,      27.97,     92.22,         40.17
         43,          1,    2,          7.24,          3.30,       3.05,      30.49,    100.48,         27.66
         43,          1,    3,          7.86,          3.30,       3.25,      32.48,    107.08,         23.72
         43,          1,    4,          8.18,          3.30,       3.37,      33.67,    110.98,         22.19
         43,          1,    5,          8.45,          3.30,       3.46,      34.63,    114.13,         21.37
         43,          1,    6,          8.63,          3.30,       3.54,      35.39,    116.66,         20.66
         43,          1,    7,          8.77,          3.30,       3.60,      36.07,    118.88,         20.07
         43,          2,    1,          8.58,          3.30,       3.51,      35.09,    115.67,         27.14
         43,          2,    2,          9.42,          3.30,       3.86,      38.63,    127.31,         22.91
         43,          2,    3,          9.91,          3.30,       4.09,      40.91,    134.83,         21.44
         43,          2,    4,         10.20,          3.30,       4.24,      42.44,    139.88,         20.64
         43,          2,    5,         10.45,          3.30,       4.37,      43.71,    144.07,         20.19
         43,          2,    6,         10.62,          3.30,       4.48,      44.84,    147.77,         19.66
         43,          2,    7,         10.80,          3.30,       4.59,      45.93,    151.33,         19.32
         43,          3,    1,         11.09,          3.30,       4.69,      46.89,    154.50,         25.83
         43,          3,    2,         12.16,          3.29,       5.32,      53.22,    175.33,         23.29
         43,          3,    3,         12.89,          3.29,       5.85,      58.51,    192.64,         22.14
         43,          3,    4,         13.28,          3.29,       6.15,      61.52,    202.56,         21.75
         43,          3,    5,         13.62,          3.29,       6.47,      64.67,    212.90,         21.27
         43,          3,    6,         13.81,          3.29,       6.66,      66.58,    219.18,         21.03
         43,          3,    7,         13.99,          3.29,       6.86,      68.55,    225.67,         20.75
         43,          4,    1,         13.19,          3.29,       5.94,      59.39,    195.53,         31.85
         43,          4,    2,         14.33,          3.29,       6.81,      68.10,    224.21,         28.79
         43,          4,    3,         14.95,          3.29,       7.39,      73.92,    243.34,         27.60
         43,          4,    4,         15.33,          3.29,       7.81,      78.08,    257.01,         26.86
         43,          4,    5,         15.61,          3.29,       8.14,      81.33,    267.70,         26.40
         43,          4,    6,         15.81,          3.29,       8.40,      84.02,    276.48,         26.04
         43,          4,    7,         15.99,          3.29,       8.66,      86.55,    284.80,         25.65
         43,          5,    1,         15.06,          3.29,       7.40,      74.00,    243.60,         36.79
         43,          5,    2,         16.33,          3.29,       8.64,      86.40,    284.28,         33.56
         43,          5,    3,         17.01,          3.29,       9.49,      94.92,    312.17,         32.26
         43,          5,    4,         17.44,          3.29,      10.08,     100.75,    331.28,         31.74
         43,          5,    5,         17.76,          3.29,      10.57,     105.68,    347.48,         31.25
         43,          5,    6,         17.99,          3.29,      10.95,     109.53,    360.12,         30.87
         43,          5,    7,         18.18,          3.29,      11.29,     112.91,    371.23,         30.61
         43,          6,    1,         16.57,          3.29,       8.93,      89.36,    293.96,         37.87
         43,          6,    2,         17.93,          3.29,      10.57,     105.72,    347.59,         35.82
         43,          6,    3,         18.61,          3.29,      11.58,     115.70,    380.36,         35.21
         43,          6,    4,         19.02,          3.29,      12.28,     122.77,    403.45,         34.83
         43,          6,    5,         19.31,          3.29,      12.81,     128.08,    420.78,         34.56
         43,          6,    6,         19.51,          3.28,      13.23,     132.30,    434.54,         34.35
         43,          6,    7,         19.68,          3.28,      13.58,     135.81,    446.05,         34.16
         43,          7,    1,         17.64,          3.29,      10.24,     102.41,    336.72,         38.76
         43,          7,    2,         19.15,          3.29,      12.32,     123.16,    404.79,         37.72
         43,          7,    3,         19.92,          3.28,      13.66,     136.58,    448.53,         37.55
         43,          7,    4,         20.35,          3.28,      14.52,     145.22,    476.91,         37.39
         43,          7,    5,         20.67,          3.28,      15.22,     152.18,    499.69,         37.28
         43,          7,    6,         20.88,          3.28,      15.74,     157.39,    516.71,         37.11
         43,          7,    7,         21.06,          3.28,      16.20,     162.01,    531.72,         37.00
         44,          1,    1,          6.44,          3.30,       2.83,      28.36,     93.47,         36.46
         44,          1,    2,          7.29,          3.30,       3.10,      30.98,    102.13,         25.85
         44,          1,    3,          7.92,          3.30,       3.32,      33.15,    109.28,         22.19
         44,          1,    4,          8.25,          3.30,       3.44,      34.39,    113.35,         20.89
         44,          1,    5,          8.52,          3.30,       3.54,      35.44,    116.82,         20.08
         44,          1,    6,          8.70,          3.30,       3.63,      36.32,    119.70,         19.33
         44,          1,    7,          8.84,          3.30,       3.69,      36.92,    121.69,         19.01
         44,          2,    1,          8.77,          3.30,       3.64,      36.38,    119.92,         25.19
         44,          2,    2,          9.65,          3.30,       4.03,      40.27,    132.74,         21.62
         44,          2,    3,         10.16,          3.30,       4.29,      42.90,    141.39,         20.18
         44,          2,    4,         10.46,          3.30,       4.44,      44.42,    146.39,         19.71
         44,          2,    5,         10.70,          3.30,       4.62,      46.18,    152.17,         18.91
         44,          2,    6,         10.88,          3.30,       4.73,      47.27,    155.76,         18.62
         44,          2,    7,         11.06,          3.29,       4.85,      48.54,    159.94,         18.28
         44,          3,    1,         11.38,          3.29,       4.85,      48.46,    159.69,         26.35
         44,          3,    2,         12.50,          3.29,       5.55,      55.46,    182.66,         23.67
         44,          3,    3,         13.23,          3.29,       6.09,      60.90,    200.52,         22.63
         44,          3,    4,         13.65,          3.29,       6.47,      64.68,    212.94,         22.00
         44,          3,    5,         14.01,          3.29,       6.80,      67.98,    223.80,         21.67
         44,          3,    6,         14.24,          3.29,       7.06,      70.53,    232.20,         21.29
         44,          3,    7,         14.44,          3.29,       7.27,      72.71,    239.37,         21.10
         44,          4,    1,         13.50,          3.29,       6.14,      61.38,    202.09,         33.63
         44,          4,    2,         14.67,          3.29,       7.09,      70.86,    233.26,         30.01
         44,          4,    3,         15.31,          3.29,       7.73,      77.22,    254.20,         28.58
         44,          4,    4,         15.70,          3.29,       8.17,      81.68,    268.84,         27.87
         44,          4,    5,         15.98,          3.29,       8.54,      85.35,    280.83,         27.30
         44,          4,    6,         16.21,          3.29,       8.82,      88.22,    290.25,         26.98
         44,          4,    7,         16.39,          3.29,       9.08,      90.80,    298.66,         26.67
         44,          5,    1,         15.42,          3.29,       7.69,      76.87,    253.04,         39.47
         44,          5,    2,         16.72,          3.29,       9.05,      90.48,    297.63,         35.37
         44,          5,    3,         17.42,          3.29,       9.94,      99.40,    326.84,         34.05
         44,          5,    4,         17.86,          3.29,      10.59,     105.91,    348.23,         33.29
         44,          5,    5,         18.18,          3.29,      11.12,     111.26,    365.81,         32.76
         44,          5,    6,         18.42,          3.29,      11.53,     115.25,    378.88,         32.44
         44,          5,    7,         18.61,          3.29,      11.89,     118.91,    390.89,         32.15
         44,          6,    1,         16.95,          3.29,       9.32,      93.20,    306.52,         39.54
         44,          6,    2,         18.35,          3.29,      11.09,     110.93,    364.70,         37.26
         44,          6,    3,         19.04,          3.29,      12.17,     121.65,    399.83,         36.69
         44,          6,    4,         19.46,          3.28,      12.91,     129.11,    424.14,         36.34
         44,          6,    5,         19.75,          3.28,      13.49,     134.92,    443.12,         36.05
         44,          6,    6,         19.97,          3.28,      13.96,     139.55,    458.29,         35.81
         44,          6,    7,         20.13,          3.28,      14.35,     143.52,    471.33,         35.54
         44,          7,    1,         18.07,          3.29,      10.76,     107.60,    353.79,         39.15
         44,          7,    2,         19.60,          3.28,      12.99,     129.90,    426.71,         38.58
         44,          7,    3,         20.36,          3.28,      14.37,     143.71,    471.94,         38.59
         44,          7,    4,         20.80,          3.28,      15.31,     153.10,    502.72,         38.50
         44,          7,    5,         21.12,          3.28,      16.06,     160.57,    527.05,         38.42
         44,          7,    6,         20.98,          3.28,      15.93,     159.30,    522.91,         37.66
         44,          7,    7,         20.95,          3.28,      16.02,     160.15,    525.70,         37.12

