[Radio] Initializing ... success!
Connected to RF power monitor: Rohde&Schwarz,FPC1500,1328.6660K03/205785,V1.80
Connected to DC power monitor: radiolib-org,DCpowerMon,070dd3d
setCurrentLimit skipped

Set [dBm/2],paDutyCycle,paSlc,Measured [dBm],Bus voltage[V],Voltage[mV],Current[mA],Power [mW],Efficiency [%]
        -18,          1,    1,        -22.26,          3.30,       0.89,       8.94,     29.51,          0.42
        -18,          1,    2,        -20.61,          3.30,       0.93,       9.29,     30.68,          0.34
        -18,          1,    3,        -18.95,          3.30,       0.97,       9.63,     31.77,          0.35
        -18,          1,    4,        -18.01,          3.30,       0.99,       9.94,     32.79,          0.34
        -18,          1,    5,        -17.15,          3.30,       1.03,      10.24,     33.79,          0.34
        -18,          1,    6,        -16.46,          3.30,       1.05,      10.52,     34.73,          0.34
        -18,          1,    7,        -15.68,          3.30,       1.08,      10.83,     35.73,          0.36
        -18,          2,    1,        -20.05,          3.30,       0.92,       9.18,     30.30,          0.78
        -18,          2,    2,        -18.39,          3.30,       0.96,       9.60,     31.67,          0.55
        -18,          2,    3,        -17.05,          3.30,       1.00,       9.97,     32.92,          0.51
        -18,          2,    4,        -16.16,          3.30,       1.03,      10.28,     33.94,          0.49
        -18,          2,    5,        -15.34,          3.30,       1.06,      10.61,     35.02,          0.49
        -18,          2,    6,        -14.61,          3.30,       1.09,      10.95,     36.13,          0.49
        -18,          2,    7,        -14.15,          3.30,       1.13,      11.29,     37.26,          0.47
        -18,          3,    1,        -17.17,          3.30,       0.96,       9.62,     31.74,          1.08
        -18,          3,    2,        -15.83,          3.30,       1.01,      10.05,     33.18,          0.81
        -18,          3,    3,        -14.72,          3.30,       1.04,      10.45,     34.50,          0.74
        -18,          3,    4,        -13.94,          3.30,       1.08,      10.81,     35.69,          0.70
        -18,          3,    5,        -13.25,          3.30,       1.12,      11.20,     36.94,          0.68
        -18,          3,    6,        -12.87,          3.30,       1.15,      11.56,     38.14,          0.63
        -18,          3,    7,        -12.31,          3.30,       1.19,      11.83,     39.03,          0.65
        -18,          4,    1,        -15.34,          3.30,       1.01,      10.06,     33.21,          1.21
        -18,          4,    2,        -14.09,          3.30,       1.05,      10.51,     34.67,          1.01
        -18,          4,    3,        -13.17,          3.30,       1.10,      10.95,     36.11,          0.91
        -18,          4,    4,        -12.45,          3.30,       1.13,      11.38,     37.56,          0.84
        -18,          4,    5,        -11.87,          3.30,       1.17,      11.74,     38.73,          0.82
        -18,          4,    6,        -11.45,          3.30,       1.21,      12.06,     39.79,          0.80
        -18,          4,    7,        -11.07,          3.30,       1.24,      12.41,     40.95,          0.77
        -18,          5,    1,        -13.29,          3.30,       1.06,      10.59,     34.96,          1.75
        -18,          5,    2,        -12.20,          3.30,       1.12,      11.18,     36.90,          1.31
        -18,          5,    3,        -11.33,          3.30,       1.17,      11.64,     38.42,          1.20
        -18,          5,    4,        -10.81,          3.30,       1.21,      12.04,     39.74,          1.11
        -18,          5,    5,        -10.35,          3.30,       1.24,      12.43,     41.02,          1.05
        -18,          5,    6,        -10.04,          3.30,       1.28,      12.80,     42.23,          1.00
        -18,          5,    7,         -9.71,          3.30,       1.31,      13.15,     43.41,          0.96
        -18,          6,    1,        -11.89,          3.30,       1.12,      11.19,     36.91,          2.09
        -18,          6,    2,        -10.89,          3.30,       1.17,      11.73,     38.69,          1.67
        -18,          6,    3,        -10.26,          3.30,       1.22,      12.21,     40.29,          1.45
        -18,          6,    4,         -9.81,          3.30,       1.26,      12.64,     41.70,          1.32
        -18,          6,    5,         -9.43,          3.30,       1.30,      13.05,     43.06,          1.23
        -18,          6,    6,         -9.16,          3.30,       1.34,      13.40,     44.22,          1.16
        -18,          6,    7,         -8.91,          3.30,       1.37,      13.75,     45.36,          1.11
        -18,          7,    1,        -10.84,          3.30,       1.17,      11.69,     38.57,          2.41
        -18,          7,    2,         -9.91,          3.30,       1.23,      12.30,     40.57,          1.88
        -18,          7,    3,         -9.22,          3.30,       1.29,      12.86,     42.43,          1.64
        -18,          7,    4,         -8.84,          3.30,       1.33,      13.30,     43.91,          1.49
        -18,          7,    5,         -8.48,          3.30,       1.37,      13.74,     45.34,          1.39
        -18,          7,    6,         -8.28,          3.30,       1.41,      14.11,     46.56,          1.30
        -18,          7,    7,         -8.00,          3.30,       1.45,      14.48,     47.77,          1.25
        -17,          1,    1,        -21.95,          3.30,       0.90,       8.98,     29.64,          0.42
        -17,          1,    2,        -20.12,          3.30,       0.93,       9.34,     30.82,          0.36
        -17,          1,    3,        -18.73,          3.30,       0.97,       9.68,     31.95,          0.35
        -17,          1,    4,        -17.70,          3.30,       1.00,      10.03,     33.11,          0.34
        -17,          1,    5,        -16.86,          3.30,       1.03,      10.32,     34.06,          0.35
        -17,          1,    6,        -16.00,          3.30,       1.06,      10.63,     35.09,          0.36
        -17,          1,    7,        -15.43,          3.30,       1.09,      10.91,     36.00,          0.36
        -17,          2,    1,        -19.51,          3.30,       0.92,       9.25,     30.54,          0.85
        -17,          2,    2,        -18.04,          3.30,       0.97,       9.67,     31.90,          0.59
        -17,          2,    3,        -16.65,          3.30,       1.00,      10.04,     33.15,          0.55
        -17,          2,    4,        -15.75,          3.30,       1.04,      10.37,     34.22,          0.53
        -17,          2,    5,        -14.90,          3.30,       1.07,      10.71,     35.33,          0.53
        -17,          2,    6,        -14.31,          3.30,       1.11,      11.09,     36.59,          0.50
        -17,          2,    7,        -13.69,          3.30,       1.14,      11.43,     37.72,          0.50
        -17,          3,    1,        -16.83,          3.30,       0.97,       9.71,     32.03,          1.07
        -17,          3,    2,        -15.44,          3.30,       1.01,      10.14,     33.48,          0.85
        -17,          3,    3,        -14.33,          3.30,       1.06,      10.54,     34.78,          0.79
        -17,          3,    4,        -13.57,          3.30,       1.10,      10.96,     36.17,          0.72
        -17,          3,    5,        -12.91,          3.30,       1.13,      11.32,     37.36,          0.70
        -17,          3,    6,        -12.37,          3.30,       1.17,      11.64,     38.43,          0.69
        -17,          3,    7,        -11.96,          3.30,       1.20,      11.99,     39.57,          0.67
        -17,          4,    1,        -14.92,          3.30,       1.02,      10.15,     33.51,          1.43
        -17,          4,    2,        -13.61,          3.30,       1.06,      10.64,     35.10,          1.13
        -17,          4,    3,        -12.70,          3.30,       1.11,      11.12,     36.70,          0.98
        -17,          4,    4,        -12.04,          3.30,       1.15,      11.53,     38.03,          0.92
        -17,          4,    5,        -11.48,          3.30,       1.19,      11.87,     39.15,          0.90
        -17,          4,    6,        -11.08,          3.30,       1.22,      12.19,     40.22,          0.87
        -17,          4,    7,        -10.63,          3.30,       1.26,      12.56,     41.43,          0.85
        -17,          5,    1,        -12.75,          3.30,       1.08,      10.76,     35.51,          1.79
        -17,          5,    2,        -11.69,          3.30,       1.14,      11.33,     37.38,          1.40
        -17,          5,    3,        -10.84,          3.30,       1.18,      11.82,     39.01,          1.27
        -17,          5,    4,        -10.32,          3.30,       1.22,      12.24,     40.37,          1.19
        -17,          5,    5,         -9.97,          3.30,       1.27,      12.63,     41.68,          1.10
        -17,          5,    6,         -9.58,          3.30,       1.30,      13.00,     42.88,          1.07
        -17,          5,    7,         -9.32,          3.30,       1.34,      13.35,     44.05,          1.01
        -17,          6,    1,        -11.44,          3.30,       1.13,      11.34,     37.42,          2.27
        -17,          6,    2,        -10.42,          3.30,       1.19,      11.92,     39.35,          1.78
        -17,          6,    3,         -9.80,          3.30,       1.24,      12.41,     40.97,          1.56
        -17,          6,    4,         -9.38,          3.30,       1.29,      12.88,     42.51,          1.40
        -17,          6,    5,         -8.97,          3.30,       1.33,      13.27,     43.81,          1.33
        -17,          6,    6,         -8.68,          3.30,       1.36,      13.64,     45.02,          1.26
        -17,          6,    7,         -8.42,          3.30,       1.40,      13.99,     46.14,          1.21
        -17,          7,    1,        -10.38,          3.30,       1.19,      11.88,     39.22,          2.59
        -17,          7,    2,         -9.40,          3.30,       1.26,      12.58,     41.53,          1.96
        -17,          7,    3,         -8.77,          3.30,       1.31,      13.14,     43.35,          1.73
        -17,          7,    4,         -8.40,          3.30,       1.36,      13.57,     44.77,          1.59
        -17,          7,    5,         -8.03,          3.30,       1.40,      13.99,     46.14,          1.51
        -17,          7,    6,         -7.77,          3.30,       1.44,      14.42,     47.57,          1.40
        -17,          7,    7,         -7.58,          3.30,       1.48,      14.77,     48.72,          1.34
        -16,          1,    1,        -21.57,          3.30,       0.90,       9.02,     29.77,          0.46
        -16,          1,    2,        -19.96,          3.30,       0.94,       9.41,     31.05,          0.36
        -16,          1,    3,        -18.53,          3.30,       0.98,       9.75,     32.18,          0.36
        -16,          1,    4,        -17.42,          3.30,       1.01,      10.06,     33.19,          0.37
        -16,          1,    5,        -16.37,          3.30,       1.04,      10.40,     34.32,          0.38
        -16,          1,    6,        -15.61,          3.30,       1.07,      10.69,     35.26,          0.39
        -16,          1,    7,        -15.06,          3.30,       1.10,      11.01,     36.34,          0.39
        -16,          2,    1,        -19.16,          3.30,       0.93,       9.29,     30.67,          0.96
        -16,          2,    2,        -17.65,          3.30,       0.97,       9.72,     32.07,          0.65
        -16,          2,    3,        -16.32,          3.30,       1.01,      10.11,     33.36,          0.59
        -16,          2,    4,        -15.30,          3.30,       1.05,      10.44,     34.45,          0.59
        -16,          2,    5,        -14.59,          3.30,       1.08,      10.79,     35.61,          0.56
        -16,          2,    6,        -13.96,          3.30,       1.11,      11.17,     36.87,          0.54
        -16,          2,    7,        -13.41,          3.30,       1.15,      11.49,     37.92,          0.54
        -16,          3,    1,        -16.45,          3.30,       0.98,       9.83,     32.42,          1.17
        -16,          3,    2,        -15.02,          3.30,       1.02,      10.23,     33.76,          0.96
        -16,          3,    3,        -14.03,          3.30,       1.06,      10.65,     35.13,          0.85
        -16,          3,    4,        -13.21,          3.30,       1.11,      11.06,     36.50,          0.79
        -16,          3,    5,        -12.54,          3.30,       1.15,      11.47,     37.84,          0.76
        -16,          3,    6,        -12.02,          3.30,       1.18,      11.78,     38.89,          0.75
        -16,          3,    7,        -11.60,          3.30,       1.21,      12.11,     39.95,          0.73
        -16,          4,    1,        -14.44,          3.30,       1.03,      10.25,     33.80,          1.61
        -16,          4,    2,        -13.21,          3.30,       1.07,      10.75,     35.49,          1.21
        -16,          4,    3,        -12.30,          3.30,       1.13,      11.23,     37.06,          1.07
        -16,          4,    4,        -11.66,          3.30,       1.16,      11.63,     38.40,          1.00
        -16,          4,    5,        -11.13,          3.30,       1.20,      12.02,     39.65,          0.95
        -16,          4,    6,        -10.71,          3.30,       1.24,      12.38,     40.86,          0.91
        -16,          4,    7,        -10.30,          3.30,       1.28,      12.75,     42.07,          0.89
        -16,          5,    1,        -12.40,          3.30,       1.09,      10.87,     35.87,          1.93
        -16,          5,    2,        -11.29,          3.30,       1.15,      11.51,     37.97,          1.46
        -16,          5,    3,        -10.50,          3.30,       1.20,      11.99,     39.58,          1.33
        -16,          5,    4,         -9.97,          3.30,       1.24,      12.41,     40.94,          1.25
        -16,          5,    5,         -9.52,          3.30,       1.28,      12.84,     42.37,          1.18
        -16,          5,    6,         -9.21,          3.30,       1.32,      13.18,     43.49,          1.13
        -16,          5,    7,         -8.90,          3.30,       1.35,      13.53,     44.64,          1.10
        -16,          6,    1,        -11.01,          3.30,       1.15,      11.52,     37.99,          2.44
        -16,          6,    2,        -10.09,          3.30,       1.21,      12.15,     40.10,          1.83
        -16,          6,    3,         -9.38,          3.30,       1.26,      12.61,     41.63,          1.68
        -16,          6,    4,         -8.92,          3.30,       1.31,      13.09,     43.19,          1.52
        -16,          6,    5,         -8.54,          3.30,       1.35,      13.50,     44.54,          1.43
        -16,          6,    6,         -8.25,          3.30,       1.39,      13.85,     45.69,          1.37
        -16,          6,    7,         -8.06,          3.30,       1.43,      14.24,     46.99,          1.28
        -16,          7,    1,         -9.94,          3.30,       1.21,      12.10,     39.91,          2.81
        -16,          7,    2,         -8.98,          3.30,       1.28,      12.80,     42.26,          2.13
        -16,          7,    3,         -8.33,          3.30,       1.34,      13.38,     44.15,          1.87
        -16,          7,    4,         -7.95,          3.30,       1.39,      13.84,     45.66,          1.72
        -16,          7,    5,         -7.59,          3.30,       1.43,      14.30,     47.18,          1.60
        -16,          7,    6,         -7.33,          3.30,       1.47,      14.71,     48.56,          1.51
        -16,          7,    7,         -7.13,          3.30,       1.50,      15.05,     49.67,          1.45
        -15,          1,    1,        -21.11,          3.30,       0.91,       9.10,     30.01,          0.50
        -15,          1,    2,        -19.36,          3.30,       0.95,       9.48,     31.29,          0.41
        -15,          1,    3,        -17.95,          3.30,       0.98,       9.85,     32.51,          0.40
        -15,          1,    4,        -16.94,          3.30,       1.02,      10.17,     33.56,          0.40
        -15,          1,    5,        -15.91,          3.30,       1.05,      10.48,     34.57,          0.42
        -15,          1,    6,        -15.21,          3.30,       1.08,      10.79,     35.61,          0.42
        -15,          1,    7,        -14.55,          3.30,       1.12,      11.19,     36.94,          0.41
        -15,          2,    1,        -18.79,          3.30,       0.94,       9.44,     31.15,          0.98
        -15,          2,    2,        -17.07,          3.30,       0.98,       9.89,     32.63,          0.69
        -15,          2,    3,        -15.84,          3.30,       1.02,      10.23,     33.76,          0.66
        -15,          2,    4,        -14.76,          3.30,       1.06,      10.58,     34.90,          0.66
        -15,          2,    5,        -14.03,          3.30,       1.10,      10.97,     36.20,          0.62
        -15,          2,    6,        -13.36,          3.30,       1.14,      11.33,     37.40,          0.61
        -15,          2,    7,        -12.93,          3.30,       1.17,      11.65,     38.43,          0.59
        -15,          3,    1,        -15.91,          3.30,       1.00,       9.94,     32.82,          1.31
        -15,          3,    2,        -14.38,          3.30,       1.04,      10.39,     34.26,          1.08
        -15,          3,    3,        -13.39,          3.30,       1.08,      10.85,     35.78,          0.93
        -15,          3,    4,        -12.59,          3.30,       1.13,      11.28,     37.22,          0.87
        -15,          3,    5,        -12.04,          3.30,       1.16,      11.62,     38.34,          0.84
        -15,          3,    6,        -11.44,          3.30,       1.20,      11.96,     39.48,          0.83
        -15,          3,    7,        -11.03,          3.30,       1.23,      12.32,     40.66,          0.81
        -15,          4,    1,        -13.87,          3.30,       1.04,      10.43,     34.40,          1.63
        -15,          4,    2,        -12.64,          3.30,       1.09,      10.93,     36.06,          1.31
        -15,          4,    3,        -11.66,          3.30,       1.14,      11.46,     37.80,          1.15
        -15,          4,    4,        -11.03,          3.30,       1.19,      11.89,     39.24,          1.07
        -15,          4,    5,        -10.59,          3.30,       1.22,      12.26,     40.46,          1.02
        -15,          4,    6,        -10.12,          3.30,       1.26,      12.66,     41.77,          0.98
        -15,          4,    7,         -9.76,          3.30,       1.30,      13.01,     42.94,          0.96
        -15,          5,    1,        -11.83,          3.30,       1.12,      11.16,     36.82,          1.91
        -15,          5,    2,        -10.69,          3.30,       1.18,      11.73,     38.70,          1.60
        -15,          5,    3,         -9.96,          3.30,       1.22,      12.24,     40.38,          1.44
        -15,          5,    4,         -9.39,          3.30,       1.27,      12.72,     41.96,          1.34
        -15,          5,    5,         -8.99,          3.30,       1.31,      13.12,     43.28,          1.27
        -15,          5,    6,         -8.63,          3.30,       1.35,      13.46,     44.40,          1.24
        -15,          5,    7,         -8.37,          3.30,       1.38,      13.83,     45.64,          1.19
        -15,          6,    1,        -10.45,          3.30,       1.18,      11.76,     38.81,          2.65
        -15,          6,    2,         -9.46,          3.30,       1.24,      12.45,     41.08,          2.00
        -15,          6,    3,         -8.79,          3.30,       1.30,      12.99,     42.85,          1.78
        -15,          6,    4,         -8.31,          3.30,       1.34,      13.42,     44.29,          1.66
        -15,          6,    5,         -7.96,          3.30,       1.38,      13.82,     45.60,          1.57
        -15,          6,    6,         -7.69,          3.30,       1.42,      14.23,     46.96,          1.47
        -15,          6,    7,         -7.45,          3.30,       1.46,      14.61,     48.20,          1.41
        -15,          7,    1,         -9.33,          3.30,       1.24,      12.41,     40.96,          3.08
        -15,          7,    2,         -8.35,          3.30,       1.32,      13.15,     43.40,          2.35
        -15,          7,    3,         -7.75,          3.30,       1.38,      13.75,     45.38,          2.05
        -15,          7,    4,         -7.35,          3.30,       1.43,      14.23,     46.97,          1.88
        -15,          7,    5,         -6.97,          3.30,       1.48,      14.75,     48.66,          1.75
        -15,          7,    6,         -6.77,          3.30,       1.51,      15.12,     49.90,          1.65
        -15,          7,    7,         -6.51,          3.30,       1.55,      15.47,     51.06,          1.61
        -14,          1,    1,        -20.66,          3.30,       0.91,       9.15,     30.21,          0.53
        -14,          1,    2,        -19.08,          3.30,       0.95,       9.54,     31.49,          0.43
        -14,          1,    3,        -17.80,          3.30,       0.99,       9.93,     32.76,          0.40
        -14,          1,    4,        -16.62,          3.30,       1.03,      10.27,     33.90,          0.41
        -14,          1,    5,        -15.66,          3.30,       1.05,      10.57,     34.88,          0.43
        -14,          1,    6,        -14.96,          3.30,       1.09,      10.86,     35.85,          0.44
        -14,          1,    7,        -14.29,          3.30,       1.12,      11.26,     37.15,          0.44
        -14,          2,    1,        -18.38,          3.30,       0.95,       9.51,     31.38,          0.91
        -14,          2,    2,        -16.84,          3.30,       0.99,       9.91,     32.70,          0.71
        -14,          2,    3,        -15.53,          3.30,       1.03,      10.31,     34.01,          0.66
        -14,          2,    4,        -14.53,          3.30,       1.07,      10.66,     35.19,          0.65
        -14,          2,    5,        -13.72,          3.30,       1.10,      11.07,     36.52,          0.63
        -14,          2,    6,        -13.15,          3.30,       1.14,      11.44,     37.75,          0.61
        -14,          2,    7,        -12.53,          3.30,       1.18,      11.78,     38.88,          0.61
        -14,          3,    1,        -15.55,          3.30,       1.00,      10.03,     33.11,          1.39
        -14,          3,    2,        -14.07,          3.30,       1.05,      10.48,     34.59,          1.13
        -14,          3,    3,        -13.09,          3.30,       1.10,      10.95,     36.13,          0.98
        -14,          3,    4,        -12.21,          3.30,       1.14,      11.37,     37.52,          0.94
        -14,          3,    5,        -11.68,          3.30,       1.18,      11.77,     38.83,          0.88
        -14,          3,    6,        -11.19,          3.30,       1.21,      12.12,     39.98,          0.86
        -14,          3,    7,        -10.78,          3.30,       1.24,      12.44,     41.04,          0.84
        -14,          4,    1,        -13.51,          3.30,       1.05,      10.53,     34.74,          1.77
        -14,          4,    2,        -12.29,          3.30,       1.11,      11.11,     36.66,          1.33
        -14,          4,    3,        -11.39,          3.30,       1.16,      11.58,     38.20,          1.21
        -14,          4,    4,        -10.70,          3.30,       1.20,      12.01,     39.64,          1.15
        -14,          4,    5,        -10.22,          3.30,       1.24,      12.38,     40.87,          1.10
        -14,          4,    6,         -9.78,          3.30,       1.28,      12.79,     42.22,          1.05
        -14,          4,    7,         -9.42,          3.30,       1.32,      13.15,     43.40,          1.02
        -14,          5,    1,        -11.37,          3.30,       1.13,      11.32,     37.35,          2.09
        -14,          5,    2,        -10.35,          3.30,       1.19,      11.92,     39.31,          1.69
        -14,          5,    3,         -9.56,          3.30,       1.24,      12.45,     41.10,          1.53
        -14,          5,    4,         -9.07,          3.30,       1.29,      12.91,     42.61,          1.41
        -14,          5,    5,         -8.63,          3.30,       1.33,      13.32,     43.95,          1.36
        -14,          5,    6,         -8.26,          3.30,       1.37,      13.69,     45.17,          1.32
        -14,          5,    7,         -7.99,          3.30,       1.40,      14.05,     46.37,          1.27
        -14,          6,    1,        -10.09,          3.30,       1.19,      11.98,     39.53,          2.75
        -14,          6,    2,         -9.08,          3.30,       1.26,      12.62,     41.64,          2.18
        -14,          6,    3,         -8.45,          3.30,       1.32,      13.18,     43.48,          1.90
        -14,          6,    4,         -7.94,          3.30,       1.36,      13.64,     44.99,          1.78
        -14,          6,    5,         -7.62,          3.30,       1.41,      14.07,     46.41,          1.66
        -14,          6,    6,         -7.30,          3.30,       1.45,      14.48,     47.79,          1.58
        -14,          6,    7,         -7.03,          3.30,       1.49,      14.86,     49.04,          1.52
        -14,          7,    1,         -9.01,          3.30,       1.26,      12.64,     41.70,          3.18
        -14,          7,    2,         -8.00,          3.30,       1.34,      13.38,     44.16,          2.47
        -14,          7,    3,         -7.33,          3.30,       1.40,      13.98,     46.12,          2.21
        -14,          7,    4,         -6.93,          3.30,       1.45,      14.53,     47.93,          1.99
        -14,          7,    5,         -6.58,          3.30,       1.50,      14.99,     49.48,          1.87
        -14,          7,    6,         -6.34,          3.30,       1.54,      15.39,     50.77,          1.78
        -14,          7,    7,         -6.12,          3.30,       1.58,      15.79,     52.09,          1.71
        -13,          1,    1,        -20.32,          3.30,       0.92,       9.24,     30.49,          0.53
        -13,          1,    2,        -18.46,          3.30,       0.97,       9.64,     31.82,          0.46
        -13,          1,    3,        -17.13,          3.30,       1.00,       9.98,     32.93,          0.46
        -13,          1,    4,        -15.96,          3.30,       1.03,      10.32,     34.05,          0.48
        -13,          1,    5,        -15.21,          3.30,       1.07,      10.69,     35.26,          0.46
        -13,          1,    6,        -14.44,          3.30,       1.10,      11.02,     36.38,          0.47
        -13,          1,    7,        -13.82,          3.30,       1.14,      11.36,     37.49,          0.47
        -13,          2,    1,        -17.84,          3.30,       0.96,       9.61,     31.70,          1.09
        -13,          2,    2,        -16.31,          3.30,       1.00,      10.03,     33.10,          0.80
        -13,          2,    3,        -15.02,          3.30,       1.04,      10.43,     34.40,          0.75
        -13,          2,    4,        -14.02,          3.30,       1.08,      10.79,     35.60,          0.73
        -13,          2,    5,        -13.30,          3.30,       1.12,      11.23,     37.04,          0.68
        -13,          2,    6,        -12.66,          3.30,       1.16,      11.58,     38.20,          0.68
        -13,          2,    7,        -12.07,          3.30,       1.19,      11.90,     39.28,          0.68
        -13,          3,    1,        -14.97,          3.30,       1.02,      10.15,     33.50,          1.56
        -13,          3,    2,        -13.61,          3.30,       1.06,      10.62,     35.03,          1.22
        -13,          3,    3,        -12.61,          3.30,       1.11,      11.14,     36.76,          1.03
        -13,          3,    4,        -11.78,          3.30,       1.15,      11.57,     38.18,          0.99
        -13,          3,    5,        -11.18,          3.30,       1.19,      11.94,     39.40,          0.96
        -13,          3,    6,        -10.66,          3.30,       1.23,      12.27,     40.50,          0.95
        -13,          3,    7,        -10.27,          3.30,       1.27,      12.65,     41.75,          0.91
        -13,          4,    1,        -12.97,          3.30,       1.07,      10.72,     35.37,          1.87
        -13,          4,    2,        -11.80,          3.30,       1.13,      11.29,     37.23,          1.45
        -13,          4,    3,        -10.87,          3.30,       1.18,      11.76,     38.81,          1.33
        -13,          4,    4,        -10.24,          3.30,       1.22,      12.21,     40.31,          1.24
        -13,          4,    5,         -9.72,          3.30,       1.27,      12.67,     41.82,          1.16
        -13,          4,    6,         -9.32,          3.30,       1.31,      13.04,     43.03,          1.13
        -13,          4,    7,         -8.98,          3.30,       1.34,      13.39,     44.20,          1.10
        -13,          5,    1,        -10.95,          3.30,       1.15,      11.53,     38.05,          2.23
        -13,          5,    2,         -9.83,          3.30,       1.21,      12.16,     40.13,          1.83
        -13,          5,    3,         -9.08,          3.30,       1.27,      12.70,     41.92,          1.65
        -13,          5,    4,         -8.56,          3.30,       1.32,      13.15,     43.39,          1.56
        -13,          5,    5,         -8.07,          3.30,       1.36,      13.63,     44.97,          1.48
        -13,          5,    6,         -7.73,          3.30,       1.40,      14.00,     46.20,          1.43
        -13,          5,    7,         -7.47,          3.30,       1.44,      14.39,     47.46,          1.38
        -13,          6,    1,         -9.53,          3.30,       1.22,      12.24,     40.37,          3.08
        -13,          6,    2,         -8.54,          3.30,       1.29,      12.94,     42.68,          2.36
        -13,          6,    3,         -7.89,          3.30,       1.35,      13.49,     44.51,          2.09
        -13,          6,    4,         -7.44,          3.30,       1.40,      13.96,     46.07,          1.94
        -13,          6,    5,         -7.02,          3.30,       1.45,      14.43,     47.61,          1.83
        -13,          6,    6,         -6.75,          3.30,       1.48,      14.84,     48.97,          1.73
        -13,          6,    7,         -6.47,          3.30,       1.52,      15.22,     50.21,          1.68
        -13,          7,    1,         -8.41,          3.30,       1.30,      12.99,     42.85,          3.41
        -13,          7,    2,         -7.44,          3.30,       1.37,      13.73,     45.32,          2.69
        -13,          7,    3,         -6.81,          3.30,       1.44,      14.40,     47.53,          2.34
        -13,          7,    4,         -6.40,          3.30,       1.49,      14.90,     49.15,          2.18
        -13,          7,    5,         -6.06,          3.30,       1.54,      15.39,     50.76,          2.04
        -13,          7,    6,         -5.81,          3.30,       1.58,      15.82,     52.20,          1.93
        -13,          7,    7,         -5.63,          3.30,       1.62,      16.25,     53.61,          1.83
        -12,          1,    1,        -19.64,          3.30,       0.93,       9.28,     30.64,          0.67
        -12,          1,    2,        -18.18,          3.30,       0.97,       9.75,     32.17,          0.48
        -12,          1,    3,        -16.65,          3.30,       1.01,      10.10,     33.33,          0.50
        -12,          1,    4,        -15.62,          3.30,       1.04,      10.43,     34.43,          0.51
        -12,          1,    5,        -14.65,          3.30,       1.08,      10.79,     35.61,          0.52
        -12,          1,    6,        -14.04,          3.30,       1.12,      11.16,     36.82,          0.51
        -12,          1,    7,        -13.41,          3.30,       1.15,      11.50,     37.97,          0.51
        -12,          2,    1,        -17.38,          3.30,       0.97,       9.70,     32.02,          1.17
        -12,          2,    2,        -15.79,          3.30,       1.01,      10.13,     33.43,          0.89
        -12,          2,    3,        -14.59,          3.30,       1.05,      10.54,     34.80,          0.80
        -12,          2,    4,        -13.66,          3.30,       1.10,      10.96,     36.19,          0.75
        -12,          2,    5,        -12.89,          3.30,       1.14,      11.37,     37.53,          0.73
        -12,          2,    6,        -12.21,          3.30,       1.17,      11.73,     38.72,          0.73
        -12,          2,    7,        -11.66,          3.30,       1.20,      12.05,     39.78,          0.73
        -12,          3,    1,        -14.48,          3.30,       1.03,      10.27,     33.91,          1.71
        -12,          3,    2,        -13.19,          3.30,       1.08,      10.72,     35.39,          1.35
        -12,          3,    3,        -12.11,          3.30,       1.13,      11.31,     37.32,          1.12
        -12,          3,    4,        -11.32,          3.30,       1.17,      11.72,     38.69,          1.07
        -12,          3,    5,        -10.73,          3.30,       1.21,      12.13,     40.01,          1.03
        -12,          3,    6,        -10.25,          3.30,       1.25,      12.50,     41.22,          1.01
        -12,          3,    7,         -9.82,          3.30,       1.29,      12.87,     42.45,          0.98
        -12,          4,    1,        -12.48,          3.30,       1.09,      10.90,     35.96,          1.96
        -12,          4,    2,        -11.29,          3.30,       1.15,      11.49,     37.90,          1.54
        -12,          4,    3,        -10.38,          3.30,       1.20,      11.99,     39.57,          1.41
        -12,          4,    4,         -9.78,          3.30,       1.25,      12.47,     41.15,          1.30
        -12,          4,    5,         -9.26,          3.30,       1.29,      12.91,     42.62,          1.24
        -12,          4,    6,         -8.82,          3.30,       1.33,      13.26,     43.77,          1.23
        -12,          4,    7,         -8.47,          3.30,       1.36,      13.64,     45.00,          1.19
        -12,          5,    1,        -10.40,          3.30,       1.18,      11.74,     38.74,          2.38
        -12,          5,    2,         -9.32,          3.30,       1.24,      12.38,     40.86,          1.96
        -12,          5,    3,         -8.61,          3.30,       1.30,      12.97,     42.81,          1.74
        -12,          5,    4,         -8.05,          3.30,       1.35,      13.44,     44.35,          1.66
        -12,          5,    5,         -7.62,          3.30,       1.39,      13.86,     45.73,          1.60
        -12,          5,    6,         -7.24,          3.30,       1.43,      14.31,     47.21,          1.54
        -12,          5,    7,         -6.95,          3.30,       1.47,      14.71,     48.54,          1.48
        -12,          6,    1,         -9.03,          3.30,       1.25,      12.52,     41.30,          3.23
        -12,          6,    2,         -8.04,          3.30,       1.32,      13.22,     43.63,          2.53
        -12,          6,    3,         -7.35,          3.30,       1.38,      13.77,     45.45,          2.30
        -12,          6,    4,         -6.91,          3.30,       1.43,      14.29,     47.16,          2.10
        -12,          6,    5,         -6.55,          3.30,       1.48,      14.81,     48.87,          1.94
        -12,          6,    6,         -6.24,          3.30,       1.52,      15.20,     50.14,          1.87
        -12,          6,    7,         -5.97,          3.30,       1.56,      15.60,     51.48,          1.80
        -12,          7,    1,         -7.91,          3.30,       1.33,      13.30,     43.88,          3.57
        -12,          7,    2,         -6.90,          3.30,       1.41,      14.06,     46.40,          2.89
        -12,          7,    3,         -6.24,          3.30,       1.48,      14.78,     48.77,          2.52
        -12,          7,    4,         -5.85,          3.30,       1.53,      15.30,     50.48,          2.33
        -12,          7,    5,         -5.56,          3.30,       1.58,      15.78,     52.06,          2.19
        -12,          7,    6,         -5.32,          3.30,       1.62,      16.22,     53.52,          2.07
        -12,          7,    7,         -5.09,          3.30,       1.66,      16.65,     54.94,          1.98
        -11,          1,    1,        -19.42,          3.30,       0.94,       9.39,     30.99,          0.65
        -11,          1,    2,        -17.67,          3.30,       0.98,       9.81,     32.36,          0.55
        -11,          1,    3,        -16.24,          3.30,       1.02,      10.22,     33.71,          0.53
        -11,          1,    4,        -15.30,          3.30,       1.05,      10.55,     34.82,          0.53
        -11,          1,    5,        -14.33,          3.30,       1.09,      10.91,     36.02,          0.54
        -11,          1,    6,        -13.67,          3.30,       1.13,      11.28,     37.24,          0.54
        -11,          1,    7,        -13.09,          3.30,       1.16,      11.58,     38.22,          0.55
        -11,          2,    1,        -16.91,          3.30,       0.98,       9.79,     32.31,          1.26
        -11,          2,    2,        -15.36,          3.30,       1.02,      10.21,     33.71,          0.97
        -11,          2,    3,        -14.09,          3.30,       1.07,      10.67,     35.22,          0.86
        -11,          2,    4,        -13.18,          3.30,       1.11,      11.11,     36.67,          0.80
        -11,          2,    5,        -12.41,          3.30,       1.15,      11.52,     38.02,          0.78
        -11,          2,    6,        -11.77,          3.30,       1.19,      11.86,     39.12,          0.79
        -11,          2,    7,        -11.26,          3.30,       1.22,      12.21,     40.31,          0.78
        -11,          3,    1,        -14.01,          3.30,       1.04,      10.40,     34.32,          1.86
        -11,          3,    2,        -12.70,          3.30,       1.09,      10.95,     36.14,          1.35
        -11,          3,    3,        -11.67,          3.30,       1.15,      11.46,     37.83,          1.21
        -11,          3,    4,        -10.88,          3.30,       1.19,      11.87,     39.17,          1.17
        -11,          3,    5,        -10.31,          3.30,       1.23,      12.28,     40.54,          1.11
        -11,          3,    6,         -9.85,          3.30,       1.27,      12.71,     41.95,          1.06
        -11,          3,    7,         -9.43,          3.30,       1.31,      13.07,     43.14,          1.04
        -11,          4,    1,        -11.96,          3.30,       1.11,      11.07,     36.51,          2.13
        -11,          4,    2,        -10.80,          3.30,       1.17,      11.65,     38.46,          1.68
        -11,          4,    3,         -9.93,          3.30,       1.22,      12.19,     40.24,          1.51
        -11,          4,    4,         -9.34,          3.30,       1.27,      12.68,     41.83,          1.40
        -11,          4,    5,         -8.82,          3.30,       1.31,      13.10,     43.24,          1.35
        -11,          4,    6,         -8.38,          3.30,       1.35,      13.49,     44.52,          1.32
        -11,          4,    7,         -8.07,          3.30,       1.39,      13.86,     45.74,          1.28
        -11,          5,    1,         -9.95,          3.30,       1.20,      11.96,     39.47,          2.48
        -11,          5,    2,         -8.86,          3.30,       1.26,      12.66,     41.76,          2.04
        -11,          5,    3,         -8.10,          3.30,       1.33,      13.26,     43.77,          1.85
        -11,          5,    4,         -7.53,          3.30,       1.37,      13.74,     45.34,          1.77
        -11,          5,    5,         -7.12,          3.30,       1.42,      14.18,     46.80,          1.70
        -11,          5,    6,         -6.76,          3.30,       1.46,      14.62,     48.24,          1.64
        -11,          5,    7,         -6.52,          3.30,       1.50,      15.00,     49.51,          1.58
        -11,          6,    1,         -8.59,          3.30,       1.28,      12.79,     42.21,          3.46
        -11,          6,    2,         -7.57,          3.30,       1.35,      13.48,     44.49,          2.79
        -11,          6,    3,         -6.86,          3.30,       1.41,      14.10,     46.53,          2.47
        -11,          6,    4,         -6.37,          3.30,       1.46,      14.67,     48.40,          2.26
        -11,          6,    5,         -6.06,          3.30,       1.51,      15.13,     49.92,          2.12
        -11,          6,    6,         -5.77,          3.30,       1.55,      15.53,     51.23,          2.04
        -11,          6,    7,         -5.53,          3.30,       1.60,      15.95,     52.62,          1.94
        -11,          7,    1,         -7.36,          3.30,       1.36,      13.60,     44.89,          3.84
        -11,          7,    2,         -6.42,          3.30,       1.44,      14.47,     47.74,          2.99
        -11,          7,    3,         -5.80,          3.30,       1.51,      15.13,     49.91,          2.68
        -11,          7,    4,         -5.35,          3.30,       1.57,      15.69,     51.77,          2.50
        -11,          7,    5,         -5.07,          3.30,       1.62,      16.17,     53.35,          2.35
        -11,          7,    6,         -4.82,          3.30,       1.67,      16.64,     54.91,          2.23
        -11,          7,    7,         -4.63,          3.30,       1.70,      17.05,     56.23,          2.14
        -10,          1,    1,        -18.97,          3.30,       0.95,       9.54,     31.47,          0.73
        -10,          1,    2,        -17.32,          3.30,       0.99,       9.94,     32.80,          0.61
        -10,          1,    3,        -15.91,          3.30,       1.03,      10.33,     34.10,          0.59
        -10,          1,    4,        -14.72,          3.30,       1.07,      10.68,     35.24,          0.61
        -10,          1,    5,        -13.98,          3.30,       1.11,      11.10,     36.64,          0.58
        -10,          1,    6,        -13.27,          3.30,       1.14,      11.45,     37.77,          0.59
        -10,          1,    7,        -12.71,          3.30,       1.18,      11.77,     38.85,          0.59
        -10,          2,    1,        -16.55,          3.30,       0.99,       9.95,     32.83,          1.51
        -10,          2,    2,        -14.96,          3.30,       1.04,      10.35,     34.17,          1.14
        -10,          2,    3,        -13.69,          3.30,       1.08,      10.85,     35.78,          0.97
        -10,          2,    4,        -12.79,          3.30,       1.13,      11.32,     37.36,          0.88
        -10,          2,    5,        -12.02,          3.30,       1.17,      11.70,     38.60,          0.87
        -10,          2,    6,        -11.35,          3.30,       1.20,      12.06,     39.78,          0.87
        -10,          2,    7,        -10.85,          3.30,       1.24,      12.41,     40.94,          0.86
        -10,          3,    1,        -13.60,          3.30,       1.06,      10.59,     34.94,          1.92
        -10,          3,    2,        -12.29,          3.30,       1.12,      11.14,     36.75,          1.45
        -10,          3,    3,        -11.24,          3.30,       1.17,      11.69,     38.58,          1.27
        -10,          3,    4,        -10.53,          3.30,       1.21,      12.11,     39.96,          1.21
        -10,          3,    5,         -9.90,          3.30,       1.25,      12.50,     41.24,          1.19
        -10,          3,    6,         -9.43,          3.30,       1.30,      12.94,     42.71,          1.14
        -10,          3,    7,         -8.97,          3.30,       1.33,      13.31,     43.91,          1.13
        -10,          4,    1,        -11.50,          3.30,       1.13,      11.31,     37.33,          2.19
        -10,          4,    2,        -10.38,          3.30,       1.19,      11.90,     39.27,          1.77
        -10,          4,    3,         -9.53,          3.30,       1.24,      12.45,     41.07,          1.60
        -10,          4,    4,         -8.91,          3.30,       1.29,      12.96,     42.76,          1.49
        -10,          4,    5,         -8.37,          3.30,       1.34,      13.37,     44.11,          1.45
        -10,          4,    6,         -7.97,          3.30,       1.38,      13.81,     45.57,          1.39
        -10,          4,    7,         -7.59,          3.30,       1.42,      14.17,     46.75,          1.38
        -10,          5,    1,         -9.50,          3.30,       1.22,      12.22,     40.34,          2.84
        -10,          5,    2,         -8.39,          3.30,       1.30,      12.95,     42.74,          2.28
        -10,          5,    3,         -7.65,          3.30,       1.36,      13.54,     44.68,          2.07
        -10,          5,    4,         -7.14,          3.30,       1.40,      14.03,     46.29,          1.95
        -10,          5,    5,         -6.69,          3.30,       1.46,      14.56,     48.05,          1.84
        -10,          5,    6,         -6.34,          3.30,       1.50,      14.96,     49.37,          1.79
        -10,          5,    7,         -6.08,          3.30,       1.54,      15.38,     50.75,          1.72
        -10,          6,    1,         -8.08,          3.30,       1.31,      13.07,     43.15,          3.76
        -10,          6,    2,         -7.09,          3.30,       1.38,      13.83,     45.64,          2.95
        -10,          6,    3,         -6.39,          3.30,       1.45,      14.49,     47.81,          2.61
        -10,          6,    4,         -5.94,          3.30,       1.50,      15.06,     49.68,          2.39
        -10,          6,    5,         -5.60,          3.30,       1.55,      15.55,     51.30,          2.24
        -10,          6,    6,         -5.35,          3.30,       1.59,      15.93,     52.57,          2.15
        -10,          6,    7,         -5.13,          3.30,       1.64,      16.41,     54.14,          2.03
        -10,          7,    1,         -6.91,          3.30,       1.40,      13.96,     46.06,          4.11
        -10,          7,    2,         -5.95,          3.30,       1.49,      14.87,     49.07,          3.20
        -10,          7,    3,         -5.34,          3.30,       1.56,      15.57,     51.37,          2.85
        -10,          7,    4,         -4.92,          3.30,       1.62,      16.14,     53.26,          2.65
        -10,          7,    5,         -4.59,          3.30,       1.66,      16.62,     54.84,          2.53
        -10,          7,    6,         -4.39,          3.30,       1.71,      17.08,     56.35,          2.39
        -10,          7,    7,         -4.21,          3.30,       1.76,      17.53,     57.83,          2.27
         -9,          1,    1,        -18.81,          3.30,       0.96,       9.60,     31.69,          0.72
         -9,          1,    2,        -16.89,          3.30,       1.00,      10.03,     33.10,          0.63
         -9,          1,    3,        -15.51,          3.30,       1.04,      10.41,     34.33,          0.63
         -9,          1,    4,        -14.49,          3.30,       1.08,      10.81,     35.68,          0.61
         -9,          1,    5,        -13.60,          3.30,       1.12,      11.23,     37.08,          0.61
         -9,          1,    6,        -12.91,          3.30,       1.15,      11.58,     38.23,          0.61
         -9,          1,    7,        -12.32,          3.30,       1.19,      11.89,     39.22,          0.63
         -9,          2,    1,        -16.15,          3.30,       1.00,      10.01,     33.03,          1.78
         -9,          2,    2,        -14.58,          3.30,       1.05,      10.50,     34.66,          1.17
         -9,          2,    3,        -13.31,          3.30,       1.10,      10.98,     36.25,          1.02
         -9,          2,    4,        -12.41,          3.30,       1.14,      11.46,     37.81,          0.94
         -9,          2,    5,        -11.68,          3.30,       1.18,      11.83,     39.02,          0.92
         -9,          2,    6,        -11.02,          3.30,       1.22,      12.17,     40.17,          0.93
         -9,          2,    7,        -10.50,          3.30,       1.26,      12.60,     41.56,          0.90
         -9,          3,    1,        -13.25,          3.30,       1.07,      10.74,     35.42,          1.96
         -9,          3,    2,        -11.89,          3.30,       1.13,      11.33,     37.40,          1.47
         -9,          3,    3,        -10.85,          3.30,       1.18,      11.83,     39.03,          1.36
         -9,          3,    4,        -10.11,          3.30,       1.23,      12.25,     40.43,          1.31
         -9,          3,    5,         -9.52,          3.30,       1.27,      12.71,     41.96,          1.25
         -9,          3,    6,         -9.01,          3.30,       1.31,      13.14,     43.35,          1.21
         -9,          3,    7,         -8.61,          3.30,       1.35,      13.49,     44.53,          1.19
         -9,          4,    1,        -11.13,          3.30,       1.15,      11.49,     37.93,          2.22
         -9,          4,    2,         -9.99,          3.30,       1.21,      12.07,     39.83,          1.86
         -9,          4,    3,         -9.14,          3.30,       1.26,      12.68,     41.84,          1.65
         -9,          4,    4,         -8.49,          3.30,       1.32,      13.15,     43.40,          1.58
         -9,          4,    5,         -7.97,          3.30,       1.36,      13.59,     44.85,          1.53
         -9,          4,    6,         -7.54,          3.30,       1.40,      14.00,     46.19,          1.50
         -9,          4,    7,         -7.20,          3.30,       1.45,      14.44,     47.65,          1.44
         -9,          5,    1,         -9.09,          3.30,       1.24,      12.42,     40.98,          3.07
         -9,          5,    2,         -7.97,          3.30,       1.32,      13.19,     43.53,          2.43
         -9,          5,    3,         -7.22,          3.30,       1.38,      13.79,     45.50,          2.22
         -9,          5,    4,         -6.68,          3.30,       1.43,      14.31,     47.22,          2.09
         -9,          5,    5,         -6.27,          3.30,       1.48,      14.85,     49.01,          1.96
         -9,          5,    6,         -5.91,          3.30,       1.52,      15.24,     50.28,          1.93
         -9,          5,    7,         -5.67,          3.30,       1.56,      15.63,     51.57,          1.86
         -9,          6,    1,         -7.68,          3.30,       1.33,      13.33,     43.97,          4.06
         -9,          6,    2,         -6.64,          3.30,       1.41,      14.11,     46.55,          3.19
         -9,          6,    3,         -5.98,          3.30,       1.48,      14.81,     48.87,          2.77
         -9,          6,    4,         -5.56,          3.30,       1.53,      15.35,     50.64,          2.56
         -9,          6,    5,         -5.20,          3.30,       1.58,      15.84,     52.26,          2.42
         -9,          6,    6,         -4.90,          3.30,       1.63,      16.30,     53.78,          2.31
         -9,          6,    7,         -4.69,          3.30,       1.67,      16.73,     55.19,          2.20
         -9,          7,    1,         -6.47,          3.30,       1.43,      14.27,     47.09,          4.42
         -9,          7,    2,         -5.44,          3.30,       1.52,      15.20,     50.15,          3.50
         -9,          7,    3,         -4.86,          3.30,       1.59,      15.93,     52.56,          3.09
         -9,          7,    4,         -4.49,          3.30,       1.65,      16.52,     54.51,          2.84
         -9,          7,    5,         -4.15,          3.30,       1.70,      17.02,     56.14,          2.72
         -9,          7,    6,         -3.96,          3.30,       1.75,      17.49,     57.72,          2.55
         -9,          7,    7,         -3.75,          3.30,       1.80,      17.97,     59.27,          2.44
         -8,          1,    1,        -18.10,          3.30,       0.97,       9.70,     31.99,          0.81
         -8,          1,    2,        -16.47,          3.30,       1.01,      10.10,     33.33,          0.69
         -8,          1,    3,        -15.05,          3.30,       1.05,      10.56,     34.83,          0.66
         -8,          1,    4,        -14.02,          3.30,       1.10,      10.97,     36.18,          0.65
         -8,          1,    5,        -13.22,          3.30,       1.13,      11.34,     37.41,          0.65
         -8,          1,    6,        -12.41,          3.30,       1.17,      11.68,     38.54,          0.68
         -8,          1,    7,        -11.90,          3.30,       1.20,      12.02,     39.65,          0.67
         -8,          2,    1,        -15.60,          3.30,       1.02,      10.16,     33.53,          1.70
         -8,          2,    2,        -14.07,          3.30,       1.06,      10.60,     34.98,          1.28
         -8,          2,    3,        -12.80,          3.30,       1.12,      11.17,     36.85,          1.06
         -8,          2,    4,        -11.83,          3.30,       1.16,      11.58,     38.21,          1.04
         -8,          2,    5,        -11.13,          3.30,       1.20,      11.99,     39.57,          1.01
         -8,          2,    6,        -10.51,          3.30,       1.24,      12.42,     40.97,          0.98
         -8,          2,    7,        -10.04,          3.30,       1.28,      12.80,     42.24,          0.96
         -8,          3,    1,        -12.73,          3.30,       1.09,      10.88,     35.89,          2.26
         -8,          3,    2,        -11.38,          3.30,       1.15,      11.51,     37.98,          1.64
         -8,          3,    3,        -10.41,          3.30,       1.21,      12.04,     39.73,          1.47
         -8,          3,    4,         -9.63,          3.30,       1.25,      12.50,     41.24,          1.41
         -8,          3,    5,         -9.04,          3.30,       1.30,      12.97,     42.78,          1.35
         -8,          3,    6,         -8.55,          3.30,       1.34,      13.37,     44.09,          1.32
         -8,          3,    7,         -8.15,          3.30,       1.38,      13.74,     45.34,          1.30
         -8,          4,    1,        -10.61,          3.30,       1.17,      11.66,     38.46,          2.51
         -8,          4,    2,         -9.50,          3.30,       1.23,      12.31,     40.61,          2.00
         -8,          4,    3,         -8.60,          3.30,       1.29,      12.93,     42.66,          1.80
         -8,          4,    4,         -8.02,          3.30,       1.34,      13.44,     44.33,          1.69
         -8,          4,    5,         -7.43,          3.30,       1.39,      13.89,     45.85,          1.66
         -8,          4,    6,         -7.00,          3.30,       1.43,      14.32,     47.28,          1.62
         -8,          4,    7,         -6.67,          3.30,       1.48,      14.79,     48.80,          1.56
         -8,          5,    1,         -8.53,          3.30,       1.27,      12.72,     41.96,          3.23
         -8,          5,    2,         -7.41,          3.30,       1.35,      13.53,     44.63,          2.59
         -8,          5,    3,         -6.67,          3.30,       1.41,      14.12,     46.59,          2.40
         -8,          5,    4,         -6.14,          3.30,       1.47,      14.72,     48.56,          2.22
         -8,          5,    5,         -5.74,          3.30,       1.52,      15.19,     50.11,          2.14
         -8,          5,    6,         -5.40,          3.30,       1.57,      15.70,     51.79,          2.04
         -8,          5,    7,         -5.14,          3.30,       1.61,      16.09,     53.08,          1.98
         -8,          6,    1,         -7.10,          3.30,       1.37,      13.70,     45.20,          4.16
         -8,          6,    2,         -6.08,          3.30,       1.46,      14.54,     47.96,          3.31
         -8,          6,    3,         -5.47,          3.30,       1.52,      15.25,     50.30,          2.90
         -8,          6,    4,         -5.00,          3.30,       1.58,      15.80,     52.11,          2.73
         -8,          6,    5,         -4.67,          3.30,       1.63,      16.34,     53.91,          2.55
         -8,          6,    6,         -4.38,          3.30,       1.68,      16.75,     55.26,          2.48
         -8,          6,    7,         -4.15,          3.30,       1.72,      17.13,     56.52,          2.40
         -8,          7,    1,         -5.92,          3.30,       1.47,      14.68,     48.43,          4.83
         -8,          7,    2,         -4.99,          3.30,       1.56,      15.63,     51.56,          3.76
         -8,          7,    3,         -4.37,          3.30,       1.64,      16.39,     54.09,          3.34
         -8,          7,    4,         -3.95,          3.30,       1.70,      16.98,     56.01,          3.13
         -8,          7,    5,         -3.63,          3.30,       1.76,      17.53,     57.83,          2.95
         -8,          7,    6,         -3.43,          3.30,       1.81,      18.08,     59.64,          2.75
         -8,          7,    7,         -3.22,          3.30,       1.86,      18.54,     61.17,          2.64
         -7,          1,    1,        -17.91,          3.30,       0.98,       9.77,     32.24,          0.89
         -7,          1,    2,        -16.07,          3.30,       1.02,      10.20,     33.65,          0.77
         -7,          1,    3,        -14.70,          3.30,       1.06,      10.58,     34.92,          0.75
         -7,          1,    4,        -13.60,          3.30,       1.10,      11.03,     36.40,          0.73
         -7,          1,    5,        -12.84,          3.30,       1.15,      11.47,     37.83,          0.70
         -7,          1,    6,        -12.15,          3.30,       1.18,      11.82,     38.99,          0.71
         -7,          1,    7,        -11.51,          3.30,       1.22,      12.18,     40.19,          0.72
         -7,          2,    1,        -15.20,          3.30,       1.02,      10.25,     33.81,          1.83
         -7,          2,    2,        -13.68,          3.30,       1.07,      10.76,     35.50,          1.28
         -7,          2,    3,        -12.52,          3.30,       1.13,      11.30,     37.29,          1.09
         -7,          2,    4,        -11.51,          3.30,       1.17,      11.71,     38.65,          1.09
         -7,          2,    5,        -10.84,          3.30,       1.21,      12.14,     40.04,          1.05
         -7,          2,    6,        -10.17,          3.30,       1.25,      12.56,     41.43,          1.04
         -7,          2,    7,         -9.71,          3.30,       1.30,      12.93,     42.67,          1.02
         -7,          3,    1,        -12.38,          3.30,       1.11,      11.05,     36.46,          2.16
         -7,          3,    2,        -10.99,          3.30,       1.16,      11.66,     38.46,          1.70
         -7,          3,    3,        -10.06,          3.30,       1.22,      12.19,     40.20,          1.54
         -7,          3,    4,         -9.31,          3.30,       1.27,      12.68,     41.84,          1.45
         -7,          3,    5,         -8.66,          3.30,       1.32,      13.14,     43.35,          1.42
         -7,          3,    6,         -8.19,          3.30,       1.36,      13.53,     44.66,          1.39
         -7,          3,    7,         -7.79,          3.30,       1.39,      13.92,     45.94,          1.37
         -7,          4,    1,        -10.25,          3.30,       1.19,      11.87,     39.15,          2.55
         -7,          4,    2,         -9.10,          3.30,       1.25,      12.49,     41.22,          2.13
         -7,          4,    3,         -8.24,          3.30,       1.31,      13.13,     43.33,          1.90
         -7,          4,    4,         -7.61,          3.30,       1.36,      13.62,     44.93,          1.83
         -7,          4,    5,         -7.09,          3.30,       1.41,      14.11,     46.57,          1.76
         -7,          4,    6,         -6.61,          3.30,       1.46,      14.60,     48.19,          1.71
         -7,          4,    7,         -6.27,          3.30,       1.50,      15.00,     49.50,          1.68
         -7,          5,    1,         -8.11,          3.30,       1.30,      12.98,     42.84,          3.27
         -7,          5,    2,         -7.07,          3.30,       1.37,      13.73,     45.28,          2.74
         -7,          5,    3,         -6.32,          3.30,       1.44,      14.40,     47.52,          2.48
         -7,          5,    4,         -5.77,          3.30,       1.50,      14.96,     49.38,          2.35
         -7,          5,    5,         -5.39,          3.30,       1.55,      15.50,     51.14,          2.22
         -7,          5,    6,         -5.03,          3.30,       1.59,      15.90,     52.45,          2.19
         -7,          5,    7,         -4.76,          3.30,       1.64,      16.40,     54.12,          2.09
         -7,          6,    1,         -6.72,          3.30,       1.39,      13.92,     45.92,          4.64
         -7,          6,    2,         -5.70,          3.30,       1.48,      14.81,     48.85,          3.58
         -7,          6,    3,         -5.06,          3.30,       1.55,      15.52,     51.21,          3.15
         -7,          6,    4,         -4.61,          3.30,       1.61,      16.06,     53.01,          2.96
         -7,          6,    5,         -4.26,          3.30,       1.66,      16.63,     54.88,          2.77
         -7,          6,    6,         -4.01,          3.30,       1.71,      17.07,     56.31,          2.65
         -7,          6,    7,         -3.77,          3.30,       1.75,      17.54,     57.88,          2.54
         -7,          7,    1,         -5.51,          3.30,       1.50,      15.00,     49.48,          4.97
         -7,          7,    2,         -4.55,          3.30,       1.60,      15.98,     52.71,          3.95
         -7,          7,    3,         -3.94,          3.30,       1.68,      16.77,     55.34,          3.50
         -7,          7,    4,         -3.55,          3.30,       1.74,      17.37,     57.29,          3.28
         -7,          7,    5,         -3.24,          3.30,       1.80,      17.99,     59.35,          3.06
         -7,          7,    6,         -3.01,          3.30,       1.85,      18.50,     61.03,          2.91
         -7,          7,    7,         -2.80,          3.30,       1.90,      18.98,     62.62,          2.79
         -6,          1,    1,        -17.34,          3.30,       0.99,       9.88,     32.59,          0.92
         -6,          1,    2,        -15.67,          3.30,       1.03,      10.29,     33.94,          0.81
         -6,          1,    3,        -14.26,          3.30,       1.07,      10.74,     35.43,          0.77
         -6,          1,    4,        -13.20,          3.30,       1.12,      11.20,     36.96,          0.75
         -6,          1,    5,        -12.44,          3.30,       1.16,      11.60,     38.27,          0.74
         -6,          1,    6,        -11.75,          3.30,       1.19,      11.96,     39.45,          0.75
         -6,          1,    7,        -11.15,          3.30,       1.23,      12.29,     40.56,          0.77
         -6,          2,    1,        -14.85,          3.30,       1.03,      10.35,     34.15,          1.94
         -6,          2,    2,        -13.32,          3.30,       1.09,      10.86,     35.83,          1.38
         -6,          2,    3,        -12.03,          3.30,       1.14,      11.45,     37.79,          1.17
         -6,          2,    4,        -11.13,          3.30,       1.18,      11.88,     39.19,          1.15
         -6,          2,    5,        -10.39,          3.30,       1.23,      12.32,     40.67,          1.11
         -6,          2,    6,         -9.76,          3.30,       1.27,      12.72,     41.99,          1.11
         -6,          2,    7,         -9.30,          3.30,       1.31,      13.13,     43.33,          1.08
         -6,          3,    1,        -11.92,          3.30,       1.12,      11.17,     36.88,          2.40
         -6,          3,    2,        -10.64,          3.30,       1.18,      11.83,     39.03,          1.79
         -6,          3,    3,         -9.59,          3.30,       1.24,      12.36,     40.78,          1.67
         -6,          3,    4,         -8.83,          3.30,       1.29,      12.93,     42.68,          1.54
         -6,          3,    5,         -8.29,          3.30,       1.34,      13.38,     44.15,          1.49
         -6,          3,    6,         -7.80,          3.30,       1.38,      13.79,     45.49,          1.47
         -6,          3,    7,         -7.39,          3.30,       1.42,      14.24,     46.98,          1.43
         -6,          4,    1,         -9.90,          3.30,       1.21,      12.04,     39.74,          2.76
         -6,          4,    2,         -8.64,          3.30,       1.27,      12.74,     42.05,          2.27
         -6,          4,    3,         -7.79,          3.30,       1.34,      13.37,     44.12,          2.06
         -6,          4,    4,         -7.14,          3.30,       1.39,      13.88,     45.79,          1.98
         -6,          4,    5,         -6.63,          3.30,       1.44,      14.41,     47.54,          1.89
         -6,          4,    6,         -6.19,          3.30,       1.49,      14.91,     49.20,          1.83
         -6,          4,    7,         -5.85,          3.30,       1.53,      15.29,     50.44,          1.80
         -6,          5,    1,         -7.70,          3.30,       1.32,      13.23,     43.67,          3.50
         -6,          5,    2,         -6.59,          3.30,       1.40,      13.99,     46.18,          2.97
         -6,          5,    3,         -5.86,          3.30,       1.47,      14.73,     48.60,          2.65
         -6,          5,    4,         -5.31,          3.30,       1.53,      15.34,     50.61,          2.50
         -6,          5,    5,         -4.91,          3.30,       1.58,      15.82,     52.20,          2.41
         -6,          5,    6,         -4.59,          3.30,       1.64,      16.34,     53.92,          2.30
         -6,          5,    7,         -4.34,          3.30,       1.67,      16.75,     55.28,          2.24
         -6,          6,    1,         -6.20,          3.30,       1.43,      14.30,     47.19,          4.78
         -6,          6,    2,         -5.24,          3.30,       1.52,      15.16,     50.03,          3.81
         -6,          6,    3,         -4.63,          3.30,       1.59,      15.91,     52.49,          3.34
         -6,          6,    4,         -4.14,          3.30,       1.65,      16.50,     54.44,          3.14
         -6,          6,    5,         -3.78,          3.30,       1.70,      17.01,     56.13,          3.00
         -6,          6,    6,         -3.53,          3.30,       1.75,      17.54,     57.85,          2.83
         -6,          6,    7,         -3.31,          3.30,       1.80,      18.04,     59.52,          2.69
         -6,          7,    1,         -5.00,          3.30,       1.54,      15.38,     50.74,          5.46
         -6,          7,    2,         -4.12,          3.30,       1.64,      16.40,     54.10,          4.23
         -6,          7,    3,         -3.51,          3.30,       1.72,      17.20,     56.75,          3.77
         -6,          7,    4,         -3.10,          3.30,       1.79,      17.88,     59.01,          3.48
         -6,          7,    5,         -2.78,          3.30,       1.85,      18.50,     61.02,          3.28
         -6,          7,    6,         -2.56,          3.30,       1.90,      19.01,     62.73,          3.12
         -6,          7,    7,         -2.35,          3.30,       1.95,      19.48,     64.28,          3.01
         -5,          1,    1,        -16.82,          3.30,       1.00,       9.99,     32.96,          1.03
         -5,          1,    2,        -15.08,          3.30,       1.04,      10.43,     34.43,          0.89
         -5,          1,    3,        -13.74,          3.30,       1.09,      10.84,     35.79,          0.87
         -5,          1,    4,        -12.74,          3.30,       1.14,      11.34,     37.41,          0.82
         -5,          1,    5,        -11.94,          3.30,       1.18,      11.77,     38.85,          0.81
         -5,          1,    6,        -11.20,          3.30,       1.21,      12.12,     40.01,          0.84
         -5,          1,    7,        -10.69,          3.30,       1.25,      12.51,     41.27,          0.83
         -5,          2,    1,        -14.33,          3.30,       1.05,      10.49,     34.61,          2.32
         -5,          2,    2,        -12.77,          3.30,       1.11,      11.04,     36.43,          1.55
         -5,          2,    3,        -11.47,          3.30,       1.16,      11.59,     38.25,          1.36
         -5,          2,    4,        -10.61,          3.30,       1.20,      12.07,     39.84,          1.28
         -5,          2,    5,         -9.90,          3.30,       1.25,      12.52,     41.33,          1.23
         -5,          2,    6,         -9.32,          3.30,       1.30,      13.01,     42.92,          1.18
         -5,          2,    7,         -8.80,          3.30,       1.34,      13.38,     44.15,          1.18
         -5,          3,    1,        -11.36,          3.30,       1.14,      11.42,     37.70,          2.48
         -5,          3,    2,        -10.04,          3.30,       1.20,      12.02,     39.66,          2.02
         -5,          3,    3,         -9.05,          3.30,       1.27,      12.64,     41.73,          1.78
         -5,          3,    4,         -8.27,          3.30,       1.32,      13.15,     43.38,          1.73
         -5,          3,    5,         -7.75,          3.30,       1.36,      13.66,     45.07,          1.63
         -5,          3,    6,         -7.20,          3.30,       1.41,      14.08,     46.46,          1.63
         -5,          3,    7,         -6.78,          3.30,       1.45,      14.54,     47.98,          1.59
         -5,          4,    1,         -9.30,          3.30,       1.23,      12.33,     40.71,          3.00
         -5,          4,    2,         -8.15,          3.30,       1.30,      13.00,     42.91,          2.50
         -5,          4,    3,         -7.27,          3.30,       1.37,      13.66,     45.06,          2.27
         -5,          4,    4,         -6.61,          3.30,       1.42,      14.25,     47.04,          2.13
         -5,          4,    5,         -6.07,          3.30,       1.48,      14.76,     48.72,          2.07
         -5,          4,    6,         -5.64,          3.30,       1.53,      15.27,     50.39,          2.01
         -5,          4,    7,         -5.31,          3.30,       1.57,      15.72,     51.86,          1.96
         -5,          5,    1,         -7.10,          3.30,       1.35,      13.55,     44.71,          3.84
         -5,          5,    2,         -6.03,          3.30,       1.44,      14.41,     47.53,          3.16
         -5,          5,    3,         -5.29,          3.30,       1.51,      15.13,     49.93,          2.87
         -5,          5,    4,         -4.77,          3.30,       1.57,      15.72,     51.88,          2.72
         -5,          5,    5,         -4.37,          3.30,       1.63,      16.31,     53.83,          2.57
         -5,          5,    6,         -4.05,          3.30,       1.67,      16.74,     55.24,          2.52
         -5,          5,    7,         -3.77,          3.30,       1.72,      17.21,     56.78,          2.45
         -5,          6,    1,         -5.67,          3.30,       1.47,      14.70,     48.49,          5.24
         -5,          6,    2,         -4.68,          3.30,       1.56,      15.63,     51.58,          4.12
         -5,          6,    3,         -4.06,          3.30,       1.64,      16.43,     54.19,          3.61
         -5,          6,    4,         -3.59,          3.30,       1.70,      17.02,     56.15,          3.41
         -5,          6,    5,         -3.24,          3.30,       1.76,      17.55,     57.91,          3.25
         -5,          6,    6,         -2.97,          3.30,       1.81,      18.14,     59.83,          3.05
         -5,          6,    7,         -2.77,          3.30,       1.86,      18.59,     61.32,          2.93
         -5,          7,    1,         -4.46,          3.30,       1.58,      15.84,     52.24,          5.80
         -5,          7,    2,         -3.51,          3.30,       1.70,      16.96,     55.94,          4.51
         -5,          7,    3,         -2.90,          3.30,       1.79,      17.84,     58.87,          4.00
         -5,          7,    4,         -2.52,          3.30,       1.85,      18.53,     61.15,          3.71
         -5,          7,    5,         -2.21,          3.30,       1.91,      19.14,     63.14,          3.52
         -5,          7,    6,         -1.97,          3.30,       1.97,      19.67,     64.87,          3.38
         -5,          7,    7,         -1.79,          3.30,       2.02,      20.19,     66.60,          3.22
         -4,          1,    1,        -16.42,          3.30,       1.01,      10.06,     33.18,          1.09
         -4,          1,    2,        -14.73,          3.30,       1.06,      10.54,     34.77,          0.91
         -4,          1,    3,        -13.41,          3.30,       1.10,      11.01,     36.32,          0.87
         -4,          1,    4,        -12.40,          3.30,       1.15,      11.45,     37.80,          0.86
         -4,          1,    5,        -11.56,          3.30,       1.19,      11.87,     39.18,          0.86
         -4,          1,    6,        -10.84,          3.30,       1.23,      12.26,     40.46,          0.88
         -4,          1,    7,        -10.32,          3.30,       1.27,      12.66,     41.78,          0.87
         -4,          2,    1,        -13.91,          3.30,       1.06,      10.60,     34.99,          2.35
         -4,          2,    2,        -12.36,          3.30,       1.12,      11.23,     37.06,          1.53
         -4,          2,    3,        -11.07,          3.30,       1.18,      11.77,     38.85,          1.40
         -4,          2,    4,        -10.23,          3.30,       1.22,      12.21,     40.31,          1.35
         -4,          2,    5,         -9.51,          3.30,       1.27,      12.70,     41.90,          1.30
         -4,          2,    6,         -8.96,          3.30,       1.31,      13.15,     43.38,          1.25
         -4,          2,    7,         -8.42,          3.30,       1.36,      13.60,     44.87,          1.24
         -4,          3,    1,        -10.97,          3.30,       1.16,      11.57,     38.18,          2.59
         -4,          3,    2,         -9.68,          3.30,       1.22,      12.22,     40.34,          2.05
         -4,          3,    3,         -8.65,          3.30,       1.29,      12.87,     42.47,          1.85
         -4,          3,    4,         -7.90,          3.30,       1.34,      13.43,     44.33,          1.76
         -4,          3,    5,         -7.29,          3.30,       1.38,      13.85,     45.69,          1.76
         -4,          3,    6,         -6.79,          3.30,       1.43,      14.35,     47.35,          1.71
         -4,          3,    7,         -6.41,          3.30,       1.48,      14.84,     48.95,          1.65
         -4,          4,    1,         -8.90,          3.30,       1.25,      12.51,     41.27,          3.28
         -4,          4,    2,         -7.72,          3.30,       1.33,      13.28,     43.82,          2.61
         -4,          4,    3,         -6.84,          3.30,       1.40,      13.94,     45.98,          2.40
         -4,          4,    4,         -6.15,          3.30,       1.45,      14.55,     48.01,          2.27
         -4,          4,    5,         -5.67,          3.30,       1.51,      15.10,     49.80,          2.18
         -4,          4,    6,         -5.26,          3.30,       1.55,      15.56,     51.36,          2.12
         -4,          4,    7,         -4.92,          3.30,       1.60,      16.04,     52.90,          2.07
         -4,          5,    1,         -6.70,          3.30,       1.38,      13.85,     45.70,          3.97
         -4,          5,    2,         -5.61,          3.30,       1.48,      14.77,     48.71,          3.28
         -4,          5,    3,         -4.84,          3.30,       1.55,      15.48,     51.09,          3.04
         -4,          5,    4,         -4.36,          3.30,       1.61,      16.12,     53.20,          2.85
         -4,          5,    5,         -3.92,          3.30,       1.67,      16.68,     55.05,          2.75
         -4,          5,    6,         -3.64,          3.30,       1.72,      17.14,     56.56,          2.67
         -4,          5,    7,         -3.34,          3.30,       1.76,      17.62,     58.15,          2.60
         -4,          6,    1,         -5.24,          3.30,       1.50,      15.05,     49.67,          5.38
         -4,          6,    2,         -4.26,          3.30,       1.60,      16.00,     52.77,          4.33
         -4,          6,    3,         -3.61,          3.30,       1.68,      16.79,     55.39,          3.86
         -4,          6,    4,         -3.16,          3.30,       1.74,      17.42,     57.46,          3.62
         -4,          6,    5,         -2.82,          3.30,       1.80,      18.06,     59.60,          3.38
         -4,          6,    6,         -2.54,          3.30,       1.86,      18.59,     61.33,          3.23
         -4,          6,    7,         -2.30,          3.30,       1.91,      19.09,     62.96,          3.12
         -4,          7,    1,         -4.05,          3.30,       1.63,      16.28,     53.71,          5.98
         -4,          7,    2,         -3.07,          3.30,       1.74,      17.39,     57.36,          4.81
         -4,          7,    3,         -2.46,          3.30,       1.83,      18.30,     60.38,          4.28
         -4,          7,    4,         -2.06,          3.30,       1.90,      18.99,     62.66,          4.01
         -4,          7,    5,         -1.78,          3.30,       1.97,      19.68,     64.93,          3.73
         -4,          7,    6,         -1.53,          3.30,       2.02,      20.19,     66.59,          3.61
         -4,          7,    7,         -1.36,          3.30,       2.07,      20.69,     68.26,          3.46
         -3,          1,    1,        -15.86,          3.30,       1.02,      10.19,     33.61,          1.19
         -3,          1,    2,        -14.22,          3.30,       1.07,      10.64,     35.13,          1.02
         -3,          1,    3,        -12.96,          3.30,       1.12,      11.18,     36.91,          0.92
         -3,          1,    4,        -11.90,          3.30,       1.16,      11.64,     38.39,          0.93
         -3,          1,    5,        -11.12,          3.30,       1.20,      12.04,     39.74,          0.93
         -3,          1,    6,        -10.40,          3.30,       1.24,      12.44,     41.06,          0.95
         -3,          1,    7,         -9.86,          3.30,       1.28,      12.85,     42.38,          0.94
         -3,          2,    1,        -13.46,          3.30,       1.08,      10.77,     35.54,          2.35
         -3,          2,    2,        -11.94,          3.30,       1.14,      11.40,     37.61,          1.60
         -3,          2,    3,        -10.62,          3.30,       1.19,      11.93,     39.37,          1.51
         -3,          2,    4,         -9.77,          3.30,       1.24,      12.43,     41.02,          1.43
         -3,          2,    5,         -9.05,          3.30,       1.29,      12.92,     42.62,          1.38
         -3,          2,    6,         -8.44,          3.30,       1.34,      13.35,     44.07,          1.37
         -3,          2,    7,         -7.95,          3.30,       1.38,      13.81,     45.57,          1.34
         -3,          3,    1,        -10.50,          3.30,       1.18,      11.78,     38.87,          2.80
         -3,          3,    2,         -9.22,          3.30,       1.25,      12.43,     41.02,          2.24
         -3,          3,    3,         -8.16,          3.30,       1.31,      13.13,     43.31,          2.00
         -3,          3,    4,         -7.41,          3.30,       1.37,      13.66,     45.08,          1.93
         -3,          3,    5,         -6.79,          3.30,       1.41,      14.17,     46.77,          1.89
         -3,          3,    6,         -6.33,          3.30,       1.47,      14.68,     48.44,          1.82
         -3,          3,    7,         -5.91,          3.30,       1.51,      15.10,     49.83,          1.81
         -3,          4,    1,         -8.39,          3.30,       1.28,      12.80,     42.24,          3.40
         -3,          4,    2,         -7.19,          3.30,       1.36,      13.56,     44.74,          2.83
         -3,          4,    3,         -6.30,          3.30,       1.42,      14.23,     46.96,          2.61
         -3,          4,    4,         -5.67,          3.30,       1.49,      14.87,     49.07,          2.45
         -3,          4,    5,         -5.18,          3.30,       1.54,      15.43,     50.90,          2.35
         -3,          4,    6,         -4.74,          3.30,       1.59,      15.92,     52.54,          2.30
         -3,          4,    7,         -4.40,          3.30,       1.64,      16.42,     54.18,          2.24
         -3,          5,    1,         -6.15,          3.30,       1.42,      14.20,     46.84,          4.29
         -3,          5,    2,         -5.10,          3.30,       1.51,      15.18,     50.08,          3.48
         -3,          5,    3,         -4.37,          3.30,       1.59,      15.90,     52.46,          3.24
         -3,          5,    4,         -3.85,          3.30,       1.66,      16.56,     54.61,          3.07
         -3,          5,    5,         -3.43,          3.30,       1.71,      17.13,     56.52,          2.96
         -3,          5,    6,         -3.11,          3.30,       1.76,      17.62,     58.15,          2.88
         -3,          5,    7,         -2.84,          3.30,       1.82,      18.16,     59.92,          2.78
         -3,          6,    1,         -4.73,          3.30,       1.55,      15.46,     51.04,          5.76
         -3,          6,    2,         -3.74,          3.30,       1.65,      16.49,     54.39,          4.59
         -3,          6,    3,         -3.07,          3.30,       1.73,      17.28,     57.00,          4.18
         -3,          6,    4,         -2.63,          3.30,       1.80,      18.00,     59.39,          3.85
         -3,          6,    5,         -2.28,          3.30,       1.86,      18.61,     61.41,          3.65
         -3,          6,    6,         -2.04,          3.30,       1.91,      19.14,     63.13,          3.49
         -3,          6,    7,         -1.81,          3.30,       1.97,      19.67,     64.90,          3.35
         -3,          7,    1,         -3.54,          3.30,       1.68,      16.77,     55.35,          6.48
         -3,          7,    2,         -2.55,          3.30,       1.80,      17.97,     59.28,          5.17
         -3,          7,    3,         -1.95,          3.30,       1.89,      18.89,     62.32,          4.63
         -3,          7,    4,         -1.59,          3.30,       1.97,      19.64,     64.79,          4.26
         -3,          7,    5,         -1.26,          3.30,       2.03,      20.31,     67.00,          4.05
         -3,          7,    6,         -1.03,          3.30,       2.09,      20.83,     68.73,          3.91
         -3,          7,    7,         -0.85,          3.30,       2.14,      21.43,     70.68,          3.71
         -2,          1,    1,        -15.50,          3.30,       1.03,      10.32,     34.06,          1.28
         -2,          1,    2,        -13.83,          3.30,       1.09,      10.85,     35.81,          1.05
         -2,          1,    3,        -12.54,          3.30,       1.14,      11.38,     37.56,          0.98
         -2,          1,    4,        -11.44,          3.30,       1.18,      11.84,     39.07,          0.99
         -2,          1,    5,        -10.70,          3.30,       1.22,      12.26,     40.46,          0.99
         -2,          1,    6,        -10.02,          3.30,       1.27,      12.64,     41.70,          1.01
         -2,          1,    7,         -9.44,          3.30,       1.31,      13.08,     43.17,          1.00
         -2,          2,    1,        -12.99,          3.30,       1.10,      10.98,     36.23,          2.45
         -2,          2,    2,        -11.41,          3.30,       1.16,      11.57,     38.20,          1.80
         -2,          2,    3,        -10.29,          3.30,       1.22,      12.15,     40.10,          1.58
         -2,          2,    4,         -9.34,          3.30,       1.27,      12.68,     41.85,          1.52
         -2,          2,    5,         -8.60,          3.30,       1.32,      13.21,     43.57,          1.47
         -2,          2,    6,         -8.00,          3.30,       1.36,      13.65,     45.04,          1.46
         -2,          2,    7,         -7.47,          3.30,       1.41,      14.08,     46.46,          1.46
         -2,          3,    1,        -10.04,          3.30,       1.20,      12.01,     39.63,          3.24
         -2,          3,    2,         -8.74,          3.30,       1.28,      12.77,     42.15,          2.40
         -2,          3,    3,         -7.73,          3.30,       1.34,      13.41,     44.26,          2.19
         -2,          3,    4,         -6.98,          3.30,       1.40,      13.98,     46.11,          2.10
         -2,          3,    5,         -6.33,          3.30,       1.45,      14.56,     48.05,          2.03
         -2,          3,    6,         -5.88,          3.30,       1.50,      15.01,     49.54,          1.99
         -2,          3,    7,         -5.45,          3.30,       1.55,      15.44,     50.95,          1.98
         -2,          4,    1,         -7.91,          3.30,       1.31,      13.09,     43.21,          3.67
         -2,          4,    2,         -6.73,          3.30,       1.39,      13.89,     45.85,          3.01
         -2,          4,    3,         -5.84,          3.30,       1.46,      14.66,     48.39,          2.72
         -2,          4,    4,         -5.20,          3.30,       1.52,      15.26,     50.35,          2.61
         -2,          4,    5,         -4.75,          3.30,       1.58,      15.85,     52.29,          2.48
         -2,          4,    6,         -4.28,          3.30,       1.64,      16.39,     54.09,          2.44
         -2,          4,    7,         -3.96,          3.30,       1.68,      16.81,     55.46,          2.41
         -2,          5,    1,         -5.69,          3.30,       1.46,      14.58,     48.12,          4.65
         -2,          5,    2,         -4.61,          3.30,       1.56,      15.55,     51.31,          3.84
         -2,          5,    3,         -3.87,          3.30,       1.64,      16.39,     54.07,          3.49
         -2,          5,    4,         -3.39,          3.30,       1.70,      17.04,     56.21,          3.30
         -2,          5,    5,         -2.93,          3.30,       1.76,      17.65,     58.23,          3.20
         -2,          5,    6,         -2.64,          3.30,       1.82,      18.22,     60.11,          3.06
         -2,          5,    7,         -2.37,          3.30,       1.87,      18.69,     61.67,          2.99
         -2,          6,    1,         -4.25,          3.30,       1.59,      15.92,     52.54,          6.25
         -2,          6,    2,         -3.23,          3.30,       1.70,      16.99,     56.07,          4.97
         -2,          6,    3,         -2.61,          3.30,       1.79,      17.88,     59.00,          4.40
         -2,          6,    4,         -2.16,          3.30,       1.86,      18.57,     61.28,          4.12
         -2,          6,    5,         -1.85,          3.30,       1.92,      19.19,     63.32,          3.89
         -2,          6,    6,         -1.55,          3.30,       1.98,      19.81,     65.34,          3.72
         -2,          6,    7,         -1.33,          3.30,       2.03,      20.30,     66.96,          3.60
         -2,          7,    1,         -3.03,          3.30,       1.73,      17.28,     57.03,          6.95
         -2,          7,    2,         -2.06,          3.30,       1.86,      18.56,     61.22,          5.48
         -2,          7,    3,         -1.49,          3.30,       1.96,      19.58,     64.60,          4.82
         -2,          7,    4,         -1.08,          3.30,       2.03,      20.28,     66.92,          4.57
         -2,          7,    5,         -0.76,          3.30,       2.10,      21.05,     69.44,          4.29
         -2,          7,    6,         -0.56,          3.30,       2.16,      21.56,     71.11,          4.14
         -2,          7,    7,         -0.38,          3.30,       2.21,      22.15,     73.05,          3.96
         -1,          1,    1,        -15.12,          3.30,       1.04,      10.42,     34.40,          1.38
         -1,          1,    2,        -13.44,          3.30,       1.10,      10.97,     36.22,          1.12
         -1,          1,    3,        -12.11,          3.30,       1.15,      11.51,     37.98,          1.06
         -1,          1,    4,        -11.08,          3.30,       1.20,      11.97,     39.50,          1.07
         -1,          1,    5,        -10.30,          3.30,       1.24,      12.40,     40.91,          1.07
         -1,          1,    6,         -9.60,          3.30,       1.29,      12.88,     42.50,          1.06
         -1,          1,    7,         -9.04,          3.30,       1.33,      13.26,     43.76,          1.08
         -1,          2,    1,        -12.56,          3.30,       1.12,      11.14,     36.74,          2.53
         -1,          2,    2,        -11.00,          3.30,       1.17,      11.72,     38.68,          1.92
         -1,          2,    3,         -9.89,          3.30,       1.23,      12.36,     40.77,          1.65
         -1,          2,    4,         -8.97,          3.30,       1.29,      12.92,     42.63,          1.57
         -1,          2,    5,         -8.17,          3.30,       1.34,      13.40,     44.20,          1.58
         -1,          2,    6,         -7.61,          3.30,       1.39,      13.86,     45.74,          1.55
         -1,          2,    7,         -7.05,          3.30,       1.44,      14.35,     47.37,          1.54
         -1,          3,    1,         -9.59,          3.30,       1.22,      12.21,     40.29,          3.58
         -1,          3,    2,         -8.32,          3.30,       1.30,      12.98,     42.82,          2.63
         -1,          3,    3,         -7.30,          3.30,       1.36,      13.66,     45.06,          2.37
         -1,          3,    4,         -6.50,          3.30,       1.42,      14.23,     46.95,          2.30
         -1,          3,    5,         -5.94,          3.30,       1.48,      14.81,     48.86,          2.19
         -1,          3,    6,         -5.43,          3.30,       1.53,      15.31,     50.53,          2.15
         -1,          3,    7,         -5.05,          3.30,       1.58,      15.76,     51.99,          2.12
         -1,          4,    1,         -7.47,          3.30,       1.34,      13.35,     44.04,          3.86
         -1,          4,    2,         -6.26,          3.30,       1.42,      14.17,     46.74,          3.22
         -1,          4,    3,         -5.42,          3.30,       1.50,      14.96,     49.35,          2.89
         -1,          4,    4,         -4.78,          3.30,       1.56,      15.60,     51.47,          2.76
         -1,          4,    5,         -4.29,          3.30,       1.62,      16.19,     53.43,          2.65
         -1,          4,    6,         -3.85,          3.30,       1.67,      16.70,     55.11,          2.62
         -1,          4,    7,         -3.51,          3.30,       1.72,      17.21,     56.78,          2.56
         -1,          5,    1,         -5.26,          3.30,       1.49,      14.93,     49.27,          4.78
         -1,          5,    2,         -4.19,          3.30,       1.59,      15.92,     52.53,          4.01
         -1,          5,    3,         -3.41,          3.30,       1.68,      16.76,     55.29,          3.72
         -1,          5,    4,         -2.93,          3.30,       1.74,      17.44,     57.54,          3.52
         -1,          5,    5,         -2.53,          3.30,       1.81,      18.12,     59.77,          3.34
         -1,          5,    6,         -2.18,          3.30,       1.87,      18.65,     61.54,          3.27
         -1,          5,    7,         -1.94,          3.30,       1.92,      19.16,     63.21,          3.17
         -1,          6,    1,         -3.77,          3.30,       1.63,      16.33,     53.89,          6.59
         -1,          6,    2,         -2.80,          3.30,       1.74,      17.42,     57.46,          5.28
         -1,          6,    3,         -2.14,          3.30,       1.84,      18.37,     60.61,          4.66
         -1,          6,    4,         -1.72,          3.30,       1.91,      19.10,     63.00,          4.35
         -1,          6,    5,         -1.36,          3.30,       1.98,      19.80,     65.32,          4.10
         -1,          6,    6,         -1.09,          3.30,       2.03,      20.34,     67.10,          3.97
         -1,          6,    7,         -0.88,          3.30,       2.09,      20.87,     68.87,          3.82
         -1,          7,    1,         -2.57,          3.30,       1.78,      17.81,     58.77,          7.38
         -1,          7,    2,         -1.61,          3.30,       1.91,      19.12,     63.09,          5.85
         -1,          7,    3,         -1.00,          3.30,       2.01,      20.14,     66.44,          5.24
         -1,          7,    4,         -0.60,          3.30,       2.09,      20.89,     68.93,          4.94
         -1,          7,    5,         -0.30,          3.30,       2.16,      21.63,     71.34,          4.65
         -1,          7,    6,         -0.09,          3.30,       2.22,      22.27,     73.45,          4.42
         -1,          7,    7,          0.09,          3.30,       2.29,      22.90,     75.53,          4.21
          0,          1,    1,        -14.68,          3.30,       1.06,      10.54,     34.80,          1.44
          0,          1,    2,        -13.01,          3.30,       1.11,      11.13,     36.73,          1.16
          0,          1,    3,        -11.59,          3.30,       1.17,      11.66,     38.46,          1.15
          0,          1,    4,        -10.60,          3.30,       1.21,      12.14,     40.06,          1.14
          0,          1,    5,         -9.77,          3.30,       1.26,      12.62,     41.65,          1.14
          0,          1,    6,         -9.14,          3.30,       1.31,      13.05,     43.06,          1.15
          0,          1,    7,         -8.58,          3.30,       1.35,      13.47,     44.46,          1.15
          0,          2,    1,        -12.01,          3.30,       1.13,      11.27,     37.22,          3.00
          0,          2,    2,        -10.56,          3.30,       1.19,      11.93,     39.35,          2.08
          0,          2,    3,         -9.42,          3.30,       1.25,      12.55,     41.41,          1.82
          0,          2,    4,         -8.47,          3.30,       1.31,      13.12,     43.27,          1.75
          0,          2,    5,         -7.69,          3.30,       1.37,      13.65,     45.05,          1.71
          0,          2,    6,         -7.07,          3.30,       1.41,      14.14,     46.66,          1.70
          0,          2,    7,         -6.57,          3.30,       1.46,      14.63,     48.26,          1.67
          0,          3,    1,         -9.15,          3.30,       1.24,      12.45,     41.08,          3.48
          0,          3,    2,         -7.84,          3.30,       1.32,      13.25,     43.72,          2.68
          0,          3,    3,         -6.77,          3.30,       1.39,      13.95,     46.02,          2.50
          0,          3,    4,         -6.01,          3.30,       1.46,      14.59,     48.12,          2.38
          0,          3,    5,         -5.44,          3.30,       1.51,      15.13,     49.93,          2.32
          0,          3,    6,         -4.93,          3.30,       1.57,      15.67,     51.70,          2.28
          0,          3,    7,         -4.56,          3.30,       1.62,      16.15,     53.30,          2.23
          0,          4,    1,         -6.97,          3.30,       1.36,      13.63,     44.98,          4.17
          0,          4,    2,         -5.79,          3.30,       1.46,      14.54,     47.98,          3.37
          0,          4,    3,         -4.88,          3.30,       1.53,      15.34,     50.60,          3.11
          0,          4,    4,         -4.27,          3.30,       1.60,      15.99,     52.77,          2.97
          0,          4,    5,         -3.77,          3.30,       1.66,      16.58,     54.72,          2.88
          0,          4,    6,         -3.37,          3.30,       1.71,      17.13,     56.53,          2.81
          0,          4,    7,         -3.03,          3.30,       1.77,      17.65,     58.23,          2.76
          0,          5,    1,         -4.75,          3.30,       1.53,      15.30,     50.48,          5.21
          0,          5,    2,         -3.66,          3.30,       1.64,      16.37,     54.02,          4.32
          0,          5,    3,         -2.91,          3.30,       1.72,      17.22,     56.81,          4.01
          0,          5,    4,         -2.42,          3.30,       1.81,      18.06,     59.58,          3.69
          0,          5,    5,         -1.97,          3.30,       1.87,      18.63,     61.48,          3.64
          0,          5,    6,         -1.70,          3.30,       1.92,      19.19,     63.31,          3.51
          0,          5,    7,         -1.43,          3.30,       1.98,      19.77,     65.21,          3.40
          0,          6,    1,         -3.26,          3.30,       1.68,      16.79,     55.42,          7.15
          0,          6,    2,         -2.25,          3.30,       1.80,      18.01,     59.43,          5.61
          0,          6,    3,         -1.64,          3.30,       1.89,      18.95,     62.51,          5.01
          0,          6,    4,         -1.19,          3.30,       1.97,      19.72,     65.06,          4.68
          0,          6,    5,         -0.85,          3.30,       2.04,      20.37,     67.20,          4.47
          0,          6,    6,         -0.57,          3.30,       2.10,      20.97,     69.18,          4.30
          0,          6,    7,         -0.36,          3.30,       2.15,      21.53,     71.00,          4.15
          0,          7,    1,         -2.06,          3.30,       1.84,      18.40,     60.71,          7.81
          0,          7,    2,         -1.07,          3.30,       1.98,      19.78,     65.25,          6.24
          0,          7,    3,         -0.49,          3.30,       2.08,      20.81,     68.65,          5.61
          0,          7,    4,         -0.08,          3.30,       2.17,      21.68,     71.50,          5.24
          0,          7,    5,          0.20,          3.30,       2.24,      22.39,     73.85,          4.96
          0,          7,    6,          0.44,          3.30,       2.30,      23.07,     76.10,          4.73
          0,          7,    7,          0.62,          3.30,       2.37,      23.64,     77.98,          4.57
          1,          1,    1,        -14.19,          3.30,       0.97,       9.72,     32.06,          1.51
          1,          1,    2,        -12.51,          3.30,       1.03,      10.26,     33.86,          1.29
          1,          1,    3,        -11.17,          3.30,       1.08,      10.78,     35.58,          1.26
          1,          1,    4,        -10.15,          3.30,       1.14,      11.35,     37.46,          1.22
          1,          1,    5,         -9.37,          3.30,       1.18,      11.81,     38.99,          1.22
          1,          1,    6,         -8.74,          3.30,       1.23,      12.25,     40.42,          1.23
          1,          1,    7,         -8.18,          3.30,       1.27,      12.68,     41.85,          1.23
          1,          2,    1,        -11.62,          3.30,       1.05,      10.46,     34.51,          3.17
          1,          2,    2,        -10.13,          3.30,       1.11,      11.11,     36.67,          2.24
          1,          2,    3,         -8.92,          3.30,       1.17,      11.75,     38.78,          1.99
          1,          2,    4,         -8.02,          3.30,       1.23,      12.34,     40.73,          1.88
          1,          2,    5,         -7.25,          3.30,       1.29,      12.88,     42.51,          1.85
          1,          2,    6,         -6.63,          3.30,       1.34,      13.38,     44.17,          1.84
          1,          2,    7,         -6.13,          3.30,       1.39,      13.86,     45.75,          1.82
          1,          3,    1,         -8.66,          3.30,       1.17,      11.68,     38.54,          3.62
          1,          3,    2,         -7.35,          3.30,       1.25,      12.45,     41.09,          2.91
          1,          3,    3,         -6.28,          3.30,       1.33,      13.24,     43.70,          2.64
          1,          3,    4,         -5.58,          3.30,       1.39,      13.87,     45.77,          2.52
          1,          3,    5,         -4.97,          3.30,       1.45,      14.46,     47.72,          2.46
          1,          3,    6,         -4.50,          3.30,       1.50,      14.99,     49.47,          2.42
          1,          3,    7,         -4.11,          3.30,       1.55,      15.51,     51.18,          2.37
          1,          4,    1,         -6.47,          3.30,       1.29,      12.98,     42.81,          4.46
          1,          4,    2,         -5.32,          3.30,       1.39,      13.87,     45.75,          3.68
          1,          4,    3,         -4.45,          3.30,       1.47,      14.72,     48.57,          3.32
          1,          4,    4,         -3.84,          3.30,       1.54,      15.42,     50.86,          3.15
          1,          4,    5,         -3.31,          3.30,       1.61,      16.06,     53.00,          3.06
          1,          4,    6,         -2.93,          3.30,       1.66,      16.63,     54.87,          2.98
          1,          4,    7,         -2.56,          3.30,       1.71,      17.14,     56.54,          2.95
          1,          5,    1,         -4.27,          3.30,       1.47,      14.74,     48.64,          5.49
          1,          5,    2,         -3.20,          3.30,       1.58,      15.85,     52.29,          4.57
          1,          5,    3,         -2.45,          3.30,       1.68,      16.77,     55.31,          4.22
          1,          5,    4,         -1.92,          3.30,       1.75,      17.47,     57.64,          4.07
          1,          5,    5,         -1.54,          3.30,       1.82,      18.18,     59.98,          3.87
          1,          5,    6,         -1.21,          3.30,       1.88,      18.78,     61.95,          3.76
          1,          5,    7,         -0.97,          3.30,       1.93,      19.32,     63.74,          3.65
          1,          6,    1,         -2.77,          3.30,       1.63,      16.30,     53.80,          7.44
          1,          6,    2,         -1.79,          3.30,       1.75,      17.57,     57.95,          5.89
          1,          6,    3,         -1.16,          3.30,       1.85,      18.52,     61.10,          5.32
          1,          6,    4,         -0.71,          3.30,       1.93,      19.33,     63.77,          4.97
          1,          6,    5,         -0.39,          3.30,       2.00,      20.03,     66.07,          4.72
          1,          6,    6,         -0.10,          3.30,       2.07,      20.66,     68.13,          4.56
          1,          6,    7,          0.11,          3.30,       2.13,      21.27,     70.17,          4.37
          1,          7,    1,         -1.57,          3.30,       1.80,      17.97,     59.30,          8.20
          1,          7,    2,         -0.62,          3.30,       1.94,      19.41,     64.03,          6.56
          1,          7,    3,         -0.01,          3.30,       2.05,      20.52,     67.68,          5.92
          1,          7,    4,          0.38,          3.30,       2.14,      21.43,     70.67,          5.49
          1,          7,    5,          0.69,          3.30,       2.22,      22.15,     73.07,          5.27
          1,          7,    6,          0.91,          3.30,       2.28,      22.86,     75.40,          5.01
          1,          7,    7,          1.11,          3.30,       2.35,      23.46,     77.39,          4.85
          2,          1,    1,        -13.74,          3.30,       0.98,       9.79,     32.32,          1.58
          2,          1,    2,        -12.10,          3.30,       1.04,      10.37,     34.21,          1.35
          2,          1,    3,        -10.81,          3.30,       1.09,      10.94,     36.10,          1.29
          2,          1,    4,         -9.76,          3.30,       1.15,      11.49,     37.92,          1.28
          2,          1,    5,         -9.01,          3.30,       1.20,      11.96,     39.46,          1.28
          2,          1,    6,         -8.28,          3.30,       1.24,      12.40,     40.92,          1.32
          2,          1,    7,         -7.72,          3.30,       1.29,      12.90,     42.56,          1.31
          2,          2,    1,        -11.21,          3.30,       1.05,      10.53,     34.73,          3.64
          2,          2,    2,         -9.73,          3.30,       1.13,      11.30,     37.27,          2.30
          2,          2,    3,         -8.53,          3.30,       1.19,      11.93,     39.37,          2.09
          2,          2,    4,         -7.57,          3.30,       1.26,      12.55,     41.40,          2.00
          2,          2,    5,         -6.80,          3.30,       1.31,      13.13,     43.31,          1.96
          2,          2,    6,         -6.21,          3.30,       1.36,      13.63,     44.97,          1.94
          2,          2,    7,         -5.71,          3.30,       1.42,      14.14,     46.66,          1.92
          2,          3,    1,         -8.26,          3.30,       1.19,      11.88,     39.21,          3.83
          2,          3,    2,         -6.92,          3.30,       1.27,      12.72,     41.98,          3.05
          2,          3,    3,         -5.91,          3.30,       1.35,      13.47,     44.47,          2.80
          2,          3,    4,         -5.14,          3.30,       1.41,      14.13,     46.63,          2.70
          2,          3,    5,         -4.56,          3.30,       1.48,      14.76,     48.69,          2.62
          2,          3,    6,         -4.04,          3.30,       1.53,      15.33,     50.59,          2.58
          2,          3,    7,         -3.65,          3.30,       1.58,      15.83,     52.24,          2.55
          2,          4,    1,         -6.05,          3.30,       1.32,      13.21,     43.58,          4.67
          2,          4,    2,         -4.87,          3.30,       1.42,      14.15,     46.69,          3.87
          2,          4,    3,         -4.01,          3.30,       1.50,      15.04,     49.62,          3.49
          2,          4,    4,         -3.38,          3.30,       1.58,      15.78,     52.08,          3.33
          2,          4,    5,         -2.88,          3.30,       1.64,      16.43,     54.23,          3.23
          2,          4,    6,         -2.45,          3.30,       1.70,      17.00,     56.09,          3.19
          2,          4,    7,         -2.09,          3.30,       1.76,      17.58,     57.99,          3.13
          2,          5,    1,         -3.79,          3.30,       1.51,      15.11,     49.85,          5.76
          2,          5,    2,         -2.76,          3.30,       1.62,      16.26,     53.66,          4.79
          2,          5,    3,         -1.98,          3.30,       1.72,      17.20,     56.73,          4.48
          2,          5,    4,         -1.48,          3.30,       1.80,      17.98,     59.32,          4.26
          2,          5,    5,         -1.07,          3.30,       1.87,      18.69,     61.67,          4.10
          2,          5,    6,         -0.77,          3.30,       1.93,      19.33,     63.77,          3.96
          2,          5,    7,         -0.49,          3.30,       1.99,      19.88,     65.58,          3.88
          2,          6,    1,         -2.34,          3.30,       1.68,      16.77,     55.33,          7.99
          2,          6,    2,         -1.33,          3.30,       1.81,      18.06,     59.58,          6.37
          2,          6,    3,         -0.70,          3.30,       1.91,      19.10,     63.00,          5.68
          2,          6,    4,         -0.27,          3.30,       2.00,      19.93,     65.75,          5.30
          2,          6,    5,          0.08,          3.30,       2.06,      20.59,     67.90,          5.13
          2,          6,    6,          0.35,          3.30,       2.13,      21.31,     70.28,          4.87
          2,          6,    7,          0.58,          3.30,       2.19,      21.91,     72.26,          4.72
          2,          7,    1,         -1.12,          3.30,       1.85,      18.51,     61.08,          8.74
          2,          7,    2,         -0.14,          3.30,       2.00,      20.05,     66.16,          6.96
          2,          7,    3,          0.47,          3.30,       2.13,      21.23,     70.04,          6.26
          2,          7,    4,          0.86,          3.30,       2.21,      22.11,     72.90,          5.90
          2,          7,    5,          1.13,          3.30,       2.30,      22.93,     75.63,          5.54
          2,          7,    6,          1.38,          3.30,       2.36,      23.56,     77.72,          5.40
          2,          7,    7,          1.57,          3.30,       2.42,      24.21,     79.83,          5.20
          3,          1,    1,        -13.38,          3.30,       0.99,       9.89,     32.64,          1.73
          3,          1,    2,        -11.55,          3.30,       1.05,      10.54,     34.77,          1.46
          3,          1,    3,        -10.26,          3.30,       1.11,      11.11,     36.65,          1.42
          3,          1,    4,         -9.33,          3.30,       1.17,      11.65,     38.43,          1.38
          3,          1,    5,         -8.50,          3.30,       1.21,      12.11,     39.96,          1.42
          3,          1,    6,         -7.82,          3.30,       1.26,      12.62,     41.64,          1.42
          3,          1,    7,         -7.27,          3.30,       1.31,      13.10,     43.23,          1.42
          3,          2,    1,        -10.76,          3.30,       1.07,      10.68,     35.26,          3.76
          3,          2,    2,         -9.33,          3.30,       1.14,      11.45,     37.77,          2.46
          3,          2,    3,         -8.03,          3.30,       1.21,      12.12,     39.99,          2.26
          3,          2,    4,         -7.10,          3.30,       1.28,      12.78,     42.16,          2.13
          3,          2,    5,         -6.30,          3.30,       1.34,      13.43,     44.29,          2.08
          3,          2,    6,         -5.75,          3.30,       1.39,      13.89,     45.82,          2.08
          3,          2,    7,         -5.25,          3.30,       1.44,      14.42,     47.59,          2.05
          3,          3,    1,         -7.75,          3.30,       1.21,      12.06,     39.79,          4.20
          3,          3,    2,         -6.40,          3.30,       1.30,      12.97,     42.79,          3.28
          3,          3,    3,         -5.40,          3.30,       1.38,      13.76,     45.41,          3.00
          3,          3,    4,         -4.65,          3.30,       1.45,      14.48,     47.76,          2.86
          3,          3,    5,         -4.07,          3.30,       1.51,      15.13,     49.92,          2.78
          3,          3,    6,         -3.59,          3.30,       1.57,      15.68,     51.73,          2.75
          3,          3,    7,         -3.20,          3.30,       1.63,      16.23,     53.55,          2.69
          3,          4,    1,         -5.57,          3.30,       1.35,      13.50,     44.55,          5.02
          3,          4,    2,         -4.39,          3.30,       1.45,      14.56,     48.04,          4.04
          3,          4,    3,         -3.52,          3.30,       1.54,      15.42,     50.88,          3.76
          3,          4,    4,         -2.87,          3.30,       1.62,      16.19,     53.42,          3.59
          3,          4,    5,         -2.37,          3.30,       1.68,      16.83,     55.53,          3.51
          3,          4,    6,         -1.95,          3.30,       1.75,      17.44,     57.54,          3.45
          3,          4,    7,         -1.63,          3.30,       1.81,      18.07,     59.61,          3.34
          3,          5,    1,         -3.33,          3.30,       1.55,      15.49,     51.12,          6.23
          3,          5,    2,         -2.25,          3.30,       1.67,      16.70,     55.08,          5.22
          3,          5,    3,         -1.51,          3.30,       1.77,      17.69,     58.34,          4.81
          3,          5,    4,         -0.99,          3.30,       1.85,      18.53,     61.14,          4.56
          3,          5,    5,         -0.57,          3.30,       1.93,      19.26,     63.55,          4.41
          3,          5,    6,         -0.26,          3.30,       1.99,      19.94,     65.78,          4.26
          3,          5,    7,          0.00,          3.30,       2.05,      20.47,     67.53,          4.19
          3,          6,    1,         -1.84,          3.30,       1.72,      17.23,     56.83,          8.63
          3,          6,    2,         -0.83,          3.30,       1.86,      18.64,     61.47,          6.75
          3,          6,    3,         -0.18,          3.30,       1.98,      19.75,     65.14,          6.03
          3,          6,    4,          0.25,          3.30,       2.05,      20.56,     67.81,          5.70
          3,          6,    5,          0.60,          3.30,       2.13,      21.37,     70.50,          5.40
          3,          6,    6,          0.85,          3.30,       2.20,      22.00,     72.56,          5.21
          3,          6,    7,          1.07,          3.30,       2.26,      22.64,     74.64,          5.04
          3,          7,    1,         -0.60,          3.30,       1.92,      19.13,     63.10,          9.31
          3,          7,    2,          0.35,          3.30,       2.07,      20.69,     68.26,          7.47
          3,          7,    3,          0.97,          3.30,       2.20,      21.95,     72.40,          6.70
          3,          7,    4,          1.36,          3.30,       2.29,      22.88,     75.45,          6.30
          3,          7,    5,          1.66,          3.30,       2.37,      23.74,     78.30,          5.97
          3,          7,    6,          1.89,          3.30,       2.45,      24.47,     80.68,          5.74
          3,          7,    7,          2.09,          3.30,       2.52,      25.20,     83.10,          5.52
          4,          1,    1,        -12.90,          3.30,       1.00,      10.04,     33.12,          1.71
          4,          1,    2,        -11.18,          3.30,       1.06,      10.62,     35.03,          1.56
          4,          1,    3,         -9.90,          3.30,       1.13,      11.24,     37.11,          1.47
          4,          1,    4,         -8.87,          3.30,       1.18,      11.81,     38.97,          1.47
          4,          1,    5,         -8.06,          3.30,       1.23,      12.32,     40.68,          1.48
          4,          1,    6,         -7.38,          3.30,       1.29,      12.83,     42.34,          1.50
          4,          1,    7,         -6.83,          3.30,       1.33,      13.29,     43.86,          1.51
          4,          2,    1,        -10.28,          3.30,       1.08,      10.84,     35.78,          3.89
          4,          2,    2,         -8.83,          3.30,       1.16,      11.64,     38.40,          2.61
          4,          2,    3,         -7.52,          3.30,       1.23,      12.34,     40.72,          2.41
          4,          2,    4,         -6.62,          3.30,       1.30,      13.01,     42.94,          2.28
          4,          2,    5,         -5.90,          3.30,       1.36,      13.59,     44.86,          2.24
          4,          2,    6,         -5.28,          3.30,       1.42,      14.16,     46.72,          2.22
          4,          2,    7,         -4.79,          3.30,       1.47,      14.73,     48.60,          2.18
          4,          3,    1,         -7.33,          3.30,       1.23,      12.32,     40.63,          4.57
          4,          3,    2,         -5.94,          3.30,       1.32,      13.24,     43.68,          3.58
          4,          3,    3,         -4.93,          3.30,       1.40,      14.04,     46.35,          3.29
          4,          3,    4,         -4.18,          3.30,       1.48,      14.81,     48.87,          3.11
          4,          3,    5,         -3.62,          3.30,       1.54,      15.47,     51.02,          3.01
          4,          3,    6,         -3.12,          3.30,       1.61,      16.05,     52.95,          2.98
          4,          3,    7,         -2.71,          3.30,       1.66,      16.61,     54.81,          2.94
          4,          4,    1,         -5.14,          3.30,       1.38,      13.78,     45.46,          5.34
          4,          4,    2,         -3.94,          3.30,       1.49,      14.86,     49.03,          4.33
          4,          4,    3,         -3.06,          3.30,       1.58,      15.78,     52.05,          4.01
          4,          4,    4,         -2.39,          3.30,       1.66,      16.57,     54.68,          3.85
          4,          4,    5,         -1.89,          3.30,       1.73,      17.30,     57.09,          3.72
          4,          4,    6,         -1.51,          3.30,       1.80,      17.99,     59.36,          3.60
          4,          4,    7,         -1.15,          3.30,       1.86,      18.56,     61.25,          3.57
          4,          5,    1,         -2.86,          3.30,       1.59,      15.91,     52.49,          6.48
          4,          5,    2,         -1.78,          3.30,       1.72,      17.17,     56.66,          5.45
          4,          5,    3,         -1.03,          3.30,       1.83,      18.27,     60.28,          5.00
          4,          5,    4,         -0.51,          3.30,       1.91,      19.10,     63.02,          4.80
          4,          5,    5,         -0.10,          3.30,       1.99,      19.84,     65.44,          4.66
          4,          5,    6,          0.20,          3.30,       2.05,      20.50,     67.61,          4.53
          4,          5,    7,          0.48,          3.30,       2.12,      21.16,     69.79,          4.41
          4,          6,    1,         -1.34,          3.30,       1.78,      17.81,     58.74,          8.95
          4,          6,    2,         -0.35,          3.30,       1.92,      19.24,     63.47,          7.14
          4,          6,    3,          0.28,          3.30,       2.04,      20.33,     67.06,          6.45
          4,          6,    4,          0.72,          3.30,       2.13,      21.29,     70.22,          5.99
          4,          6,    5,          1.07,          3.30,       2.21,      22.05,     72.71,          5.77
          4,          6,    6,          1.34,          3.30,       2.28,      22.75,     75.02,          5.55
          4,          6,    7,          1.55,          3.30,       2.34,      23.45,     77.33,          5.34
          4,          7,    1,         -0.13,          3.30,       1.98,      19.83,     65.41,          9.69
          4,          7,    2,          0.84,          3.30,       2.14,      21.45,     70.75,          7.90
          4,          7,    3,          1.44,          3.30,       2.28,      22.73,     74.97,          7.11
          4,          7,    4,          1.86,          3.30,       2.37,      23.73,     78.22,          6.72
          4,          7,    5,          2.17,          3.30,       2.47,      24.66,     81.31,          6.35
          4,          7,    6,          2.39,          3.30,       2.54,      25.40,     83.73,          6.12
          4,          7,    7,          2.57,          3.30,       2.61,      26.11,     86.10,          5.88
          5,          1,    1,        -12.50,          3.30,       1.01,      10.07,     33.24,          1.91
          5,          1,    2,        -10.83,          3.30,       1.07,      10.72,     35.37,          1.63
          5,          1,    3,         -9.51,          3.30,       1.14,      11.41,     37.64,          1.52
          5,          1,    4,         -8.46,          3.30,       1.20,      11.97,     39.49,          1.55
          5,          1,    5,         -7.69,          3.30,       1.25,      12.47,     41.16,          1.57
          5,          1,    6,         -6.98,          3.30,       1.30,      13.01,     42.92,          1.59
          5,          1,    7,         -6.44,          3.30,       1.35,      13.47,     44.44,          1.61
          5,          2,    1,         -9.93,          3.30,       1.10,      10.95,     36.12,          4.34
          5,          2,    2,         -8.44,          3.30,       1.18,      11.76,     38.80,          2.85
          5,          2,    3,         -7.17,          3.30,       1.25,      12.50,     41.26,          2.56
          5,          2,    4,         -6.21,          3.30,       1.32,      13.21,     43.59,          2.44
          5,          2,    5,         -5.52,          3.30,       1.38,      13.84,     45.68,          2.36
          5,          2,    6,         -4.89,          3.30,       1.44,      14.42,     47.58,          2.35
          5,          2,    7,         -4.37,          3.30,       1.50,      15.00,     49.48,          2.33
          5,          3,    1,         -6.89,          3.30,       1.25,      12.51,     41.28,          4.84
          5,          3,    2,         -5.57,          3.30,       1.35,      13.47,     44.43,          3.76
          5,          3,    3,         -4.54,          3.30,       1.44,      14.35,     47.36,          3.41
          5,          3,    4,         -3.78,          3.30,       1.51,      15.13,     49.91,          3.25
          5,          3,    5,         -3.20,          3.30,       1.58,      15.78,     52.05,          3.19
          5,          3,    6,         -2.71,          3.30,       1.65,      16.47,     54.32,          3.10
          5,          3,    7,         -2.31,          3.30,       1.69,      16.94,     55.90,          3.12
          5,          4,    1,         -4.72,          3.30,       1.41,      14.07,     46.42,          5.54
          5,          4,    2,         -3.51,          3.30,       1.52,      15.18,     50.09,          4.57
          5,          4,    3,         -2.64,          3.30,       1.62,      16.19,     53.41,          4.16
          5,          4,    4,         -1.99,          3.30,       1.70,      16.96,     55.95,          4.05
          5,          4,    5,         -1.50,          3.30,       1.77,      17.73,     58.49,          3.90
          5,          4,    6,         -1.09,          3.30,       1.84,      18.42,     60.76,          3.81
          5,          4,    7,         -0.75,          3.30,       1.91,      19.04,     62.80,          3.74
          5,          5,    1,         -2.45,          3.30,       1.63,      16.31,     53.81,          6.88
          5,          5,    2,         -1.37,          3.30,       1.76,      17.60,     58.06,          5.83
          5,          5,    3,         -0.62,          3.30,       1.87,      18.74,     61.84,          5.32
          5,          5,    4,         -0.09,          3.30,       1.97,      19.64,     64.78,          5.09
          5,          5,    5,          0.29,          3.30,       2.04,      20.34,     67.11,          4.96
          5,          5,    6,          0.62,          3.30,       2.11,      21.10,     69.60,          4.80
          5,          5,    7,          0.87,          3.30,       2.17,      21.70,     71.56,          4.70
          5,          6,    1,         -0.96,          3.30,       1.83,      18.30,     60.38,          9.27
          5,          6,    2,          0.06,          3.30,       1.98,      19.81,     65.35,          7.46
          5,          6,    3,          0.71,          3.30,       2.09,      20.92,     69.02,          6.81
          5,          6,    4,          1.14,          3.30,       2.18,      21.86,     72.11,          6.38
          5,          6,    5,          1.50,          3.30,       2.27,      22.68,     74.79,          6.12
          5,          6,    6,          1.76,          3.30,       2.35,      23.45,     77.32,          5.86
          5,          6,    7,          1.99,          3.30,       2.41,      24.10,     79.49,          5.70
          5,          7,    1,          0.27,          3.30,       2.03,      20.31,     67.00,         10.32
          5,          7,    2,          1.27,          3.30,       2.21,      22.10,     72.90,          8.27
          5,          7,    3,          1.88,          3.30,       2.35,      23.45,     77.33,          7.47
          5,          7,    4,          2.28,          3.30,       2.45,      24.49,     80.77,          7.03
          5,          7,    5,          2.58,          3.30,       2.54,      25.40,     83.77,          6.69
          5,          7,    6,          2.79,          3.30,       2.62,      26.19,     86.36,          6.41
          5,          7,    7,          2.99,          3.30,       2.70,      26.96,     88.88,          6.19
          6,          1,    1,        -12.06,          3.30,       1.03,      10.23,     33.77,          2.12
          6,          1,    2,        -10.39,          3.30,       1.10,      10.93,     36.07,          1.75
          6,          1,    3,         -9.10,          3.30,       1.16,      11.60,     38.29,          1.65
          6,          1,    4,         -8.05,          3.30,       1.23,      12.24,     40.40,          1.64
          6,          1,    5,         -7.23,          3.30,       1.28,      12.82,     42.29,          1.65
          6,          1,    6,         -6.51,          3.30,       1.33,      13.28,     43.84,          1.72
          6,          1,    7,         -5.97,          3.30,       1.38,      13.82,     45.59,          1.72
          6,          2,    1,         -9.51,          3.30,       1.12,      11.23,     37.07,          4.26
          6,          2,    2,         -7.95,          3.30,       1.21,      12.09,     39.89,          2.94
          6,          2,    3,         -6.68,          3.30,       1.29,      12.84,     42.38,          2.70
          6,          2,    4,         -5.80,          3.30,       1.35,      13.53,     44.65,          2.58
          6,          2,    5,         -5.07,          3.30,       1.42,      14.22,     46.91,          2.49
          6,          2,    6,         -4.45,          3.30,       1.48,      14.81,     48.86,          2.49
          6,          2,    7,         -3.93,          3.30,       1.54,      15.36,     50.67,          2.49
          6,          3,    1,         -6.44,          3.30,       1.29,      12.91,     42.60,          4.86
          6,          3,    2,         -5.11,          3.30,       1.38,      13.81,     45.56,          4.04
          6,          3,    3,         -4.07,          3.30,       1.48,      14.79,     48.81,          3.60
          6,          3,    4,         -3.30,          3.30,       1.55,      15.53,     51.24,          3.51
          6,          3,    5,         -2.73,          3.30,       1.63,      16.24,     53.60,          3.41
          6,          3,    6,         -2.23,          3.30,       1.69,      16.91,     55.80,          3.35
          6,          3,    7,         -1.84,          3.30,       1.75,      17.46,     57.62,          3.32
          6,          4,    1,         -4.25,          3.30,       1.45,      14.50,     47.86,          5.83
          6,          4,    2,         -3.03,          3.30,       1.57,      15.66,     51.69,          4.84
          6,          4,    3,         -2.17,          3.30,       1.66,      16.65,     54.95,          4.48
          6,          4,    4,         -1.53,          3.30,       1.75,      17.52,     57.80,          4.29
          6,          4,    5,         -1.01,          3.30,       1.83,      18.34,     60.50,          4.15
          6,          4,    6,         -0.61,          3.30,       1.90,      19.01,     62.70,          4.08
          6,          4,    7,         -0.26,          3.30,       1.97,      19.72,     65.04,          3.99
          6,          5,    1,         -1.98,          3.30,       1.69,      16.84,     55.56,          7.33
          6,          5,    2,         -0.89,          3.30,       1.82,      18.24,     60.19,          6.14
          6,          5,    3,         -0.14,          3.30,       1.94,      19.39,     63.96,          5.69
          6,          5,    4,          0.38,          3.30,       2.03,      20.28,     66.91,          5.47
          6,          5,    5,          0.79,          3.30,       2.12,      21.16,     69.78,          5.25
          6,          5,    6,          1.10,          3.30,       2.19,      21.87,     72.13,          5.11
          6,          5,    7,          1.36,          3.30,       2.25,      22.49,     74.19,          5.02
          6,          6,    1,         -0.47,          3.30,       1.90,      18.97,     62.56,          9.83
          6,          6,    2,          0.54,          3.30,       2.05,      20.53,     67.72,          7.93
          6,          6,    3,          1.18,          3.30,       2.17,      21.73,     71.66,          7.20
          6,          6,    4,          1.64,          3.30,       2.27,      22.71,     74.89,          6.79
          6,          6,    5,          1.99,          3.30,       2.36,      23.59,     77.78,          6.49
          6,          6,    6,          2.25,          3.30,       2.43,      24.33,     80.23,          6.26
          6,          6,    7,          2.47,          3.30,       2.52,      25.12,     82.84,          6.00
          6,          7,    1,          0.76,          3.30,       2.12,      21.17,     69.82,         11.05
          6,          7,    2,          1.75,          3.30,       2.30,      23.00,     75.86,          8.89
          6,          7,    3,          2.37,          3.30,       2.44,      24.44,     80.59,          8.00
          6,          7,    4,          2.78,          3.30,       2.55,      25.49,     84.05,          7.58
          6,          7,    5,          3.08,          3.30,       2.65,      26.52,     87.46,          7.14
          6,          7,    6,          3.31,          3.30,       2.73,      27.32,     90.09,          6.90
          6,          7,    7,          3.49,          3.30,       2.81,      28.11,     92.69,          6.63
          7,          1,    1,        -11.61,          3.30,       1.04,      10.36,     34.18,          2.40
          7,          1,    2,        -10.00,          3.30,       1.11,      11.14,     36.76,          1.83
          7,          1,    3,         -8.69,          3.30,       1.18,      11.81,     38.99,          1.76
          7,          1,    4,         -7.60,          3.30,       1.24,      12.41,     40.95,          1.80
          7,          1,    5,         -6.81,          3.30,       1.30,      13.05,     43.05,          1.77
          7,          1,    6,         -6.08,          3.30,       1.36,      13.56,     44.75,          1.83
          7,          1,    7,         -5.55,          3.30,       1.40,      14.01,     46.23,          1.87
          7,          2,    1,         -9.06,          3.30,       1.14,      11.43,     37.70,          4.45
          7,          2,    2,         -7.54,          3.30,       1.22,      12.24,     40.38,          3.22
          7,          2,    3,         -6.26,          3.30,       1.31,      13.12,     43.30,          2.82
          7,          2,    4,         -5.36,          3.30,       1.38,      13.82,     45.60,          2.72
          7,          2,    5,         -4.62,          3.30,       1.45,      14.53,     47.95,          2.65
          7,          2,    6,         -4.00,          3.30,       1.51,      15.10,     49.84,          2.67
          7,          2,    7,         -3.50,          3.30,       1.57,      15.74,     51.91,          2.63
          7,          3,    1,         -6.00,          3.30,       1.31,      13.10,     43.20,          5.34
          7,          3,    2,         -4.65,          3.30,       1.41,      14.12,     46.58,          4.24
          7,          3,    3,         -3.63,          3.30,       1.51,      15.11,     49.84,          3.82
          7,          3,    4,         -2.89,          3.30,       1.59,      15.89,     52.44,          3.68
          7,          3,    5,         -2.29,          3.30,       1.67,      16.66,     54.96,          3.58
          7,          3,    6,         -1.80,          3.30,       1.73,      17.32,     57.13,          3.54
          7,          3,    7,         -1.40,          3.30,       1.79,      17.91,     59.09,          3.52
          7,          4,    1,         -3.82,          3.30,       1.49,      14.86,     49.04,          6.14
          7,          4,    2,         -2.59,          3.30,       1.61,      16.04,     52.91,          5.18
          7,          4,    3,         -1.75,          3.30,       1.70,      17.04,     56.22,          4.80
          7,          4,    4,         -1.08,          3.30,       1.81,      18.04,     59.51,          4.52
          7,          4,    5,         -0.57,          3.30,       1.89,      18.86,     62.23,          4.39
          7,          4,    6,         -0.18,          3.30,       1.95,      19.57,     64.56,          4.31
          7,          4,    7,          0.18,          3.30,       2.02,      20.20,     66.63,          4.28
          7,          5,    1,         -1.53,          3.30,       1.73,      17.32,     57.13,          7.79
          7,          5,    2,         -0.44,          3.30,       1.88,      18.79,     62.00,          6.51
          7,          5,    3,          0.32,          3.30,       2.00,      19.98,     65.91,          6.05
          7,          5,    4,          0.82,          3.30,       2.10,      20.99,     69.24,          5.72
          7,          5,    5,          1.23,          3.30,       2.18,      21.76,     71.77,          5.61
          7,          5,    6,          1.56,          3.30,       2.26,      22.57,     74.45,          5.43
          7,          5,    7,          1.83,          3.30,       2.33,      23.27,     76.74,          5.32
          7,          6,    1,         -0.01,          3.30,       1.95,      19.54,     64.46,         10.60
          7,          6,    2,          1.00,          3.30,       2.12,      21.23,     70.04,          8.40
          7,          6,    3,          1.65,          3.30,       2.25,      22.47,     74.12,          7.66
          7,          6,    4,          2.12,          3.30,       2.35,      23.47,     77.39,          7.29
          7,          6,    5,          2.44,          3.30,       2.44,      24.41,     80.50,          6.88
          7,          6,    6,          2.72,          3.30,       2.52,      25.17,     83.00,          6.68
          7,          6,    7,          2.93,          3.30,       2.60,      25.99,     85.71,          6.40
          7,          7,    1,          1.23,          3.30,       2.18,      21.81,     71.94,         11.79
          7,          7,    2,          2.22,          3.30,       2.38,      23.79,     78.47,          9.38
          7,          7,    3,          2.83,          3.30,       2.53,      25.32,     83.49,          8.42
          7,          7,    4,          3.24,          3.30,       2.64,      26.44,     87.16,          7.97
          7,          7,    5,          3.54,          3.30,       2.74,      27.40,     90.35,          7.61
          7,          7,    6,          3.77,          3.30,       2.83,      28.30,     93.30,          7.30
          7,          7,    7,          3.95,          3.30,       2.91,      29.08,     95.88,          7.06
          8,          1,    1,        -11.16,          3.30,       1.05,      10.54,     34.78,          2.31
          8,          1,    2,         -9.53,          3.30,       1.13,      11.27,     37.18,          1.95
          8,          1,    3,         -8.19,          3.30,       1.19,      11.95,     39.43,          1.90
          8,          1,    4,         -7.14,          3.30,       1.26,      12.58,     41.53,          1.92
          8,          1,    5,         -6.28,          3.30,       1.32,      13.19,     43.52,          1.96
          8,          1,    6,         -5.62,          3.30,       1.38,      13.82,     45.61,          1.94
          8,          1,    7,         -5.11,          3.30,       1.43,      14.35,     47.37,          1.94
          8,          2,    1,         -8.62,          3.30,       1.16,      11.59,     38.27,          4.97
          8,          2,    2,         -7.09,          3.30,       1.25,      12.45,     41.08,          3.51
          8,          2,    3,         -5.83,          3.30,       1.33,      13.31,     43.92,          3.11
          8,          2,    4,         -4.92,          3.30,       1.41,      14.12,     46.59,          2.91
          8,          2,    5,         -4.17,          3.30,       1.48,      14.85,     49.00,          2.84
          8,          2,    6,         -3.56,          3.30,       1.54,      15.45,     50.96,          2.85
          8,          2,    7,         -3.05,          3.30,       1.61,      16.11,     53.14,          2.81
          8,          3,    1,         -5.56,          3.30,       1.34,      13.36,     44.08,          5.84
          8,          3,    2,         -4.20,          3.30,       1.45,      14.49,     47.82,          4.47
          8,          3,    3,         -3.16,          3.30,       1.54,      15.46,     51.01,          4.14
          8,          3,    4,         -2.37,          3.30,       1.63,      16.31,     53.80,          4.00
          8,          3,    5,         -1.81,          3.30,       1.71,      17.09,     56.38,          3.87
          8,          3,    6,         -1.33,          3.30,       1.78,      17.76,     58.60,          3.81
          8,          3,    7,         -0.95,          3.30,       1.84,      18.44,     60.83,          3.73
          8,          4,    1,         -3.33,          3.30,       1.53,      15.25,     50.33,          6.46
          8,          4,    2,         -2.12,          3.30,       1.65,      16.52,     54.52,          5.40
          8,          4,    3,         -1.27,          3.30,       1.75,      17.54,     57.87,          5.06
          8,          4,    4,         -0.61,          3.30,       1.86,      18.58,     61.31,          4.78
          8,          4,    5,         -0.11,          3.30,       1.94,      19.40,     64.01,          4.67
          8,          4,    6,          0.31,          3.30,       2.02,      20.17,     66.56,          4.59
          8,          4,    7,          0.66,          3.30,       2.09,      20.84,     68.76,          4.54
          8,          5,    1,         -1.07,          3.30,       1.78,      17.81,     58.76,          8.13
          8,          5,    2,          0.03,          3.30,       1.94,      19.39,     63.98,          6.79
          8,          5,    3,          0.79,          3.30,       2.06,      20.61,     68.00,          6.36
          8,          5,    4,          1.31,          3.30,       2.17,      21.64,     71.39,          6.08
          8,          5,    5,          1.73,          3.30,       2.25,      22.54,     74.35,          5.91
          8,          5,    6,          2.07,          3.30,       2.33,      23.33,     76.94,          5.79
          8,          5,    7,          2.31,          3.30,       2.40,      24.01,     79.20,          5.66
          8,          6,    1,          0.48,          3.30,       2.02,      20.21,     66.67,         11.14
          8,          6,    2,          1.48,          3.30,       2.19,      21.94,     72.35,          8.95
          8,          6,    3,          2.13,          3.30,       2.33,      23.30,     76.84,          8.08
          8,          6,    4,          2.59,          3.30,       2.43,      24.32,     80.21,          7.71
          8,          6,    5,          2.92,          3.30,       2.53,      25.32,     83.50,          7.30
          8,          6,    6,          3.21,          3.30,       2.62,      26.19,     86.36,          7.04
          8,          6,    7,          3.42,          3.30,       2.70,      26.95,     88.86,          6.82
          8,          7,    1,          1.71,          3.30,       2.26,      22.63,     74.65,         12.48
          8,          7,    2,          2.71,          3.30,       2.48,      24.75,     81.61,          9.91
          8,          7,    3,          3.34,          3.30,       2.63,      26.30,     86.73,          9.00
          8,          7,    4,          3.74,          3.30,       2.75,      27.51,     90.71,          8.47
          8,          7,    5,          4.03,          3.30,       2.85,      28.52,     94.04,          8.09
          8,          7,    6,          4.26,          3.30,       2.94,      29.42,     97.00,          7.79
          8,          7,    7,          4.45,          3.30,       3.03,      30.27,     99.78,          7.53
          9,          1,    1,        -10.78,          3.30,       1.06,      10.67,     35.19,          2.44
          9,          1,    2,         -9.12,          3.30,       1.14,      11.42,     37.69,          2.07
          9,          1,    3,         -7.77,          3.30,       1.21,      12.18,     40.18,          1.99
          9,          1,    4,         -6.72,          3.30,       1.29,      12.87,     42.46,          1.99
          9,          1,    5,         -5.90,          3.30,       1.34,      13.42,     44.27,          2.06
          9,          1,    6,         -5.22,          3.30,       1.40,      13.99,     46.16,          2.09
          9,          1,    7,         -4.65,          3.30,       1.46,      14.58,     48.11,          2.10
          9,          2,    1,         -8.18,          3.30,       1.18,      11.78,     38.88,          5.12
          9,          2,    2,         -6.62,          3.30,       1.27,      12.68,     41.85,          3.67
          9,          2,    3,         -5.41,          3.30,       1.36,      13.59,     44.85,          3.22
          9,          2,    4,         -4.46,          3.30,       1.44,      14.41,     47.56,          3.07
          9,          2,    5,         -3.75,          3.30,       1.51,      15.08,     49.76,          3.05
          9,          2,    6,         -3.11,          3.30,       1.58,      15.79,     52.10,          3.02
          9,          2,    7,         -2.60,          3.30,       1.64,      16.41,     54.15,          3.01
          9,          3,    1,         -5.12,          3.30,       1.37,      13.67,     45.10,          6.01
          9,          3,    2,         -3.76,          3.30,       1.48,      14.79,     48.81,          4.77
          9,          3,    3,         -2.72,          3.30,       1.59,      15.87,     52.35,          4.32
          9,          3,    4,         -1.95,          3.30,       1.67,      16.74,     55.24,          4.18
          9,          3,    5,         -1.37,          3.30,       1.75,      17.52,     57.82,          4.08
          9,          3,    6,         -0.89,          3.30,       1.83,      18.29,     60.34,          4.00
          9,          3,    7,         -0.51,          3.30,       1.89,      18.95,     62.51,          3.95
          9,          4,    1,         -2.89,          3.30,       1.56,      15.61,     51.52,          6.82
          9,          4,    2,         -1.71,          3.30,       1.69,      16.90,     55.78,          5.71
          9,          4,    3,         -0.82,          3.30,       1.81,      18.11,     59.76,          5.25
          9,          4,    4,         -0.15,          3.30,       1.91,      19.09,     62.99,          5.09
          9,          4,    5,          0.35,          3.30,       2.00,      19.98,     65.91,          4.94
          9,          4,    6,          0.76,          3.30,       2.07,      20.68,     68.23,          4.91
          9,          4,    7,          1.09,          3.30,       2.15,      21.47,     70.83,          4.78
          9,          5,    1,         -0.62,          3.30,       1.83,      18.33,     60.46,          8.60
          9,          5,    2,          0.48,          3.30,       2.00,      19.95,     65.81,          7.25
          9,          5,    3,          1.30,          3.30,       2.13,      21.29,     70.23,          6.80
          9,          5,    4,          1.78,          3.30,       2.23,      22.33,     73.65,          6.47
          9,          5,    5,          2.19,          3.30,       2.33,      23.32,     76.89,          6.24
          9,          5,    6,          2.51,          3.30,       2.41,      24.13,     79.58,          6.11
          9,          5,    7,          2.78,          3.30,       2.49,      24.92,     82.19,          5.96
          9,          6,    1,          0.92,          3.30,       2.08,      20.84,     68.73,         11.69
          9,          6,    2,          1.95,          3.30,       2.26,      22.63,     74.63,          9.52
          9,          6,    3,          2.60,          3.30,       2.41,      24.08,     79.42,          8.55
          9,          6,    4,          3.05,          3.30,       2.52,      25.26,     83.29,          8.03
          9,          6,    5,          3.40,          3.30,       2.63,      26.26,     86.61,          7.68
          9,          6,    6,          3.66,          3.30,       2.71,      27.12,     89.44,          7.42
          9,          6,    7,          3.89,          3.30,       2.79,      27.94,     92.13,          7.20
          9,          7,    1,          2.18,          3.30,       2.34,      23.38,     77.12,         13.24
          9,          7,    2,          3.16,          3.30,       2.56,      25.58,     84.32,         10.52
          9,          7,    3,          3.79,          3.30,       2.72,      27.24,     89.80,          9.50
          9,          7,    4,          4.21,          3.30,       2.86,      28.56,     94.17,          8.92
          9,          7,    5,          4.56,          3.30,       2.97,      29.63,     97.70,          8.63
          9,          7,    6,          4.73,          3.30,       3.05,      30.51,    100.57,          8.27
          9,          7,    7,          4.97,          3.30,       3.14,      31.41,    103.56,          8.07
         10,          1,    1,        -10.35,          3.30,       1.07,      10.74,     35.46,          2.82
         10,          1,    2,         -8.69,          3.30,       1.16,      11.66,     38.46,          2.16
         10,          1,    3,         -7.29,          3.30,       1.23,      12.35,     40.77,          2.18
         10,          1,    4,         -6.25,          3.30,       1.31,      13.06,     43.11,          2.17
         10,          1,    5,         -5.46,          3.30,       1.37,      13.67,     45.09,          2.20
         10,          1,    6,         -4.70,          3.30,       1.43,      14.31,     47.21,          2.25
         10,          1,    7,         -4.16,          3.30,       1.49,      14.91,     49.20,          2.25
         10,          2,    1,         -7.78,          3.30,       1.20,      11.97,     39.51,          5.48
         10,          2,    2,         -6.18,          3.30,       1.29,      12.93,     42.67,          3.89
         10,          2,    3,         -4.92,          3.30,       1.39,      13.88,     45.81,          3.45
         10,          2,    4,         -4.03,          3.30,       1.47,      14.76,     48.71,          3.23
         10,          2,    5,         -3.22,          3.30,       1.54,      15.43,     50.92,          3.30
         10,          2,    6,         -2.59,          3.30,       1.62,      16.21,     53.50,          3.24
         10,          2,    7,         -2.06,          3.30,       1.68,      16.83,     55.51,          3.27
         10,          3,    1,         -4.63,          3.30,       1.40,      13.97,     46.09,          6.18
         10,          3,    2,         -3.31,          3.30,       1.52,      15.17,     50.06,          4.89
         10,          3,    3,         -2.21,          3.30,       1.62,      16.23,     53.54,          4.62
         10,          3,    4,         -1.51,          3.30,       1.72,      17.16,     56.61,          4.39
         10,          3,    5,         -0.86,          3.30,       1.80,      18.03,     59.49,          4.33
         10,          3,    6,         -0.43,          3.30,       1.88,      18.75,     61.87,          4.24
         10,          3,    7,          0.05,          3.30,       1.95,      19.50,     64.34,          4.25
         10,          4,    1,         -2.43,          3.30,       1.60,      16.00,     52.80,          7.32
         10,          4,    2,         -1.24,          3.30,       1.74,      17.39,     57.38,          6.07
         10,          4,    3,         -0.35,          3.30,       1.86,      18.59,     61.33,          5.65
         10,          4,    4,          0.32,          3.30,       1.97,      19.69,     64.97,          5.38
         10,          4,    5,          0.82,          3.30,       2.06,      20.58,     67.88,          5.28
         10,          4,    6,          1.23,          3.30,       2.14,      21.42,     70.64,          5.18
         10,          4,    7,          1.58,          3.30,       2.21,      22.13,     73.00,          5.14
         10,          5,    1,         -0.15,          3.30,       1.89,      18.93,     62.44,          8.97
         10,          5,    2,          0.95,          3.30,       2.06,      20.58,     67.87,          7.68
         10,          5,    3,          1.73,          3.30,       2.20,      22.01,     72.60,          7.12
         10,          5,    4,          2.28,          3.30,       2.32,      23.17,     76.41,          6.83
         10,          5,    5,          2.68,          3.30,       2.41,      24.12,     79.54,          6.65
         10,          5,    6,          3.01,          3.30,       2.50,      25.02,     82.54,          6.47
         10,          5,    7,          3.26,          3.30,       2.58,      25.80,     85.09,          6.34
         10,          6,    1,          1.40,          3.30,       2.15,      21.53,     71.03,         12.54
         10,          6,    2,          2.43,          3.30,       2.35,      23.44,     77.31,         10.13
         10,          6,    3,          3.14,          3.30,       2.50,      24.96,     82.33,          9.25
         10,          6,    4,          3.53,          3.30,       2.62,      26.22,     86.45,          8.54
         10,          6,    5,          3.95,          3.30,       2.73,      27.24,     89.82,          8.33
         10,          6,    6,          4.21,          3.30,       2.81,      28.17,     92.88,          8.03
         10,          6,    7,          4.44,          3.30,       2.91,      29.03,     95.72,          7.79
         10,          7,    1,          2.67,          3.30,       2.42,      24.24,     79.95,         14.06
         10,          7,    2,          3.66,          3.30,       2.66,      26.58,     87.64,         11.16
         10,          7,    3,          4.29,          3.30,       2.84,      28.39,     93.60,         10.03
         10,          7,    4,          4.68,          3.30,       2.97,      29.71,     97.95,          9.44
         10,          7,    5,          4.99,          3.30,       3.08,      30.81,    101.56,          9.08
         10,          7,    6,          5.22,          3.30,       3.19,      31.83,    104.93,          8.73
         10,          7,    7,          5.42,          3.30,       3.27,      32.71,    107.82,          8.49
         11,          1,    1,         -9.89,          3.30,       1.09,      10.93,     36.07,          2.80
         11,          1,    2,         -8.13,          3.30,       1.18,      11.82,     39.01,          2.33
         11,          1,    3,         -6.81,          3.30,       1.26,      12.59,     41.53,          2.28
         11,          1,    4,         -5.77,          3.30,       1.34,      13.35,     44.04,          2.27
         11,          1,    5,         -4.98,          3.30,       1.39,      13.95,     46.05,          2.33
         11,          1,    6,         -4.29,          3.30,       1.47,      14.68,     48.46,          2.32
         11,          1,    7,         -3.74,          3.30,       1.52,      15.18,     50.10,          2.39
         11,          2,    1,         -7.21,          3.30,       1.22,      12.21,     40.29,          6.23
         11,          2,    2,         -5.69,          3.30,       1.32,      13.18,     43.50,          4.31
         11,          2,    3,         -4.50,          3.30,       1.42,      14.14,     46.67,          3.76
         11,          2,    4,         -3.54,          3.30,       1.50,      15.00,     49.49,          3.61
         11,          2,    5,         -2.73,          3.30,       1.58,      15.81,     52.15,          3.58
         11,          2,    6,         -2.16,          3.30,       1.66,      16.55,     54.61,          3.50
         11,          2,    7,         -1.61,          3.30,       1.73,      17.26,     56.96,          3.50
         11,          3,    1,         -4.21,          3.30,       1.43,      14.31,     47.22,          6.70
         11,          3,    2,         -2.82,          3.30,       1.56,      15.53,     51.25,          5.39
         11,          3,    3,         -1.78,          3.30,       1.67,      16.67,     55.00,          4.94
         11,          3,    4,         -1.00,          3.30,       1.77,      17.69,     58.37,          4.73
         11,          3,    5,         -0.37,          3.30,       1.85,      18.53,     61.13,          4.69
         11,          3,    6,          0.13,          3.30,       1.93,      19.33,     63.77,          4.64
         11,          3,    7,          0.48,          3.30,       2.01,      20.09,     66.27,          4.52
         11,          4,    1,         -1.95,          3.30,       1.65,      16.46,     54.30,          7.93
         11,          4,    2,         -0.68,          3.30,       1.79,      17.92,     59.14,          6.62
         11,          4,    3,          0.15,          3.30,       1.92,      19.21,     63.36,          6.04
         11,          4,    4,          0.85,          3.30,       2.03,      20.26,     66.82,          5.91
         11,          4,    5,          1.32,          3.30,       2.12,      21.26,     70.13,          5.67
         11,          4,    6,          1.74,          3.30,       2.21,      22.12,     72.96,          5.59
         11,          4,    7,          2.15,          3.30,       2.29,      22.91,     75.56,          5.59
         11,          5,    1,          0.33,          3.30,       1.96,      19.60,     64.65,          9.42
         11,          5,    2,          1.44,          3.30,       2.14,      21.36,     70.47,          8.05
         11,          5,    3,          2.24,          3.30,       2.28,      22.85,     75.36,          7.55
         11,          5,    4,          2.77,          3.30,       2.40,      24.00,     79.16,          7.28
         11,          5,    5,          3.18,          3.30,       2.50,      25.00,     82.45,          7.10
         11,          5,    6,          3.50,          3.30,       2.60,      25.96,     85.61,          6.90
         11,          5,    7,          3.76,          3.30,       2.68,      26.76,     88.25,          6.77
         11,          6,    1,          1.90,          3.30,       2.23,      22.27,     73.45,         13.41
         11,          6,    2,          2.93,          3.30,       2.43,      24.33,     80.25,         10.72
         11,          6,    3,          3.64,          3.30,       2.60,      25.98,     85.68,          9.73
         11,          6,    4,          4.10,          3.30,       2.73,      27.24,     89.83,          9.20
         11,          6,    5,          4.45,          3.30,       2.83,      28.33,     93.40,          8.85
         11,          6,    6,          4.67,          3.30,       2.93,      29.28,     96.54,          8.46
         11,          6,    7,          4.95,          3.30,       3.02,      30.17,     99.45,          8.34
         11,          7,    1,          3.15,          3.30,       2.53,      25.27,     83.34,         14.40
         11,          7,    2,          4.22,          3.30,       2.77,      27.71,     91.38,         11.80
         11,          7,    3,          4.80,          3.30,       2.95,      29.53,     97.34,         10.65
         11,          7,    4,          5.25,          3.30,       3.09,      30.90,    101.86,         10.20
         11,          7,    5,          5.50,          3.30,       3.22,      32.18,    106.10,          9.57
         11,          7,    6,          5.72,          3.30,       3.32,      33.22,    109.51,          9.22
         11,          7,    7,          5.92,          3.30,       3.41,      34.17,    112.62,          8.95
         12,          1,    1,         -9.58,          3.30,       1.11,      11.13,     36.72,          2.71
         12,          1,    2,         -7.80,          3.30,       1.19,      11.94,     39.41,          2.45
         12,          1,    3,         -6.43,          3.30,       1.28,      12.72,     41.98,          2.44
         12,          1,    4,         -5.33,          3.30,       1.35,      13.54,     44.66,          2.44
         12,          1,    5,         -4.62,          3.30,       1.42,      14.24,     46.99,          2.41
         12,          1,    6,         -3.87,          3.30,       1.49,      14.91,     49.20,          2.48
         12,          1,    7,         -3.38,          3.30,       1.55,      15.46,     51.00,          2.50
         12,          2,    1,         -6.92,          3.30,       1.24,      12.36,     40.79,          6.13
         12,          2,    2,         -5.31,          3.30,       1.34,      13.40,     44.23,          4.36
         12,          2,    3,         -4.13,          3.30,       1.44,      14.40,     47.51,          3.84
         12,          2,    4,         -3.17,          3.30,       1.53,      15.30,     50.48,          3.71
         12,          2,    5,         -2.42,          3.30,       1.62,      16.16,     53.32,          3.62
         12,          2,    6,         -1.80,          3.30,       1.69,      16.90,     55.76,          3.61
         12,          2,    7,         -1.30,          3.30,       1.76,      17.57,     57.95,          3.62
         12,          3,    1,         -3.87,          3.30,       1.45,      14.55,     48.00,          7.11
         12,          3,    2,         -2.39,          3.30,       1.59,      15.88,     52.39,          5.67
         12,          3,    3,         -1.35,          3.30,       1.70,      17.03,     56.17,          5.25
         12,          3,    4,         -0.64,          3.30,       1.81,      18.07,     59.62,          4.96
         12,          3,    5,         -0.05,          3.30,       1.89,      18.95,     62.51,          4.88
         12,          3,    6,          0.49,          3.30,       1.98,      19.83,     65.41,          4.83
         12,          3,    7,          0.90,          3.30,       2.05,      20.54,     67.76,          4.81
         12,          4,    1,         -1.55,          3.30,       1.68,      16.80,     55.42,          8.41
         12,          4,    2,         -0.32,          3.30,       1.83,      18.35,     60.53,          6.91
         12,          4,    3,          0.51,          3.30,       1.97,      19.71,     65.03,          6.27
         12,          4,    4,          1.17,          3.30,       2.08,      20.79,     68.60,          6.09
         12,          4,    5,          1.69,          3.30,       2.18,      21.82,     71.97,          5.93
         12,          4,    6,          2.18,          3.30,       2.26,      22.64,     74.68,          5.98
         12,          4,    7,          2.52,          3.30,       2.36,      23.55,     77.67,          5.84
         12,          5,    1,          0.77,          3.30,       2.00,      20.04,     66.11,         10.21
         12,          5,    2,          1.89,          3.30,       2.19,      21.91,     72.26,          8.67
         12,          5,    3,          2.61,          3.30,       2.34,      23.43,     77.28,          7.98
         12,          5,    4,          3.15,          3.30,       2.47,      24.72,     81.54,          7.61
         12,          5,    5,          3.56,          3.30,       2.57,      25.73,     84.84,          7.46
         12,          5,    6,          3.88,          3.30,       2.67,      26.69,     88.02,          7.28
         12,          5,    7,          4.13,          3.30,       2.75,      27.55,     90.83,          7.11
         12,          6,    1,          2.33,          3.30,       2.29,      22.94,     75.65,         13.98
         12,          6,    2,          3.38,          3.30,       2.51,      25.13,     82.88,         11.18
         12,          6,    3,          3.97,          3.30,       2.68,      26.79,     88.33,         10.01
         12,          6,    4,          4.43,          3.30,       2.81,      28.11,     92.67,          9.47
         12,          6,    5,          4.79,          3.30,       2.92,      29.19,     96.23,          9.19
         12,          6,    6,          5.05,          3.30,       3.02,      30.22,     99.62,          8.83
         12,          6,    7,          5.27,          3.30,       3.11,      31.07,    102.41,          8.62
         12,          7,    1,          3.57,          3.30,       2.60,      25.99,     85.71,         15.43
         12,          7,    2,          4.61,          3.30,       2.86,      28.57,     94.20,         12.43
         12,          7,    3,          5.17,          3.30,       3.05,      30.50,    100.55,         11.11
         12,          7,    4,          5.58,          3.30,       3.20,      31.96,    105.36,         10.51
         12,          7,    5,          5.94,          3.30,       3.32,      33.19,    109.42,         10.21
         12,          7,    6,          6.11,          3.30,       3.43,      34.25,    112.89,          9.75
         12,          7,    7,          6.32,          3.30,       3.52,      35.24,    116.16,          9.47
         13,          1,    1,         -9.14,          3.30,       1.12,      11.24,     37.10,          3.05
         13,          1,    2,         -7.37,          3.30,       1.21,      12.15,     40.10,          2.62
         13,          1,    3,         -6.01,          3.30,       1.30,      12.99,     42.87,          2.57
         13,          1,    4,         -4.94,          3.30,       1.38,      13.81,     45.57,          2.57
         13,          1,    5,         -4.10,          3.30,       1.45,      14.46,     47.74,          2.66
         13,          1,    6,         -3.46,          3.30,       1.52,      15.20,     50.16,          2.64
         13,          1,    7,         -2.93,          3.30,       1.58,      15.78,     52.07,          2.69
         13,          2,    1,         -6.48,          3.30,       1.26,      12.61,     41.62,          6.49
         13,          2,    2,         -4.82,          3.30,       1.37,      13.69,     45.19,          4.68
         13,          2,    3,         -3.60,          3.30,       1.48,      14.79,     48.81,          4.09
         13,          2,    4,         -2.71,          3.30,       1.57,      15.70,     51.81,          3.92
         13,          2,    5,         -1.99,          3.30,       1.66,      16.57,     54.68,          3.83
         13,          2,    6,         -1.28,          3.30,       1.73,      17.27,     56.98,          3.95
         13,          2,    7,         -0.84,          3.30,       1.81,      18.07,     59.63,          3.84
         13,          3,    1,         -3.32,          3.30,       1.49,      14.94,     49.30,          7.39
         13,          3,    2,         -1.93,          3.30,       1.63,      16.32,     53.84,          5.91
         13,          3,    3,         -0.96,          3.30,       1.75,      17.53,     57.84,          5.40
         13,          3,    4,         -0.12,          3.30,       1.86,      18.60,     61.38,          5.29
         13,          3,    5,          0.49,          3.30,       1.96,      19.56,     64.51,          5.21
         13,          3,    6,          0.96,          3.30,       2.04,      20.38,     67.21,          5.16
         13,          3,    7,          1.36,          3.30,       2.12,      21.19,     69.88,          5.08
         13,          4,    1,         -1.14,          3.30,       1.73,      17.28,     57.02,          8.64
         13,          4,    2,          0.14,          3.30,       1.89,      18.89,     62.33,          7.27
         13,          4,    3,          0.97,          3.30,       2.03,      20.28,     66.91,          6.65
         13,          4,    4,          1.64,          3.30,       2.15,      21.46,     70.78,          6.44
         13,          4,    5,          2.18,          3.30,       2.25,      22.47,     74.10,          6.36
         13,          4,    6,          2.61,          3.30,       2.34,      23.45,     77.33,          6.24
         13,          4,    7,          2.94,          3.30,       2.43,      24.34,     80.25,          6.13
         13,          5,    1,          1.21,          3.30,       2.07,      20.67,     68.17,         10.79
         13,          5,    2,          2.36,          3.30,       2.26,      22.59,     74.48,          9.29
         13,          5,    3,          3.10,          3.30,       2.43,      24.23,     79.91,          8.50
         13,          5,    4,          3.70,          3.30,       2.56,      25.58,     84.33,          8.24
         13,          5,    5,          4.05,          3.30,       2.68,      26.75,     88.21,          7.86
         13,          5,    6,          4.37,          3.30,       2.77,      27.69,     91.29,          7.73
         13,          5,    7,          4.63,          3.30,       2.87,      28.61,     94.33,          7.56
         13,          6,    1,          2.75,          3.30,       2.37,      23.73,     78.24,         14.89
         13,          6,    2,          3.78,          3.30,       2.61,      26.07,     85.97,         11.73
         13,          6,    3,          4.50,          3.30,       2.78,      27.79,     91.61,         10.84
         13,          6,    4,          4.97,          3.30,       2.92,      29.23,     96.36,         10.21
         13,          6,    5,          5.26,          3.30,       3.04,      30.40,    100.23,          9.69
         13,          6,    6,          5.55,          3.30,       3.15,      31.48,    103.77,          9.40
         13,          6,    7,          5.76,          3.30,       3.24,      32.40,    106.80,          9.14
         13,          7,    1,          4.00,          3.30,       2.70,      27.04,     89.15,         15.73
         13,          7,    2,          5.09,          3.30,       2.97,      29.70,     97.94,         13.04
         13,          7,    3,          5.71,          3.30,       3.17,      31.75,    104.68,         11.82
         13,          7,    4,          6.13,          3.30,       3.33,      33.31,    109.79,         11.21
         13,          7,    5,          6.37,          3.30,       3.46,      34.59,    114.01,         10.63
         13,          7,    6,          6.60,          3.30,       3.57,      35.71,    117.71,         10.28
         13,          7,    7,          6.80,          3.30,       3.67,      36.72,    121.03,         10.00
         14,          1,    1,         -8.75,          3.30,       1.15,      11.46,     37.80,          3.14
         14,          1,    2,         -6.96,          3.30,       1.24,      12.36,     40.77,          2.79
         14,          1,    3,         -5.59,          3.30,       1.33,      13.28,     43.82,          2.69
         14,          1,    4,         -4.54,          3.30,       1.41,      14.12,     46.58,          2.70
         14,          1,    5,         -3.66,          3.30,       1.49,      14.85,     49.00,          2.79
         14,          1,    6,         -2.95,          3.30,       1.55,      15.54,     51.28,          2.86
         14,          1,    7,         -2.42,          3.30,       1.63,      16.25,     53.61,          2.86
         14,          2,    1,         -6.04,          3.30,       1.29,      12.90,     42.59,          6.62
         14,          2,    2,         -4.41,          3.30,       1.40,      14.03,     46.29,          4.86
         14,          2,    3,         -3.17,          3.30,       1.51,      15.11,     49.85,          4.38
         14,          2,    4,         -2.25,          3.30,       1.61,      16.13,     53.22,          4.14
         14,          2,    5,         -1.55,          3.30,       1.70,      16.99,     56.06,          4.06
         14,          2,    6,         -0.90,          3.30,       1.78,      17.79,     58.69,          4.09
         14,          2,    7,         -0.32,          3.30,       1.86,      18.58,     61.30,          4.14
         14,          3,    1,         -2.96,          3.30,       1.53,      15.28,     50.41,          8.02
         14,          3,    2,         -1.54,          3.30,       1.67,      16.72,     55.19,          6.33
         14,          3,    3,         -0.45,          3.30,       1.81,      18.11,     59.75,          5.76
         14,          3,    4,          0.33,          3.30,       1.92,      19.19,     63.31,          5.62
         14,          3,    5,          0.92,          3.30,       2.01,      20.14,     66.44,          5.53
         14,          3,    6,          1.41,          3.30,       2.11,      21.06,     69.46,          5.46
         14,          3,    7,          1.76,          3.30,       2.19,      21.87,     72.13,          5.35
         14,          4,    1,         -0.72,          3.30,       1.78,      17.80,     58.73,          9.19
         14,          4,    2,          0.53,          3.30,       1.95,      19.51,     64.37,          7.61
         14,          4,    3,          1.42,          3.30,       2.10,      20.98,     69.21,          7.04
         14,          4,    4,          2.11,          3.30,       2.22,      22.23,     73.32,          6.82
         14,          4,    5,          2.62,          3.30,       2.33,      23.32,     76.91,          6.68
         14,          4,    6,          3.11,          3.30,       2.43,      24.25,     79.98,          6.72
         14,          4,    7,          3.41,          3.30,       2.53,      25.26,     83.29,          6.49
         14,          5,    1,          1.60,          3.30,       2.14,      21.35,     70.44,         11.20
         14,          5,    2,          2.75,          3.30,       2.35,      23.50,     77.50,          9.44
         14,          5,    3,          3.60,          3.30,       2.52,      25.22,     83.18,          8.93
         14,          5,    4,          4.14,          3.30,       2.66,      26.58,     87.66,          8.62
         14,          5,    5,          4.55,          3.30,       2.77,      27.76,     91.52,          8.40
         14,          5,    6,          4.89,          3.30,       2.88,      28.80,     94.94,          8.24
         14,          5,    7,          5.09,          3.30,       2.98,      29.76,     98.11,          7.96
         14,          6,    1,          3.24,          3.30,       2.47,      24.65,     81.29,         15.47
         14,          6,    2,          4.24,          3.30,       2.71,      27.06,     89.22,         12.32
         14,          6,    3,          4.91,          3.30,       2.89,      28.89,     95.24,         11.23
         14,          6,    4,          5.43,          3.30,       3.03,      30.29,     99.86,         10.85
         14,          6,    5,          5.72,          3.30,       3.17,      31.63,    104.29,         10.18
         14,          6,    6,          6.06,          3.30,       3.27,      32.68,    107.71,         10.07
         14,          6,    7,          6.23,          3.30,       3.37,      33.72,    111.14,          9.65
         14,          7,    1,          4.51,          3.30,       2.81,      28.09,     92.60,         16.98
         14,          7,    2,          5.48,          3.30,       3.09,      30.91,    101.88,         13.62
         14,          7,    3,          6.12,          3.30,       3.30,      33.05,    108.94,         12.39
         14,          7,    4,          6.53,          3.30,       3.47,      34.66,    114.25,         11.73
         14,          7,    5,          6.84,          3.30,       3.60,      36.01,    118.68,         11.31
         14,          7,    6,          7.07,          3.30,       3.72,      37.24,    122.75,         10.89
         14,          7,    7,          7.27,          3.30,       3.83,      38.32,    126.33,         10.57
         15,          1,    1,         -4.15,          3.30,       1.37,      13.68,     45.16,          4.38
         15,          1,    2,         -2.23,          3.30,       1.53,      15.32,     50.56,          4.22
         15,          1,    3,         -0.89,          3.30,       1.67,      16.71,     55.14,          4.34
         15,          1,    4,         -0.05,          3.30,       1.81,      18.04,     59.51,          4.28
         15,          1,    5,          0.69,          3.30,       1.92,      19.17,     63.22,          4.37
         15,          1,    6,          1.18,          3.30,       2.02,      20.22,     66.70,          4.33
         15,          1,    7,          1.61,          3.30,       2.12,      21.17,     69.84,          4.33
         15,          2,    1,         -2.16,          3.30,       1.54,      15.42,     50.90,          8.57
         15,          2,    2,         -0.45,          3.30,       1.72,      17.25,     56.90,          6.88
         15,          2,    3,          0.65,          3.30,       1.90,      18.91,     62.40,          6.25
         15,          2,    4,          1.57,          3.30,       2.03,      20.34,     67.09,          6.17
         15,          2,    5,          2.15,          3.30,       2.17,      21.70,     71.60,          5.90
         15,          2,    6,          2.63,          3.30,       2.29,      22.88,     75.46,          5.79
         15,          2,    7,          3.03,          3.30,       2.40,      23.96,     79.03,          5.70
         15,          3,    1,          0.15,          3.30,       1.83,      18.22,     60.12,         11.60
         15,          3,    2,          1.64,          3.30,       2.04,      20.37,     67.19,          9.12
         15,          3,    3,          2.65,          3.30,       2.23,      22.32,     73.61,          8.21
         15,          3,    4,          3.29,          3.30,       2.39,      23.87,     78.71,          7.74
         15,          3,    5,          3.79,          3.30,       2.53,      25.29,     83.41,          7.42
         15,          3,    6,          4.18,          3.30,       2.67,      26.62,     87.79,          7.16
         15,          3,    7,          4.50,          3.30,       2.78,      27.85,     91.82,          6.93
         15,          4,    1,          1.74,          3.30,       2.08,      20.83,     68.71,         13.07
         15,          4,    2,          3.08,          3.30,       2.34,      23.38,     77.12,         10.24
         15,          4,    3,          4.00,          3.30,       2.54,      25.39,     83.75,          9.48
         15,          4,    4,          4.53,          3.30,       2.72,      27.19,     89.64,          8.78
         15,          4,    5,          4.96,          3.30,       2.88,      28.75,     94.78,          8.35
         15,          4,    6,          5.37,          3.30,       3.01,      30.12,     99.31,          8.20
         15,          4,    7,          5.58,          3.30,       3.16,      31.54,    103.97,          7.74
         15,          5,    1,          3.42,          3.30,       2.44,      24.36,     80.34,         13.64
         15,          5,    2,          4.67,          3.30,       2.72,      27.26,     89.89,         11.41
         15,          5,    3,          5.41,          3.30,       2.97,      29.66,     97.77,         10.35
         15,          5,    4,          5.89,          3.30,       3.15,      31.55,    104.00,          9.76
         15,          5,    5,          6.25,          3.30,       3.33,      33.27,    109.66,          9.28
         15,          5,    6,          6.47,          3.30,       3.47,      34.70,    114.39,          8.84
         15,          5,    7,          6.68,          3.30,       3.62,      36.21,    119.34,          8.44
         15,          6,    1,          4.67,          3.30,       2.77,      27.67,     91.24,         15.96
         15,          6,    2,          5.68,          3.30,       3.08,      30.83,    101.62,         12.85
         15,          6,    3,          6.36,          3.30,       3.33,      33.34,    109.89,         11.69
         15,          6,    4,          6.74,          3.30,       3.54,      35.43,    116.77,         10.75
         15,          6,    5,          7.04,          3.30,       3.72,      37.24,    122.73,         10.14
         15,          6,    6,          7.28,          3.30,       3.90,      38.97,    128.45,          9.63
         15,          6,    7,          7.47,          3.30,       4.07,      40.71,    134.18,          9.11
         15,          7,    1,          5.58,          3.30,       3.10,      30.96,    102.05,         17.81
         15,          7,    2,          6.62,          3.30,       3.46,      34.57,    113.96,         14.24
         15,          7,    3,          7.14,          3.30,       3.74,      37.41,    123.30,         12.47
         15,          7,    4,          7.58,          3.30,       3.98,      39.78,    131.12,         11.59
         15,          7,    5,          7.80,          3.30,       4.20,      41.98,    138.35,         10.64
         15,          7,    6,          8.00,          3.30,       4.40,      43.92,    144.77,         10.01
         15,          7,    7,          8.18,          3.30,       4.59,      45.88,    151.22,          9.47
         16,          1,    1,         -3.65,          3.30,       1.39,      13.95,     46.01,          4.74
         16,          1,    2,         -1.73,          3.30,       1.57,      15.67,     51.69,          4.54
         16,          1,    3,         -0.52,          3.30,       1.72,      17.20,     56.75,          4.47
         16,          1,    4,          0.49,          3.30,       1.85,      18.54,     61.16,          4.62
         16,          1,    5,          1.09,          3.30,       1.98,      19.74,     65.14,          4.56
         16,          1,    6,          1.64,          3.30,       2.08,      20.81,     68.64,          4.60
         16,          1,    7,          2.09,          3.30,       2.18,      21.85,     72.07,          4.61
         16,          2,    1,         -1.72,          3.30,       1.58,      15.75,     51.98,          8.94
         16,          2,    2,         -0.06,          3.30,       1.78,      17.76,     58.61,          6.97
         16,          2,    3,          1.11,          3.30,       1.95,      19.54,     64.47,          6.45
         16,          2,    4,          1.96,          3.30,       2.10,      20.96,     69.15,          6.36
         16,          2,    5,          2.59,          3.30,       2.23,      22.33,     73.66,          6.22
         16,          2,    6,          3.10,          3.30,       2.36,      23.63,     77.95,          6.09
         16,          2,    7,          3.51,          3.30,       2.48,      24.82,     81.86,          6.00
         16,          3,    1,          0.50,          3.30,       1.87,      18.70,     61.68,         12.42
         16,          3,    2,          2.05,          3.30,       2.10,      21.00,     69.27,          9.65
         16,          3,    3,          3.11,          3.30,       2.30,      23.06,     76.06,          8.75
         16,          3,    4,          3.74,          3.30,       2.47,      24.68,     81.38,          8.24
         16,          3,    5,          4.31,          3.30,       2.62,      26.20,     86.38,          7.99
         16,          3,    6,          4.65,          3.30,       2.76,      27.56,     90.88,          7.63
         16,          3,    7,          4.97,          3.30,       2.88,      28.83,     95.04,          7.41
         16,          4,    1,          2.19,          3.30,       2.15,      21.51,     70.96,         13.88
         16,          4,    2,          3.59,          3.30,       2.41,      24.07,     79.37,         11.24
         16,          4,    3,          4.40,          3.30,       2.64,      26.34,     86.86,          9.88
         16,          4,    4,          5.05,          3.30,       2.81,      28.14,     92.76,          9.49
         16,          4,    5,          5.43,          3.30,       2.98,      29.83,     98.35,          8.88
         16,          4,    6,          5.78,          3.30,       3.13,      31.26,    103.05,          8.60
         16,          4,    7,          6.06,          3.30,       3.27,      32.72,    107.87,          8.26
         16,          5,    1,          3.88,          3.30,       2.52,      25.24,     83.23,         14.38
         16,          5,    2,          5.13,          3.30,       2.83,      28.29,     93.26,         12.08
         16,          5,    3,          5.81,          3.30,       3.07,      30.71,    101.26,         10.88
         16,          5,    4,          6.30,          3.30,       3.27,      32.70,    107.80,         10.27
         16,          5,    5,          6.67,          3.30,       3.45,      34.47,    113.63,          9.80
         16,          5,    6,          6.93,          3.30,       3.62,      36.15,    119.16,          9.33
         16,          5,    7,          7.16,          3.30,       3.77,      37.74,    124.38,          8.95
         16,          6,    1,          5.07,          3.30,       2.88,      28.79,     94.91,         16.63
         16,          6,    2,          6.16,          3.30,       3.22,      32.12,    105.89,         13.61
         16,          6,    3,          6.79,          3.30,       3.47,      34.73,    114.47,         12.29
         16,          6,    4,          7.21,          3.30,       3.69,      36.86,    121.50,         11.44
         16,          6,    5,          7.52,          3.30,       3.89,      38.87,    128.12,         10.74
         16,          6,    6,          7.76,          3.30,       4.07,      40.65,    133.97,         10.23
         16,          6,    7,          7.95,          3.30,       4.24,      42.43,    139.86,          9.70
         16,          7,    1,          6.05,          3.30,       3.22,      32.22,    106.21,         18.70
         16,          7,    2,          7.02,          3.30,       3.60,      36.04,    118.80,         14.76
         16,          7,    3,          7.61,          3.30,       3.91,      39.05,    128.70,         13.10
         16,          7,    4,          8.06,          3.30,       4.15,      41.49,    136.77,         12.28
         16,          7,    5,          8.34,          3.30,       4.38,      43.79,    144.33,         11.43
         16,          7,    6,          8.55,          3.30,       4.58,      45.84,    151.08,         10.79
         16,          7,    7,          8.71,          3.30,       4.79,      47.86,    157.75,         10.18
         17,          1,    1,         -3.22,          3.30,       1.43,      14.29,     47.14,          4.97
         17,          1,    2,         -1.39,          3.30,       1.61,      16.05,     52.96,          4.71
         17,          1,    3,         -0.08,          3.30,       1.76,      17.57,     57.95,          4.81
         17,          1,    4,          0.84,          3.30,       1.90,      18.98,     62.64,          4.84
         17,          1,    5,          1.53,          3.30,       2.02,      20.21,     66.68,          4.88
         17,          1,    6,          2.12,          3.30,       2.14,      21.44,     70.72,          4.91
         17,          1,    7,          2.54,          3.30,       2.24,      22.43,     73.98,          4.93
         17,          2,    1,         -1.33,          3.30,       1.62,      16.13,     53.23,          9.29
         17,          2,    2,          0.41,          3.30,       1.82,      18.23,     60.14,          7.41
         17,          2,    3,          1.53,          3.30,       2.01,      20.06,     66.17,          6.82
         17,          2,    4,          2.46,          3.30,       2.16,      21.64,     71.40,          6.75
         17,          2,    5,          3.04,          3.30,       2.31,      23.06,     76.05,          6.54
         17,          2,    6,          3.54,          3.30,       2.43,      24.31,     80.18,          6.48
         17,          2,    7,          3.95,          3.30,       2.56,      25.63,     84.53,          6.33
         17,          3,    1,          0.92,          3.30,       1.92,      19.21,     63.38,         12.79
         17,          3,    2,          2.53,          3.30,       2.16,      21.64,     71.37,         10.13
         17,          3,    3,          3.55,          3.30,       2.37,      23.74,     78.29,          9.21
         17,          3,    4,          4.19,          3.30,       2.55,      25.53,     84.21,          8.60
         17,          3,    5,          4.70,          3.30,       2.71,      27.07,     89.27,          8.30
         17,          3,    6,          5.16,          3.30,       2.85,      28.52,     94.00,          8.14
         17,          3,    7,          5.41,          3.30,       2.99,      29.89,     98.55,          7.76
         17,          4,    1,          2.61,          3.30,       2.22,      22.14,     73.04,         14.42
         17,          4,    2,          3.97,          3.30,       2.49,      24.96,     82.32,         11.37
         17,          4,    3,          4.82,          3.30,       2.72,      27.19,     89.63,         10.39
         17,          4,    4,          5.44,          3.30,       2.91,      29.11,     95.96,          9.84
         17,          4,    5,          5.93,          3.30,       3.08,      30.86,    101.72,          9.48
         17,          4,    6,          6.29,          3.30,       3.25,      32.48,    107.08,          9.12
         17,          4,    7,          6.51,          3.30,       3.39,      33.93,    111.83,          8.70
         17,          5,    1,          4.37,          3.30,       2.61,      26.08,     86.00,         15.12
         17,          5,    2,          5.51,          3.30,       2.93,      29.27,     96.49,         12.45
         17,          5,    3,          6.26,          3.30,       3.19,      31.88,    105.09,         11.36
         17,          5,    4,          6.75,          3.30,       3.39,      33.95,    111.89,         10.77
         17,          5,    5,          7.12,          3.30,       3.59,      35.87,    118.21,         10.24
         17,          5,    6,          7.44,          3.30,       3.76,      37.58,    123.88,          9.92
         17,          5,    7,          7.67,          3.30,       3.92,      39.22,    129.28,          9.53
         17,          6,    1,          5.51,          3.30,       2.98,      29.78,     98.16,         17.64
         17,          6,    2,          6.66,          3.30,       3.33,      33.32,    109.82,         14.57
         17,          6,    3,          7.29,          3.30,       3.60,      36.00,    118.65,         13.16
         17,          6,    4,          7.66,          3.30,       3.83,      38.32,    126.32,         12.07
         17,          6,    5,          8.03,          3.30,       4.04,      40.39,    133.11,         11.52
         17,          6,    6,          8.21,          3.30,       4.23,      42.34,    139.54,         10.75
         17,          6,    7,          8.40,          3.30,       4.41,      44.14,    145.47,         10.25
         17,          7,    1,          6.50,          3.30,       3.35,      33.43,    110.18,         19.78
         17,          7,    2,          7.47,          3.30,       3.75,      37.49,    123.57,         15.52
         17,          7,    3,          8.05,          3.30,       4.07,      40.67,    134.03,         13.76
         17,          7,    4,          8.46,          3.30,       4.32,      43.22,    142.44,         12.79
         17,          7,    5,          8.74,          3.30,       4.56,      45.62,    150.37,         11.92
         17,          7,    6,          9.01,          3.30,       4.77,      47.69,    157.19,         11.43
         17,          7,    7,          9.12,          3.30,       4.98,      49.81,    164.16,         10.67
         18,          1,    1,         -2.86,          3.30,       1.46,      14.60,     48.16,          5.20
         18,          1,    2,         -0.93,          3.30,       1.65,      16.44,     54.24,          5.03
         18,          1,    3,          0.45,          3.30,       1.81,      18.15,     59.89,          5.12
         18,          1,    4,          1.36,          3.30,       1.96,      19.60,     64.65,          5.17
         18,          1,    5,          2.08,          3.30,       2.08,      20.82,     68.69,          5.29
         18,          1,    6,          2.59,          3.30,       2.21,      22.10,     72.91,          5.23
         18,          1,    7,          3.02,          3.30,       2.32,      23.21,     76.54,          5.23
         18,          2,    1,         -0.97,          3.30,       1.65,      16.54,     54.58,          9.65
         18,          2,    2,          0.78,          3.30,       1.87,      18.70,     61.68,          7.79
         18,          2,    3,          1.99,          3.30,       2.06,      20.62,     68.02,          7.28
         18,          2,    4,          2.92,          3.30,       2.23,      22.25,     73.38,          7.23
         18,          2,    5,          3.50,          3.30,       2.38,      23.78,     78.45,          6.96
         18,          2,    6,          4.01,          3.30,       2.52,      25.22,     83.17,          6.83
         18,          2,    7,          4.48,          3.30,       2.66,      26.57,     87.63,          6.79
         18,          3,    1,          1.34,          3.30,       1.97,      19.74,     65.12,         13.36
         18,          3,    2,          2.97,          3.30,       2.23,      22.28,     73.48,         10.68
         18,          3,    3,          3.94,          3.30,       2.46,      24.56,     81.01,          9.50
         18,          3,    4,          4.71,          3.30,       2.64,      26.47,     87.28,          9.13
         18,          3,    5,          5.22,          3.30,       2.80,      28.07,     92.56,          8.84
         18,          3,    6,          5.63,          3.30,       2.96,      29.62,     97.67,          8.55
         18,          3,    7,          5.90,          3.30,       3.10,      30.97,    102.11,          8.25
         18,          4,    1,          3.10,          3.30,       2.28,      22.83,     75.30,         15.33
         18,          4,    2,          4.42,          3.30,       2.58,      25.80,     85.07,         11.98
         18,          4,    3,          5.29,          3.30,       2.82,      28.19,     92.94,         10.91
         18,          4,    4,          5.89,          3.30,       3.02,      30.19,     99.52,         10.34
         18,          4,    5,          6.41,          3.30,       3.21,      32.08,    105.76,          9.99
         18,          4,    6,          6.70,          3.30,       3.37,      33.68,    111.03,          9.54
         18,          4,    7,          6.98,          3.30,       3.53,      35.28,    116.30,          9.18
         18,          5,    1,          4.75,          3.30,       2.70,      27.03,     89.10,         15.84
         18,          5,    2,          6.03,          3.30,       3.04,      30.39,    100.17,         13.39
         18,          5,    3,          6.71,          3.30,       3.32,      33.17,    109.32,         12.01
         18,          5,    4,          7.22,          3.30,       3.53,      35.29,    116.34,         11.44
         18,          5,    5,          7.64,          3.30,       3.73,      37.27,    122.84,         11.06
         18,          5,    6,          7.92,          3.30,       3.91,      39.15,    129.05,         10.53
         18,          5,    7,          8.09,          3.30,       4.08,      40.81,    134.52,         10.03
         18,          6,    1,          5.96,          3.30,       3.10,      30.93,    101.98,         18.46
         18,          6,    2,          7.07,          3.30,       3.46,      34.59,    114.02,         15.24
         18,          6,    3,          7.70,          3.30,       3.75,      37.54,    123.73,         13.66
         18,          6,    4,          8.13,          3.30,       4.00,      39.93,    131.63,         12.76
         18,          6,    5,          8.44,          3.30,       4.21,      42.11,    138.81,         12.01
         18,          6,    6,          8.69,          3.30,       4.40,      44.06,    145.21,         11.44
         18,          6,    7,          8.94,          3.30,       4.61,      46.05,    151.78,         11.00
         18,          7,    1,          6.91,          3.30,       3.48,      34.82,    114.78,         20.49
         18,          7,    2,          8.01,          3.30,       3.91,      39.10,    128.88,         16.62
         18,          7,    3,          8.54,          3.30,       4.24,      42.42,    139.80,         14.60
         18,          7,    4,          9.00,          3.30,       4.51,      45.11,    148.67,         13.73
         18,          7,    5,          9.29,          3.30,       4.75,      47.53,    156.66,         12.89
         18,          7,    6,          9.43,          3.30,       4.97,      49.71,    163.84,         12.02
         18,          7,    7,          9.60,          3.30,       5.20,      52.00,    171.37,         11.32
         19,          1,    1,         -2.39,          3.30,       1.49,      14.89,     49.14,          5.53
         19,          1,    2,         -0.47,          3.30,       1.69,      16.88,     55.69,          5.28
         19,          1,    3,          0.84,          3.30,       1.86,      18.62,     61.42,          5.34
         19,          1,    4,          1.80,          3.30,       2.02,      20.21,     66.66,          5.41
         19,          1,    5,          2.52,          3.30,       2.15,      21.54,     71.04,          5.52
         19,          1,    6,          3.12,          3.30,       2.28,      22.83,     75.31,          5.61
         19,          1,    7,          3.58,          3.30,       2.40,      24.02,     79.20,          5.63
         19,          2,    1,         -0.55,          3.30,       1.69,      16.91,     55.78,         10.25
         19,          2,    2,          1.28,          3.30,       1.92,      19.24,     63.48,          8.25
         19,          2,    3,          2.52,          3.30,       2.12,      21.22,     70.01,          7.83
         19,          2,    4,          3.32,          3.30,       2.30,      23.04,     75.99,          7.45
         19,          2,    5,          3.98,          3.30,       2.47,      24.67,     81.38,          7.31
         19,          2,    6,          4.50,          3.30,       2.61,      26.14,     86.18,          7.23
         19,          2,    7,          4.92,          3.30,       2.75,      27.51,     90.70,          7.13
         19,          3,    1,          1.78,          3.30,       2.03,      20.28,     66.91,         14.42
         19,          3,    2,          3.37,          3.30,       2.30,      23.07,     76.07,         11.08
         19,          3,    3,          4.40,          3.30,       2.54,      25.44,     83.89,         10.05
         19,          3,    4,          5.18,          3.30,       2.73,      27.34,     90.17,          9.78
         19,          3,    5,          5.65,          3.30,       2.92,      29.16,     96.15,          9.25
         19,          3,    6,          6.12,          3.30,       3.07,      30.71,    101.25,          9.14
         19,          3,    7,          6.45,          3.30,       3.23,      32.26,    106.36,          8.85
         19,          4,    1,          3.56,          3.30,       2.36,      23.58,     77.76,         16.34
         19,          4,    2,          4.87,          3.30,       2.67,      26.69,     88.01,         12.73
         19,          4,    3,          5.75,          3.30,       2.92,      29.20,     96.25,         11.60
         19,          4,    4,          6.38,          3.30,       3.14,      31.36,    103.37,         10.99
         19,          4,    5,          6.83,          3.30,       3.33,      33.27,    109.66,         10.53
         19,          4,    6,          7.18,          3.30,       3.51,      35.04,    115.48,         10.12
         19,          4,    7,          7.47,          3.30,       3.67,      36.67,    120.85,          9.79
         19,          5,    1,          5.21,          3.30,       2.80,      28.03,     92.44,         16.50
         19,          5,    2,          6.50,          3.30,       3.16,      31.59,    104.15,         14.04
         19,          5,    3,          7.27,          3.30,       3.44,      34.47,    113.61,         12.91
         19,          5,    4,          7.77,          3.30,       3.68,      36.79,    121.26,         12.24
         19,          5,    5,          8.08,          3.30,       3.89,      38.95,    128.37,         11.48
         19,          5,    6,          8.43,          3.30,       4.08,      40.76,    134.36,         11.22
         19,          5,    7,          8.59,          3.30,       4.27,      42.66,    140.63,         10.58
         19,          6,    1,          6.52,          3.30,       3.22,      32.24,    106.27,         19.86
         19,          6,    2,          7.56,          3.30,       3.62,      36.15,    119.16,         16.07
         19,          6,    3,          8.25,          3.30,       3.92,      39.17,    129.11,         14.70
         19,          6,    4,          8.63,          3.30,       4.17,      41.72,    137.51,         13.56
         19,          6,    5,          8.95,          3.30,       4.39,      43.93,    144.78,         12.84
         19,          6,    6,          9.18,          3.30,       4.61,      46.07,    151.84,         12.16
         19,          6,    7,          9.44,          3.30,       4.79,      47.94,    157.99,         11.83
         19,          7,    1,          7.41,          3.30,       3.64,      36.35,    119.83,         21.86
         19,          7,    2,          8.51,          3.30,       4.09,      40.87,    134.70,         17.73
         19,          7,    3,          9.11,          3.30,       4.43,      44.34,    146.16,         15.81
         19,          7,    4,          9.44,          3.30,       4.72,      47.17,    155.46,         14.47
         19,          7,    5,          9.73,          3.30,       4.97,      49.71,    163.84,         13.58
         19,          7,    6,          9.99,          3.30,       5.20,      52.00,    171.34,         13.02
         19,          7,    7,         10.17,          3.30,       5.42,      54.25,    178.75,         12.36
         20,          1,    1,         -1.94,          3.30,       1.52,      15.20,     50.17,          5.87
         20,          1,    2,         -0.01,          3.30,       1.73,      17.27,     56.97,          5.64
         20,          1,    3,          1.25,          3.30,       1.92,      19.15,     63.18,          5.58
         20,          1,    4,          2.31,          3.30,       2.07,      20.74,     68.42,          5.83
         20,          1,    5,          2.96,          3.30,       2.22,      22.17,     73.12,          5.84
         20,          1,    6,          3.59,          3.30,       2.36,      23.55,     77.67,          5.95
         20,          1,    7,          4.04,          3.30,       2.48,      24.82,     81.86,          5.95
         20,          2,    1,         -0.10,          3.30,       1.73,      17.26,     56.96,         11.24
         20,          2,    2,          1.63,          3.30,       1.97,      19.76,     65.18,          8.61
         20,          2,    3,          2.93,          3.30,       2.18,      21.81,     71.93,          8.30
         20,          2,    4,          3.81,          3.30,       2.36,      23.64,     77.95,          8.11
         20,          2,    5,          4.41,          3.30,       2.54,      25.41,     83.78,          7.78
         20,          2,    6,          4.99,          3.30,       2.69,      26.95,     88.86,          7.77
         20,          2,    7,          5.42,          3.30,       2.85,      28.48,     93.89,          7.63
         20,          3,    1,          2.26,          3.30,       2.08,      20.80,     68.60,         15.43
         20,          3,    2,          3.84,          3.30,       2.37,      23.72,     78.24,         11.80
         20,          3,    3,          4.91,          3.30,       2.62,      26.24,     86.53,         10.74
         20,          3,    4,          5.62,          3.30,       2.83,      28.29,     93.26,         10.25
         20,          3,    5,          6.16,          3.30,       3.01,      30.10,     99.24,          9.94
         20,          3,    6,          6.58,          3.30,       3.19,      31.86,    105.02,          9.62
         20,          3,    7,          6.91,          3.30,       3.34,      33.37,    110.00,          9.39
         20,          4,    1,          3.99,          3.30,       2.44,      24.34,     80.28,         17.29
         20,          4,    2,          5.36,          3.30,       2.75,      27.53,     90.77,         13.75
         20,          4,    3,          6.25,          3.30,       3.02,      30.20,     99.54,         12.49
         20,          4,    4,          6.88,          3.30,       3.25,      32.51,    107.17,         11.77
         20,          4,    5,          7.33,          3.30,       3.44,      34.43,    113.50,         11.34
         20,          4,    6,          7.69,          3.30,       3.63,      36.32,    119.72,         10.90
         20,          4,    7,          7.98,          3.30,       3.81,      38.06,    125.45,         10.53
         20,          5,    1,          5.71,          3.30,       2.90,      29.05,     95.76,         17.64
         20,          5,    2,          6.94,          3.30,       3.28,      32.75,    107.96,         14.85
         20,          5,    3,          7.71,          3.30,       3.58,      35.81,    118.04,         13.61
         20,          5,    4,          8.23,          3.30,       3.83,      38.28,    126.16,         12.91
         20,          5,    5,          8.60,          3.30,       4.05,      40.46,    133.35,         12.35
         20,          5,    6,          8.88,          3.30,       4.25,      42.46,    139.94,         11.84
         20,          5,    7,          9.12,          3.30,       4.43,      44.31,    146.03,         11.44
         20,          6,    1,          6.97,          3.30,       3.35,      33.47,    110.34,         21.09
         20,          6,    2,          8.02,          3.30,       3.76,      37.58,    123.86,         17.08
         20,          6,    3,          8.73,          3.30,       4.08,      40.82,    134.52,         15.61
         20,          6,    4,          9.16,          3.30,       4.35,      43.43,    143.15,         14.61
         20,          6,    5,          9.47,          3.30,       4.58,      45.76,    150.83,         13.81
         20,          6,    6,          9.72,          3.30,       4.78,      47.83,    157.63,         13.22
         20,          6,    7,          9.91,          3.30,       4.99,      49.89,    164.44,         12.61
         20,          7,    1,          7.93,          3.30,       3.78,      37.86,    124.78,         23.27
         20,          7,    2,          8.99,          3.30,       4.27,      42.66,    140.60,         18.62
         20,          7,    3,          9.58,          3.30,       4.63,      46.25,    152.42,         16.70
         20,          7,    4,          9.98,          3.30,       4.92,      49.18,    162.07,         15.56
         20,          7,    5,         10.27,          3.30,       5.19,      51.85,    170.89,         14.60
         20,          7,    6,         10.47,          3.30,       5.42,      54.20,    178.58,         13.85
         20,          7,    7,         10.65,          3.29,       5.65,      56.46,    186.01,         13.20
         21,          1,    1,         -1.60,          3.30,       1.55,      15.51,     51.17,          6.03
         21,          1,    2,          0.36,          3.30,       1.76,      17.62,     58.15,          5.88
         21,          1,    3,          1.69,          3.30,       1.96,      19.58,     64.57,          5.93
         21,          1,    4,          2.67,          3.30,       2.13,      21.24,     70.07,          6.09
         21,          1,    5,          3.40,          3.30,       2.27,      22.74,     74.98,          6.20
         21,          1,    6,          3.97,          3.30,       2.42,      24.17,     79.71,          6.24
         21,          1,    7,          4.43,          3.30,       2.55,      25.56,     84.28,          6.23
         21,          2,    1,          0.23,          3.30,       1.76,      17.63,     58.17,         11.47
         21,          2,    2,          2.05,          3.30,       2.01,      20.13,     66.40,          9.21
         21,          2,    3,          3.28,          3.30,       2.23,      22.34,     73.70,          8.61
         21,          2,    4,          4.17,          3.30,       2.43,      24.26,     80.01,          8.42
         21,          2,    5,          4.84,          3.30,       2.61,      26.07,     85.98,          8.24
         21,          2,    6,          5.38,          3.30,       2.77,      27.69,     91.31,          8.15
         21,          2,    7,          5.79,          3.30,       2.93,      29.27,     96.51,          7.99
         21,          3,    1,          2.54,          3.30,       2.13,      21.33,     70.37,         15.98
         21,          3,    2,          4.20,          3.30,       2.43,      24.32,     80.19,         12.51
         21,          3,    3,          5.27,          3.30,       2.69,      26.93,     88.79,         11.34
         21,          3,    4,          6.00,          3.30,       2.91,      29.12,     96.00,         10.79
         21,          3,    5,          6.55,          3.30,       3.10,      31.00,    102.21,         10.48
         21,          3,    6,          6.96,          3.30,       3.28,      32.80,    108.13,         10.13
         21,          3,    7,          7.30,          3.30,       3.44,      34.39,    113.35,          9.91
         21,          4,    1,          4.34,          3.30,       2.50,      24.99,     82.41,         17.86
         21,          4,    2,          5.73,          3.30,       2.84,      28.41,     93.67,         14.13
         21,          4,    3,          6.63,          3.30,       3.11,      31.12,    102.58,         13.02
         21,          4,    4,          7.19,          3.30,       3.34,      33.42,    110.19,         12.20
         21,          4,    5,          7.72,          3.30,       3.55,      35.52,    117.09,         11.85
         21,          4,    6,          8.07,          3.30,       3.74,      37.47,    123.49,         11.41
         21,          4,    7,          8.37,          3.30,       3.93,      39.29,    129.52,         11.01
         21,          5,    1,          6.09,          3.30,       2.99,      29.90,     98.58,         18.55
         21,          5,    2,          7.33,          3.30,       3.38,      33.79,    111.37,         15.60
         21,          5,    3,          8.11,          3.30,       3.70,      37.02,    122.01,         14.27
         21,          5,    4,          8.63,          3.30,       3.96,      39.55,    130.33,         13.60
         21,          5,    5,          9.01,          3.30,       4.19,      41.88,    138.04,         12.98
         21,          5,    6,          9.23,          3.30,       4.39,      43.88,    144.63,         12.32
         21,          5,    7,          9.52,          3.30,       4.58,      45.82,    151.01,         12.05
         21,          6,    1,          7.37,          3.30,       3.46,      34.61,    114.09,         22.14
         21,          6,    2,          8.48,          3.30,       3.89,      38.95,    128.39,         18.10
         21,          6,    3,          9.13,          3.30,       4.23,      42.27,    139.32,         16.43
         21,          6,    4,          9.57,          3.30,       4.50,      44.98,    148.25,         15.42
         21,          6,    5,          9.89,          3.30,       4.74,      47.38,    156.15,         14.60
         21,          6,    6,         10.13,          3.30,       4.95,      49.56,    163.35,         13.94
         21,          6,    7,         10.32,          3.30,       5.17,      51.70,    170.38,         13.31
         21,          7,    1,          8.34,          3.30,       3.92,      39.25,    129.37,         24.40
         21,          7,    2,          9.40,          3.30,       4.42,      44.18,    145.62,         19.69
         21,          7,    3,         10.01,          3.30,       4.80,      47.96,    158.06,         17.68
         21,          7,    4,         10.40,          3.30,       5.10,      50.95,    167.92,         16.48
         21,          7,    5,         10.69,          3.30,       5.38,      53.79,    177.24,         15.44
         21,          7,    6,         10.91,          3.29,       5.62,      56.18,    185.10,         14.73
         21,          7,    7,         11.07,          3.29,       5.86,      58.57,    192.95,         13.99
         22,          1,    1,         -1.25,          3.30,       1.58,      15.84,     52.26,          6.29
         22,          1,    2,          0.71,          3.30,       1.81,      18.09,     59.69,          6.09
         22,          1,    3,          2.04,          3.30,       2.01,      20.11,     66.35,          6.14
         22,          1,    4,          3.07,          3.30,       2.18,      21.87,     72.13,          6.37
         22,          1,    5,          3.80,          3.30,       2.34,      23.42,     77.25,          6.50
         22,          1,    6,          4.40,          3.30,       2.50,      24.94,     82.23,          6.57
         22,          1,    7,          4.86,          3.30,       2.64,      26.36,     86.95,          6.57
         22,          2,    1,          0.58,          3.30,       1.81,      18.11,     59.77,         11.69
         22,          2,    2,          2.40,          3.30,       2.06,      20.60,     67.95,          9.69
         22,          2,    3,          3.66,          3.30,       2.30,      22.97,     75.76,          9.01
         22,          2,    4,          4.55,          3.30,       2.50,      24.98,     82.39,          8.80
         22,          2,    5,          5.23,          3.30,       2.69,      26.84,     88.49,          8.67
         22,          2,    6,          5.77,          3.30,       2.86,      28.55,     94.14,          8.55
         22,          2,    7,          6.22,          3.30,       3.01,      30.14,     99.36,          8.47
         22,          3,    1,          2.97,          3.30,       2.19,      21.91,     72.27,         16.92
         22,          3,    2,          4.58,          3.30,       2.51,      25.07,     82.66,         12.99
         22,          3,    3,          5.66,          3.30,       2.78,      27.81,     91.70,         11.82
         22,          3,    4,          6.41,          3.30,       3.00,      30.02,     98.96,         11.39
         22,          3,    5,          6.96,          3.30,       3.21,      32.08,    105.76,         10.98
         22,          3,    6,          7.37,          3.30,       3.39,      33.88,    111.69,         10.68
         22,          3,    7,          7.73,          3.30,       3.56,      35.57,    117.25,         10.45
         22,          4,    1,          4.73,          3.30,       2.58,      25.85,     85.23,         18.54
         22,          4,    2,          6.13,          3.30,       2.93,      29.29,     96.57,         14.99
         22,          4,    3,          7.03,          3.30,       3.22,      32.20,    106.13,         13.65
         22,          4,    4,          7.67,          3.30,       3.46,      34.56,    113.93,         13.06
         22,          4,    5,          8.13,          3.30,       3.68,      36.77,    121.19,         12.50
         22,          4,    6,          8.50,          3.30,       3.88,      38.77,    127.79,         12.09
         22,          4,    7,          8.80,          3.30,       4.07,      40.64,    133.97,         11.70
         22,          5,    1,          6.51,          3.30,       3.10,      31.01,    102.22,         19.39
         22,          5,    2,          7.75,          3.30,       3.50,      35.06,    115.55,         16.37
         22,          5,    3,          8.54,          3.30,       3.84,      38.41,    126.62,         15.05
         22,          5,    4,          9.06,          3.30,       4.10,      41.03,    135.23,         14.37
         22,          5,    5,          9.44,          3.30,       4.34,      43.41,    143.10,         13.75
         22,          5,    6,          9.73,          3.30,       4.56,      45.60,    150.30,         13.22
         22,          5,    7,          9.97,          3.30,       4.75,      47.55,    156.70,         12.81
         22,          6,    1,          7.80,          3.30,       3.60,      35.96,    118.54,         23.27
         22,          6,    2,          8.92,          3.30,       4.05,      40.50,    133.48,         19.12
         22,          6,    3,          9.58,          3.30,       4.40,      43.96,    144.89,         17.38
         22,          6,    4,         10.02,          3.30,       4.68,      46.77,    154.15,         16.34
         22,          6,    5,         10.34,          3.30,       4.93,      49.27,    162.38,         15.51
         22,          6,    6,         10.58,          3.30,       5.15,      51.48,    169.67,         14.85
         22,          6,    7,         10.78,          3.30,       5.37,      53.68,    176.89,         14.21
         22,          7,    1,          8.78,          3.30,       4.09,      40.90,    134.79,         25.76
         22,          7,    2,          9.86,          3.30,       4.61,      46.14,    152.06,         20.76
         22,          7,    3,         10.47,          3.30,       5.00,      50.02,    164.86,         18.75
         22,          7,    4,         10.87,          3.30,       5.32,      53.18,    175.25,         17.50
         22,          7,    5,         11.16,          3.29,       5.60,      56.06,    184.70,         16.49
         22,          7,    6,         11.38,          3.29,       5.85,      58.54,    192.85,         15.71
         22,          7,    7,         11.56,          3.29,       6.09,      60.89,    200.55,         15.06
         23,          1,    1,         -0.99,          3.30,       1.62,      16.18,     53.38,          6.36
         23,          1,    2,          1.07,          3.30,       1.85,      18.49,     61.00,          6.36
         23,          1,    3,          2.48,          3.30,       2.05,      20.53,     67.74,          6.59
         23,          1,    4,          3.46,          3.30,       2.24,      22.35,     73.71,          6.75
         23,          1,    5,          4.21,          3.30,       2.40,      24.03,     79.27,          6.85
         23,          1,    6,          4.79,          3.30,       2.57,      25.64,     84.53,          6.90
         23,          1,    7,          5.27,          3.30,       2.71,      27.06,     89.22,          6.96
         23,          2,    1,          0.91,          3.30,       1.84,      18.44,     60.83,         12.33
         23,          2,    2,          2.75,          3.30,       2.11,      21.12,     69.68,          9.99
         23,          2,    3,          4.01,          3.30,       2.35,      23.51,     77.55,          9.41
         23,          2,    4,          4.94,          3.30,       2.56,      25.62,     84.49,          9.27
         23,          2,    5,          5.62,          3.30,       2.76,      27.53,     90.78,          9.12
         23,          2,    6,          6.16,          3.30,       2.93,      29.35,     96.77,          9.00
         23,          2,    7,          6.61,          3.30,       3.10,      31.01,    102.22,          8.92
         23,          3,    1,          3.33,          3.30,       2.25,      22.45,     74.04,         17.73
         23,          3,    2,          4.95,          3.30,       2.57,      25.74,     84.89,         13.59
         23,          3,    3,          6.05,          3.30,       2.87,      28.67,     94.52,         12.35
         23,          3,    4,          6.80,          3.30,       3.09,      30.94,    102.02,         11.94
         23,          3,    5,          7.37,          3.30,       3.31,      33.08,    109.03,         11.57
         23,          3,    6,          7.80,          3.30,       3.50,      34.98,    115.30,         11.28
         23,          3,    7,          8.15,          3.30,       3.68,      36.79,    121.26,         11.00
         23,          4,    1,          5.11,          3.30,       2.66,      26.63,     87.80,         19.44
         23,          4,    2,          6.52,          3.30,       3.02,      30.21,     99.59,         15.75
         23,          4,    3,          7.43,          3.30,       3.33,      33.26,    109.63,         14.35
         23,          4,    4,          8.08,          3.30,       3.57,      35.74,    117.80,         13.77
         23,          4,    5,          8.55,          3.30,       3.80,      38.04,    125.36,         13.21
         23,          4,    6,          8.94,          3.30,       4.02,      40.15,    132.35,         12.78
         23,          4,    7,          9.23,          3.30,       4.21,      42.07,    138.68,         12.40
         23,          5,    1,          6.92,          3.30,       3.21,      32.12,    105.89,         20.45
         23,          5,    2,          8.18,          3.30,       3.63,      36.34,    119.80,         17.31
         23,          5,    3,          8.97,          3.30,       3.99,      39.88,    131.44,         15.89
         23,          5,    4,          9.50,          3.30,       4.26,      42.63,    140.49,         15.20
         23,          5,    5,          9.89,          3.30,       4.51,      45.11,    148.69,         14.59
         23,          5,    6,         10.18,          3.30,       4.73,      47.28,    155.81,         14.10
         23,          5,    7,         10.42,          3.30,       4.93,      49.32,    162.54,         13.65
         23,          6,    1,          8.24,          3.30,       3.74,      37.39,    123.23,         24.43
         23,          6,    2,          9.37,          3.30,       4.22,      42.18,    139.04,         20.07
         23,          6,    3,         10.02,          3.30,       4.57,      45.74,    150.78,         18.34
         23,          6,    4,         10.47,          3.30,       4.87,      48.68,    160.42,         17.30
         23,          6,    5,         10.80,          3.30,       5.12,      51.24,    168.86,         16.50
         23,          6,    6,         11.05,          3.30,       5.36,      53.61,    176.64,         15.77
         23,          6,    7,         11.26,          3.30,       5.58,      55.82,    183.93,         15.17
         23,          7,    1,          9.25,          3.30,       4.26,      42.68,    140.67,         26.99
         23,          7,    2,         10.33,          3.30,       4.81,      48.02,    158.25,         22.12
         23,          7,    3,         10.94,          3.30,       5.22,      52.25,    172.19,         19.81
         23,          7,    4,         11.35,          3.30,       5.56,      55.54,    183.03,         18.55
         23,          7,    5,         11.64,          3.29,       5.85,      58.43,    192.50,         17.59
         23,          7,    6,         11.87,          3.29,       6.10,      60.96,    200.81,         16.84
         23,          7,    7,         12.06,          3.29,       6.35,      63.50,    209.14,         16.13
         24,          1,    1,         -0.66,          3.30,       1.64,      16.40,     54.10,          6.74
         24,          1,    2,          1.36,          3.30,       1.88,      18.80,     62.04,          6.62
         24,          1,    3,          2.80,          3.30,       2.10,      20.99,     69.24,          6.83
         24,          1,    4,          3.80,          3.30,       2.29,      22.85,     75.39,          7.04
         24,          1,    5,          4.56,          3.30,       2.46,      24.62,     81.19,          7.17
         24,          1,    6,          5.16,          3.30,       2.62,      26.23,     86.50,          7.27
         24,          1,    7,          5.64,          3.30,       2.78,      27.79,     91.62,          7.30
         24,          2,    1,          1.17,          3.30,       1.88,      18.79,     61.99,         12.57
         24,          2,    2,          3.05,          3.30,       2.15,      21.52,     70.97,         10.39
         24,          2,    3,          4.34,          3.30,       2.40,      23.98,     79.08,          9.87
         24,          2,    4,          5.26,          3.30,       2.62,      26.22,     86.45,          9.62
         24,          2,    5,          5.96,          3.30,       2.83,      28.27,     93.22,          9.47
         24,          2,    6,          6.53,          3.30,       3.01,      30.05,     99.07,          9.46
         24,          2,    7,          6.97,          3.30,       3.18,      31.87,    105.05,          9.31
         24,          3,    1,          3.62,          3.30,       2.30,      23.04,     76.00,         18.09
         24,          3,    2,          5.26,          3.30,       2.64,      26.43,     87.17,         14.05
         24,          3,    3,          6.40,          3.30,       2.94,      29.40,     96.94,         12.96
         24,          3,    4,          7.16,          3.30,       3.19,      31.84,    104.94,         12.47
         24,          3,    5,          7.73,          3.30,       3.40,      34.03,    112.17,         12.13
         24,          3,    6,          8.17,          3.30,       3.60,      35.95,    118.51,         11.89
         24,          3,    7,          8.53,          3.30,       3.78,      37.79,    124.56,         11.63
         24,          4,    1,          5.44,          3.30,       2.73,      27.31,     90.03,         20.45
         24,          4,    2,          6.87,          3.30,       3.11,      31.08,    102.46,         16.46
         24,          4,    3,          7.78,          3.30,       3.42,      34.18,    112.67,         15.10
         24,          4,    4,          8.45,          3.30,       3.68,      36.82,    121.37,         14.44
         24,          4,    5,          8.93,          3.30,       3.92,      39.21,    129.24,         13.89
         24,          4,    6,          9.32,          3.30,       4.13,      41.32,    136.17,         13.51
         24,          4,    7,          9.63,          3.30,       4.33,      43.34,    142.85,         13.12
         24,          5,    1,          7.28,          3.30,       3.31,      33.13,    109.21,         21.32
         24,          5,    2,          8.55,          3.30,       3.75,      37.55,    123.77,         18.07
         24,          5,    3,          9.36,          3.30,       4.12,      41.24,    135.91,         16.66
         24,          5,    4,          9.89,          3.30,       4.41,      44.13,    145.44,         15.92
         24,          5,    5,         10.30,          3.30,       4.67,      46.65,    153.75,         15.40
         24,          5,    6,         10.60,          3.30,       4.89,      48.89,    161.14,         14.93
         24,          5,    7,         10.84,          3.30,       5.10,      51.01,    168.13,         14.46
         24,          6,    1,          8.64,          3.30,       3.88,      38.79,    127.87,         25.50
         24,          6,    2,          9.78,          3.30,       4.37,      43.73,    144.15,         21.12
         24,          6,    3,         10.44,          3.30,       4.75,      47.45,    156.37,         19.37
         24,          6,    4,         10.90,          3.30,       5.05,      50.48,    166.37,         18.31
         24,          6,    5,         11.23,          3.30,       5.32,      53.17,    175.22,         17.45
         24,          6,    6,         11.49,          3.29,       5.56,      55.61,    183.23,         16.78
         24,          6,    7,         11.70,          3.29,       5.79,      57.87,    190.65,         16.17
         24,          7,    1,          9.67,          3.30,       4.43,      44.28,    145.95,         28.44
         24,          7,    2,         10.76,          3.30,       5.01,      50.06,    165.01,         23.05
         24,          7,    3,         11.39,          3.30,       5.44,      54.39,    179.23,         20.91
         24,          7,    4,         11.81,          3.29,       5.78,      57.77,    190.34,         19.69
         24,          7,    5,         12.11,          3.29,       6.09,      60.85,    200.45,         18.68
         24,          7,    6,         12.35,          3.29,       6.36,      63.53,    209.21,         17.90
         24,          7,    7,         12.55,          3.29,       6.62,      66.18,    217.94,         17.21
         25,          1,    1,         -0.46,          3.30,       1.66,      16.61,     54.80,          6.93
         25,          1,    2,          1.60,          3.30,       1.90,      19.04,     62.81,          6.88
         25,          1,    3,          3.04,          3.30,       2.13,      21.30,     70.24,          7.09
         25,          1,    4,          4.08,          3.30,       2.33,      23.28,     76.80,          7.32
         25,          1,    5,          4.85,          3.30,       2.51,      25.11,     82.82,          7.46
         25,          1,    6,          5.47,          3.30,       2.68,      26.81,     88.42,          7.56
         25,          1,    7,          5.96,          3.30,       2.84,      28.37,     93.53,          7.64
         25,          2,    1,          1.42,          3.30,       1.90,      19.06,     62.87,         13.24
         25,          2,    2,          3.29,          3.30,       2.19,      21.86,     72.10,         10.82
         25,          2,    3,          4.58,          3.30,       2.45,      24.47,     80.70,         10.15
         25,          2,    4,          5.53,          3.30,       2.68,      26.77,     88.27,          9.97
         25,          2,    5,          6.26,          3.30,       2.89,      28.88,     95.21,          9.87
         25,          2,    6,          6.82,          3.30,       3.07,      30.71,    101.24,          9.85
         25,          2,    7,          7.29,          3.30,       3.25,      32.53,    107.23,          9.76
         25,          3,    1,          3.89,          3.30,       2.35,      23.48,     77.44,         18.90
         25,          3,    2,          5.54,          3.30,       2.70,      26.97,     88.94,         14.65
         25,          3,    3,          6.68,          3.30,       3.01,      30.07,     99.15,         13.43
         25,          3,    4,          7.46,          3.30,       3.26,      32.63,    107.57,         12.92
         25,          3,    5,          8.04,          3.30,       3.48,      34.85,    114.89,         12.62
         25,          3,    6,          8.50,          3.30,       3.69,      36.93,    121.74,         12.37
         25,          3,    7,          8.87,          3.30,       3.88,      38.83,    127.98,         12.15
         25,          4,    1,          5.73,          3.30,       2.80,      28.01,     92.35,         21.15
         25,          4,    2,          7.17,          3.30,       3.19,      31.90,    105.15,         17.10
         25,          4,    3,          8.10,          3.30,       3.51,      35.14,    115.81,         15.67
         25,          4,    4,          8.76,          3.30,       3.79,      37.82,    124.66,         15.04
         25,          4,    5,          9.27,          3.30,       4.03,      40.31,    132.89,         14.51
         25,          4,    6,          9.66,          3.30,       4.26,      42.56,    140.27,         14.10
         25,          4,    7,          9.98,          3.30,       4.46,      44.56,    146.88,         13.78
         25,          5,    1,          7.62,          3.30,       3.41,      34.10,    112.42,         22.30
         25,          5,    2,          8.90,          3.30,       3.88,      38.76,    127.77,         18.81
         25,          5,    3,          9.72,          3.30,       4.26,      42.58,    140.35,         17.41
         25,          5,    4,         10.27,          3.30,       4.56,      45.58,    150.22,         16.68
         25,          5,    5,         10.68,          3.30,       4.82,      48.19,    158.82,         16.15
         25,          5,    6,         10.98,          3.30,       5.05,      50.50,    166.43,         15.70
         25,          5,    7,         11.23,          3.30,       5.27,      52.71,    173.70,         15.24
         25,          6,    1,          9.02,          3.30,       4.01,      40.13,    132.27,         26.52
         25,          6,    2,         10.16,          3.30,       4.53,      45.31,    149.35,         22.02
         25,          6,    3,         10.83,          3.30,       4.92,      49.18,    162.09,         20.20
         25,          6,    4,         11.30,          3.30,       5.23,      52.35,    172.52,         19.18
         25,          6,    5,         11.63,          3.30,       5.51,      55.14,    181.70,         18.32
         25,          6,    6,         11.91,          3.29,       5.76,      57.58,    189.70,         17.74
         25,          6,    7,         12.12,          3.29,       5.99,      59.92,    197.38,         17.12
         25,          7,    1,         10.07,          3.30,       4.60,      45.99,    151.59,         29.54
         25,          7,    2,         11.17,          3.30,       5.20,      52.03,    171.47,         24.11
         25,          7,    3,         11.81,          3.29,       5.65,      56.51,    186.21,         21.97
         25,          7,    4,         12.23,          3.29,       6.01,      60.08,    197.89,         20.73
         25,          7,    5,         12.56,          3.29,       6.33,      63.29,    208.41,         19.77
         25,          7,    6,         12.80,          3.29,       6.61,      66.10,    217.66,         18.98
         25,          7,    7,         13.02,          3.29,       6.88,      68.75,    226.33,         18.35
         26,          1,    1,         -0.24,          3.30,       1.68,      16.80,     55.42,          7.16
         26,          1,    2,          1.81,          3.30,       1.93,      19.32,     63.73,          7.05
         26,          1,    3,          3.27,          3.30,       2.16,      21.66,     71.46,          7.26
         26,          1,    4,          4.32,          3.30,       2.37,      23.67,     78.07,          7.53
         26,          1,    5,          5.12,          3.30,       2.56,      25.58,     84.37,          7.71
         26,          1,    6,          5.77,          3.30,       2.73,      27.35,     90.19,          7.86
         26,          1,    7,          6.28,          3.30,       2.90,      28.94,     95.42,          7.97
         26,          2,    1,          1.65,          3.30,       1.93,      19.37,     63.90,         13.51
         26,          2,    2,          3.52,          3.30,       2.22,      22.23,     73.32,         11.12
         26,          2,    3,          4.82,          3.30,       2.49,      24.95,     82.28,         10.39
         26,          2,    4,          5.80,          3.30,       2.73,      27.25,     89.84,         10.33
         26,          2,    5,          6.54,          3.30,       2.94,      29.43,     97.03,         10.25
         26,          2,    6,          7.12,          3.30,       3.14,      31.41,    103.55,         10.22
         26,          2,    7,          7.61,          3.30,       3.33,      33.30,    109.78,         10.17
         26,          3,    1,          4.18,          3.30,       2.40,      23.97,     79.06,         19.85
         26,          3,    2,          5.83,          3.30,       2.76,      27.59,     90.95,         15.27
         26,          3,    3,          6.98,          3.30,       3.08,      30.80,    101.54,         13.98
         26,          3,    4,          7.77,          3.30,       3.34,      33.42,    110.16,         13.52
         26,          3,    5,          8.37,          3.30,       3.58,      35.77,    117.92,         13.20
         26,          3,    6,          8.84,          3.30,       3.79,      37.91,    124.94,         12.97
         26,          3,    7,          9.22,          3.30,       3.99,      39.91,    131.55,         12.71
         26,          4,    1,          6.07,          3.30,       2.88,      28.77,     94.88,         22.14
         26,          4,    2,          7.50,          3.30,       3.28,      32.79,    108.10,         17.86
         26,          4,    3,          8.44,          3.30,       3.61,      36.08,    118.93,         16.49
         26,          4,    4,          9.11,          3.30,       3.90,      38.97,    128.45,         15.72
         26,          4,    5,          9.62,          3.30,       4.15,      41.55,    136.94,         15.19
         26,          4,    6,         10.03,          3.30,       4.38,      43.77,    144.28,         14.88
         26,          4,    7,         10.36,          3.30,       4.60,      45.97,    151.51,         14.50
         26,          5,    1,          7.99,          3.30,       3.52,      35.18,    115.96,         23.32
         26,          5,    2,          9.28,          3.30,       4.01,      40.09,    132.13,         19.63
         26,          5,    3,         10.11,          3.30,       4.40,      44.01,    145.06,         18.28
         26,          5,    4,         10.67,          3.30,       4.72,      47.13,    155.33,         17.57
         26,          5,    5,         11.09,          3.30,       4.99,      49.93,    164.57,         16.98
         26,          5,    6,         11.41,          3.30,       5.24,      52.41,    172.73,         16.52
         26,          5,    7,         11.67,          3.30,       5.47,      54.66,    180.12,         16.11
         26,          6,    1,          9.42,          3.30,       4.16,      41.64,    137.23,         28.02
         26,          6,    2,         10.59,          3.30,       4.71,      47.05,    155.08,         23.30
         26,          6,    3,         11.26,          3.30,       5.11,      51.10,    168.41,         21.42
         26,          6,    4,         11.74,          3.29,       5.44,      54.43,    179.36,         20.34
         26,          6,    5,         12.09,          3.29,       5.73,      57.30,    188.80,         19.53
         26,          6,    6,         12.36,          3.29,       5.99,      59.87,    197.23,         18.89
         26,          6,    7,         12.60,          3.29,       6.24,      62.36,    205.39,         18.28
         26,          7,    1,         10.51,          3.30,       4.78,      47.83,    157.64,         31.31
         26,          7,    2,         11.62,          3.30,       5.42,      54.21,    178.62,         25.54
         26,          7,    3,         12.27,          3.29,       5.91,      59.05,    194.54,         23.19
         26,          7,    4,         12.71,          3.29,       6.28,      62.77,    206.70,         21.97
         26,          7,    5,         13.05,          3.29,       6.61,      66.15,    217.82,         21.01
         26,          7,    6,         13.32,          3.29,       6.91,      69.07,    227.40,         20.32
         26,          7,    7,         13.54,          3.29,       7.18,      71.80,    236.39,         19.70
         27,          1,    1,         -0.06,          3.30,       1.70,      16.98,     56.03,          7.34
         27,          1,    2,          1.99,          3.30,       1.96,      19.60,     64.66,          7.16
         27,          1,    3,          3.45,          3.30,       2.19,      21.96,     72.44,          7.42
         27,          1,    4,          4.53,          3.30,       2.40,      24.00,     79.14,          7.76
         27,          1,    5,          5.34,          3.30,       2.60,      26.01,     85.76,          7.91
         27,          1,    6,          5.99,          3.30,       2.78,      27.78,     91.58,          8.10
         27,          1,    7,          6.53,          3.30,       2.95,      29.52,     97.31,          8.21
         27,          2,    1,          1.86,          3.30,       1.96,      19.65,     64.84,         14.06
         27,          2,    2,          3.72,          3.30,       2.26,      22.58,     74.50,         11.45
         27,          2,    3,          5.02,          3.30,       2.53,      25.30,     83.45,         10.76
         27,          2,    4,          6.02,          3.30,       2.77,      27.73,     91.42,         10.66
         27,          2,    5,          6.77,          3.30,       3.00,      29.97,     98.80,         10.60
         27,          2,    6,          7.37,          3.30,       3.20,      32.00,    105.48,         10.59
         27,          2,    7,          7.87,          3.30,       3.39,      33.91,    111.78,         10.57
         27,          3,    1,          4.43,          3.30,       2.44,      24.46,     80.67,         20.16
         27,          3,    2,          6.08,          3.30,       2.82,      28.22,     93.03,         15.54
         27,          3,    3,          7.24,          3.30,       3.15,      31.54,    103.97,         14.30
         27,          3,    4,          8.04,          3.30,       3.42,      34.20,    112.73,         13.91
         27,          3,    5,          8.66,          3.30,       3.67,      36.62,    120.70,         13.66
         27,          3,    6,          9.14,          3.30,       3.89,      38.87,    128.11,         13.41
         27,          3,    7,          9.53,          3.30,       4.10,      40.93,    134.92,         13.18
         27,          4,    1,          6.38,          3.30,       2.95,      29.50,     97.26,         22.80
         27,          4,    2,          7.80,          3.30,       3.37,      33.66,    110.96,         18.41
         27,          4,    3,          8.74,          3.30,       3.70,      37.04,    122.09,         17.04
         27,          4,    4,          9.42,          3.30,       4.00,      40.02,    131.92,         16.30
         27,          4,    5,          9.94,          3.30,       4.26,      42.63,    140.51,         15.83
         27,          4,    6,         10.36,          3.30,       4.51,      45.03,    148.43,         15.48
         27,          4,    7,         10.70,          3.30,       4.73,      47.27,    155.78,         15.16
         27,          5,    1,          8.33,          3.30,       3.63,      36.27,    119.55,         24.21
         27,          5,    2,          9.63,          3.30,       4.14,      41.37,    136.35,         20.44
         27,          5,    3,         10.47,          3.30,       4.55,      45.55,    150.14,         18.96
         27,          5,    4,         11.04,          3.30,       4.87,      48.72,    160.57,         18.37
         27,          5,    5,         11.47,          3.30,       5.16,      51.61,    170.09,         17.83
         27,          5,    6,         11.80,          3.30,       5.42,      54.16,    178.47,         17.39
         27,          5,    7,         12.07,          3.29,       5.66,      56.57,    186.36,         16.97
         27,          6,    1,          9.81,          3.30,       4.31,      43.12,    142.12,         29.24
         27,          6,    2,         10.97,          3.30,       4.88,      48.78,    160.78,         24.33
         27,          6,    3,         11.67,          3.30,       5.31,      53.07,    174.86,         22.41
         27,          6,    4,         12.15,          3.29,       5.65,      56.49,    186.13,         21.37
         27,          6,    5,         12.51,          3.29,       5.95,      59.55,    196.15,         20.52
         27,          6,    6,         12.79,          3.29,       6.22,      62.21,    204.91,         19.88
         27,          6,    7,         13.03,          3.29,       6.48,      64.80,    213.39,         19.32
         27,          7,    1,         10.92,          3.30,       4.98,      49.74,    163.92,         32.69
         27,          7,    2,         12.05,          3.29,       5.64,      56.41,    185.86,         26.84
         27,          7,    3,         12.71,          3.29,       6.14,      61.39,    202.22,         24.51
         27,          7,    4,         13.16,          3.29,       6.55,      65.46,    215.54,         23.15
         27,          7,    5,         13.52,          3.29,       6.90,      68.97,    227.07,         22.30
         27,          7,    6,         13.80,          3.29,       7.20,      71.96,    236.91,         21.64
         27,          7,    7,         14.02,          3.29,       7.47,      74.69,    245.88,         21.08
         28,          1,    1,          0.08,          3.30,       1.71,      17.16,     56.62,          7.49
         28,          1,    2,          2.15,          3.30,       1.98,      19.79,     65.31,          7.37
         28,          1,    3,          3.62,          3.30,       2.22,      22.24,     73.36,          7.60
         28,          1,    4,          4.71,          3.30,       2.44,      24.36,     80.34,          7.92
         28,          1,    5,          5.53,          3.30,       2.64,      26.40,     87.07,          8.11
         28,          1,    6,          6.19,          3.30,       2.83,      28.25,     93.15,          8.30
         28,          1,    7,          6.74,          3.30,       3.00,      29.96,     98.79,          8.47
         28,          2,    1,          2.05,          3.30,       2.00,      19.96,     65.86,         14.16
         28,          2,    2,          3.91,          3.30,       2.29,      22.90,     75.52,         11.72
         28,          2,    3,          5.21,          3.30,       2.57,      25.65,     84.58,         11.05
         28,          2,    4,          6.20,          3.30,       2.81,      28.15,     92.81,         10.89
         28,          2,    5,          6.97,          3.30,       3.04,      30.44,    100.36,         10.86
         28,          2,    6,          7.59,          3.30,       3.25,      32.52,    107.23,         10.90
         28,          2,    7,          8.10,          3.30,       3.45,      34.46,    113.57,         10.94
         28,          3,    1,          4.68,          3.30,       2.49,      24.96,     82.32,         20.71
         28,          3,    2,          6.34,          3.30,       2.88,      28.82,     95.02,         16.03
         28,          3,    3,          7.51,          3.30,       3.22,      32.20,    106.15,         14.82
         28,          3,    4,          8.31,          3.30,       3.50,      35.01,    115.42,         14.34
         28,          3,    5,          8.94,          3.30,       3.75,      37.52,    123.67,         14.12
         28,          3,    6,          9.43,          3.30,       3.98,      39.82,    131.25,         13.91
         28,          3,    7,          9.83,          3.30,       4.20,      41.96,    138.28,         13.72
         28,          4,    1,          6.68,          3.30,       3.02,      30.22,     99.63,         23.69
         28,          4,    2,          8.10,          3.30,       3.45,      34.53,    113.83,         19.11
         28,          4,    3,          9.04,          3.30,       3.81,      38.04,    125.39,         17.68
         28,          4,    4,          9.73,          3.30,       4.11,      41.10,    135.47,         16.96
         28,          4,    5,         10.26,          3.30,       4.38,      43.82,    144.42,         16.48
         28,          4,    6,         10.69,          3.30,       4.63,      46.30,    152.59,         16.14
         28,          4,    7,         11.04,          3.30,       4.86,      48.62,    160.26,         15.82
         28,          5,    1,          8.67,          3.30,       3.74,      37.37,    123.18,         25.40
         28,          5,    2,          9.98,          3.30,       4.27,      42.67,    140.65,         21.44
         28,          5,    3,         10.83,          3.30,       4.70,      47.01,    154.93,         19.92
         28,          5,    4,         11.40,          3.30,       5.03,      50.37,    165.97,         19.23
         28,          5,    5,         11.84,          3.30,       5.34,      53.40,    175.97,         18.70
         28,          5,    6,         12.19,          3.30,       5.61,      56.07,    184.75,         18.28
         28,          5,    7,         12.48,          3.29,       5.86,      58.58,    193.00,         17.90
         28,          6,    1,         10.19,          3.30,       4.46,      44.61,    147.04,         30.52
         28,          6,    2,         11.37,          3.30,       5.07,      50.62,    166.82,         25.38
         28,          6,    3,         12.07,          3.30,       5.52,      55.16,    181.75,         23.35
         28,          6,    4,         12.56,          3.29,       5.87,      58.70,    193.37,         22.37
         28,          6,    5,         12.93,          3.29,       6.17,      61.79,    203.49,         21.62
         28,          6,    6,         13.22,          3.29,       6.46,      64.60,    212.71,         21.00
         28,          6,    7,         13.47,          3.29,       6.74,      67.36,    221.81,         20.41
         28,          7,    1,         11.33,          3.30,       5.18,      51.78,    170.65,         33.66
         28,          7,    2,         12.48,          3.29,       5.88,      58.82,    193.80,         27.88
         28,          7,    3,         13.15,          3.29,       6.41,      64.07,    211.02,         25.59
         28,          7,    4,         13.61,          3.29,       6.82,      68.21,    224.59,         24.37
         28,          7,    5,         13.98,          3.29,       7.19,      71.92,    236.76,         23.49
         28,          7,    6,         14.27,          3.29,       7.50,      74.97,    246.79,         22.91
         28,          7,    7,         14.51,          3.29,       7.79,      77.89,    256.41,         22.38
         29,          1,    1,          0.23,          3.30,       1.73,      17.28,     57.01,          7.69
         29,          1,    2,          2.29,          3.30,       2.00,      19.99,     65.96,          7.48
         29,          1,    3,          3.78,          3.30,       2.25,      22.47,     74.13,          7.74
         29,          1,    4,          4.86,          3.30,       2.47,      24.71,     81.51,          8.01
         29,          1,    5,          5.68,          3.30,       2.67,      26.73,     88.16,          8.25
         29,          1,    6,          6.37,          3.30,       2.86,      28.59,     94.26,          8.50
         29,          1,    7,          6.92,          3.30,       3.04,      30.39,    100.19,          8.65
         29,          2,    1,          2.23,          3.30,       2.02,      20.18,     66.55,         14.78
         29,          2,    2,          4.08,          3.30,       2.32,      23.21,     76.56,         11.99
         29,          2,    3,          5.39,          3.30,       2.60,      25.98,     85.66,         11.36
         29,          2,    4,          6.38,          3.30,       2.86,      28.57,     94.20,         11.15
         29,          2,    5,          7.15,          3.30,       3.08,      30.81,    101.59,         11.20
         29,          2,    6,          7.79,          3.30,       3.30,      33.03,    108.90,         11.20
         29,          2,    7,          8.32,          3.30,       3.51,      35.10,    115.70,         11.24
         29,          3,    1,          4.89,          3.30,       2.54,      25.40,     83.75,         21.41
         29,          3,    2,          6.57,          3.30,       2.93,      29.34,     96.72,         16.58
         29,          3,    3,          7.74,          3.30,       3.29,      32.87,    108.33,         15.23
         29,          3,    4,          8.57,          3.30,       3.57,      35.72,    117.73,         14.85
         29,          3,    5,          9.20,          3.30,       3.84,      38.34,    126.37,         14.58
         29,          3,    6,          9.70,          3.30,       4.07,      40.69,    134.13,         14.41
         29,          3,    7,         10.12,          3.30,       4.29,      42.91,    141.44,         14.25
         29,          4,    1,          6.95,          3.30,       3.10,      30.93,    101.96,         24.79
         29,          4,    2,          8.38,          3.30,       3.54,      35.37,    116.57,         19.92
         29,          4,    3,          9.32,          3.30,       3.90,      39.02,    128.61,         18.32
         29,          4,    4,         10.01,          3.30,       4.22,      42.13,    138.85,         17.63
         29,          4,    5,         10.55,          3.30,       4.50,      44.99,    148.29,         17.13
         29,          4,    6,         10.99,          3.30,       4.74,      47.44,    156.35,         16.88
         29,          4,    7,         11.35,          3.30,       4.99,      49.84,    164.27,         16.59
         29,          5,    1,          8.98,          3.30,       3.84,      38.43,    126.67,         26.31
         29,          5,    2,         10.30,          3.30,       4.40,      43.92,    144.78,         22.22
         29,          5,    3,         11.15,          3.30,       4.84,      48.42,    159.60,         20.69
         29,          5,    4,         11.74,          3.30,       5.20,      52.01,    171.40,         19.98
         29,          5,    5,         12.20,          3.30,       5.51,      55.13,    181.67,         19.49
         29,          5,    6,         12.55,          3.29,       5.79,      57.87,    190.66,         19.14
         29,          5,    7,         12.85,          3.29,       6.05,      60.44,    199.11,         18.81
         29,          6,    1,         10.55,          3.30,       4.62,      46.16,    152.14,         31.49
         29,          6,    2,         11.74,          3.30,       5.25,      52.45,    172.85,         26.31
         29,          6,    3,         12.45,          3.29,       5.71,      57.07,    188.03,         24.41
         29,          6,    4,         12.94,          3.29,       6.08,      60.78,    200.19,         23.41
         29,          6,    5,         13.32,          3.29,       6.40,      64.04,    210.88,         22.67
         29,          6,    6,         13.62,          3.29,       6.71,      67.05,    220.75,         21.98
         29,          6,    7,         13.89,          3.29,       6.99,      69.89,    230.09,         21.45
         29,          7,    1,         11.72,          3.30,       5.37,      53.72,    177.01,         34.84
         29,          7,    2,         12.88,          3.29,       6.10,      61.04,    201.05,         29.07
         29,          7,    3,         13.56,          3.29,       6.66,      66.64,    219.41,         26.68
         29,          7,    4,         14.05,          3.29,       7.10,      70.96,    233.63,         25.57
         29,          7,    5,         14.42,          3.29,       7.47,      74.73,    246.02,         24.76
         29,          7,    6,         14.71,          3.29,       7.80,      77.96,    256.63,         24.17
         29,          7,    7,         14.95,          3.29,       8.10,      81.00,    266.65,         23.63
         30,          1,    1,          0.36,          3.30,       1.75,      17.53,     57.86,          7.83
         30,          1,    2,          2.42,          3.30,       2.02,      20.25,     66.79,          7.65
         30,          1,    3,          3.92,          3.30,       2.28,      22.76,     75.08,          7.92
         30,          1,    4,          5.01,          3.30,       2.50,      25.02,     82.53,          8.22
         30,          1,    5,          5.84,          3.30,       2.71,      27.07,     89.25,          8.47
         30,          1,    6,          6.54,          3.30,       2.91,      29.02,     95.69,          8.72
         30,          1,    7,          7.11,          3.30,       3.09,      30.85,    101.71,          8.90
         30,          2,    1,          2.42,          3.30,       2.05,      20.49,     67.61,         15.21
         30,          2,    2,          4.25,          3.30,       2.36,      23.58,     77.78,         12.29
         30,          2,    3,          5.56,          3.30,       2.65,      26.46,     87.25,         11.55
         30,          2,    4,          6.56,          3.30,       2.90,      29.01,     95.62,         11.46
         30,          2,    5,          7.34,          3.30,       3.14,      31.38,    103.44,         11.44
         30,          2,    6,          7.98,          3.30,       3.36,      33.58,    110.68,         11.53
         30,          2,    7,          8.52,          3.30,       3.57,      35.70,    117.68,         11.57
         30,          3,    1,          5.15,          3.30,       2.60,      25.94,     85.54,         22.19
         30,          3,    2,          6.81,          3.30,       3.00,      29.99,     98.85,         17.11
         30,          3,    3,          7.99,          3.30,       3.36,      33.61,    110.79,         15.72
         30,          3,    4,          8.83,          3.30,       3.66,      36.58,    120.59,         15.33
         30,          3,    5,          9.47,          3.30,       3.93,      39.28,    129.45,         15.07
         30,          3,    6,          9.98,          3.30,       4.18,      41.79,    137.73,         14.88
         30,          3,    7,         10.41,          3.30,       4.40,      43.99,    145.01,         14.80
         30,          4,    1,          7.24,          3.30,       3.18,      31.82,    104.91,         25.38
         30,          4,    2,          8.67,          3.30,       3.64,      36.38,    119.92,         20.53
         30,          4,    3,          9.62,          3.30,       4.02,      40.13,    132.28,         18.99
         30,          4,    4,         10.32,          3.30,       4.33,      43.36,    142.91,         18.30
         30,          4,    5,         10.86,          3.30,       4.62,      46.22,    152.32,         17.85
         30,          4,    6,         11.30,          3.30,       4.88,      48.83,    160.95,         17.55
         30,          4,    7,         11.68,          3.30,       5.13,      51.32,    169.14,         17.31
         30,          5,    1,          9.32,          3.30,       3.97,      39.72,    130.90,         27.15
         30,          5,    2,         10.65,          3.30,       4.55,      45.50,    149.96,         22.96
         30,          5,    3,         11.51,          3.30,       5.01,      50.08,    165.04,         21.55
         30,          5,    4,         12.10,          3.30,       5.38,      53.77,    177.16,         20.88
         30,          5,    5,         12.56,          3.29,       5.71,      57.08,    188.04,         20.37
         30,          5,    6,         12.93,          3.29,       5.99,      59.91,    197.35,         20.03
         30,          5,    7,         13.24,          3.29,       6.27,      62.68,    206.41,         19.73
         30,          6,    1,         10.93,          3.30,       4.78,      47.84,    157.68,         32.87
         30,          6,    2,         12.14,          3.30,       5.45,      54.48,    179.50,         27.49
         30,          6,    3,         12.85,          3.29,       5.94,      59.37,    195.60,         25.49
         30,          6,    4,         13.35,          3.29,       6.32,      63.17,    208.02,         24.60
         30,          6,    5,         13.74,          3.29,       6.66,      66.63,    219.41,         23.81
         30,          6,    6,         14.05,          3.29,       6.97,      69.72,    229.54,         23.21
         30,          6,    7,         14.33,          3.29,       7.28,      72.75,    239.49,         22.68
         30,          7,    1,         12.14,          3.29,       5.59,      55.90,    184.18,         36.36
         30,          7,    2,         13.31,          3.29,       6.37,      63.70,    209.77,         30.37
         30,          7,    3,         14.01,          3.29,       6.96,      69.57,    229.05,         28.02
         30,          7,    4,         14.50,          3.29,       7.41,      74.09,    243.92,         26.90
         30,          7,    5,         14.88,          3.29,       7.81,      78.06,    256.95,         26.13
         30,          7,    6,         15.17,          3.29,       8.15,      81.45,    268.13,         25.52
         30,          7,    7,         15.43,          3.29,       8.46,      84.63,    278.59,         25.02
         31,          1,    1,          0.48,          3.30,       1.77,      17.70,     58.42,          8.00
         31,          1,    2,          2.55,          3.30,       2.05,      20.44,     67.44,          7.83
         31,          1,    3,          4.04,          3.30,       2.31,      23.07,     76.10,          8.01
         31,          1,    4,          5.14,          3.30,       2.53,      25.33,     83.54,          8.36
         31,          1,    5,          5.99,          3.30,       2.74,      27.44,     90.48,          8.63
         31,          1,    6,          6.69,          3.30,       2.94,      29.45,     97.10,          8.88
         31,          1,    7,          7.27,          3.30,       3.13,      31.26,    103.05,          9.11
         31,          2,    1,          2.59,          3.30,       2.08,      20.79,     68.57,         15.55
         31,          2,    2,          4.42,          3.30,       2.39,      23.89,     78.77,         12.63
         31,          2,    3,          5.71,          3.30,       2.68,      26.83,     88.46,         11.80
         31,          2,    4,          6.71,          3.30,       2.94,      29.41,     96.96,         11.70
         31,          2,    5,          7.50,          3.30,       3.19,      31.85,    104.99,         11.69
         31,          2,    6,          8.16,          3.30,       3.41,      34.09,    112.38,         11.79
         31,          2,    7,          8.71,          3.30,       3.63,      36.25,    119.50,         11.86
         31,          3,    1,          5.36,          3.30,       2.65,      26.49,     87.37,         22.40
         31,          3,    2,          7.03,          3.30,       3.06,      30.57,    100.78,         17.57
         31,          3,    3,          8.22,          3.30,       3.43,      34.32,    113.12,         16.15
         31,          3,    4,          9.06,          3.30,       3.73,      37.35,    123.09,         15.77
         31,          3,    5,          9.71,          3.30,       4.02,      40.19,    132.48,         15.48
         31,          3,    6,         10.24,          3.30,       4.27,      42.72,    140.82,         15.38
         31,          3,    7,         10.68,          3.30,       4.51,      45.07,    148.53,         15.29
         31,          4,    1,          7.52,          3.30,       3.27,      32.62,    107.56,         26.21
         31,          4,    2,          8.95,          3.30,       3.73,      37.31,    122.96,         21.28
         31,          4,    3,          9.89,          3.30,       4.12,      41.17,    135.68,         19.66
         31,          4,    4,         10.61,          3.30,       4.46,      44.58,    146.94,         18.88
         31,          4,    5,         11.15,          3.30,       4.74,      47.46,    156.42,         18.52
         31,          4,    6,         11.61,          3.30,       5.01,      50.13,    165.21,         18.28
         31,          4,    7,         11.99,          3.30,       5.27,      52.75,    173.85,         17.99
         31,          5,    1,          9.63,          3.30,       4.09,      40.92,    134.85,         28.09
         31,          5,    2,         10.97,          3.30,       4.69,      46.86,    154.43,         23.93
         31,          5,    3,         11.84,          3.30,       5.17,      51.73,    170.49,         22.37
         31,          5,    4,         12.44,          3.29,       5.56,      55.60,    183.19,         21.66
         31,          5,    5,         12.92,          3.29,       5.90,      58.98,    194.28,         21.24
         31,          5,    6,         13.29,          3.29,       6.20,      61.95,    204.05,         20.94
         31,          5,    7,         13.61,          3.29,       6.48,      64.78,    213.31,         20.65
         31,          6,    1,         11.28,          3.30,       4.96,      49.54,    163.28,         33.84
         31,          6,    2,         12.51,          3.29,       5.65,      56.48,    186.08,         28.48
         31,          6,    3,         13.23,          3.29,       6.15,      61.51,    202.59,         26.61
         31,          6,    4,         13.74,          3.29,       6.56,      65.63,    216.13,         25.58
         31,          6,    5,         14.13,          3.29,       6.92,      69.21,    227.86,         24.83
         31,          6,    6,         14.46,          3.29,       7.25,      72.42,    238.42,         24.29
         31,          6,    7,         14.74,          3.29,       7.56,      75.54,    248.69,         23.79
         31,          7,    1,         12.52,          3.29,       5.80,      58.02,    191.14,         37.53
         31,          7,    2,         13.71,          3.29,       6.63,      66.29,    218.28,         31.47
         31,          7,    3,         14.43,          3.29,       7.25,      72.50,    238.68,         29.18
         31,          7,    4,         14.92,          3.29,       7.72,      77.19,    254.11,         28.11
         31,          7,    5,         15.31,          3.29,       8.13,      81.35,    267.80,         27.36
         31,          7,    6,         15.61,          3.29,       8.48,      84.83,    279.24,         26.85
         31,          7,    7,         15.87,          3.29,       8.81,      88.06,    289.82,         26.42
         32,          1,    1,          0.59,          3.30,       1.79,      17.96,     59.27,          8.04
         32,          1,    2,          2.64,          3.30,       2.06,      20.64,     68.08,          7.96
         32,          1,    3,          4.16,          3.30,       2.33,      23.31,     76.90,          8.18
         32,          1,    4,          5.27,          3.30,       2.56,      25.61,     84.45,          8.53
         32,          1,    5,          6.12,          3.30,       2.78,      27.79,     91.62,          8.79
         32,          1,    6,          6.85,          3.30,       2.98,      29.81,     98.30,          9.08
         32,          1,    7,          7.43,          3.30,       3.17,      31.73,    104.61,          9.29
         32,          2,    1,          2.77,          3.30,       2.11,      21.12,     69.68,         15.75
         32,          2,    2,          4.57,          3.30,       2.43,      24.26,     80.01,         12.81
         32,          2,    3,          5.87,          3.30,       2.72,      27.18,     89.62,         12.10
         32,          2,    4,          6.88,          3.30,       2.98,      29.83,     98.35,         11.97
         32,          2,    5,          7.67,          3.30,       3.23,      32.34,    106.62,         11.94
         32,          2,    6,          8.34,          3.30,       3.46,      34.55,    113.88,         12.13
         32,          2,    7,          8.90,          3.30,       3.68,      36.83,    121.39,         12.17
         32,          3,    1,          5.60,          3.30,       2.70,      27.02,     89.11,         23.03
         32,          3,    2,          7.25,          3.30,       3.12,      31.19,    102.82,         18.03
         32,          3,    3,          8.45,          3.30,       3.51,      35.05,    115.54,         16.60
         32,          3,    4,          9.30,          3.30,       3.82,      38.21,    125.95,         16.19
         32,          3,    5,          9.96,          3.30,       4.10,      41.06,    135.33,         15.99
         32,          3,    6,         10.51,          3.30,       4.37,      43.70,    144.04,         15.91
         32,          3,    7,         10.96,          3.30,       4.62,      46.18,    152.20,         15.80
         32,          4,    1,          7.80,          3.30,       3.35,      33.46,    110.30,         27.11
         32,          4,    2,          9.24,          3.30,       3.84,      38.38,    126.49,         21.85
         32,          4,    3,         10.19,          3.30,       4.23,      42.34,    139.55,         20.30
         32,          4,    4,         10.91,          3.30,       4.58,      45.76,    150.81,         19.65
         32,          4,    5,         11.45,          3.30,       4.88,      48.73,    160.62,         19.26
         32,          4,    6,         11.92,          3.30,       5.16,      51.58,    170.00,         18.99
         32,          4,    7,         12.31,          3.30,       5.42,      54.22,    178.66,         18.77
         32,          5,    1,          9.96,          3.30,       4.22,      42.23,    139.19,         29.19
         32,          5,    2,         11.31,          3.30,       4.84,      48.40,    159.55,         24.89
         32,          5,    3,         12.19,          3.30,       5.35,      53.50,    176.31,         23.26
         32,          5,    4,         12.80,          3.29,       5.74,      57.43,    189.20,         22.68
         32,          5,    5,         13.28,          3.29,       6.09,      60.97,    200.82,         22.25
         32,          5,    6,         13.66,          3.29,       6.41,      64.14,    211.21,         21.90
         32,          5,    7,         14.00,          3.29,       6.71,      67.13,    221.04,         21.67
         32,          6,    1,         11.66,          3.30,       5.14,      51.38,    169.32,         34.92
         32,          6,    2,         12.89,          3.29,       5.87,      58.70,    193.38,         29.50
         32,          6,    3,         13.62,          3.29,       6.40,      63.96,    210.62,         27.68
         32,          6,    4,         14.15,          3.29,       6.83,      68.26,    224.76,         26.68
         32,          6,    5,         14.55,          3.29,       7.20,      71.99,    236.99,         26.00
         32,          6,    6,         14.87,          3.29,       7.53,      75.35,    248.06,         25.45
         32,          6,    7,         15.17,          3.29,       7.86,      78.58,    258.69,         25.02
         32,          7,    1,         12.92,          3.29,       6.04,      60.38,    198.89,         38.60
         32,          7,    2,         14.14,          3.29,       6.92,      69.14,    227.65,         32.59
         32,          7,    3,         14.86,          3.29,       7.56,      75.60,    248.87,         30.42
         32,          7,    4,         15.37,          3.29,       8.06,      80.57,    265.22,         29.37
         32,          7,    5,         15.76,          3.29,       8.49,      84.87,    279.39,         28.70
         32,          7,    6,         16.07,          3.29,       8.86,      88.55,    291.44,         28.22
         32,          7,    7,         16.33,          3.29,       9.20,      91.98,    302.69,         27.80
         33,          1,    1,          0.70,          3.30,       1.81,      18.09,     59.70,          8.25
         33,          1,    2,          2.75,          3.30,       2.08,      20.80,     68.63,          8.13
         33,          1,    3,          4.28,          3.30,       2.35,      23.50,     77.48,          8.36
         33,          1,    4,          5.39,          3.30,       2.59,      25.84,     85.23,          8.70
         33,          1,    5,          6.27,          3.30,       2.81,      28.11,     92.68,          8.97
         33,          1,    6,          6.99,          3.30,       3.01,      30.13,     99.35,          9.28
         33,          1,    7,          7.59,          3.30,       3.21,      32.06,    105.68,          9.53
         33,          2,    1,          2.93,          3.30,       2.14,      21.41,     70.62,         16.04
         33,          2,    2,          4.73,          3.30,       2.46,      24.56,     81.01,         13.13
         33,          2,    3,          6.02,          3.30,       2.75,      27.50,     90.66,         12.40
         33,          2,    4,          7.02,          3.30,       3.02,      30.20,     99.59,         12.22
         33,          2,    5,          7.83,          3.30,       3.27,      32.70,    107.81,         12.26
         33,          2,    6,          8.49,          3.30,       3.50,      35.04,    115.50,         12.36
         33,          2,    7,          9.07,          3.30,       3.73,      37.32,    123.02,         12.49
         33,          3,    1,          5.80,          3.30,       2.75,      27.48,     90.61,         23.60
         33,          3,    2,          7.47,          3.30,       3.18,      31.83,    104.94,         18.33
         33,          3,    3,          8.67,          3.30,       3.57,      35.75,    117.83,         16.97
         33,          3,    4,          9.52,          3.30,       3.90,      38.96,    128.42,         16.61
         33,          3,    5,         10.20,          3.30,       4.20,      41.97,    138.32,         16.40
         33,          3,    6,         10.75,          3.30,       4.46,      44.64,    147.13,         16.37
         33,          3,    7,         11.21,          3.30,       4.71,      47.13,    155.34,         16.35
         33,          4,    1,          8.07,          3.30,       3.43,      34.28,    113.00,         27.76
         33,          4,    2,          9.51,          3.30,       3.93,      39.30,    129.54,         22.54
         33,          4,    3,         10.47,          3.30,       4.34,      43.37,    142.96,         20.98
         33,          4,    4,         11.18,          3.30,       4.69,      46.89,    154.55,         20.31
         33,          4,    5,         11.74,          3.30,       5.00,      49.99,    164.76,         19.93
         33,          4,    6,         12.21,          3.30,       5.29,      52.91,    174.36,         19.71
         33,          4,    7,         12.60,          3.29,       5.57,      55.65,    183.35,         19.45
         33,          5,    1,         10.28,          3.30,       4.34,      43.43,    143.14,         30.16
         33,          5,    2,         11.64,          3.30,       4.99,      49.91,    164.50,         25.71
         33,          5,    3,         12.52,          3.30,       5.53,      55.23,    181.98,         24.08
         33,          5,    4,         13.14,          3.29,       5.93,      59.30,    195.34,         23.51
         33,          5,    5,         13.62,          3.29,       6.30,      63.00,    207.49,         23.10
         33,          5,    6,         14.01,          3.29,       6.63,      66.27,    218.22,         22.81
         33,          5,    7,         14.35,          3.29,       6.94,      69.38,    228.43,         22.57
         33,          6,    1,         12.01,          3.30,       5.32,      53.19,    175.30,         35.72
         33,          6,    2,         13.27,          3.29,       6.08,      60.80,    200.29,         30.54
         33,          6,    3,         14.00,          3.29,       6.64,      66.36,    218.52,         28.66
         33,          6,    4,         14.53,          3.29,       7.08,      70.79,    233.07,         27.75
         33,          6,    5,         14.93,          3.29,       7.46,      74.60,    245.59,         27.14
         33,          6,    6,         15.27,          3.29,       7.81,      78.14,    257.22,         26.60
         33,          6,    7,         15.57,          3.29,       8.16,      81.54,    268.42,         26.19
         33,          7,    1,         13.30,          3.29,       6.26,      62.62,    206.27,         39.53
         33,          7,    2,         14.54,          3.29,       7.20,      71.93,    236.82,         33.62
         33,          7,    3,         15.28,          3.29,       7.88,      78.75,    259.24,         31.52
         33,          7,    4,         15.79,          3.29,       8.39,      83.89,    276.15,         30.60
         33,          7,    5,         16.19,          3.29,       8.84,      88.37,    290.89,         29.99
         33,          7,    6,         16.50,          3.29,       9.23,      92.27,    303.66,         29.51
         33,          7,    7,         16.77,          3.29,       9.59,      95.86,    315.41,         29.14
         34,          1,    1,          0.82,          3.30,       1.82,      18.25,     60.20,          8.45
         34,          1,    2,          2.85,          3.30,       2.10,      20.97,     69.18,          8.28
         34,          1,    3,          4.37,          3.30,       2.37,      23.68,     78.09,          8.50
         34,          1,    4,          5.50,          3.30,       2.61,      26.09,     86.04,          8.84
         34,          1,    5,          6.38,          3.30,       2.83,      28.33,     93.41,          9.16
         34,          1,    6,          7.11,          3.30,       3.04,      30.41,    100.26,          9.47
         34,          1,    7,          7.72,          3.30,       3.24,      32.40,    106.79,          9.73
         34,          2,    1,          3.11,          3.30,       2.16,      21.64,     71.39,         16.60
         34,          2,    2,          4.87,          3.30,       2.49,      24.88,     82.05,         13.36
         34,          2,    3,          6.18,          3.30,       2.78,      27.83,     91.75,         12.69
         34,          2,    4,          7.18,          3.30,       3.05,      30.53,    100.64,         12.55
         34,          2,    5,          7.97,          3.30,       3.31,      33.14,    109.24,         12.50
         34,          2,    6,          8.65,          3.30,       3.55,      35.45,    116.86,         12.67
         34,          2,    7,          9.23,          3.30,       3.78,      37.79,    124.55,         12.79
         34,          3,    1,          6.02,          3.30,       2.80,      28.00,     92.33,         24.10
         34,          3,    2,          7.68,          3.30,       3.24,      32.40,    106.82,         18.84
         34,          3,    3,          8.89,          3.30,       3.65,      36.45,    120.16,         17.44
         34,          3,    4,          9.75,          3.30,       3.98,      39.80,    131.17,         17.03
         34,          3,    5,         10.43,          3.30,       4.28,      42.81,    141.10,         16.88
         34,          3,    6,         10.99,          3.30,       4.56,      45.59,    150.27,         16.85
         34,          3,    7,         11.46,          3.30,       4.81,      48.12,    158.60,         16.90
         34,          4,    1,          8.35,          3.30,       3.52,      35.14,    115.83,         28.35
         34,          4,    2,          9.79,          3.30,       4.03,      40.33,    132.92,         23.12
         34,          4,    3,         10.75,          3.30,       4.45,      44.51,    146.71,         21.58
         34,          4,    4,         11.47,          3.30,       4.81,      48.08,    158.47,         21.01
         34,          4,    5,         12.02,          3.30,       5.13,      51.28,    169.01,         20.62
         34,          4,    6,         12.50,          3.30,       5.43,      54.33,    179.02,         20.37
         34,          4,    7,         12.90,          3.29,       5.71,      57.13,    188.23,         20.18
         34,          5,    1,         10.59,          3.30,       4.47,      44.76,    147.53,         30.78
         34,          5,    2,         11.97,          3.30,       5.15,      51.54,    169.88,         26.39
         34,          5,    3,         12.86,          3.29,       5.70,      57.01,    187.85,         24.91
         34,          5,    4,         13.48,          3.29,       6.12,      61.22,    201.63,         24.39
         34,          5,    5,         13.97,          3.29,       6.51,      65.13,    214.47,         23.95
         34,          5,    6,         14.36,          3.29,       6.85,      68.51,    225.58,         23.68
         34,          5,    7,         14.70,          3.29,       7.17,      71.67,    235.97,         23.51
         34,          6,    1,         12.36,          3.30,       5.50,      55.00,    181.25,         36.72
         34,          6,    2,         13.64,          3.29,       6.31,      63.05,    207.64,         31.52
         34,          6,    3,         14.38,          3.29,       6.89,      68.93,    226.95,         29.62
         34,          6,    4,         14.91,          3.29,       7.35,      73.49,    241.95,         28.80
         34,          6,    5,         15.32,          3.29,       7.75,      77.46,    255.00,         28.23
         34,          6,    6,         15.66,          3.29,       8.12,      81.16,    267.17,         27.72
         34,          6,    7,         15.97,          3.29,       8.48,      84.76,    279.01,         27.29
         34,          7,    1,         13.68,          3.29,       6.49,      64.95,    213.87,         40.38
         34,          7,    2,         14.94,          3.29,       7.48,      74.76,    246.10,         34.68
         34,          7,    3,         15.69,          3.29,       8.20,      81.99,    269.91,         32.60
         34,          7,    4,         16.20,          3.29,       8.74,      87.35,    287.53,         31.75
         34,          7,    5,         16.61,          3.29,       9.23,      92.27,    303.64,         31.04
         34,          7,    6,         16.92,          3.29,       9.61,      96.08,    316.10,         30.76
         34,          7,    7,         17.19,          3.29,       9.98,      99.79,    328.21,         30.45
         35,          1,    1,          0.91,          3.30,       1.84,      18.38,     60.64,          8.70
         35,          1,    2,          2.93,          3.30,       2.12,      21.17,     69.84,          8.39
         35,          1,    3,          4.48,          3.30,       2.39,      23.92,     78.89,          8.65
         35,          1,    4,          5.60,          3.30,       2.63,      26.36,     86.92,          8.97
         35,          1,    5,          6.51,          3.30,       2.86,      28.61,     94.36,          9.34
         35,          1,    6,          7.25,          3.30,       3.07,      30.70,    101.22,          9.69
         35,          1,    7,          7.87,          3.30,       3.28,      32.77,    108.03,          9.94
         35,          2,    1,          3.28,          3.30,       2.19,      21.97,     72.45,         16.96
         35,          2,    2,          5.04,          3.30,       2.52,      25.20,     83.08,         13.77
         35,          2,    3,          6.33,          3.30,       2.82,      28.26,     93.17,         12.92
         35,          2,    4,          7.33,          3.30,       3.10,      30.95,    102.04,         12.83
         35,          2,    5,          8.14,          3.30,       3.35,      33.56,    110.63,         12.84
         35,          2,    6,          8.82,          3.30,       3.60,      35.94,    118.48,         13.01
         35,          2,    7,          9.40,          3.30,       3.84,      38.41,    126.61,         13.07
         35,          3,    1,          6.26,          3.30,       2.86,      28.56,     94.17,         24.62
         35,          3,    2,          7.91,          3.30,       3.31,      33.14,    109.23,         19.19
         35,          3,    3,          9.14,          3.30,       3.72,      37.23,    122.73,         17.94
         35,          3,    4,         10.00,          3.30,       4.07,      40.69,    134.13,         17.50
         35,          3,    5,         10.68,          3.30,       4.38,      43.82,    144.43,         17.36
         35,          3,    6,         11.25,          3.30,       4.66,      46.67,    153.81,         17.37
         35,          3,    7,         11.73,          3.30,       4.93,      49.31,    162.53,         17.43
         35,          4,    1,          8.66,          3.30,       3.61,      36.13,    119.08,         29.07
         35,          4,    2,         10.10,          3.30,       4.16,      41.56,    136.97,         23.74
         35,          4,    3,         11.06,          3.30,       4.59,      45.89,    151.25,         22.22
         35,          4,    4,         11.78,          3.30,       4.96,      49.55,    163.31,         21.71
         35,          4,    5,         12.35,          3.30,       5.29,      52.86,    174.21,         21.35
         35,          4,    6,         12.82,          3.29,       5.61,      56.08,    184.78,         21.05
         35,          4,    7,         13.23,          3.29,       5.89,      58.87,    193.97,         20.99
         35,          5,    1,         10.95,          3.30,       4.63,      46.30,    152.60,         31.49
         35,          5,    2,         12.33,          3.30,       5.35,      53.47,    176.21,         27.11
         35,          5,    3,         13.24,          3.29,       5.92,      59.22,    195.08,         25.70
         35,          5,    4,         13.86,          3.29,       6.36,      63.63,    209.57,         25.23
         35,          5,    5,         14.35,          3.29,       6.77,      67.66,    222.79,         24.85
         35,          5,    6,         14.76,          3.29,       7.11,      71.12,    234.14,         24.70
         35,          5,    7,         15.10,          3.29,       7.44,      74.41,    244.96,         24.54
         35,          6,    1,         12.75,          3.29,       5.72,      57.18,    188.38,         37.57
         35,          6,    2,         14.04,          3.29,       6.58,      65.78,    216.61,         32.38
         35,          6,    3,         14.80,          3.29,       7.19,      71.95,    236.88,         30.61
         35,          6,    4,         15.33,          3.29,       7.67,      76.64,    252.31,         29.92
         35,          6,    5,         15.74,          3.29,       8.09,      80.89,    266.26,         29.33
         35,          6,    6,         16.09,          3.29,       8.47,      84.66,    278.68,         28.93
         35,          6,    7,         16.40,          3.29,       8.82,      88.19,    290.26,         28.69
         35,          7,    1,         14.09,          3.29,       6.77,      67.68,    222.84,         41.09
         35,          7,    2,         15.38,          3.29,       7.82,      78.16,    257.30,         35.58
         35,          7,    3,         16.14,          3.29,       8.58,      85.77,    282.30,         33.72
         35,          7,    4,         16.66,          3.29,       9.14,      91.42,    300.86,         32.98
         35,          7,    5,         17.07,          3.29,       9.64,      96.38,    317.07,         32.53
         35,          7,    6,         17.38,          3.29,      10.05,     100.50,    330.52,         32.17
         35,          7,    7,         17.66,          3.29,      10.44,     104.41,    343.31,         31.89
         36,          1,    1,          1.02,          3.30,       1.85,      18.55,     61.21,          8.98
         36,          1,    2,          3.03,          3.30,       2.13,      21.30,     70.26,          8.69
         36,          1,    3,          4.57,          3.30,       2.41,      24.07,     79.39,          8.88
         36,          1,    4,          5.69,          3.30,       2.65,      26.53,     87.50,          9.19
         36,          1,    5,          6.62,          3.30,       2.89,      28.87,     95.18,          9.55
         36,          1,    6,          7.36,          3.30,       3.10,      30.98,    102.14,          9.91
         36,          1,    7,          8.00,          3.30,       3.32,      33.14,    109.23,         10.16
         36,          2,    1,          3.44,          3.30,       2.23,      22.26,     73.42,         17.19
         36,          2,    2,          5.18,          3.30,       2.55,      25.52,     84.16,         13.98
         36,          2,    3,          6.48,          3.30,       2.86,      28.59,     94.25,         13.22
         36,          2,    4,          7.47,          3.30,       3.13,      31.32,    103.27,         13.10
         36,          2,    5,          8.29,          3.30,       3.40,      33.95,    111.90,         13.15
         36,          2,    6,          8.97,          3.30,       3.65,      36.45,    120.14,         13.25
         36,          2,    7,          9.57,          3.30,       3.89,      38.90,    128.22,         13.40
         36,          3,    1,          6.48,          3.30,       2.91,      29.12,     96.03,         24.87
         36,          3,    2,          8.14,          3.30,       3.38,      33.77,    111.31,         19.65
         36,          3,    3,          9.38,          3.30,       3.81,      38.11,    125.61,         18.25
         36,          3,    4,         10.24,          3.30,       4.17,      41.65,    137.28,         17.88
         36,          3,    5,         10.94,          3.30,       4.49,      44.85,    147.85,         17.81
         36,          3,    6,         11.51,          3.30,       4.78,      47.73,    157.32,         17.87
         36,          3,    7,         11.99,          3.30,       5.05,      50.52,    166.49,         17.91
         36,          4,    1,          8.95,          3.30,       3.71,      37.19,    122.57,         29.23
         36,          4,    2,         10.40,          3.30,       4.28,      42.77,    140.96,         24.20
         36,          4,    3,         11.36,          3.30,       4.74,      47.36,    156.10,         22.67
         36,          4,    4,         12.09,          3.30,       5.11,      51.07,    168.32,         22.29
         36,          4,    5,         12.66,          3.29,       5.45,      54.50,    179.58,         21.98
         36,          4,    6,         13.13,          3.29,       5.77,      57.66,    189.95,         21.83
         36,          4,    7,         13.54,          3.29,       6.06,      60.63,    199.71,         21.73
         36,          5,    1,         11.27,          3.30,       4.78,      47.83,    157.64,         32.17
         36,          5,    2,         12.68,          3.30,       5.56,      55.60,    183.22,         27.54
         36,          5,    3,         13.59,          3.29,       6.14,      61.41,    202.28,         26.47
         36,          5,    4,         14.21,          3.29,       6.61,      66.14,    217.77,         25.93
         36,          5,    5,         14.72,          3.29,       7.03,      70.31,    231.49,         25.68
         36,          5,    6,         15.12,          3.29,       7.39,      73.92,    243.35,         25.50
         36,          5,    7,         15.47,          3.29,       7.74,      77.34,    254.60,         25.42
         36,          6,    1,         13.12,          3.29,       5.94,      59.37,    195.60,         38.09
         36,          6,    2,         14.42,          3.29,       6.86,      68.58,    225.78,         32.96
         36,          6,    3,         15.18,          3.29,       7.49,      74.94,    246.69,         31.45
         36,          6,    4,         15.72,          3.29,       8.00,      80.00,    263.37,         30.73
         36,          6,    5,         16.14,          3.29,       8.44,      84.37,    277.71,         30.27
         36,          6,    6,         16.49,          3.29,       8.84,      88.39,    290.91,         29.89
         36,          6,    7,         16.80,          3.29,       9.20,      91.95,    302.56,         29.79
         36,          7,    1,         14.47,          3.29,       7.04,      70.38,    231.70,         41.41
         36,          7,    2,         15.78,          3.29,       8.16,      81.62,    268.69,         36.20
         36,          7,    3,         16.56,          3.29,       8.96,      89.54,    294.70,         34.67
         36,          7,    4,         17.08,          3.29,       9.56,      95.61,    314.56,         33.94
         36,          7,    5,         17.50,          3.29,      10.07,     100.71,    331.27,         33.61
         36,          7,    6,         17.82,          3.29,      10.50,     104.97,    345.19,         33.39
         36,          7,    7,         18.09,          3.29,      10.91,     109.08,    358.66,         33.14
         37,          1,    1,          6.16,          3.30,       2.70,      27.02,     89.12,         51.60
         37,          1,    2,          6.88,          3.30,       2.90,      28.97,     95.52,         33.85
         37,          1,    3,          7.39,          3.30,       3.05,      30.49,    100.52,         28.25
         37,          1,    4,          7.66,          3.30,       3.15,      31.43,    103.64,         25.87
         37,          1,    5,          7.87,          3.30,       3.23,      32.29,    106.45,         24.17
         37,          1,    6,          8.02,          3.30,       3.29,      32.89,    108.41,         23.20
         37,          1,    7,          8.13,          3.30,       3.34,      33.39,    110.07,         22.44
         37,          2,    1,          7.85,          3.30,       3.19,      31.91,    105.18,         34.20
         37,          2,    2,          8.58,          3.30,       3.43,      34.26,    112.94,         28.19
         37,          2,    3,          9.00,          3.30,       3.59,      35.88,    118.26,         25.71
         37,          2,    4,          9.25,          3.30,       3.69,      36.93,    121.72,         24.45
         37,          2,    5,          9.45,          3.30,       3.79,      37.87,    124.80,         23.51
         37,          2,    6,          9.60,          3.30,       3.87,      38.67,    127.46,         22.73
         37,          2,    7,          9.74,          3.30,       3.94,      39.42,    129.93,         22.14
         37,          3,    1,          9.78,          3.30,       3.92,      39.17,    129.11,         30.66
         37,          3,    2,         10.72,          3.30,       4.33,      43.22,    142.45,         26.59
         37,          3,    3,         11.31,          3.30,       4.62,      46.23,    152.37,         24.92
         37,          3,    4,         11.64,          3.30,       4.80,      47.99,    158.16,         24.30
         37,          3,    5,         11.93,          3.30,       4.97,      49.63,    163.58,         23.82
         37,          3,    6,         12.11,          3.30,       5.08,      50.80,    167.41,         23.44
         37,          3,    7,         12.27,          3.30,       5.19,      51.92,    171.10,         23.11
         37,          4,    1,         11.49,          3.30,       4.77,      47.65,    157.04,         33.64
         37,          4,    2,         12.46,          3.30,       5.31,      53.02,    174.71,         29.60
         37,          4,    3,         13.01,          3.29,       5.64,      56.43,    185.92,         28.23
         37,          4,    4,         13.31,          3.29,       5.86,      58.65,    193.22,         27.46
         37,          4,    5,         13.55,          3.29,       6.03,      60.26,    198.52,         27.16
         37,          4,    6,         13.71,          3.29,       6.15,      61.53,    202.66,         26.88
         37,          4,    7,         13.87,          3.29,       6.28,      62.78,    206.77,         26.59
         37,          5,    1,         13.05,          3.29,       5.80,      58.01,    191.09,         37.15
         37,          5,    2,         14.15,          3.29,       6.58,      65.81,    216.70,         32.54
         37,          5,    3,         14.79,          3.29,       7.08,      70.80,    233.08,         31.28
         37,          5,    4,         15.16,          3.29,       7.41,      74.08,    243.88,         30.60
         37,          5,    5,         15.46,          3.29,       7.69,      76.91,    253.18,         30.17
         37,          5,    6,         15.66,          3.29,       7.89,      78.95,    259.92,         29.90
         37,          5,    7,         15.84,          3.29,       8.08,      80.81,    266.03,         29.69
         37,          6,    1,         14.36,          3.29,       6.92,      69.17,    227.72,         38.84
         37,          6,    2,         15.57,          3.29,       7.90,      79.03,    260.18,         35.09
         37,          6,    3,         16.21,          3.29,       8.52,      85.17,    280.37,         33.99
         37,          6,    4,         16.58,          3.29,       8.92,      89.21,    293.64,         33.40
         37,          6,    5,         16.85,          3.29,       9.22,      92.17,    303.34,         33.21
         37,          6,    6,         17.04,          3.29,       9.44,      94.43,    310.71,         33.01
         37,          6,    7,         17.21,          3.29,       9.64,      96.36,    316.99,         32.96
         37,          7,    1,         15.40,          3.29,       7.96,      79.56,    261.92,         39.80
         37,          7,    2,         16.70,          3.29,       9.20,      91.95,    302.59,         36.63
         37,          7,    3,         17.43,          3.29,       9.98,      99.83,    328.34,         36.04
         37,          7,    4,         17.82,          3.29,      10.47,     104.73,    344.43,         35.70
         37,          7,    5,         18.15,          3.29,      10.88,     108.79,    357.72,         35.68
         37,          7,    6,         18.35,          3.29,      11.16,     111.64,    367.08,         35.55
         37,          7,    7,         18.54,          3.29,      11.43,     114.31,    375.84,         35.52
         38,          1,    1,          6.22,          3.30,       2.72,      27.21,     89.72,         52.37
         38,          1,    2,          6.97,          3.30,       2.93,      29.32,     96.65,         33.35
         38,          1,    3,          7.48,          3.30,       3.09,      30.89,    101.83,         27.82
         38,          1,    4,          7.75,          3.30,       3.19,      31.88,    105.08,         25.51
         38,          1,    5,          7.98,          3.30,       3.26,      32.64,    107.58,         24.30
         38,          1,    6,          8.11,          3.30,       3.33,      33.27,    109.65,         23.20
         38,          1,    7,          8.24,          3.30,       3.39,      33.88,    111.70,         22.25
         38,          2,    1,          7.98,          3.30,       3.23,      32.30,    106.47,         33.63
         38,          2,    2,          8.73,          3.30,       3.49,      34.87,    114.96,         27.49
         38,          2,    3,          9.16,          3.30,       3.66,      36.56,    120.54,         25.16
         38,          2,    4,          9.41,          3.30,       3.75,      37.51,    123.65,         24.34
         38,          2,    5,          9.62,          3.30,       3.86,      38.61,    127.25,         23.19
         38,          2,    6,          9.76,          3.30,       3.93,      39.29,    129.53,         22.68
         38,          2,    7,          9.92,          3.30,       4.01,      40.10,    132.18,         22.10
         38,          3,    1,          9.97,          3.30,       4.00,      39.99,    131.83,         30.57
         38,          3,    2,         10.92,          3.30,       4.42,      44.22,    145.75,         26.59
         38,          3,    3,         11.53,          3.30,       4.74,      47.40,    156.23,         24.98
         38,          3,    4,         11.88,          3.30,       4.93,      49.37,    162.70,         24.33
         38,          3,    5,         12.17,          3.30,       5.11,      51.11,    168.46,         23.85
         38,          3,    6,         12.36,          3.30,       5.24,      52.37,    172.58,         23.49
         38,          3,    7,         12.53,          3.30,       5.37,      53.62,    176.70,         23.16
         38,          4,    1,         11.73,          3.30,       4.90,      48.95,    161.34,         33.67
         38,          4,    2,         12.72,          3.30,       5.47,      54.77,    180.48,         29.55
         38,          4,    3,         13.28,          3.29,       5.85,      58.54,    192.84,         28.10
         38,          4,    4,         13.59,          3.29,       6.08,      60.77,    200.18,         27.53
         38,          4,    5,         13.83,          3.29,       6.27,      62.66,    206.34,         27.06
         38,          4,    6,         14.00,          3.29,       6.40,      63.96,    210.63,         26.89
         38,          4,    7,         14.16,          3.29,       6.53,      65.28,    214.97,         26.63
         38,          5,    1,         13.34,          3.29,       5.99,      59.94,    197.44,         36.88
         38,          5,    2,         14.47,          3.29,       6.83,      68.30,    224.86,         32.54
         38,          5,    3,         15.10,          3.29,       7.39,      73.85,    243.10,         31.07
         38,          5,    4,         15.48,          3.29,       7.74,      77.35,    254.63,         30.52
         38,          5,    5,         15.78,          3.29,       8.06,      80.60,    265.30,         29.96
         38,          5,    6,         15.98,          3.29,       8.27,      82.67,    272.13,         29.77
         38,          5,    7,         16.17,          3.29,       8.48,      84.79,    279.12,         29.53
         38,          6,    1,         14.69,          3.29,       7.15,      71.53,    235.50,         39.00
         38,          6,    2,         15.92,          3.29,       8.24,      82.41,    271.30,         35.12
         38,          6,    3,         16.56,          3.29,       8.90,      89.00,    292.93,         34.10
         38,          6,    4,         16.94,          3.29,       9.34,      93.40,    307.37,         33.55
         38,          6,    5,         17.20,          3.29,       9.66,      96.61,    317.81,         33.28
         38,          6,    6,         17.40,          3.29,       9.92,      99.20,    326.32,         33.04
         38,          6,    7,         17.56,          3.29,      10.12,     101.19,    332.80,         32.98
         38,          7,    1,         15.75,          3.29,       8.23,      82.33,    271.02,         40.13
         38,          7,    2,         17.09,          3.29,       9.58,      95.82,    315.21,         37.11
         38,          7,    3,         17.82,          3.29,      10.42,     104.23,    342.72,         36.65
         38,          7,    4,         18.22,          3.29,      10.96,     109.57,    360.28,         36.29
         38,          7,    5,         18.54,          3.29,      11.41,     114.04,    374.97,         36.20
         38,          7,    6,         18.75,          3.29,      11.71,     117.13,    385.11,         36.07
         38,          7,    7,         18.94,          3.29,      12.00,     119.96,    394.41,         36.12
         39,          1,    1,          6.27,          3.30,       2.74,      27.42,     90.44,         48.87
         39,          1,    2,          7.04,          3.30,       2.94,      29.39,     96.89,         33.46
         39,          1,    3,          7.58,          3.30,       3.11,      31.13,    102.64,         27.43
         39,          1,    4,          7.86,          3.30,       3.21,      32.05,    105.66,         25.58
         39,          1,    5,          8.09,          3.30,       3.30,      32.97,    108.67,         23.97
         39,          1,    6,          8.25,          3.30,       3.37,      33.66,    110.97,         22.87
         39,          1,    7,          8.36,          3.30,       3.42,      34.25,    112.89,         22.03
         39,          2,    1,          8.12,          3.30,       3.28,      32.79,    108.09,         32.85
         39,          2,    2,          8.88,          3.30,       3.53,      35.31,    116.40,         27.55
         39,          2,    3,          9.34,          3.30,       3.70,      37.02,    122.04,         25.46
         39,          2,    4,          9.58,          3.30,       3.83,      38.32,    126.33,         23.92
         39,          2,    5,          9.80,          3.30,       3.93,      39.32,    129.60,         23.15
         39,          2,    6,          9.95,          3.30,       4.01,      40.13,    132.28,         22.50
         39,          2,    7,         10.11,          3.30,       4.09,      40.91,    134.83,         22.04
         39,          3,    1,         10.17,          3.30,       4.09,      40.96,    135.00,         29.53
         39,          3,    2,         11.13,          3.30,       4.55,      45.47,    149.87,         25.91
         39,          3,    3,         11.77,          3.30,       4.90,      48.96,    161.36,         24.40
         39,          3,    4,         12.12,          3.30,       5.11,      51.12,    168.48,         23.70
         39,          3,    5,         12.42,          3.30,       5.30,      52.97,    174.55,         23.34
         39,          3,    6,         12.62,          3.30,       5.44,      54.37,    179.16,         23.01
         39,          3,    7,         12.79,          3.30,       5.57,      55.66,    183.40,         22.74
         39,          4,    1,         11.99,          3.30,       5.06,      50.63,    166.87,         33.00
         39,          4,    2,         13.01,          3.29,       5.69,      56.88,    187.42,         29.20
         39,          4,    3,         13.56,          3.29,       6.08,      60.83,    200.37,         27.91
         39,          4,    4,         13.89,          3.29,       6.35,      63.48,    209.07,         27.19
         39,          4,    5,         14.13,          3.29,       6.56,      65.58,    215.96,         26.67
         39,          4,    6,         14.31,          3.29,       6.70,      67.03,    220.70,         26.49
         39,          4,    7,         14.46,          3.29,       6.86,      68.58,    225.80,         26.16
         39,          5,    1,         13.67,          3.29,       6.23,      62.28,    205.12,         36.65
         39,          5,    2,         14.82,          3.29,       7.14,      71.40,    235.06,         32.49
         39,          5,    3,         15.47,          3.29,       7.75,      77.51,    255.15,         31.00
         39,          5,    4,         15.85,          3.29,       8.16,      81.54,    268.44,         30.28
         39,          5,    5,         16.15,          3.29,       8.50,      84.98,    279.73,         29.83
         39,          5,    6,         16.35,          3.29,       8.74,      87.43,    287.74,         29.56
         39,          5,    7,         16.53,          3.29,       8.97,      89.64,    295.06,         29.30
         39,          6,    1,         15.06,          3.29,       7.44,      74.39,    244.88,         38.80
         39,          6,    2,         16.32,          3.29,       8.64,      86.41,    284.43,         35.08
         39,          6,    3,         16.96,          3.29,       9.40,      93.94,    309.04,         33.82
         39,          6,    4,         17.33,          3.29,       9.87,      98.67,    324.58,         33.37
         39,          6,    5,         17.60,          3.29,      10.24,     102.38,    336.72,         32.97
         39,          6,    6,         17.79,          3.29,      10.51,     105.09,    345.59,         32.79
         39,          6,    7,         17.94,          3.29,      10.75,     107.46,    353.36,         32.61
         39,          7,    1,         16.13,          3.29,       8.56,      85.64,    281.89,         40.12
         39,          7,    2,         17.51,          3.29,      10.04,     100.40,    330.21,         37.39
         39,          7,    3,         18.24,          3.29,      10.98,     109.75,    360.88,         36.81
         39,          7,    4,         18.64,          3.29,      11.57,     115.69,    380.41,         36.44
         39,          7,    5,         18.97,          3.29,      12.06,     120.50,    396.21,         36.38
         39,          7,    6,         19.17,          3.29,      12.40,     124.00,    407.65,         36.23
         39,          7,    7,         19.36,          3.29,      12.71,     127.09,    417.78,         36.27
         40,          1,    1,          6.33,          3.30,       2.76,      27.55,     90.84,         47.12
         40,          1,    2,          7.11,          3.30,       2.97,      29.71,     97.94,         31.68
         40,          1,    3,          7.67,          3.30,       3.13,      31.30,    103.19,         27.25
         40,          1,    4,          7.96,          3.30,       3.24,      32.35,    106.65,         25.08
         40,          1,    5,          8.20,          3.30,       3.33,      33.29,    109.75,         23.58
         40,          1,    6,          8.35,          3.30,       3.39,      33.90,    111.75,         22.76
         40,          1,    7,          8.48,          3.30,       3.46,      34.57,    113.96,         21.86
         40,          2,    1,          8.23,          3.30,       3.32,      33.14,    109.25,         31.59
         40,          2,    2,          9.01,          3.30,       3.60,      35.95,    118.50,         26.26
         40,          2,    3,          9.48,          3.30,       3.78,      37.80,    124.59,         24.35
         40,          2,    4,          9.74,          3.30,       3.90,      39.02,    128.61,         23.28
         40,          2,    5,          9.97,          3.30,       4.00,      40.02,    131.90,         22.70
         40,          2,    6,         10.12,          3.30,       4.09,      40.92,    134.87,         22.04
         40,          2,    7,         10.29,          3.30,       4.18,      41.85,    137.94,         21.49
         40,          3,    1,         10.35,          3.30,       4.19,      41.89,    138.09,         28.95
         40,          3,    2,         11.34,          3.30,       4.68,      46.82,    154.32,         25.37
         40,          3,    3,         11.98,          3.30,       5.06,      50.66,    166.95,         23.82
         40,          3,    4,         12.34,          3.30,       5.30,      52.97,    174.57,         23.21
         40,          3,    5,         12.65,          3.30,       5.50,      55.02,    181.29,         22.81
         40,          3,    6,         12.84,          3.29,       5.64,      56.40,    185.83,         22.59
         40,          3,    7,         13.02,          3.29,       5.77,      57.74,    190.22,         22.39
         40,          4,    1,         12.24,          3.30,       5.23,      52.34,    172.47,         32.30
         40,          4,    2,         13.30,          3.29,       5.95,      59.44,    195.82,         28.38
         40,          4,    3,         13.86,          3.29,       6.38,      63.75,    209.95,         27.21
         40,          4,    4,         14.19,          3.29,       6.65,      66.48,    218.92,         26.68
         40,          4,    5,         14.43,          3.29,       6.89,      68.86,    226.71,         26.13
         40,          4,    6,         14.61,          3.29,       7.04,      70.43,    231.87,         25.97
         40,          4,    7,         14.76,          3.29,       7.22,      72.15,    237.53,         25.60
         40,          5,    1,         13.99,          3.29,       6.49,      64.88,    213.66,         36.01
         40,          5,    2,         15.18,          3.29,       7.52,      75.15,    247.38,         31.91
         40,          5,    3,         15.83,          3.29,       8.20,      81.96,    269.80,         30.44
         40,          5,    4,         16.22,          3.29,       8.64,      86.39,    284.36,         29.85
         40,          5,    5,         16.52,          3.29,       9.02,      90.16,    296.72,         29.40
         40,          5,    6,         16.73,          3.29,       9.29,      92.87,    305.61,         29.12
         40,          5,    7,         16.91,          3.29,       9.54,      95.40,    313.90,         28.87
         40,          6,    1,         15.40,          3.29,       7.76,      77.62,    255.51,         38.21
         40,          6,    2,         16.70,          3.29,       9.10,      91.02,    299.57,         34.72
         40,          6,    3,         17.35,          3.29,       9.94,      99.38,    326.89,         33.49
         40,          6,    4,         17.73,          3.29,      10.48,     104.74,    344.43,         33.03
         40,          6,    5,         18.00,          3.29,      10.88,     108.78,    357.67,         32.68
         40,          6,    6,         18.19,          3.29,      11.18,     111.83,    367.70,         32.47
         40,          6,    7,         18.34,          3.29,      11.44,     114.42,    376.21,         32.28
         40,          7,    1,         16.48,          3.29,       8.86,      88.64,    291.76,         40.48
         40,          7,    2,         17.90,          3.29,      10.54,     105.43,    346.69,         37.45
         40,          7,    3,         18.64,          3.29,      11.55,     115.47,    379.68,         36.98
         40,          7,    4,         19.04,          3.29,      12.22,     122.21,    401.80,         36.49
         40,          7,    5,         19.35,          3.29,      12.76,     127.62,    419.51,         36.29
         40,          7,    6,         19.56,          3.29,      13.16,     131.56,    432.38,         36.10
         40,          7,    7,         19.75,          3.29,      13.50,     135.00,    443.54,         36.06
         41,          1,    1,          6.37,          3.30,       2.76,      27.59,     90.97,         46.85
         41,          1,    2,          7.16,          3.30,       2.98,      29.82,     98.32,         31.30
         41,          1,    3,          7.75,          3.30,       3.17,      31.70,    104.51,         26.10
         41,          1,    4,          8.04,          3.30,       3.27,      32.69,    107.75,         24.45
         41,          1,    5,          8.30,          3.30,       3.37,      33.74,    111.22,         22.93
         41,          1,    6,          8.46,          3.30,       3.43,      34.32,    113.12,         22.32
         41,          1,    7,          8.60,          3.30,       3.50,      35.01,    115.40,         21.48
         41,          2,    1,          8.34,          3.30,       3.37,      33.71,    111.12,         30.40
         41,          2,    2,          9.13,          3.30,       3.66,      36.62,    120.71,         25.55
         41,          2,    3,          9.61,          3.30,       3.85,      38.51,    126.94,         23.88
         41,          2,    4,          9.88,          3.30,       3.98,      39.76,    131.05,         22.96
         41,          2,    5,         10.12,          3.30,       4.09,      40.92,    134.85,         22.25
         41,          2,    6,         10.28,          3.30,       4.19,      41.92,    138.18,         21.56
         41,          2,    7,         10.46,          3.30,       4.27,      42.75,    140.92,         21.28
         41,          3,    1,         10.55,          3.30,       4.32,      43.22,    142.46,         27.76
         41,          3,    2,         11.55,          3.30,       4.86,      48.55,    160.03,         24.46
         41,          3,    3,         12.22,          3.30,       5.26,      52.57,    173.28,         23.26
         41,          3,    4,         12.58,          3.30,       5.52,      55.23,    182.00,         22.53
         41,          3,    5,         12.89,          3.29,       5.74,      57.39,    189.07,         22.25
         41,          3,    6,         13.08,          3.29,       5.89,      58.94,    194.16,         21.96
         41,          3,    7,         13.26,          3.29,       6.04,      60.38,    198.91,         21.77
         41,          4,    1,         12.53,          3.30,       5.45,      54.47,    179.48,         31.69
         41,          4,    2,         13.62,          3.29,       6.23,      62.31,    205.24,         27.96
         41,          4,    3,         14.19,          3.29,       6.70,      67.01,    220.63,         26.86
         41,          4,    4,         14.53,          3.29,       7.02,      70.27,    231.36,         26.18
         41,          4,    5,         14.77,          3.29,       7.27,      72.65,    239.19,         25.81
         41,          4,    6,         14.95,          3.29,       7.45,      74.51,    245.29,         25.55
         41,          4,    7,         15.10,          3.29,       7.63,      76.25,    251.03,         25.27
         41,          5,    1,         14.34,          3.29,       6.80,      67.92,    223.64,         35.28
         41,          5,    2,         15.55,          3.29,       7.90,      78.96,    259.93,         31.70
         41,          5,    3,         16.24,          3.29,       8.69,      86.87,    285.94,         30.20
         41,          5,    4,         16.63,          3.29,       9.15,      91.48,    301.05,         29.80
         41,          5,    5,         16.94,          3.29,       9.61,      96.05,    315.96,         29.22
         41,          5,    6,         17.14,          3.29,       9.89,      98.90,    325.29,         29.01
         41,          5,    7,         17.33,          3.29,      10.18,     101.78,    334.74,         28.73
         41,          6,    1,         15.76,          3.29,       8.14,      81.38,    267.89,         37.45
         41,          6,    2,         17.09,          3.29,       9.58,      95.76,    315.02,         34.63
         41,          6,    3,         17.77,          3.29,      10.54,     105.43,    346.70,         33.37
         41,          6,    4,         18.16,          3.29,      11.09,     110.94,    364.76,         33.10
         41,          6,    5,         18.43,          3.29,      11.61,     116.03,    381.50,         32.54
         41,          6,    6,         18.62,          3.29,      11.92,     119.14,    391.72,         32.45
         41,          6,    7,         18.78,          3.29,      12.24,     122.41,    402.44,         32.13
         41,          7,    1,         16.81,          3.29,       9.24,      92.34,    303.87,         39.98
         41,          7,    2,         18.30,          3.29,      11.09,     110.83,    364.40,         37.38
         41,          7,    3,         19.03,          3.29,      12.23,     122.30,    402.09,         36.63
         41,          7,    4,         19.45,          3.29,      12.98,     129.77,    426.52,         36.31
         41,          7,    5,         19.76,          3.29,      13.59,     135.87,    446.38,         36.03
         41,          7,    6,         19.97,          3.28,      14.01,     140.12,    460.24,         35.88
         41,          7,    7,         20.14,          3.28,      14.41,     144.08,    473.17,         35.70
         42,          1,    1,          6.39,          3.30,       2.79,      27.91,     92.05,         41.39
         42,          1,    2,          7.20,          3.30,       3.02,      30.20,     99.59,         29.05
         42,          1,    3,          7.81,          3.30,       3.21,      32.10,    105.82,         24.83
         42,          1,    4,          8.10,          3.30,       3.32,      33.14,    109.26,         23.30
         42,          1,    5,          8.39,          3.30,       3.41,      34.12,    112.47,         22.29
         42,          1,    6,          8.55,          3.30,       3.50,      34.96,    115.22,         21.24
         42,          1,    7,          8.69,          3.30,       3.56,      35.59,    117.31,         20.65
         42,          2,    1,          8.45,          3.30,       3.44,      34.40,    113.42,         28.85
         42,          2,    2,          9.27,          3.30,       3.75,      37.53,    123.71,         24.45
         42,          2,    3,          9.75,          3.30,       3.97,      39.69,    130.81,         22.68
         42,          2,    4,         10.03,          3.30,       4.09,      40.92,    134.88,         22.03
         42,          2,    5,         10.27,          3.30,       4.22,      42.23,    139.18,         21.27
         42,          2,    6,         10.44,          3.30,       4.31,      43.11,    142.11,         20.91
         42,          2,    7,         10.62,          3.30,       4.41,      44.12,    145.42,         20.52
         42,          3,    1,         10.80,          3.30,       4.48,      44.81,    147.71,         26.96
         42,          3,    2,         11.84,          3.30,       5.08,      50.77,    167.31,         23.82
         42,          3,    3,         12.52,          3.30,       5.54,      55.33,    182.32,         22.56
         42,          3,    4,         12.89,          3.29,       5.81,      58.08,    191.37,         22.03
         42,          3,    5,         13.21,          3.29,       6.08,      60.75,    200.11,         21.60
         42,          3,    6,         13.40,          3.29,       6.25,      62.46,    205.70,         21.32
         42,          3,    7,         13.58,          3.29,       6.40,      63.97,    210.67,         21.20
         42,          4,    1,         12.90,          3.29,       5.75,      57.52,    189.51,         30.90
         42,          4,    2,         14.01,          3.29,       6.57,      65.70,    216.34,         27.96
         42,          4,    3,         14.61,          3.29,       7.12,      71.17,    234.29,         26.78
         42,          4,    4,         14.96,          3.29,       7.49,      74.84,    246.37,         26.11
         42,          4,    5,         15.23,          3.29,       7.79,      77.85,    256.26,         25.65
         42,          4,    6,         15.41,          3.29,       8.00,      80.04,    263.49,         25.33
         42,          4,    7,         15.57,          3.29,       8.23,      82.26,    270.79,         24.97
         42,          5,    1,         14.74,          3.29,       7.16,      71.53,    235.49,         35.30
         42,          5,    2,         15.97,          3.29,       8.32,      83.24,    274.02,         32.18
         42,          5,    3,         16.64,          3.29,       9.11,      91.11,    299.82,         31.04
         42,          5,    4,         17.06,          3.29,       9.65,      96.48,    317.43,         30.53
         42,          5,    5,         17.37,          3.29,      10.12,     101.19,    332.81,         30.02
         42,          5,    6,         17.59,          3.29,      10.46,     104.57,    343.88,         29.78
         42,          5,    7,         17.78,          3.29,      10.77,     107.75,    354.30,         29.50
         42,          6,    1,         16.21,          3.29,       8.63,      86.28,    284.01,         36.87
         42,          6,    2,         17.54,          3.29,      10.12,     101.23,    332.90,         34.96
         42,          6,    3,         18.21,          3.29,      11.09,     110.84,    364.44,         34.16
         42,          6,    4,         18.61,          3.29,      11.72,     117.18,    385.28,         33.83
         42,          6,    5,         18.89,          3.29,      12.23,     122.24,    401.92,         33.47
         42,          6,    6,         19.09,          3.29,      12.61,     126.06,    414.38,         33.28
         42,          6,    7,         19.25,          3.29,      12.94,     129.38,    425.25,         33.02
         42,          7,    1,         17.22,          3.29,       9.71,      97.11,    319.48,         39.41
         42,          7,    2,         18.73,          3.29,      11.68,     116.85,    384.18,         37.61
         42,          7,    3,         19.49,          3.29,      13.05,     130.50,    428.90,         36.61
         42,          7,    4,         19.91,          3.29,      13.78,     137.75,    452.53,         36.71
         42,          7,    5,         20.23,          3.28,      14.49,     144.91,    475.90,         36.32
         42,          7,    6,         20.43,          3.28,      14.93,     149.34,    490.43,         36.23
         42,          7,    7,         20.61,          3.28,      15.42,     154.20,    506.37,         35.93
         43,          1,    1,          6.41,          3.30,       2.81,      28.04,     92.47,         40.17
         43,          1,    2,          7.23,          3.30,       3.06,      30.54,    100.72,         27.63
         43,          1,    3,          7.86,          3.30,       3.25,      32.45,    106.96,         24.04
         43,          1,    4,          8.18,          3.30,       3.37,      33.72,    111.18,         22.19
         43,          1,    5,          8.46,          3.30,       3.47,      34.70,    114.39,         21.36
         43,          1,    6,          8.62,          3.30,       3.56,      35.57,    117.25,         20.41
         43,          1,    7,          8.77,          3.30,       3.61,      36.09,    118.97,         20.13
         43,          2,    1,          8.59,          3.30,       3.52,      35.18,    115.94,         27.58
         43,          2,    2,          9.43,          3.30,       3.87,      38.68,    127.50,         23.20
         43,          2,    3,          9.92,          3.30,       4.09,      40.87,    134.72,         21.81
         43,          2,    4,         10.20,          3.30,       4.24,      42.38,    139.67,         20.95
         43,          2,    5,         10.44,          3.30,       4.37,      43.73,    144.13,         20.34
         43,          2,    6,         10.62,          3.30,       4.48,      44.83,    147.75,         19.87
         43,          2,    7,         10.79,          3.30,       4.60,      45.97,    151.50,         19.42
         43,          3,    1,         11.09,          3.30,       4.70,      47.00,    154.91,         25.80
         43,          3,    2,         12.16,          3.30,       5.32,      53.22,    175.38,         23.40
         43,          3,    3,         12.89,          3.29,       5.87,      58.72,    193.45,         22.03
         43,          3,    4,         13.27,          3.29,       6.16,      61.62,    202.94,         21.69
         43,          3,    5,         13.61,          3.29,       6.48,      64.76,    213.26,         21.24
         43,          3,    6,         13.80,          3.29,       6.67,      66.65,    219.47,         20.97
         43,          3,    7,         13.99,          3.29,       6.87,      68.71,    226.21,         20.68
         43,          4,    1,         13.20,          3.29,       5.94,      59.42,    195.76,         32.00
         43,          4,    2,         14.33,          3.29,       6.82,      68.26,    224.75,         28.76
         43,          4,    3,         14.95,          3.29,       7.41,      74.06,    243.81,         27.55
         43,          4,    4,         15.32,          3.29,       7.82,      78.19,    257.39,         26.83
         43,          4,    5,         15.60,          3.29,       8.14,      81.43,    268.07,         26.38
         43,          4,    6,         15.81,          3.29,       8.42,      84.20,    277.15,         25.96
         43,          4,    7,         15.98,          3.29,       8.66,      86.65,    285.21,         25.60
         43,          5,    1,         15.07,          3.29,       7.41,      74.08,    243.89,         36.78
         43,          5,    2,         16.33,          3.29,       8.67,      86.70,    285.39,         33.34
         43,          5,    3,         17.01,          3.29,       9.50,      95.00,    312.57,         32.21
         43,          5,    4,         17.44,          3.29,      10.08,     100.85,    331.64,         31.68
         43,          5,    5,         17.75,          3.29,      10.59,     105.84,    348.02,         31.15
         43,          5,    6,         17.98,          3.29,      10.97,     109.70,    360.69,         30.78
         43,          5,    7,         18.17,          3.29,      11.31,     113.07,    371.75,         30.51
         43,          6,    1,         16.57,          3.29,       8.96,      89.63,    294.98,         37.94
         43,          6,    2,         17.93,          3.29,      10.59,     105.90,    348.22,         35.91
         43,          6,    3,         18.61,          3.29,      11.61,     116.05,    381.56,         35.19
         43,          6,    4,         19.02,          3.29,      12.29,     122.88,    404.01,         34.87
         43,          6,    5,         19.31,          3.29,      12.82,     128.19,    421.38,         34.62
         43,          6,    6,         19.51,          3.29,      13.24,     132.40,    435.05,         34.39
         43,          6,    7,         19.67,          3.28,      13.60,     136.01,    446.81,         34.16
         43,          7,    1,         17.66,          3.29,      10.28,     102.78,    338.00,         38.84
         43,          7,    2,         19.15,          3.29,      12.34,     123.42,    405.75,         37.78
         43,          7,    3,         19.92,          3.29,      13.70,     136.96,    449.95,         37.47
         43,          7,    4,         20.35,          3.28,      14.55,     145.52,    477.88,         37.36
         43,          7,    5,         20.66,          3.28,      15.24,     152.37,    500.39,         37.26
         43,          7,    6,         20.87,          3.28,      15.77,     157.67,    517.76,         37.04
         43,          7,    7,         21.05,          3.28,      16.24,     162.39,    533.22,         36.90
         44,          1,    1,          6.44,          3.30,       2.85,      28.49,     93.95,         36.30
         44,          1,    2,          7.30,          3.30,       3.11,      31.05,    102.37,         26.11
         44,          1,    3,          7.92,          3.30,       3.31,      33.11,    109.16,         22.64
         44,          1,    4,          8.25,          3.30,       3.44,      34.42,    113.47,         21.09
         44,          1,    5,          8.52,          3.30,       3.55,      35.49,    117.01,         20.22
         44,          1,    6,          8.69,          3.30,       3.64,      36.40,    119.98,         19.39
         44,          1,    7,          8.85,          3.30,       3.71,      37.10,    122.27,         18.96
         44,          2,    1,          8.78,          3.30,       3.65,      36.49,    120.28,         25.12
         44,          2,    2,          9.66,          3.30,       4.03,      40.36,    133.02,         21.61
         44,          2,    3,         10.15,          3.30,       4.29,      42.88,    141.34,         20.28
         44,          2,    4,         10.45,          3.30,       4.45,      44.47,    146.56,         19.71
         44,          2,    5,         10.70,          3.30,       4.63,      46.26,    152.46,         18.90
         44,          2,    6,         10.87,          3.30,       4.72,      47.17,    155.47,         18.75
         44,          2,    7,         11.06,          3.30,       4.85,      48.49,    159.82,         18.34
         44,          3,    1,         11.38,          3.30,       4.85,      48.50,    159.85,         26.66
         44,          3,    2,         12.49,          3.29,       5.57,      55.67,    183.43,         23.65
         44,          3,    3,         13.23,          3.29,       6.10,      60.97,    200.86,         22.75
         44,          3,    4,         13.65,          3.29,       6.48,      64.79,    213.35,         22.07
         44,          3,    5,         14.01,          3.29,       6.81,      68.05,    224.06,         21.75
         44,          3,    6,         14.23,          3.29,       7.05,      70.50,    232.11,         21.38
         44,          3,    7,         14.43,          3.29,       7.28,      72.78,    239.62,         21.13
         44,          4,    1,         13.51,          3.29,       6.16,      61.56,    202.74,         33.75
         44,          4,    2,         14.67,          3.29,       7.11,      71.12,    234.15,         29.93
         44,          4,    3,         15.31,          3.29,       7.74,      77.38,    254.75,         28.64
         44,          4,    4,         15.70,          3.29,       8.17,      81.73,    269.04,         27.95
         44,          4,    5,         15.98,          3.29,       8.54,      85.32,    280.87,         27.37
         44,          4,    6,         16.20,          3.29,       8.84,      88.34,    290.77,         26.98
         44,          4,    7,         16.38,          3.29,       9.10,      91.00,    299.51,         26.61
         44,          5,    1,         15.43,          3.29,       7.71,      77.10,    253.82,         39.33
         44,          5,    2,         16.72,          3.29,       9.07,      90.66,    298.35,         35.28
         44,          5,    3,         17.41,          3.29,       9.97,      99.70,    327.93,         33.87
         44,          5,    4,         17.85,          3.29,      10.61,     106.06,    348.73,         33.23
         44,          5,    5,         18.18,          3.29,      11.14,     111.41,    366.30,         32.69
         44,          5,    6,         18.41,          3.29,      11.54,     115.35,    379.27,         32.39
         44,          5,    7,         18.61,          3.29,      11.91,     119.04,    391.40,         32.07
         44,          6,    1,         16.96,          3.29,       9.35,      93.51,    307.69,         39.46
         44,          6,    2,         18.35,          3.29,      11.12,     111.21,    365.65,         37.22
         44,          6,    3,         19.04,          3.29,      12.20,     121.98,    401.04,         36.58
         44,          6,    4,         19.46,          3.29,      12.94,     129.39,    425.27,         36.24
         44,          6,    5,         19.75,          3.29,      13.51,     135.11,    443.88,         36.00
         44,          6,    6,         19.96,          3.28,      13.99,     139.85,    459.37,         35.71
         44,          6,    7,         20.12,          3.28,      14.37,     143.75,    472.08,         35.44
         44,          7,    1,         18.08,          3.29,      10.80,     107.96,    354.99,         39.26
         44,          7,    2,         19.61,          3.29,      13.02,     130.23,    428.05,         38.61
         44,          7,    3,         20.37,          3.28,      14.41,     144.04,    473.07,         38.62
         44,          7,    4,         20.80,          3.28,      15.35,     153.48,    504.02,         38.46
         44,          7,    5,         21.12,          3.28,      16.09,     160.92,    528.40,         38.38
         44,          7,    6,         20.98,          3.28,      15.97,     159.72,    524.50,         37.59
         44,          7,    7,         20.89,          3.28,      15.93,     159.25,    522.90,         37.02

