[Radio] Initializing ... success!
Connected to RF power monitor: Rohde&Schwarz,FPC1500,1328.6660K03/205785,V1.80
Connected to DC power monitor: radiolib-org,DCpowerMon,070dd3d
setCurrentLimit skipped

Set [dBm/2],paDutyCycle,paSlc,Measured [dBm],Bus voltage[V],Voltage[mV],Current[mA],Power [mW],Efficiency [%]
        -18,          1,    1,        -22.62,          3.30,       0.89,       8.90,     29.38,          0.41
        -18,          1,    2,        -20.77,          3.30,       0.93,       9.26,     30.56,          0.33
        -18,          1,    3,        -19.36,          3.30,       0.96,       9.60,     31.69,          0.32
        -18,          1,    4,        -18.25,          3.30,       0.99,       9.92,     32.73,          0.32
        -18,          1,    5,        -17.22,          3.30,       1.02,      10.22,     33.73,          0.33
        -18,          1,    6,        -16.58,          3.30,       1.05,      10.51,     34.67,          0.33
        -18,          1,    7,        -15.94,          3.30,       1.08,      10.79,     35.62,          0.34
        -18,          2,    1,        -20.24,          3.30,       0.92,       9.14,     30.15,          0.80
        -18,          2,    2,        -18.67,          3.30,       0.95,       9.55,     31.50,          0.54
        -18,          2,    3,        -17.43,          3.30,       0.99,       9.90,     32.66,          0.49
        -18,          2,    4,        -16.38,          3.30,       1.02,      10.23,     33.76,          0.48
        -18,          2,    5,        -15.52,          3.30,       1.06,      10.54,     34.79,          0.48
        -18,          2,    6,        -14.86,          3.30,       1.09,      10.88,     35.92,          0.47
        -18,          2,    7,        -14.24,          3.30,       1.13,      11.25,     37.11,          0.46
        -18,          3,    1,        -17.57,          3.30,       0.96,       9.60,     31.66,          0.94
        -18,          3,    2,        -16.09,          3.30,       1.00,      10.01,     33.03,          0.76
        -18,          3,    3,        -14.92,          3.30,       1.04,      10.39,     34.29,          0.72
        -18,          3,    4,        -14.16,          3.30,       1.08,      10.79,     35.59,          0.66
        -18,          3,    5,        -13.45,          3.30,       1.11,      11.14,     36.75,          0.65
        -18,          3,    6,        -12.94,          3.30,       1.14,      11.46,     37.81,          0.63
        -18,          3,    7,        -12.58,          3.30,       1.18,      11.78,     38.87,          0.61
        -18,          4,    1,        -15.52,          3.30,       1.00,       9.99,     32.97,          1.23
        -18,          4,    2,        -14.32,          3.30,       1.04,      10.41,     34.36,          1.01
        -18,          4,    3,        -13.28,          3.30,       1.09,      10.86,     35.85,          0.91
        -18,          4,    4,        -12.62,          3.30,       1.13,      11.30,     37.28,          0.83
        -18,          4,    5,        -12.08,          3.30,       1.16,      11.64,     38.40,          0.80
        -18,          4,    6,        -11.68,          3.30,       1.20,      11.97,     39.49,          0.77
        -18,          4,    7,        -11.31,          3.30,       1.23,      12.31,     40.61,          0.75
        -18,          5,    1,        -13.47,          3.30,       1.06,      10.55,     34.81,          1.59
        -18,          5,    2,        -12.31,          3.30,       1.11,      11.06,     36.48,          1.31
        -18,          5,    3,        -11.55,          3.30,       1.15,      11.53,     38.07,          1.15
        -18,          5,    4,        -10.94,          3.30,       1.19,      11.92,     39.33,          1.10
        -18,          5,    5,        -10.54,          3.30,       1.24,      12.34,     40.73,          1.01
        -18,          5,    6,        -10.21,          3.30,       1.26,      12.68,     41.84,          0.97
        -18,          5,    7,         -9.97,          3.30,       1.30,      13.03,     43.01,          0.91
        -18,          6,    1,        -12.16,          3.30,       1.10,      11.04,     36.43,          2.15
        -18,          6,    2,        -11.12,          3.30,       1.16,      11.65,     38.46,          1.59
        -18,          6,    3,        -10.50,          3.30,       1.21,      12.07,     39.84,          1.43
        -18,          6,    4,         -9.99,          3.30,       1.25,      12.53,     41.34,          1.30
        -18,          6,    5,         -9.58,          3.30,       1.29,      12.94,     42.69,          1.21
        -18,          6,    6,         -9.33,          3.30,       1.33,      13.29,     43.88,          1.14
        -18,          6,    7,         -9.08,          3.30,       1.36,      13.61,     44.90,          1.09
        -18,          7,    1,        -11.09,          3.30,       1.16,      11.59,     38.24,          2.21
        -18,          7,    2,        -10.17,          3.30,       1.22,      12.23,     40.34,          1.71
        -18,          7,    3,         -9.46,          3.30,       1.28,      12.75,     42.07,          1.54
        -18,          7,    4,         -9.06,          3.30,       1.32,      13.19,     43.55,          1.40
        -18,          7,    5,         -8.67,          3.30,       1.36,      13.60,     44.87,          1.34
        -18,          7,    6,         -8.45,          3.30,       1.39,      13.95,     46.02,          1.26
        -18,          7,    7,         -8.22,          3.30,       1.43,      14.30,     47.18,          1.21
        -17,          1,    1,        -22.27,          3.30,       0.89,       8.94,     29.51,          0.42
        -17,          1,    2,        -20.41,          3.30,       0.93,       9.30,     30.70,          0.35
        -17,          1,    3,        -18.86,          3.30,       0.97,       9.66,     31.88,          0.34
        -17,          1,    4,        -17.86,          3.30,       1.00,       9.97,     32.91,          0.34
        -17,          1,    5,        -16.96,          3.30,       1.03,      10.28,     33.93,          0.35
        -17,          1,    6,        -16.13,          3.30,       1.06,      10.57,     34.88,          0.36
        -17,          1,    7,        -15.50,          3.30,       1.08,      10.86,     35.84,          0.36
        -17,          2,    1,        -19.78,          3.30,       0.92,       9.20,     30.34,          0.79
        -17,          2,    2,        -18.22,          3.30,       0.96,       9.59,     31.66,          0.57
        -17,          2,    3,        -16.92,          3.30,       1.00,       9.97,     32.91,          0.52
        -17,          2,    4,        -15.84,          3.30,       1.03,      10.31,     34.02,          0.52
        -17,          2,    5,        -15.08,          3.30,       1.06,      10.63,     35.07,          0.51
        -17,          2,    6,        -14.36,          3.30,       1.10,      10.99,     36.28,          0.50
        -17,          2,    7,        -13.79,          3.30,       1.14,      11.33,     37.40,          0.50
        -17,          3,    1,        -17.08,          3.30,       0.97,       9.68,     31.95,          1.03
        -17,          3,    2,        -15.65,          3.30,       1.01,      10.09,     33.30,          0.84
        -17,          3,    3,        -14.49,          3.30,       1.05,      10.48,     34.57,          0.79
        -17,          3,    4,        -13.69,          3.30,       1.09,      10.86,     35.83,          0.74
        -17,          3,    5,        -13.01,          3.30,       1.13,      11.26,     37.16,          0.70
        -17,          3,    6,        -12.54,          3.30,       1.16,      11.61,     38.32,          0.67
        -17,          3,    7,        -12.10,          3.30,       1.19,      11.90,     39.27,          0.67
        -17,          4,    1,        -14.99,          3.30,       1.01,      10.11,     33.36,          1.33
        -17,          4,    2,        -13.81,          3.30,       1.05,      10.55,     34.83,          1.08
        -17,          4,    3,        -12.90,          3.30,       1.10,      11.01,     36.35,          0.95
        -17,          4,    4,        -12.17,          3.30,       1.14,      11.43,     37.72,          0.90
        -17,          4,    5,        -11.67,          3.30,       1.18,      11.79,     38.92,          0.86
        -17,          4,    6,        -11.26,          3.30,       1.21,      12.12,     40.01,          0.83
        -17,          4,    7,        -10.86,          3.30,       1.25,      12.49,     41.23,          0.80
        -17,          5,    1,        -13.05,          3.30,       1.07,      10.66,     35.19,          1.74
        -17,          5,    2,        -11.91,          3.30,       1.13,      11.26,     37.14,          1.34
        -17,          5,    3,        -11.15,          3.30,       1.17,      11.74,     38.74,          1.20
        -17,          5,    4,        -10.60,          3.30,       1.21,      12.13,     40.03,          1.13
        -17,          5,    5,        -10.12,          3.30,       1.25,      12.55,     41.39,          1.08
        -17,          5,    6,         -9.82,          3.30,       1.29,      12.90,     42.57,          1.02
        -17,          5,    7,         -9.54,          3.30,       1.32,      13.22,     43.63,          0.99
        -17,          6,    1,        -11.65,          3.30,       1.13,      11.27,     37.18,          2.13
        -17,          6,    2,        -10.69,          3.30,       1.18,      11.82,     39.00,          1.70
        -17,          6,    3,        -10.04,          3.30,       1.23,      12.34,     40.70,          1.47
        -17,          6,    4,         -9.57,          3.30,       1.27,      12.73,     42.00,          1.38
        -17,          6,    5,         -9.18,          3.30,       1.32,      13.18,     43.48,          1.27
        -17,          6,    6,         -8.88,          3.30,       1.35,      13.52,     44.60,          1.22
        -17,          6,    7,         -8.63,          3.30,       1.38,      13.84,     45.68,          1.17
        -17,          7,    1,        -10.58,          3.30,       1.18,      11.82,     39.01,          2.45
        -17,          7,    2,         -9.60,          3.30,       1.25,      12.45,     41.09,          1.94
        -17,          7,    3,         -9.00,          3.30,       1.30,      13.04,     43.04,          1.65
        -17,          7,    4,         -8.54,          3.30,       1.34,      13.44,     44.36,          1.57
        -17,          7,    5,         -8.21,          3.30,       1.39,      13.86,     45.72,          1.47
        -17,          7,    6,         -7.99,          3.30,       1.42,      14.23,     46.96,          1.38
        -17,          7,    7,         -7.75,          3.30,       1.47,      14.65,     48.34,          1.30
        -16,          1,    1,        -21.65,          3.30,       0.90,       8.99,     29.66,          0.49
        -16,          1,    2,        -19.78,          3.30,       0.94,       9.37,     30.92,          0.40
        -16,          1,    3,        -18.36,          3.30,       0.97,       9.76,     32.19,          0.37
        -16,          1,    4,        -17.31,          3.30,       1.01,      10.06,     33.21,          0.38
        -16,          1,    5,        -16.56,          3.30,       1.04,      10.37,     34.23,          0.37
        -16,          1,    6,        -15.66,          3.30,       1.07,      10.67,     35.22,          0.39
        -16,          1,    7,        -15.01,          3.30,       1.10,      11.00,     36.32,          0.39
        -16,          2,    1,        -19.30,          3.30,       0.93,       9.33,     30.79,          0.84
        -16,          2,    2,        -17.59,          3.30,       0.97,       9.73,     32.10,          0.64
        -16,          2,    3,        -16.44,          3.30,       1.01,      10.12,     33.38,          0.57
        -16,          2,    4,        -15.37,          3.30,       1.05,      10.45,     34.47,          0.57
        -16,          2,    5,        -14.57,          3.30,       1.08,      10.80,     35.63,          0.56
        -16,          2,    6,        -13.88,          3.30,       1.12,      11.15,     36.80,          0.55
        -16,          2,    7,        -13.32,          3.30,       1.15,      11.51,     37.98,          0.54
        -16,          3,    1,        -16.50,          3.30,       0.98,       9.81,     32.37,          1.12
        -16,          3,    2,        -15.05,          3.30,       1.02,      10.23,     33.75,          0.92
        -16,          3,    3,        -13.87,          3.30,       1.06,      10.62,     35.05,          0.88
        -16,          3,    4,        -13.12,          3.30,       1.11,      11.06,     36.48,          0.80
        -16,          3,    5,        -12.55,          3.30,       1.14,      11.44,     37.75,          0.75
        -16,          3,    6,        -12.00,          3.30,       1.18,      11.78,     38.88,          0.74
        -16,          3,    7,        -11.59,          3.30,       1.21,      12.11,     39.96,          0.72
        -16,          4,    1,        -14.42,          3.30,       1.03,      10.24,     33.78,          1.57
        -16,          4,    2,        -13.18,          3.30,       1.07,      10.75,     35.46,          1.21
        -16,          4,    3,        -12.28,          3.30,       1.12,      11.22,     37.01,          1.07
        -16,          4,    4,        -11.64,          3.30,       1.17,      11.65,     38.45,          0.98
        -16,          4,    5,        -11.10,          3.30,       1.20,      12.00,     39.60,          0.96
        -16,          4,    6,        -10.68,          3.30,       1.24,      12.37,     40.80,          0.92
        -16,          4,    7,        -10.31,          3.30,       1.27,      12.74,     42.03,          0.88
        -16,          5,    1,        -12.37,          3.30,       1.09,      10.90,     35.96,          1.90
        -16,          5,    2,        -11.27,          3.30,       1.15,      11.52,     38.03,          1.46
        -16,          5,    3,        -10.53,          3.30,       1.20,      12.00,     39.59,          1.32
        -16,          5,    4,         -9.98,          3.30,       1.24,      12.42,     40.98,          1.24
        -16,          5,    5,         -9.54,          3.30,       1.28,      12.85,     42.41,          1.17
        -16,          5,    6,         -9.20,          3.30,       1.32,      13.15,     43.39,          1.15
        -16,          5,    7,         -8.90,          3.30,       1.36,      13.54,     44.68,          1.10
        -16,          6,    1,        -11.14,          3.30,       1.15,      11.52,     38.02,          2.28
        -16,          6,    2,        -10.04,          3.30,       1.22,      12.13,     40.02,          1.84
        -16,          6,    3,         -9.34,          3.30,       1.26,      12.68,     41.82,          1.62
        -16,          6,    4,         -8.91,          3.30,       1.31,      13.09,     43.18,          1.51
        -16,          6,    5,         -8.53,          3.30,       1.35,      13.50,     44.55,          1.42
        -16,          6,    6,         -8.25,          3.30,       1.39,      13.88,     45.80,          1.34
        -16,          6,    7,         -7.97,          3.30,       1.42,      14.23,     46.96,          1.29
        -16,          7,    1,         -9.94,          3.30,       1.21,      12.13,     40.02,          2.75
        -16,          7,    2,         -8.96,          3.30,       1.28,      12.80,     42.23,          2.16
        -16,          7,    3,         -8.33,          3.30,       1.34,      13.40,     44.21,          1.86
        -16,          7,    4,         -7.91,          3.30,       1.39,      13.84,     45.66,          1.74
        -16,          7,    5,         -7.57,          3.30,       1.43,      14.26,     47.07,          1.63
        -16,          7,    6,         -7.31,          3.30,       1.47,      14.69,     48.45,          1.53
        -16,          7,    7,         -7.12,          3.30,       1.50,      15.06,     49.69,          1.45
        -15,          1,    1,        -21.24,          3.30,       0.91,       9.05,     29.87,          0.52
        -15,          1,    2,        -19.50,          3.30,       0.94,       9.48,     31.27,          0.39
        -15,          1,    3,        -18.14,          3.30,       0.98,       9.81,     32.37,          0.39
        -15,          1,    4,        -16.87,          3.30,       1.02,      10.16,     33.53,          0.40
        -15,          1,    5,        -16.11,          3.30,       1.05,      10.44,     34.45,          0.41
        -15,          1,    6,        -15.23,          3.30,       1.08,      10.77,     35.55,          0.42
        -15,          1,    7,        -14.69,          3.30,       1.11,      11.13,     36.74,          0.41
        -15,          2,    1,        -18.90,          3.30,       0.94,       9.39,     30.99,          0.97
        -15,          2,    2,        -17.28,          3.30,       0.98,       9.80,     32.34,          0.70
        -15,          2,    3,        -15.97,          3.30,       1.02,      10.19,     33.64,          0.63
        -15,          2,    4,        -15.02,          3.30,       1.05,      10.54,     34.80,          0.61
        -15,          2,    5,        -14.20,          3.30,       1.09,      10.90,     35.97,          0.60
        -15,          2,    6,        -13.56,          3.30,       1.13,      11.29,     37.23,          0.58
        -15,          2,    7,        -13.05,          3.30,       1.16,      11.60,     38.28,          0.57
        -15,          3,    1,        -16.04,          3.30,       0.99,       9.88,     32.59,          1.29
        -15,          3,    2,        -14.68,          3.30,       1.03,      10.34,     34.11,          0.99
        -15,          3,    3,        -13.60,          3.30,       1.08,      10.77,     35.53,          0.90
        -15,          3,    4,        -12.76,          3.30,       1.12,      11.18,     36.89,          0.85
        -15,          3,    5,        -12.19,          3.30,       1.15,      11.55,     38.11,          0.81
        -15,          3,    6,        -11.71,          3.30,       1.19,      11.93,     39.36,          0.77
        -15,          3,    7,        -11.23,          3.30,       1.23,      12.25,     40.41,          0.77
        -15,          4,    1,        -14.07,          3.30,       1.03,      10.39,     34.28,          1.55
        -15,          4,    2,        -12.81,          3.30,       1.09,      10.86,     35.83,          1.29
        -15,          4,    3,        -11.90,          3.30,       1.14,      11.37,     37.52,          1.12
        -15,          4,    4,        -11.26,          3.30,       1.18,      11.78,     38.88,          1.05
        -15,          4,    5,        -10.76,          3.30,       1.22,      12.17,     40.17,          1.00
        -15,          4,    6,        -10.34,          3.30,       1.26,      12.55,     41.40,          0.96
        -15,          4,    7,         -9.97,          3.30,       1.29,      12.92,     42.64,          0.93
        -15,          5,    1,        -12.01,          3.30,       1.11,      11.11,     36.65,          1.87
        -15,          5,    2,        -10.88,          3.30,       1.17,      11.67,     38.51,          1.56
        -15,          5,    3,        -10.09,          3.30,       1.22,      12.19,     40.20,          1.42
        -15,          5,    4,         -9.59,          3.30,       1.26,      12.60,     41.57,          1.33
        -15,          5,    5,         -9.14,          3.30,       1.31,      13.03,     43.00,          1.26
        -15,          5,    6,         -8.81,          3.30,       1.34,      13.38,     44.16,          1.21
        -15,          5,    7,         -8.55,          3.30,       1.37,      13.76,     45.40,          1.15
        -15,          6,    1,        -10.65,          3.30,       1.17,      11.71,     38.65,          2.53
        -15,          6,    2,         -9.64,          3.30,       1.23,      12.34,     40.73,          1.98
        -15,          6,    3,         -9.00,          3.30,       1.29,      12.89,     42.53,          1.73
        -15,          6,    4,         -8.49,          3.30,       1.33,      13.30,     43.91,          1.63
        -15,          6,    5,         -8.13,          3.30,       1.37,      13.73,     45.32,          1.53
        -15,          6,    6,         -7.86,          3.30,       1.41,      14.10,     46.53,          1.45
        -15,          6,    7,         -7.63,          3.30,       1.45,      14.52,     47.90,          1.36
        -15,          7,    1,         -9.49,          3.30,       1.23,      12.30,     40.58,          3.04
        -15,          7,    2,         -8.54,          3.30,       1.31,      13.04,     43.04,          2.27
        -15,          7,    3,         -7.91,          3.30,       1.36,      13.64,     45.02,          1.99
        -15,          7,    4,         -7.48,          3.30,       1.41,      14.13,     46.62,          1.83
        -15,          7,    5,         -7.17,          3.30,       1.46,      14.56,     48.06,          1.72
        -15,          7,    6,         -6.86,          3.30,       1.50,      14.96,     49.35,          1.65
        -15,          7,    7,         -6.72,          3.30,       1.54,      15.36,     50.66,          1.55
        -14,          1,    1,        -20.89,          3.30,       0.91,       9.14,     30.17,          0.54
        -14,          1,    2,        -19.06,          3.30,       0.96,       9.56,     31.54,          0.43
        -14,          1,    3,        -17.61,          3.30,       0.99,       9.90,     32.65,          0.43
        -14,          1,    4,        -16.52,          3.30,       1.02,      10.25,     33.81,          0.43
        -14,          1,    5,        -15.65,          3.30,       1.06,      10.56,     34.83,          0.44
        -14,          1,    6,        -14.85,          3.30,       1.09,      10.90,     35.98,          0.45
        -14,          1,    7,        -14.34,          3.30,       1.12,      11.24,     37.08,          0.44
        -14,          2,    1,        -18.44,          3.30,       0.94,       9.47,     31.27,          1.05
        -14,          2,    2,        -16.80,          3.30,       0.99,       9.92,     32.73,          0.74
        -14,          2,    3,        -15.49,          3.30,       1.03,      10.30,     33.99,          0.69
        -14,          2,    4,        -14.44,          3.30,       1.07,      10.67,     35.21,          0.68
        -14,          2,    5,        -13.68,          3.30,       1.10,      11.08,     36.58,          0.64
        -14,          2,    6,        -13.11,          3.30,       1.14,      11.45,     37.77,          0.62
        -14,          2,    7,        -12.56,          3.30,       1.17,      11.74,     38.74,          0.63
        -14,          3,    1,        -15.46,          3.30,       1.00,       9.99,     32.98,          1.49
        -14,          3,    2,        -14.12,          3.30,       1.05,      10.45,     34.48,          1.14
        -14,          3,    3,        -13.12,          3.30,       1.10,      10.94,     36.09,          0.97
        -14,          3,    4,        -12.29,          3.30,       1.14,      11.38,     37.54,          0.91
        -14,          3,    5,        -11.65,          3.30,       1.17,      11.75,     38.78,          0.89
        -14,          3,    6,        -11.17,          3.30,       1.21,      12.10,     39.92,          0.86
        -14,          3,    7,        -10.79,          3.30,       1.24,      12.41,     40.96,          0.84
        -14,          4,    1,        -13.43,          3.30,       1.05,      10.54,     34.77,          1.74
        -14,          4,    2,        -12.20,          3.30,       1.11,      11.11,     36.66,          1.34
        -14,          4,    3,        -11.40,          3.30,       1.16,      11.58,     38.20,          1.20
        -14,          4,    4,        -10.72,          3.30,       1.20,      12.01,     39.63,          1.13
        -14,          4,    5,        -10.18,          3.30,       1.24,      12.39,     40.88,          1.10
        -14,          4,    6,         -9.80,          3.30,       1.28,      12.82,     42.29,          1.03
        -14,          4,    7,         -9.42,          3.30,       1.32,      13.14,     43.36,          1.02
        -14,          5,    1,        -11.46,          3.30,       1.13,      11.34,     37.43,          1.94
        -14,          5,    2,        -10.34,          3.30,       1.19,      11.89,     39.23,          1.68
        -14,          5,    3,         -9.57,          3.30,       1.24,      12.46,     41.10,          1.50
        -14,          5,    4,         -9.01,          3.30,       1.29,      12.92,     42.63,          1.41
        -14,          5,    5,         -8.65,          3.30,       1.33,      13.30,     43.88,          1.35
        -14,          5,    6,         -8.24,          3.30,       1.37,      13.68,     45.14,          1.31
        -14,          5,    7,         -7.98,          3.30,       1.41,      14.05,     46.36,          1.26
        -14,          6,    1,        -10.09,          3.30,       1.20,      11.93,     39.38,          2.94
        -14,          6,    2,         -9.06,          3.30,       1.26,      12.62,     41.64,          2.22
        -14,          6,    3,         -8.38,          3.30,       1.32,      13.18,     43.49,          1.95
        -14,          6,    4,         -7.95,          3.30,       1.36,      13.61,     44.91,          1.81
        -14,          6,    5,         -7.56,          3.30,       1.40,      14.07,     46.45,          1.69
        -14,          6,    6,         -7.32,          3.30,       1.45,      14.52,     47.90,          1.56
        -14,          6,    7,         -7.01,          3.30,       1.49,      14.89,     49.12,          1.52
        -14,          7,    1,         -8.94,          3.30,       1.26,      12.63,     41.67,          3.18
        -14,          7,    2,         -7.97,          3.30,       1.34,      13.39,     44.19,          2.45
        -14,          7,    3,         -7.34,          3.30,       1.40,      14.01,     46.23,          2.15
        -14,          7,    4,         -6.90,          3.30,       1.45,      14.49,     47.81,          2.01
        -14,          7,    5,         -6.60,          3.30,       1.50,      14.98,     49.43,          1.86
        -14,          7,    6,         -6.34,          3.30,       1.54,      15.40,     50.81,          1.77
        -14,          7,    7,         -6.10,          3.30,       1.58,      15.78,     52.07,          1.70
        -13,          1,    1,        -20.50,          3.30,       0.92,       9.19,     30.33,          0.59
        -13,          1,    2,        -18.71,          3.30,       0.96,       9.56,     31.56,          0.49
        -13,          1,    3,        -17.33,          3.30,       1.00,       9.97,     32.91,          0.45
        -13,          1,    4,        -16.21,          3.30,       1.03,      10.32,     34.05,          0.46
        -13,          1,    5,        -15.31,          3.30,       1.06,      10.62,     35.05,          0.47
        -13,          1,    6,        -14.59,          3.30,       1.10,      10.99,     36.26,          0.47
        -13,          1,    7,        -13.97,          3.30,       1.13,      11.33,     37.40,          0.47
        -13,          2,    1,        -18.07,          3.30,       0.95,       9.56,     31.54,          1.04
        -13,          2,    2,        -16.46,          3.30,       1.00,       9.97,     32.91,          0.79
        -13,          2,    3,        -15.18,          3.30,       1.04,      10.38,     34.25,          0.72
        -13,          2,    4,        -14.13,          3.30,       1.08,      10.76,     35.52,          0.71
        -13,          2,    5,        -13.41,          3.30,       1.12,      11.17,     36.84,          0.67
        -13,          2,    6,        -12.77,          3.30,       1.15,      11.51,     37.98,          0.66
        -13,          2,    7,        -12.25,          3.30,       1.18,      11.83,     39.05,          0.66
        -13,          3,    1,        -15.11,          3.30,       1.01,      10.10,     33.31,          1.61
        -13,          3,    2,        -13.77,          3.30,       1.06,      10.58,     34.90,          1.20
        -13,          3,    3,        -12.74,          3.30,       1.11,      11.06,     36.49,          1.05
        -13,          3,    4,        -11.99,          3.30,       1.15,      11.47,     37.87,          0.98
        -13,          3,    5,        -11.38,          3.30,       1.19,      11.87,     39.16,          0.94
        -13,          3,    6,        -10.85,          3.30,       1.22,      12.25,     40.41,          0.91
        -13,          3,    7,        -10.44,          3.30,       1.26,      12.56,     41.46,          0.90
        -13,          4,    1,        -13.16,          3.30,       1.07,      10.65,     35.15,          1.79
        -13,          4,    2,        -11.96,          3.30,       1.12,      11.24,     37.09,          1.37
        -13,          4,    3,        -11.06,          3.30,       1.17,      11.72,     38.69,          1.26
        -13,          4,    4,        -10.38,          3.30,       1.21,      12.16,     40.11,          1.20
        -13,          4,    5,         -9.88,          3.30,       1.26,      12.57,     41.47,          1.14
        -13,          4,    6,         -9.47,          3.30,       1.29,      12.94,     42.71,          1.10
        -13,          4,    7,         -9.12,          3.30,       1.33,      13.31,     43.92,          1.07
        -13,          5,    1,        -11.04,          3.30,       1.15,      11.48,     37.89,          2.09
        -13,          5,    2,         -9.99,          3.30,       1.21,      12.06,     39.80,          1.77
        -13,          5,    3,         -9.17,          3.30,       1.26,      12.62,     41.65,          1.61
        -13,          5,    4,         -8.68,          3.30,       1.31,      13.10,     43.24,          1.49
        -13,          5,    5,         -8.27,          3.30,       1.35,      13.51,     44.60,          1.42
        -13,          5,    6,         -7.93,          3.30,       1.39,      13.89,     45.83,          1.38
        -13,          5,    7,         -7.68,          3.30,       1.43,      14.28,     47.13,          1.31
        -13,          6,    1,         -9.72,          3.30,       1.21,      12.15,     40.09,          3.01
        -13,          6,    2,         -8.71,          3.30,       1.29,      12.82,     42.32,          2.33
        -13,          6,    3,         -8.02,          3.30,       1.34,      13.39,     44.19,          2.07
        -13,          6,    4,         -7.57,          3.30,       1.39,      13.85,     45.71,          1.91
        -13,          6,    5,         -7.19,          3.30,       1.43,      14.31,     47.22,          1.79
        -13,          6,    6,         -6.92,          3.30,       1.47,      14.72,     48.58,          1.69
        -13,          6,    7,         -6.65,          3.30,       1.51,      15.11,     49.85,          1.63
        -13,          7,    1,         -8.55,          3.30,       1.29,      12.88,     42.48,          3.31
        -13,          7,    2,         -7.60,          3.30,       1.36,      13.62,     44.94,          2.60
        -13,          7,    3,         -6.99,          3.30,       1.42,      14.26,     47.07,          2.27
        -13,          7,    4,         -6.55,          3.30,       1.48,      14.82,     48.91,          2.08
        -13,          7,    5,         -6.21,          3.30,       1.53,      15.27,     50.40,          1.97
        -13,          7,    6,         -5.94,          3.30,       1.57,      15.68,     51.74,          1.89
        -13,          7,    7,         -5.76,          3.30,       1.61,      16.11,     53.15,          1.78
        -12,          1,    1,        -20.08,          3.30,       0.93,       9.29,     30.64,          0.57
        -12,          1,    2,        -18.34,          3.30,       0.97,       9.70,     32.01,          0.47
        -12,          1,    3,        -16.93,          3.30,       1.01,      10.07,     33.23,          0.47
        -12,          1,    4,        -15.81,          3.30,       1.04,      10.40,     34.31,          0.49
        -12,          1,    5,        -14.86,          3.30,       1.07,      10.73,     35.41,          0.50
        -12,          1,    6,        -14.22,          3.30,       1.11,      11.10,     36.62,          0.49
        -12,          1,    7,        -13.52,          3.30,       1.14,      11.41,     37.65,          0.51
        -12,          2,    1,        -17.63,          3.30,       0.97,       9.65,     31.87,          1.05
        -12,          2,    2,        -16.04,          3.30,       1.01,      10.08,     33.26,          0.82
        -12,          2,    3,        -14.65,          3.30,       1.05,      10.50,     34.67,          0.77
        -12,          2,    4,        -13.78,          3.30,       1.09,      10.90,     35.97,          0.73
        -12,          2,    5,        -13.01,          3.30,       1.13,      11.32,     37.36,          0.70
        -12,          2,    6,        -12.30,          3.30,       1.17,      11.68,     38.54,          0.71
        -12,          2,    7,        -11.86,          3.30,       1.20,      12.00,     39.59,          0.69
        -12,          3,    1,        -14.69,          3.30,       1.02,      10.23,     33.75,          1.63
        -12,          3,    2,        -13.28,          3.30,       1.07,      10.71,     35.34,          1.28
        -12,          3,    3,        -12.24,          3.30,       1.12,      11.22,     37.03,          1.11
        -12,          3,    4,        -11.45,          3.30,       1.17,      11.65,     38.44,          1.06
        -12,          3,    5,        -10.90,          3.30,       1.21,      12.05,     39.77,          1.00
        -12,          3,    6,        -10.39,          3.30,       1.24,      12.42,     40.97,          0.98
        -12,          3,    7,        -10.00,          3.30,       1.28,      12.77,     42.12,          0.96
        -12,          4,    1,        -12.64,          3.30,       1.08,      10.80,     35.64,          1.95
        -12,          4,    2,        -11.41,          3.30,       1.14,      11.40,     37.63,          1.51
        -12,          4,    3,        -10.57,          3.30,       1.19,      11.89,     39.23,          1.37
        -12,          4,    4,         -9.94,          3.30,       1.24,      12.37,     40.80,          1.27
        -12,          4,    5,         -9.41,          3.30,       1.28,      12.77,     42.15,          1.23
        -12,          4,    6,         -8.99,          3.30,       1.32,      13.19,     43.53,          1.18
        -12,          4,    7,         -8.66,          3.30,       1.36,      13.57,     44.76,          1.14
        -12,          5,    1,        -10.59,          3.30,       1.17,      11.66,     38.49,          2.34
        -12,          5,    2,         -9.49,          3.30,       1.23,      12.33,     40.68,          1.90
        -12,          5,    3,         -8.73,          3.30,       1.29,      12.89,     42.55,          1.72
        -12,          5,    4,         -8.16,          3.30,       1.34,      13.39,     44.18,          1.62
        -12,          5,    5,         -7.76,          3.30,       1.38,      13.77,     45.41,          1.57
        -12,          5,    6,         -7.40,          3.30,       1.42,      14.18,     46.78,          1.51
        -12,          5,    7,         -7.14,          3.30,       1.46,      14.58,     48.11,          1.45
        -12,          6,    1,         -9.21,          3.30,       1.24,      12.39,     40.86,          3.29
        -12,          6,    2,         -8.19,          3.30,       1.31,      13.13,     43.33,          2.48
        -12,          6,    3,         -7.55,          3.30,       1.37,      13.68,     45.16,          2.21
        -12,          6,    4,         -7.05,          3.30,       1.42,      14.17,     46.77,          2.06
        -12,          6,    5,         -6.68,          3.30,       1.47,      14.68,     48.44,          1.91
        -12,          6,    6,         -6.43,          3.30,       1.51,      15.06,     49.69,          1.82
        -12,          6,    7,         -6.15,          3.30,       1.55,      15.47,     51.04,          1.76
        -12,          7,    1,         -8.02,          3.30,       1.32,      13.18,     43.48,          3.63
        -12,          7,    2,         -7.07,          3.30,       1.40,      13.97,     46.08,          2.82
        -12,          7,    3,         -6.45,          3.30,       1.47,      14.67,     48.41,          2.44
        -12,          7,    4,         -6.03,          3.30,       1.52,      15.16,     50.04,          2.29
        -12,          7,    5,         -5.68,          3.30,       1.56,      15.63,     51.57,          2.17
        -12,          7,    6,         -5.48,          3.30,       1.61,      16.09,     53.10,          2.02
        -12,          7,    7,         -5.24,          3.30,       1.65,      16.51,     54.48,          1.95
        -11,          1,    1,        -19.62,          3.30,       0.94,       9.38,     30.94,          0.63
        -11,          1,    2,        -17.90,          3.30,       0.98,       9.78,     32.26,          0.53
        -11,          1,    3,        -16.40,          3.30,       1.02,      10.15,     33.50,          0.53
        -11,          1,    4,        -15.29,          3.30,       1.05,      10.51,     34.69,          0.54
        -11,          1,    5,        -14.41,          3.30,       1.08,      10.84,     35.76,          0.55
        -11,          1,    6,        -13.74,          3.30,       1.12,      11.22,     37.03,          0.54
        -11,          1,    7,        -13.25,          3.30,       1.15,      11.56,     38.15,          0.53
        -11,          2,    1,        -17.25,          3.30,       0.97,       9.72,     32.08,          1.35
        -11,          2,    2,        -15.65,          3.30,       1.02,      10.16,     33.54,          0.95
        -11,          2,    3,        -14.25,          3.30,       1.06,      10.63,     35.06,          0.86
        -11,          2,    4,        -13.24,          3.30,       1.10,      11.06,     36.49,          0.82
        -11,          2,    5,        -12.56,          3.30,       1.14,      11.43,     37.73,          0.79
        -11,          2,    6,        -11.95,          3.30,       1.18,      11.79,     38.91,          0.78
        -11,          2,    7,        -11.40,          3.30,       1.22,      12.16,     40.13,          0.77
        -11,          3,    1,        -14.16,          3.30,       1.03,      10.33,     34.07,          1.80
        -11,          3,    2,        -12.88,          3.30,       1.08,      10.87,     35.87,          1.31
        -11,          3,    3,        -11.84,          3.30,       1.14,      11.39,     37.56,          1.16
        -11,          3,    4,        -11.05,          3.30,       1.18,      11.81,     38.98,          1.11
        -11,          3,    5,        -10.46,          3.30,       1.22,      12.24,     40.37,          1.07
        -11,          3,    6,         -9.95,          3.30,       1.26,      12.62,     41.65,          1.04
        -11,          3,    7,         -9.58,          3.30,       1.30,      12.98,     42.84,          1.01
        -11,          4,    1,        -12.20,          3.30,       1.10,      10.97,     36.20,          2.11
        -11,          4,    2,        -11.00,          3.30,       1.16,      11.57,     38.17,          1.65
        -11,          4,    3,        -10.10,          3.30,       1.21,      12.09,     39.90,          1.49
        -11,          4,    4,         -9.43,          3.30,       1.26,      12.58,     41.50,          1.40
        -11,          4,    5,         -8.96,          3.30,       1.30,      13.04,     43.03,          1.31
        -11,          4,    6,         -8.53,          3.30,       1.34,      13.42,     44.28,          1.28
        -11,          4,    7,         -8.19,          3.30,       1.38,      13.79,     45.51,          1.25
        -11,          5,    1,        -10.07,          3.30,       1.19,      11.89,     39.24,          2.47
        -11,          5,    2,         -9.00,          3.30,       1.25,      12.54,     41.39,          2.05
        -11,          5,    3,         -8.25,          3.30,       1.31,      13.12,     43.28,          1.86
        -11,          5,    4,         -7.71,          3.30,       1.36,      13.63,     44.96,          1.74
        -11,          5,    5,         -7.30,          3.30,       1.41,      14.10,     46.52,          1.65
        -11,          5,    6,         -6.94,          3.30,       1.45,      14.54,     47.97,          1.59
        -11,          5,    7,         -6.65,          3.30,       1.49,      14.92,     49.24,          1.55
        -11,          6,    1,         -8.69,          3.30,       1.27,      12.70,     41.91,          3.41
        -11,          6,    2,         -7.72,          3.30,       1.34,      13.40,     44.23,          2.69
        -11,          6,    3,         -7.02,          3.30,       1.40,      13.98,     46.13,          2.42
        -11,          6,    4,         -6.58,          3.30,       1.45,      14.55,     48.02,          2.18
        -11,          6,    5,         -6.22,          3.30,       1.50,      14.99,     49.47,          2.07
        -11,          6,    6,         -5.94,          3.30,       1.54,      15.42,     50.87,          1.97
        -11,          6,    7,         -5.73,          3.30,       1.58,      15.85,     52.31,          1.86
        -11,          7,    1,         -7.53,          3.30,       1.35,      13.47,     44.46,          3.77
        -11,          7,    2,         -6.54,          3.30,       1.43,      14.34,     47.30,          2.95
        -11,          7,    3,         -5.91,          3.30,       1.50,      15.03,     49.60,          2.61
        -11,          7,    4,         -5.51,          3.30,       1.55,      15.54,     51.28,          2.45
        -11,          7,    5,         -5.21,          3.30,       1.61,      16.06,     52.99,          2.28
        -11,          7,    6,         -4.99,          3.30,       1.65,      16.52,     54.49,          2.15
        -11,          7,    7,         -4.79,          3.30,       1.69,      16.91,     55.77,          2.08
        -10,          1,    1,        -19.16,          3.30,       0.95,       9.51,     31.40,          0.64
        -10,          1,    2,        -17.43,          3.30,       0.99,       9.90,     32.67,          0.57
        -10,          1,    3,        -16.08,          3.30,       1.03,      10.28,     33.93,          0.56
        -10,          1,    4,        -14.94,          3.30,       1.06,      10.62,     35.05,          0.58
        -10,          1,    5,        -14.09,          3.30,       1.11,      11.05,     36.45,          0.56
        -10,          1,    6,        -13.38,          3.30,       1.14,      11.43,     37.71,          0.56
        -10,          1,    7,        -12.76,          3.30,       1.17,      11.73,     38.70,          0.58
        -10,          2,    1,        -16.80,          3.30,       0.99,       9.88,     32.61,          1.37
        -10,          2,    2,        -15.14,          3.30,       1.03,      10.36,     34.19,          0.99
        -10,          2,    3,        -13.88,          3.30,       1.08,      10.81,     35.68,          0.89
        -10,          2,    4,        -12.89,          3.30,       1.12,      11.25,     37.12,          0.85
        -10,          2,    5,        -12.13,          3.30,       1.16,      11.63,     38.38,          0.84
        -10,          2,    6,        -11.57,          3.30,       1.20,      11.98,     39.53,          0.82
        -10,          2,    7,        -11.02,          3.30,       1.24,      12.39,     40.87,          0.81
        -10,          3,    1,        -13.75,          3.30,       1.05,      10.53,     34.74,          1.86
        -10,          3,    2,        -12.51,          3.30,       1.11,      11.11,     36.66,          1.34
        -10,          3,    3,        -11.37,          3.30,       1.16,      11.59,     38.26,          1.26
        -10,          3,    4,        -10.63,          3.30,       1.21,      12.04,     39.74,          1.19
        -10,          3,    5,        -10.08,          3.30,       1.24,      12.44,     41.06,          1.14
        -10,          3,    6,         -9.54,          3.30,       1.29,      12.85,     42.41,          1.12
        -10,          3,    7,         -9.16,          3.30,       1.32,      13.22,     43.63,          1.09
        -10,          4,    1,        -11.74,          3.30,       1.12,      11.19,     36.93,          2.21
        -10,          4,    2,        -10.58,          3.30,       1.18,      11.85,     39.11,          1.68
        -10,          4,    3,         -9.71,          3.30,       1.24,      12.37,     40.83,          1.54
        -10,          4,    4,         -9.00,          3.30,       1.28,      12.84,     42.36,          1.49
        -10,          4,    5,         -8.49,          3.30,       1.33,      13.30,     43.88,          1.42
        -10,          4,    6,         -8.10,          3.30,       1.37,      13.69,     45.15,          1.38
        -10,          4,    7,         -7.75,          3.30,       1.41,      14.09,     46.49,          1.33
        -10,          5,    1,         -9.72,          3.30,       1.21,      12.15,     40.08,          2.66
        -10,          5,    2,         -8.55,          3.30,       1.29,      12.87,     42.45,          2.19
        -10,          5,    3,         -7.77,          3.30,       1.35,      13.49,     44.51,          1.98
        -10,          5,    4,         -7.28,          3.30,       1.39,      13.92,     45.95,          1.89
        -10,          5,    5,         -6.80,          3.30,       1.45,      14.45,     47.68,          1.80
        -10,          5,    6,         -6.53,          3.30,       1.48,      14.86,     49.02,          1.72
        -10,          5,    7,         -6.19,          3.30,       1.53,      15.26,     50.34,          1.68
        -10,          6,    1,         -8.20,          3.30,       1.30,      13.01,     42.91,          3.68
        -10,          6,    2,         -7.21,          3.30,       1.38,      13.77,     45.42,          2.87
        -10,          6,    3,         -6.56,          3.30,       1.44,      14.42,     47.58,          2.51
        -10,          6,    4,         -6.11,          3.30,       1.49,      14.92,     49.22,          2.35
        -10,          6,    5,         -5.74,          3.30,       1.54,      15.39,     50.76,          2.23
        -10,          6,    6,         -5.46,          3.30,       1.58,      15.85,     52.29,          2.11
        -10,          6,    7,         -5.26,          3.30,       1.63,      16.25,     53.60,          2.01
        -10,          7,    1,         -7.06,          3.30,       1.38,      13.83,     45.65,          4.15
        -10,          7,    2,         -6.08,          3.30,       1.48,      14.76,     48.68,          3.17
        -10,          7,    3,         -5.46,          3.30,       1.54,      15.44,     50.94,          2.83
        -10,          7,    4,         -5.08,          3.30,       1.60,      16.01,     52.81,          2.61
        -10,          7,    5,         -4.78,          3.30,       1.66,      16.57,     54.67,          2.42
        -10,          7,    6,         -4.53,          3.30,       1.69,      16.93,     55.84,          2.36
        -10,          7,    7,         -4.35,          3.30,       1.74,      17.37,     57.30,          2.24
         -9,          1,    1,        -18.77,          3.30,       0.96,       9.59,     31.65,          0.75
         -9,          1,    2,        -16.99,          3.30,       1.00,       9.99,     32.98,          0.65
         -9,          1,    3,        -15.55,          3.30,       1.04,      10.40,     34.31,          0.63
         -9,          1,    4,        -14.38,          3.30,       1.07,      10.74,     35.43,          0.66
         -9,          1,    5,        -13.57,          3.30,       1.12,      11.20,     36.96,          0.62
         -9,          1,    6,        -12.89,          3.30,       1.15,      11.52,     38.02,          0.63
         -9,          1,    7,        -12.33,          3.30,       1.19,      11.89,     39.25,          0.62
         -9,          2,    1,        -16.22,          3.30,       1.00,       9.99,     32.97,          1.63
         -9,          2,    2,        -14.68,          3.30,       1.05,      10.47,     34.55,          1.12
         -9,          2,    3,        -13.30,          3.30,       1.10,      10.97,     36.19,          1.00
         -9,          2,    4,        -12.38,          3.30,       1.14,      11.44,     37.75,          0.93
         -9,          2,    5,        -11.64,          3.30,       1.18,      11.81,     38.95,          0.92
         -9,          2,    6,        -11.07,          3.30,       1.22,      12.20,     40.27,          0.89
         -9,          2,    7,        -10.48,          3.30,       1.26,      12.56,     41.44,          0.90
         -9,          3,    1,        -13.29,          3.30,       1.07,      10.67,     35.20,          2.21
         -9,          3,    2,        -11.89,          3.30,       1.13,      11.30,     37.29,          1.54
         -9,          3,    3,        -10.92,          3.30,       1.18,      11.81,     38.97,          1.37
         -9,          3,    4,        -10.19,          3.30,       1.23,      12.24,     40.39,          1.31
         -9,          3,    5,         -9.55,          3.30,       1.27,      12.69,     41.88,          1.26
         -9,          3,    6,         -9.02,          3.30,       1.32,      13.11,     43.28,          1.23
         -9,          3,    7,         -8.63,          3.30,       1.35,      13.50,     44.56,          1.19
         -9,          4,    1,        -11.18,          3.30,       1.15,      11.46,     37.81,          2.29
         -9,          4,    2,        -10.02,          3.30,       1.21,      12.06,     39.79,          1.87
         -9,          4,    3,         -9.14,          3.30,       1.27,      12.64,     41.72,          1.68
         -9,          4,    4,         -8.48,          3.30,       1.32,      13.16,     43.41,          1.59
         -9,          4,    5,         -7.97,          3.30,       1.36,      13.61,     44.91,          1.53
         -9,          4,    6,         -7.54,          3.30,       1.40,      13.99,     46.16,          1.51
         -9,          4,    7,         -7.20,          3.30,       1.44,      14.45,     47.67,          1.44
         -9,          5,    1,         -9.09,          3.30,       1.24,      12.45,     41.09,          2.88
         -9,          5,    2,         -7.95,          3.30,       1.32,      13.19,     43.53,          2.38
         -9,          5,    3,         -7.20,          3.30,       1.38,      13.78,     45.47,          2.20
         -9,          5,    4,         -6.66,          3.30,       1.43,      14.32,     47.22,          2.07
         -9,          5,    5,         -6.23,          3.30,       1.48,      14.80,     48.83,          1.98
         -9,          5,    6,         -5.95,          3.30,       1.52,      15.26,     50.33,          1.88
         -9,          5,    7,         -5.71,          3.30,       1.57,      15.68,     51.72,          1.80
         -9,          6,    1,         -7.65,          3.30,       1.33,      13.33,     44.00,          3.92
         -9,          6,    2,         -6.64,          3.30,       1.41,      14.15,     46.69,          3.06
         -9,          6,    3,         -5.96,          3.30,       1.48,      14.83,     48.93,          2.72
         -9,          6,    4,         -5.50,          3.30,       1.53,      15.34,     50.63,          2.56
         -9,          6,    5,         -5.20,          3.30,       1.59,      15.85,     52.30,          2.38
         -9,          6,    6,         -4.93,          3.30,       1.63,      16.31,     53.82,          2.26
         -9,          6,    7,         -4.68,          3.30,       1.67,      16.73,     55.19,          2.18
         -9,          7,    1,         -6.45,          3.30,       1.43,      14.26,     47.03,          4.58
         -9,          7,    2,         -5.50,          3.30,       1.52,      15.18,     50.08,          3.53
         -9,          7,    3,         -4.90,          3.30,       1.59,      15.93,     52.54,          3.10
         -9,          7,    4,         -4.49,          3.30,       1.65,      16.50,     54.44,          2.88
         -9,          7,    5,         -4.22,          3.30,       1.70,      17.01,     56.14,          2.69
         -9,          7,    6,         -3.96,          3.30,       1.75,      17.51,     57.76,          2.56
         -9,          7,    7,         -3.75,          3.30,       1.80,      17.99,     59.34,          2.45
         -8,          1,    1,        -18.34,          3.30,       0.97,       9.64,     31.82,          0.79
         -8,          1,    2,        -16.52,          3.30,       1.01,      10.08,     33.26,          0.68
         -8,          1,    3,        -15.12,          3.30,       1.05,      10.49,     34.63,          0.66
         -8,          1,    4,        -14.05,          3.30,       1.09,      10.90,     35.95,          0.66
         -8,          1,    5,        -13.24,          3.30,       1.13,      11.30,     37.29,          0.65
         -8,          1,    6,        -12.56,          3.30,       1.17,      11.67,     38.52,          0.65
         -8,          1,    7,        -11.93,          3.30,       1.20,      12.02,     39.68,          0.66
         -8,          2,    1,        -15.74,          3.30,       1.01,      10.10,     33.33,          1.96
         -8,          2,    2,        -14.19,          3.30,       1.06,      10.59,     34.94,          1.28
         -8,          2,    3,        -12.89,          3.30,       1.11,      11.12,     36.68,          1.09
         -8,          2,    4,        -12.05,          3.30,       1.16,      11.53,     38.07,          1.02
         -8,          2,    5,        -11.29,          3.30,       1.20,      11.95,     39.43,          1.00
         -8,          2,    6,        -10.70,          3.30,       1.23,      12.33,     40.69,          0.98
         -8,          2,    7,        -10.17,          3.30,       1.27,      12.75,     42.07,          0.95
         -8,          3,    1,        -12.84,          3.30,       1.09,      10.83,     35.75,          2.31
         -8,          3,    2,        -11.50,          3.30,       1.15,      11.47,     37.83,          1.63
         -8,          3,    3,        -10.53,          3.30,       1.20,      11.96,     39.46,          1.49
         -8,          3,    4,         -9.76,          3.30,       1.24,      12.42,     40.98,          1.41
         -8,          3,    5,         -9.19,          3.30,       1.29,      12.91,     42.62,          1.32
         -8,          3,    6,         -8.67,          3.30,       1.33,      13.30,     43.90,          1.31
         -8,          3,    7,         -8.31,          3.30,       1.37,      13.70,     45.21,          1.26
         -8,          4,    1,        -10.80,          3.30,       1.16,      11.61,     38.31,          2.40
         -8,          4,    2,         -9.61,          3.30,       1.23,      12.26,     40.46,          1.95
         -8,          4,    3,         -8.75,          3.30,       1.28,      12.87,     42.46,          1.75
         -8,          4,    4,         -8.12,          3.30,       1.34,      13.33,     44.00,          1.68
         -8,          4,    5,         -7.57,          3.30,       1.38,      13.83,     45.63,          1.62
         -8,          4,    6,         -7.14,          3.30,       1.43,      14.27,     47.08,          1.58
         -8,          4,    7,         -6.76,          3.30,       1.47,      14.71,     48.54,          1.54
         -8,          5,    1,         -8.57,          3.30,       1.27,      12.66,     41.78,          3.21
         -8,          5,    2,         -7.52,          3.30,       1.34,      13.42,     44.28,          2.59
         -8,          5,    3,         -6.82,          3.30,       1.40,      14.05,     46.36,          2.33
         -8,          5,    4,         -6.29,          3.30,       1.46,      14.62,     48.23,          2.18
         -8,          5,    5,         -5.82,          3.30,       1.51,      15.10,     49.81,          2.12
         -8,          5,    6,         -5.55,          3.30,       1.56,      15.57,     51.37,          2.00
         -8,          5,    7,         -5.21,          3.30,       1.59,      15.96,     52.65,          1.98
         -8,          6,    1,         -7.16,          3.30,       1.36,      13.61,     44.90,          4.19
         -8,          6,    2,         -6.21,          3.30,       1.45,      14.47,     47.74,          3.22
         -8,          6,    3,         -5.52,          3.30,       1.51,      15.12,     49.88,          2.93
         -8,          6,    4,         -5.11,          3.30,       1.57,      15.72,     51.85,          2.67
         -8,          6,    5,         -4.73,          3.30,       1.62,      16.22,     53.51,          2.55
         -8,          6,    6,         -4.55,          3.30,       1.67,      16.65,     54.95,          2.40
         -8,          6,    7,         -4.28,          3.30,       1.71,      17.07,     56.33,          2.33
         -8,          7,    1,         -6.06,          3.30,       1.46,      14.60,     48.19,          4.66
         -8,          7,    2,         -5.02,          3.30,       1.55,      15.54,     51.30,          3.74
         -8,          7,    3,         -4.48,          3.30,       1.63,      16.30,     53.78,          3.26
         -8,          7,    4,         -4.08,          3.30,       1.69,      16.91,     55.80,          3.02
         -8,          7,    5,         -3.77,          3.30,       1.74,      17.42,     57.46,          2.88
         -8,          7,    6,         -3.53,          3.30,       1.80,      17.92,     59.13,          2.73
         -8,          7,    7,         -3.28,          3.30,       1.84,      18.44,     60.84,          2.62
         -7,          1,    1,        -17.85,          3.30,       0.98,       9.77,     32.22,          0.84
         -7,          1,    2,        -15.89,          3.30,       1.02,      10.18,     33.60,          0.77
         -7,          1,    3,        -14.56,          3.30,       1.06,      10.62,     35.04,          0.73
         -7,          1,    4,        -13.58,          3.30,       1.11,      11.04,     36.43,          0.71
         -7,          1,    5,        -12.81,          3.30,       1.15,      11.46,     37.82,          0.69
         -7,          1,    6,        -12.10,          3.30,       1.18,      11.83,     39.04,          0.70
         -7,          1,    7,        -11.64,          3.30,       1.22,      12.13,     40.05,          0.70
         -7,          2,    1,        -15.20,          3.30,       1.02,      10.23,     33.76,          1.95
         -7,          2,    2,        -13.67,          3.30,       1.07,      10.73,     35.38,          1.36
         -7,          2,    3,        -12.45,          3.30,       1.13,      11.30,     37.28,          1.12
         -7,          2,    4,        -11.48,          3.30,       1.17,      11.74,     38.76,          1.09
         -7,          2,    5,        -10.80,          3.30,       1.22,      12.14,     40.07,          1.06
         -7,          2,    6,        -10.19,          3.30,       1.26,      12.54,     41.36,          1.05
         -7,          2,    7,         -9.68,          3.30,       1.29,      12.95,     42.74,          1.02
         -7,          3,    1,        -12.28,          3.30,       1.10,      11.00,     36.32,          2.28
         -7,          3,    2,        -11.00,          3.30,       1.16,      11.62,     38.35,          1.72
         -7,          3,    3,        -10.06,          3.30,       1.22,      12.19,     40.23,          1.52
         -7,          3,    4,         -9.25,          3.30,       1.27,      12.70,     41.92,          1.45
         -7,          3,    5,         -8.62,          3.30,       1.31,      13.11,     43.26,          1.44
         -7,          3,    6,         -8.13,          3.30,       1.36,      13.53,     44.65,          1.41
         -7,          3,    7,         -7.69,          3.30,       1.39,      13.98,     46.14,          1.37
         -7,          4,    1,        -10.24,          3.30,       1.19,      11.86,     39.13,          2.55
         -7,          4,    2,         -9.06,          3.30,       1.25,      12.53,     41.33,          2.10
         -7,          4,    3,         -8.26,          3.30,       1.31,      13.11,     43.26,          1.90
         -7,          4,    4,         -7.56,          3.30,       1.36,      13.63,     44.98,          1.84
         -7,          4,    5,         -7.04,          3.30,       1.41,      14.14,     46.65,          1.76
         -7,          4,    6,         -6.62,          3.30,       1.46,      14.59,     48.13,          1.71
         -7,          4,    7,         -6.28,          3.30,       1.50,      15.00,     49.48,          1.68
         -7,          5,    1,         -8.12,          3.30,       1.30,      12.97,     42.79,          3.33
         -7,          5,    2,         -6.95,          3.30,       1.37,      13.73,     45.29,          2.83
         -7,          5,    3,         -6.25,          3.30,       1.44,      14.45,     47.68,          2.49
         -7,          5,    4,         -5.73,          3.30,       1.50,      15.00,     49.49,          2.36
         -7,          5,    5,         -5.31,          3.30,       1.55,      15.50,     51.13,          2.27
         -7,          5,    6,         -5.01,          3.30,       1.60,      15.95,     52.63,          2.18
         -7,          5,    7,         -4.74,          3.30,       1.64,      16.40,     54.12,          2.10
         -7,          6,    1,         -6.65,          3.30,       1.39,      13.92,     45.93,          4.65
         -7,          6,    2,         -5.68,          3.30,       1.48,      14.84,     48.97,          3.52
         -7,          6,    3,         -5.00,          3.30,       1.55,      15.50,     51.13,          3.21
         -7,          6,    4,         -4.55,          3.30,       1.61,      16.11,     53.15,          2.95
         -7,          6,    5,         -4.23,          3.30,       1.66,      16.61,     54.80,          2.79
         -7,          6,    6,         -3.93,          3.30,       1.71,      17.10,     56.41,          2.67
         -7,          6,    7,         -3.71,          3.30,       1.75,      17.49,     57.70,          2.59
         -7,          7,    1,         -5.46,          3.30,       1.50,      14.99,     49.46,          5.09
         -7,          7,    2,         -4.51,          3.30,       1.60,      16.01,     52.81,          3.96
         -7,          7,    3,         -3.93,          3.30,       1.67,      16.75,     55.26,          3.56
         -7,          7,    4,         -3.52,          3.30,       1.74,      17.36,     57.28,          3.32
         -7,          7,    5,         -3.20,          3.30,       1.80,      17.99,     59.34,          3.10
         -7,          7,    6,         -2.98,          3.30,       1.85,      18.46,     60.91,          2.96
         -7,          7,    7,         -2.77,          3.30,       1.90,      18.99,     62.64,          2.82
         -6,          1,    1,        -17.24,          3.30,       0.99,       9.87,     32.56,          0.98
         -6,          1,    2,        -15.65,          3.30,       1.03,      10.33,     34.07,          0.79
         -6,          1,    3,        -14.18,          3.30,       1.07,      10.76,     35.49,          0.79
         -6,          1,    4,        -13.23,          3.30,       1.12,      11.23,     37.06,          0.74
         -6,          1,    5,        -12.35,          3.30,       1.16,      11.58,     38.22,          0.77
         -6,          1,    6,        -11.71,          3.30,       1.19,      11.94,     39.37,          0.77
         -6,          1,    7,        -11.09,          3.30,       1.23,      12.27,     40.50,          0.79
         -6,          2,    1,        -14.76,          3.30,       1.03,      10.34,     34.13,          2.34
         -6,          2,    2,        -13.24,          3.30,       1.09,      10.86,     35.83,          1.51
         -6,          2,    3,        -12.00,          3.30,       1.14,      11.44,     37.76,          1.25
         -6,          2,    4,        -11.11,          3.30,       1.19,      11.87,     39.17,          1.20
         -6,          2,    5,        -10.40,          3.30,       1.23,      12.31,     40.63,          1.15
         -6,          2,    6,         -9.77,          3.30,       1.27,      12.70,     41.92,          1.14
         -6,          2,    7,         -9.21,          3.30,       1.31,      13.12,     43.29,          1.13
         -6,          3,    1,        -11.87,          3.30,       1.12,      11.18,     36.89,          2.38
         -6,          3,    2,        -10.55,          3.30,       1.18,      11.81,     38.97,          1.83
         -6,          3,    3,         -9.58,          3.30,       1.24,      12.38,     40.84,          1.65
         -6,          3,    4,         -8.81,          3.30,       1.29,      12.89,     42.55,          1.57
         -6,          3,    5,         -8.24,          3.30,       1.33,      13.36,     44.07,          1.51
         -6,          3,    6,         -7.73,          3.30,       1.38,      13.79,     45.50,          1.49
         -6,          3,    7,         -7.30,          3.30,       1.42,      14.21,     46.88,          1.46
         -6,          4,    1,         -9.81,          3.30,       1.20,      12.03,     39.68,          2.76
         -6,          4,    2,         -8.63,          3.30,       1.27,      12.74,     42.03,          2.24
         -6,          4,    3,         -7.75,          3.30,       1.34,      13.36,     44.07,          2.05
         -6,          4,    4,         -7.09,          3.30,       1.39,      13.92,     45.91,          1.95
         -6,          4,    5,         -6.53,          3.30,       1.45,      14.44,     47.63,          1.89
         -6,          4,    6,         -6.12,          3.30,       1.49,      14.90,     49.15,          1.84
         -6,          4,    7,         -5.80,          3.30,       1.53,      15.34,     50.62,          1.79
         -6,          5,    1,         -7.67,          3.30,       1.32,      13.24,     43.70,          3.52
         -6,          5,    2,         -6.52,          3.30,       1.40,      14.04,     46.34,          2.97
         -6,          5,    3,         -5.80,          3.30,       1.48,      14.79,     48.80,          2.64
         -6,          5,    4,         -5.26,          3.30,       1.53,      15.34,     50.61,          2.53
         -6,          5,    5,         -4.87,          3.30,       1.58,      15.83,     52.24,          2.43
         -6,          5,    6,         -4.56,          3.30,       1.63,      16.31,     53.80,          2.34
         -6,          5,    7,         -4.29,          3.30,       1.67,      16.74,     55.20,          2.28
         -6,          6,    1,         -6.14,          3.30,       1.43,      14.25,     47.02,          4.96
         -6,          6,    2,         -5.18,          3.30,       1.52,      15.17,     50.06,          3.82
         -6,          6,    3,         -4.59,          3.30,       1.59,      15.91,     52.50,          3.35
         -6,          6,    4,         -4.09,          3.30,       1.65,      16.54,     54.56,          3.13
         -6,          6,    5,         -3.76,          3.30,       1.70,      17.03,     56.18,          2.99
         -6,          6,    6,         -3.49,          3.30,       1.75,      17.53,     57.81,          2.85
         -6,          6,    7,         -3.26,          3.30,       1.81,      18.06,     59.57,          2.71
         -6,          7,    1,         -4.99,          3.30,       1.54,      15.40,     50.81,          5.36
         -6,          7,    2,         -4.06,          3.30,       1.64,      16.44,     54.26,          4.19
         -6,          7,    3,         -3.45,          3.30,       1.72,      17.20,     56.75,          3.81
         -6,          7,    4,         -3.02,          3.30,       1.79,      17.90,     59.05,          3.53
         -6,          7,    5,         -2.73,          3.30,       1.85,      18.49,     61.00,          3.31
         -6,          7,    6,         -2.48,          3.30,       1.90,      19.01,     62.71,          3.17
         -6,          7,    7,         -2.29,          3.30,       1.96,      19.53,     64.41,          3.02
         -5,          1,    1,        -16.83,          3.30,       0.99,       9.97,     32.89,          1.01
         -5,          1,    2,        -15.19,          3.30,       1.04,      10.42,     34.39,          0.85
         -5,          1,    3,        -13.79,          3.30,       1.08,      10.84,     35.78,          0.84
         -5,          1,    4,        -12.74,          3.30,       1.13,      11.32,     37.34,          0.82
         -5,          1,    5,        -12.03,          3.30,       1.17,      11.70,     38.60,          0.81
         -5,          1,    6,        -11.31,          3.30,       1.21,      12.07,     39.84,          0.82
         -5,          1,    7,        -10.75,          3.30,       1.25,      12.45,     41.07,          0.82
         -5,          2,    1,        -14.33,          3.30,       1.05,      10.48,     34.58,          2.12
         -5,          2,    2,        -12.80,          3.30,       1.10,      11.02,     36.37,          1.49
         -5,          2,    3,        -11.61,          3.30,       1.16,      11.56,     38.16,          1.30
         -5,          2,    4,        -10.70,          3.30,       1.20,      12.05,     39.77,          1.23
         -5,          2,    5,         -9.98,          3.30,       1.25,      12.45,     41.09,          1.22
         -5,          2,    6,         -9.39,          3.30,       1.29,      12.94,     42.71,          1.17
         -5,          2,    7,         -8.85,          3.30,       1.33,      13.33,     43.99,          1.17
         -5,          3,    1,        -11.53,          3.30,       1.14,      11.37,     37.51,          2.55
         -5,          3,    2,        -10.10,          3.30,       1.20,      12.01,     39.62,          2.00
         -5,          3,    3,         -9.12,          3.30,       1.26,      12.59,     41.53,          1.80
         -5,          3,    4,         -8.39,          3.30,       1.31,      13.12,     43.28,          1.70
         -5,          3,    5,         -7.79,          3.30,       1.36,      13.61,     44.92,          1.64
         -5,          3,    6,         -7.28,          3.30,       1.40,      14.02,     46.26,          1.63
         -5,          3,    7,         -6.87,          3.30,       1.45,      14.47,     47.75,          1.58
         -5,          4,    1,         -9.38,          3.30,       1.22,      12.23,     40.36,          3.14
         -5,          4,    2,         -8.21,          3.30,       1.30,      12.96,     42.75,          2.49
         -5,          4,    3,         -7.30,          3.30,       1.36,      13.63,     44.99,          2.24
         -5,          4,    4,         -6.62,          3.30,       1.42,      14.16,     46.74,          2.17
         -5,          4,    5,         -6.15,          3.30,       1.47,      14.72,     48.58,          2.04
         -5,          4,    6,         -5.68,          3.30,       1.52,      15.20,     50.15,          2.01
         -5,          4,    7,         -5.37,          3.30,       1.56,      15.61,     51.51,          1.96
         -5,          5,    1,         -7.15,          3.30,       1.35,      13.52,     44.61,          3.78
         -5,          5,    2,         -6.07,          3.30,       1.44,      14.36,     47.39,          3.13
         -5,          5,    3,         -5.33,          3.30,       1.51,      15.07,     49.72,          2.87
         -5,          5,    4,         -4.82,          3.30,       1.57,      15.67,     51.72,          2.69
         -5,          5,    5,         -4.45,          3.30,       1.62,      16.23,     53.54,          2.56
         -5,          5,    6,         -4.09,          3.30,       1.67,      16.68,     55.02,          2.51
         -5,          5,    7,         -3.85,          3.30,       1.72,      17.15,     56.58,          2.41
         -5,          6,    1,         -5.71,          3.30,       1.46,      14.65,     48.33,          5.08
         -5,          6,    2,         -4.73,          3.30,       1.56,      15.55,     51.29,          4.09
         -5,          6,    3,         -4.11,          3.30,       1.63,      16.33,     53.88,          3.59
         -5,          6,    4,         -3.65,          3.30,       1.69,      16.90,     55.76,          3.39
         -5,          6,    5,         -3.31,          3.30,       1.75,      17.45,     57.55,          3.22
         -5,          6,    6,         -3.03,          3.30,       1.81,      18.07,     59.62,          3.00
         -5,          6,    7,         -2.81,          3.30,       1.85,      18.53,     61.12,          2.90
         -5,          7,    1,         -4.54,          3.30,       1.58,      15.78,     52.06,          5.74
         -5,          7,    2,         -3.60,          3.30,       1.68,      16.84,     55.56,          4.53
         -5,          7,    3,         -2.99,          3.30,       1.77,      17.75,     58.55,          3.98
         -5,          7,    4,         -2.56,          3.30,       1.84,      18.43,     60.80,          3.73
         -5,          7,    5,         -2.27,          3.30,       1.90,      19.02,     62.72,          3.53
         -5,          7,    6,         -2.06,          3.30,       1.96,      19.57,     64.54,          3.35
         -5,          7,    7,         -1.85,          3.30,       2.01,      20.08,     66.24,          3.22
         -4,          1,    1,        -16.42,          3.30,       1.01,      10.10,     33.32,          1.06
         -4,          1,    2,        -14.66,          3.30,       1.05,      10.53,     34.74,          0.96
         -4,          1,    3,        -13.37,          3.30,       1.10,      11.01,     36.32,          0.89
         -4,          1,    4,        -12.33,          3.30,       1.15,      11.49,     37.90,          0.87
         -4,          1,    5,        -11.47,          3.30,       1.19,      11.87,     39.16,          0.89
         -4,          1,    6,        -10.88,          3.30,       1.23,      12.23,     40.35,          0.89
         -4,          1,    7,        -10.27,          3.30,       1.27,      12.66,     41.80,          0.88
         -4,          2,    1,        -13.76,          3.30,       1.06,      10.61,     35.02,          2.51
         -4,          2,    2,        -12.32,          3.30,       1.12,      11.24,     37.07,          1.57
         -4,          2,    3,        -11.16,          3.30,       1.17,      11.74,     38.74,          1.42
         -4,          2,    4,        -10.26,          3.30,       1.22,      12.21,     40.27,          1.36
         -4,          2,    5,         -9.46,          3.30,       1.27,      12.73,     42.02,          1.31
         -4,          2,    6,         -8.90,          3.30,       1.32,      13.16,     43.41,          1.28
         -4,          2,    7,         -8.34,          3.30,       1.36,      13.59,     44.84,          1.27
         -4,          3,    1,        -10.95,          3.30,       1.16,      11.60,     38.27,          2.55
         -4,          3,    2,         -9.65,          3.30,       1.22,      12.23,     40.36,          2.07
         -4,          3,    3,         -8.61,          3.30,       1.28,      12.83,     42.34,          1.91
         -4,          3,    4,         -7.86,          3.30,       1.34,      13.39,     44.18,          1.81
         -4,          3,    5,         -7.23,          3.30,       1.39,      13.87,     45.79,          1.77
         -4,          3,    6,         -6.76,          3.30,       1.44,      14.32,     47.25,          1.74
         -4,          3,    7,         -6.35,          3.30,       1.48,      14.79,     48.82,          1.69
         -4,          4,    1,         -8.85,          3.30,       1.25,      12.50,     41.26,          3.42
         -4,          4,    2,         -7.66,          3.30,       1.33,      13.27,     43.79,          2.70
         -4,          4,    3,         -6.76,          3.30,       1.39,      13.91,     45.90,          2.50
         -4,          4,    4,         -6.13,          3.30,       1.45,      14.55,     48.02,          2.31
         -4,          4,    5,         -5.63,          3.30,       1.50,      15.06,     49.69,          2.24
         -4,          4,    6,         -5.19,          3.30,       1.56,      15.54,     51.29,          2.18
         -4,          4,    7,         -4.86,          3.30,       1.60,      16.03,     52.90,          2.12
         -4,          5,    1,         -6.61,          3.30,       1.38,      13.86,     45.74,          4.03
         -4,          5,    2,         -5.57,          3.30,       1.47,      14.75,     48.67,          3.32
         -4,          5,    3,         -4.82,          3.30,       1.55,      15.48,     51.09,          3.06
         -4,          5,    4,         -4.30,          3.30,       1.61,      16.12,     53.19,          2.89
         -4,          5,    5,         -3.89,          3.30,       1.67,      16.68,     55.06,          2.77
         -4,          5,    6,         -3.57,          3.30,       1.72,      17.17,     56.65,          2.69
         -4,          5,    7,         -3.30,          3.30,       1.76,      17.62,     58.13,          2.63
         -4,          6,    1,         -5.18,          3.30,       1.50,      15.05,     49.67,          5.42
         -4,          6,    2,         -4.21,          3.30,       1.60,      16.04,     52.92,          4.29
         -4,          6,    3,         -3.54,          3.30,       1.68,      16.78,     55.36,          3.92
         -4,          6,    4,         -3.09,          3.30,       1.74,      17.45,     57.57,          3.64
         -4,          6,    5,         -2.77,          3.30,       1.81,      18.08,     59.65,          3.39
         -4,          6,    6,         -2.49,          3.30,       1.86,      18.58,     61.30,          3.27
         -4,          6,    7,         -2.28,          3.30,       1.91,      19.11,     63.04,          3.12
         -4,          7,    1,         -4.00,          3.30,       1.63,      16.30,     53.80,          6.02
         -4,          7,    2,         -3.03,          3.30,       1.74,      17.39,     57.35,          4.90
         -4,          7,    3,         -2.43,          3.30,       1.83,      18.30,     60.38,          4.33
         -4,          7,    4,         -2.02,          3.30,       1.90,      19.03,     62.79,          4.03
         -4,          7,    5,         -1.74,          3.30,       1.97,      19.68,     64.91,          3.78
         -4,          7,    6,         -1.50,          3.30,       2.02,      20.22,     66.69,          3.63
         -4,          7,    7,         -1.31,          3.30,       2.07,      20.72,     68.34,          3.50
         -3,          1,    1,        -16.02,          3.30,       1.02,      10.16,     33.54,          1.16
         -3,          1,    2,        -14.31,          3.30,       1.06,      10.61,     35.00,          1.02
         -3,          1,    3,        -12.95,          3.30,       1.12,      11.18,     36.90,          0.92
         -3,          1,    4,        -12.01,          3.30,       1.16,      11.58,     38.23,          0.92
         -3,          1,    5,        -11.11,          3.30,       1.20,      11.98,     39.53,          0.95
         -3,          1,    6,        -10.45,          3.30,       1.24,      12.42,     40.97,          0.94
         -3,          1,    7,         -9.95,          3.30,       1.28,      12.77,     42.15,          0.94
         -3,          2,    1,        -13.47,          3.30,       1.07,      10.76,     35.51,          2.35
         -3,          2,    2,        -11.98,          3.30,       1.13,      11.34,     37.42,          1.66
         -3,          2,    3,        -10.81,          3.30,       1.19,      11.90,     39.27,          1.46
         -3,          2,    4,         -9.78,          3.30,       1.24,      12.37,     40.83,          1.45
         -3,          2,    5,         -9.14,          3.30,       1.29,      12.91,     42.60,          1.35
         -3,          2,    6,         -8.48,          3.30,       1.33,      13.36,     44.09,          1.35
         -3,          2,    7,         -8.01,          3.30,       1.38,      13.77,     45.45,          1.33
         -3,          3,    1,        -10.57,          3.30,       1.18,      11.76,     38.78,          2.72
         -3,          3,    2,         -9.25,          3.30,       1.24,      12.38,     40.85,          2.24
         -3,          3,    3,         -8.24,          3.30,       1.31,      13.05,     43.06,          1.99
         -3,          3,    4,         -7.48,          3.30,       1.36,      13.61,     44.91,          1.91
         -3,          3,    5,         -6.85,          3.30,       1.41,      14.07,     46.43,          1.90
         -3,          3,    6,         -6.38,          3.30,       1.46,      14.59,     48.14,          1.83
         -3,          3,    7,         -5.96,          3.30,       1.50,      15.03,     49.61,          1.80
         -3,          4,    1,         -8.48,          3.30,       1.27,      12.72,     41.97,          3.38
         -3,          4,    2,         -7.29,          3.30,       1.35,      13.52,     44.59,          2.74
         -3,          4,    3,         -6.36,          3.30,       1.42,      14.19,     46.81,          2.56
         -3,          4,    4,         -5.74,          3.30,       1.48,      14.84,     48.99,          2.38
         -3,          4,    5,         -5.25,          3.30,       1.53,      15.34,     50.62,          2.32
         -3,          4,    6,         -4.83,          3.30,       1.59,      15.87,     52.35,          2.25
         -3,          4,    7,         -4.52,          3.30,       1.64,      16.35,     53.95,          2.18
         -3,          5,    1,         -6.23,          3.30,       1.41,      14.10,     46.53,          4.36
         -3,          5,    2,         -5.18,          3.30,       1.51,      15.07,     49.73,          3.51
         -3,          5,    3,         -4.45,          3.30,       1.58,      15.82,     52.19,          3.23
         -3,          5,    4,         -3.91,          3.30,       1.65,      16.46,     54.30,          3.07
         -3,          5,    5,         -3.51,          3.30,       1.70,      17.01,     56.12,          2.96
         -3,          5,    6,         -3.19,          3.30,       1.75,      17.54,     57.86,          2.86
         -3,          5,    7,         -2.91,          3.30,       1.81,      18.07,     59.62,          2.76
         -3,          6,    1,         -4.79,          3.30,       1.54,      15.38,     50.75,          5.82
         -3,          6,    2,         -3.81,          3.30,       1.64,      16.42,     54.18,          4.55
         -3,          6,    3,         -3.16,          3.30,       1.72,      17.18,     56.67,          4.16
         -3,          6,    4,         -2.71,          3.30,       1.79,      17.88,     58.99,          3.84
         -3,          6,    5,         -2.38,          3.30,       1.85,      18.48,     60.97,          3.63
         -3,          6,    6,         -2.10,          3.30,       1.90,      19.01,     62.71,          3.49
         -3,          6,    7,         -1.88,          3.30,       1.96,      19.57,     64.55,          3.33
         -3,          7,    1,         -3.59,          3.30,       1.67,      16.66,     54.95,          6.63
         -3,          7,    2,         -2.63,          3.30,       1.79,      17.87,     58.96,          5.15
         -3,          7,    3,         -2.01,          3.30,       1.88,      18.83,     62.11,          4.57
         -3,          7,    4,         -1.62,          3.30,       1.95,      19.53,     64.43,          4.28
         -3,          7,    5,         -1.32,          3.30,       2.02,      20.18,     66.58,          4.05
         -3,          7,    6,         -1.07,          3.30,       2.07,      20.74,     68.40,          3.89
         -3,          7,    7,         -0.92,          3.30,       2.13,      21.33,     70.34,          3.68
         -2,          1,    1,        -15.57,          3.30,       1.03,      10.30,     33.99,          1.37
         -2,          1,    2,        -13.91,          3.30,       1.08,      10.79,     35.60,          1.12
         -2,          1,    3,        -12.51,          3.30,       1.14,      11.35,     37.44,          1.02
         -2,          1,    4,        -11.53,          3.30,       1.18,      11.80,     38.94,          1.01
         -2,          1,    5,        -10.76,          3.30,       1.22,      12.22,     40.33,          1.00
         -2,          1,    6,        -10.08,          3.30,       1.26,      12.63,     41.69,          1.01
         -2,          1,    7,         -9.52,          3.30,       1.31,      13.02,     42.99,          1.01
         -2,          2,    1,        -13.07,          3.30,       1.09,      10.94,     36.12,          2.51
         -2,          2,    2,        -11.50,          3.30,       1.16,      11.58,     38.23,          1.73
         -2,          2,    3,        -10.35,          3.30,       1.21,      12.14,     40.05,          1.56
         -2,          2,    4,         -9.42,          3.30,       1.27,      12.68,     41.83,          1.49
         -2,          2,    5,         -8.66,          3.30,       1.32,      13.15,     43.41,          1.47
         -2,          2,    6,         -8.03,          3.30,       1.36,      13.61,     44.92,          1.46
         -2,          2,    7,         -7.53,          3.30,       1.41,      14.04,     46.33,          1.45
         -2,          3,    1,        -10.10,          3.30,       1.20,      11.96,     39.47,          3.15
         -2,          3,    2,         -8.76,          3.30,       1.27,      12.68,     41.84,          2.43
         -2,          3,    3,         -7.77,          3.30,       1.33,      13.35,     44.05,          2.18
         -2,          3,    4,         -7.00,          3.30,       1.39,      13.91,     45.90,          2.09
         -2,          3,    5,         -6.39,          3.30,       1.45,      14.46,     47.70,          2.03
         -2,          3,    6,         -5.92,          3.30,       1.49,      14.96,     49.34,          1.97
         -2,          3,    7,         -5.54,          3.30,       1.54,      15.41,     50.83,          1.93
         -2,          4,    1,         -7.95,          3.30,       1.30,      13.03,     43.01,          3.74
         -2,          4,    2,         -6.78,          3.30,       1.38,      13.84,     45.68,          3.01
         -2,          4,    3,         -5.90,          3.30,       1.46,      14.57,     48.09,          2.75
         -2,          4,    4,         -5.28,          3.30,       1.52,      15.19,     50.12,          2.60
         -2,          4,    5,         -4.78,          3.30,       1.58,      15.78,     52.08,          2.49
         -2,          4,    6,         -4.36,          3.30,       1.64,      16.32,     53.84,          2.43
         -2,          4,    7,         -4.00,          3.30,       1.68,      16.76,     55.28,          2.40
         -2,          5,    1,         -5.73,          3.30,       1.45,      14.51,     47.89,          4.63
         -2,          5,    2,         -4.69,          3.30,       1.55,      15.48,     51.06,          3.80
         -2,          5,    3,         -3.94,          3.30,       1.63,      16.30,     53.77,          3.46
         -2,          5,    4,         -3.41,          3.30,       1.69,      16.93,     55.87,          3.32
         -2,          5,    5,         -3.05,          3.30,       1.75,      17.56,     57.94,          3.13
         -2,          5,    6,         -2.69,          3.30,       1.81,      18.09,     59.69,          3.06
         -2,          5,    7,         -2.45,          3.30,       1.86,      18.58,     61.30,          2.97
         -2,          6,    1,         -4.30,          3.30,       1.58,      15.84,     52.25,          6.24
         -2,          6,    2,         -3.33,          3.30,       1.69,      16.89,     55.72,          4.93
         -2,          6,    3,         -2.67,          3.30,       1.78,      17.72,     58.46,          4.44
         -2,          6,    4,         -2.21,          3.30,       1.85,      18.47,     60.94,          4.11
         -2,          6,    5,         -1.90,          3.30,       1.91,      19.10,     63.00,          3.86
         -2,          6,    6,         -1.60,          3.30,       1.97,      19.67,     64.88,          3.72
         -2,          6,    7,         -1.39,          3.30,       2.02,      20.20,     66.61,          3.58
         -2,          7,    1,         -3.09,          3.30,       1.72,      17.19,     56.70,          7.06
         -2,          7,    2,         -2.13,          3.30,       1.85,      18.49,     60.99,          5.45
         -2,          7,    3,         -1.52,          3.30,       1.95,      19.48,     64.26,          4.86
         -2,          7,    4,         -1.11,          3.30,       2.02,      20.23,     66.73,          4.56
         -2,          7,    5,         -0.83,          3.30,       2.09,      20.86,     68.82,          4.33
         -2,          7,    6,         -0.60,          3.30,       2.15,      21.46,     70.78,          4.14
         -2,          7,    7,         -0.41,          3.30,       2.20,      22.04,     72.67,          3.97
         -1,          1,    1,        -15.11,          3.30,       1.04,      10.43,     34.42,          1.37
         -1,          1,    2,        -13.34,          3.30,       1.10,      10.97,     36.20,          1.15
         -1,          1,    3,        -12.02,          3.30,       1.15,      11.54,     38.09,          1.06
         -1,          1,    4,        -11.02,          3.30,       1.20,      11.99,     39.57,          1.07
         -1,          1,    5,        -10.25,          3.30,       1.24,      12.39,     40.89,          1.08
         -1,          1,    6,         -9.60,          3.30,       1.29,      12.86,     42.41,          1.07
         -1,          1,    7,         -9.03,          3.30,       1.33,      13.25,     43.72,          1.08
         -1,          2,    1,        -12.52,          3.30,       1.11,      11.12,     36.71,          2.76
         -1,          2,    2,        -11.04,          3.30,       1.18,      11.72,     38.68,          1.97
         -1,          2,    3,         -9.84,          3.30,       1.23,      12.35,     40.74,          1.71
         -1,          2,    4,         -8.90,          3.30,       1.29,      12.90,     42.57,          1.63
         -1,          2,    5,         -8.14,          3.30,       1.34,      13.41,     44.26,          1.60
         -1,          2,    6,         -7.54,          3.30,       1.39,      13.87,     45.75,          1.59
         -1,          2,    7,         -7.03,          3.30,       1.44,      14.35,     47.34,          1.57
         -1,          3,    1,         -9.60,          3.30,       1.22,      12.21,     40.28,          3.40
         -1,          3,    2,         -8.31,          3.30,       1.30,      12.96,     42.76,          2.59
         -1,          3,    3,         -7.25,          3.30,       1.36,      13.62,     44.93,          2.40
         -1,          3,    4,         -6.46,          3.30,       1.42,      14.26,     47.04,          2.27
         -1,          3,    5,         -5.87,          3.30,       1.48,      14.79,     48.79,          2.21
         -1,          3,    6,         -5.39,          3.30,       1.53,      15.31,     50.53,          2.15
         -1,          3,    7,         -5.03,          3.30,       1.58,      15.80,     52.12,          2.09
         -1,          4,    1,         -7.43,          3.30,       1.34,      13.34,     44.01,          3.93
         -1,          4,    2,         -6.25,          3.30,       1.42,      14.19,     46.83,          3.20
         -1,          4,    3,         -5.39,          3.30,       1.50,      14.96,     49.35,          2.91
         -1,          4,    4,         -4.74,          3.30,       1.56,      15.58,     51.40,          2.80
         -1,          4,    5,         -4.26,          3.30,       1.62,      16.22,     53.50,          2.66
         -1,          4,    6,         -3.81,          3.30,       1.67,      16.72,     55.17,          2.64
         -1,          4,    7,         -3.48,          3.30,       1.72,      17.21,     56.77,          2.58
         -1,          5,    1,         -5.21,          3.30,       1.49,      14.93,     49.26,          4.90
         -1,          5,    2,         -4.14,          3.30,       1.59,      15.92,     52.52,          4.10
         -1,          5,    3,         -3.41,          3.30,       1.68,      16.76,     55.31,          3.73
         -1,          5,    4,         -2.89,          3.30,       1.75,      17.48,     57.66,          3.54
         -1,          5,    5,         -2.49,          3.30,       1.81,      18.11,     59.73,          3.39
         -1,          5,    6,         -2.16,          3.30,       1.86,      18.64,     61.49,          3.31
         -1,          5,    7,         -1.89,          3.30,       1.92,      19.19,     63.30,          3.20
         -1,          6,    1,         -3.75,          3.30,       1.63,      16.36,     53.97,          6.65
         -1,          6,    2,         -2.75,          3.30,       1.74,      17.41,     57.43,          5.41
         -1,          6,    3,         -2.14,          3.30,       1.84,      18.37,     60.61,          4.70
         -1,          6,    4,         -1.69,          3.30,       1.91,      19.12,     63.06,          4.39
         -1,          6,    5,         -1.33,          3.30,       1.98,      19.77,     65.22,          4.18
         -1,          6,    6,         -1.08,          3.30,       2.03,      20.31,     66.99,          4.03
         -1,          6,    7,         -0.85,          3.30,       2.08,      20.84,     68.76,          3.89
         -1,          7,    1,         -2.53,          3.30,       1.78,      17.80,     58.70,          7.54
         -1,          7,    2,         -1.60,          3.30,       1.91,      19.13,     63.10,          5.86
         -1,          7,    3,         -0.96,          3.30,       2.01,      20.14,     66.44,          5.29
         -1,          7,    4,         -0.58,          3.30,       2.09,      20.90,     68.94,          4.96
         -1,          7,    5,         -0.28,          3.30,       2.17,      21.65,     71.42,          4.66
         -1,          7,    6,         -0.06,          3.30,       2.23,      22.26,     73.39,          4.46
         -1,          7,    7,          0.13,          3.30,       2.28,      22.84,     75.32,          4.29
          0,          1,    1,        -14.69,          3.30,       1.05,      10.52,     34.71,          1.45
          0,          1,    2,        -13.02,          3.30,       1.11,      11.09,     36.59,          1.18
          0,          1,    3,        -11.71,          3.30,       1.16,      11.68,     38.54,          1.09
          0,          1,    4,        -10.66,          3.30,       1.21,      12.08,     39.88,          1.14
          0,          1,    5,         -9.89,          3.30,       1.26,      12.59,     41.56,          1.12
          0,          1,    6,         -9.20,          3.30,       1.30,      13.04,     43.02,          1.13
          0,          1,    7,         -8.62,          3.30,       1.35,      13.41,     44.25,          1.16
          0,          2,    1,        -12.11,          3.30,       1.13,      11.27,     37.20,          2.66
          0,          2,    2,        -10.62,          3.30,       1.19,      11.87,     39.17,          2.02
          0,          2,    3,         -9.44,          3.30,       1.25,      12.51,     41.27,          1.78
          0,          2,    4,         -8.48,          3.30,       1.31,      13.10,     43.23,          1.70
          0,          2,    5,         -7.75,          3.30,       1.36,      13.58,     44.83,          1.69
          0,          2,    6,         -7.15,          3.30,       1.41,      14.10,     46.53,          1.66
          0,          2,    7,         -6.59,          3.30,       1.46,      14.56,     48.06,          1.67
          0,          3,    1,         -9.19,          3.30,       1.24,      12.39,     40.90,          3.59
          0,          3,    2,         -7.89,          3.30,       1.32,      13.18,     43.49,          2.73
          0,          3,    3,         -6.83,          3.30,       1.39,      13.84,     45.68,          2.55
          0,          3,    4,         -6.08,          3.30,       1.45,      14.50,     47.85,          2.39
          0,          3,    5,         -5.49,          3.30,       1.51,      15.08,     49.76,          2.31
          0,          3,    6,         -5.01,          3.30,       1.56,      15.59,     51.45,          2.27
          0,          3,    7,         -4.63,          3.30,       1.61,      16.08,     53.07,          2.22
          0,          4,    1,         -7.02,          3.30,       1.36,      13.56,     44.75,          4.17
          0,          4,    2,         -5.80,          3.30,       1.45,      14.48,     47.78,          3.37
          0,          4,    3,         -4.96,          3.30,       1.52,      15.24,     50.30,          3.09
          0,          4,    4,         -4.33,          3.30,       1.59,      15.91,     52.50,          2.95
          0,          4,    5,         -3.83,          3.30,       1.66,      16.55,     54.58,          2.84
          0,          4,    6,         -3.42,          3.30,       1.70,      17.06,     56.28,          2.79
          0,          4,    7,         -3.07,          3.30,       1.76,      17.60,     58.07,          2.73
          0,          5,    1,         -4.80,          3.30,       1.52,      15.22,     50.23,          5.19
          0,          5,    2,         -3.74,          3.30,       1.63,      16.34,     53.92,          4.20
          0,          5,    3,         -2.98,          3.30,       1.72,      17.15,     56.58,          3.96
          0,          5,    4,         -2.45,          3.30,       1.79,      17.90,     59.07,          3.74
          0,          5,    5,         -2.05,          3.30,       1.85,      18.54,     61.18,          3.60
          0,          5,    6,         -1.76,          3.30,       1.91,      19.16,     63.22,          3.45
          0,          5,    7,         -1.49,          3.30,       1.97,      19.67,     64.87,          3.38
          0,          6,    1,         -3.32,          3.30,       1.67,      16.72,     55.18,          7.17
          0,          6,    2,         -2.33,          3.30,       1.79,      17.93,     59.16,          5.59
          0,          6,    3,         -1.70,          3.30,       1.88,      18.81,     62.05,          5.07
          0,          6,    4,         -1.25,          3.30,       1.96,      19.62,     64.72,          4.67
          0,          6,    5,         -0.93,          3.30,       2.03,      20.26,     66.82,          4.46
          0,          6,    6,         -0.64,          3.30,       2.09,      20.83,     68.69,          4.31
          0,          6,    7,         -0.41,          3.30,       2.14,      21.45,     70.73,          4.13
          0,          7,    1,         -2.11,          3.30,       1.83,      18.31,     60.41,          7.78
          0,          7,    2,         -1.16,          3.30,       1.97,      19.71,     65.02,          6.11
          0,          7,    3,         -0.56,          3.30,       2.07,      20.69,     68.24,          5.59
          0,          7,    4,         -0.16,          3.30,       2.15,      21.55,     71.07,          5.19
          0,          7,    5,          0.16,          3.30,       2.23,      22.31,     73.57,          4.93
          0,          7,    6,          0.39,          3.30,       2.30,      22.95,     75.69,          4.71
          0,          7,    7,          0.56,          3.30,       2.35,      23.52,     77.57,          4.54
          1,          1,    1,        -14.23,          3.30,       0.97,       9.69,     31.96,          1.49
          1,          1,    2,        -12.53,          3.30,       1.02,      10.24,     33.77,          1.28
          1,          1,    3,        -11.23,          3.30,       1.08,      10.79,     35.61,          1.22
          1,          1,    4,        -10.27,          3.30,       1.13,      11.31,     37.32,          1.19
          1,          1,    5,         -9.42,          3.30,       1.18,      11.78,     38.86,          1.21
          1,          1,    6,         -8.76,          3.30,       1.22,      12.21,     40.29,          1.22
          1,          1,    7,         -8.18,          3.30,       1.27,      12.67,     41.79,          1.23
          1,          2,    1,        -11.69,          3.30,       1.04,      10.39,     34.28,          3.44
          1,          2,    2,        -10.19,          3.30,       1.11,      11.08,     36.54,          2.26
          1,          2,    3,         -9.04,          3.30,       1.17,      11.77,     38.83,          1.91
          1,          2,    4,         -8.01,          3.30,       1.23,      12.32,     40.66,          1.89
          1,          2,    5,         -7.29,          3.30,       1.29,      12.88,     42.52,          1.83
          1,          2,    6,         -6.70,          3.30,       1.34,      13.37,     44.11,          1.81
          1,          2,    7,         -6.15,          3.30,       1.39,      13.82,     45.59,          1.83
          1,          3,    1,         -8.74,          3.30,       1.16,      11.62,     38.34,          3.64
          1,          3,    2,         -7.41,          3.30,       1.24,      12.40,     40.93,          2.90
          1,          3,    3,         -6.33,          3.30,       1.32,      13.16,     43.42,          2.66
          1,          3,    4,         -5.56,          3.30,       1.38,      13.82,     45.63,          2.53
          1,          3,    5,         -5.03,          3.30,       1.44,      14.39,     47.49,          2.45
          1,          3,    6,         -4.57,          3.30,       1.50,      14.93,     49.26,          2.39
          1,          3,    7,         -4.17,          3.30,       1.54,      15.44,     50.95,          2.35
          1,          4,    1,         -6.52,          3.30,       1.29,      12.89,     42.52,          4.43
          1,          4,    2,         -5.37,          3.30,       1.38,      13.79,     45.51,          3.62
          1,          4,    3,         -4.53,          3.30,       1.46,      14.64,     48.30,          3.26
          1,          4,    4,         -3.88,          3.30,       1.53,      15.34,     50.60,          3.12
          1,          4,    5,         -3.37,          3.30,       1.60,      15.97,     52.68,          3.03
          1,          4,    6,         -2.94,          3.30,       1.66,      16.54,     54.57,          2.97
          1,          4,    7,         -2.61,          3.30,       1.71,      17.04,     56.23,          2.93
          1,          5,    1,         -4.33,          3.30,       1.47,      14.67,     48.40,          5.33
          1,          5,    2,         -3.24,          3.30,       1.57,      15.74,     51.92,          4.55
          1,          5,    3,         -2.52,          3.30,       1.67,      16.67,     54.99,          4.15
          1,          5,    4,         -1.98,          3.30,       1.74,      17.39,     57.38,          3.99
          1,          5,    5,         -1.60,          3.30,       1.81,      18.09,     59.67,          3.80
          1,          5,    6,         -1.27,          3.30,       1.87,      18.71,     61.71,          3.69
          1,          5,    7,         -1.00,          3.30,       1.92,      19.20,     63.31,          3.64
          1,          6,    1,         -2.85,          3.30,       1.62,      16.24,     53.59,          7.37
          1,          6,    2,         -1.87,          3.30,       1.74,      17.44,     57.53,          5.92
          1,          6,    3,         -1.20,          3.30,       1.84,      18.45,     60.85,          5.30
          1,          6,    4,         -0.76,          3.30,       1.92,      19.23,     63.44,          4.97
          1,          6,    5,         -0.43,          3.30,       1.99,      19.95,     65.82,          4.70
          1,          6,    6,         -0.16,          3.30,       2.05,      20.51,     67.64,          4.57
          1,          6,    7,          0.05,          3.30,       2.12,      21.16,     69.80,          4.35
          1,          7,    1,         -1.64,          3.30,       1.79,      17.89,     59.04,          8.35
          1,          7,    2,         -0.67,          3.30,       1.93,      19.31,     63.71,          6.66
          1,          7,    3,         -0.04,          3.30,       2.04,      20.41,     67.31,          6.02
          1,          7,    4,          0.34,          3.30,       2.13,      21.31,     70.31,          5.55
          1,          7,    5,          0.64,          3.30,       2.20,      22.01,     72.59,          5.33
          1,          7,    6,          0.85,          3.30,       2.27,      22.71,     74.89,          5.06
          1,          7,    7,          1.04,          3.30,       2.34,      23.35,     76.99,          4.86
          2,          1,    1,        -13.76,          3.30,       0.97,       9.77,     32.23,          1.63
          2,          1,    2,        -12.13,          3.30,       1.03,      10.31,     34.04,          1.39
          2,          1,    3,        -10.81,          3.30,       1.09,      10.89,     35.92,          1.32
          2,          1,    4,         -9.82,          3.30,       1.15,      11.48,     37.88,          1.27
          2,          1,    5,         -9.03,          3.30,       1.19,      11.93,     39.39,          1.28
          2,          1,    6,         -8.32,          3.30,       1.24,      12.39,     40.88,          1.31
          2,          1,    7,         -7.79,          3.30,       1.28,      12.82,     42.29,          1.32
          2,          2,    1,        -11.24,          3.30,       1.05,      10.51,     34.70,          3.67
          2,          2,    2,         -9.74,          3.30,       1.12,      11.24,     37.10,          2.38
          2,          2,    3,         -8.59,          3.30,       1.19,      11.92,     39.33,          2.07
          2,          2,    4,         -7.62,          3.30,       1.25,      12.51,     41.29,          2.00
          2,          2,    5,         -6.88,          3.30,       1.31,      13.07,     43.13,          1.96
          2,          2,    6,         -6.25,          3.30,       1.36,      13.58,     44.80,          1.95
          2,          2,    7,         -5.73,          3.30,       1.41,      14.09,     46.48,          1.93
          2,          3,    1,         -8.30,          3.30,       1.18,      11.83,     39.03,          3.91
          2,          3,    2,         -6.96,          3.30,       1.26,      12.68,     41.84,          3.05
          2,          3,    3,         -5.92,          3.30,       1.34,      13.44,     44.35,          2.81
          2,          3,    4,         -5.18,          3.30,       1.41,      14.08,     46.47,          2.70
          2,          3,    5,         -4.58,          3.30,       1.47,      14.70,     48.50,          2.63
          2,          3,    6,         -4.12,          3.30,       1.53,      15.27,     50.38,          2.56
          2,          3,    7,         -3.71,          3.30,       1.58,      15.76,     51.98,          2.54
          2,          4,    1,         -6.09,          3.30,       1.32,      13.16,     43.44,          4.68
          2,          4,    2,         -4.94,          3.30,       1.41,      14.08,     46.47,          3.87
          2,          4,    3,         -4.06,          3.30,       1.50,      15.00,     49.50,          3.47
          2,          4,    4,         -3.43,          3.30,       1.57,      15.68,     51.74,          3.35
          2,          4,    5,         -2.90,          3.30,       1.63,      16.36,     53.97,          3.25
          2,          4,    6,         -2.49,          3.30,       1.69,      16.90,     55.77,          3.20
          2,          4,    7,         -2.17,          3.30,       1.75,      17.47,     57.64,          3.12
          2,          5,    1,         -3.89,          3.30,       1.50,      15.02,     49.55,          5.81
          2,          5,    2,         -2.79,          3.30,       1.62,      16.17,     53.35,          4.86
          2,          5,    3,         -2.03,          3.30,       1.71,      17.09,     56.40,          4.51
          2,          5,    4,         -1.54,          3.30,       1.79,      17.90,     59.05,          4.25
          2,          5,    5,         -1.14,          3.30,       1.86,      18.57,     61.28,          4.10
          2,          5,    6,         -0.83,          3.30,       1.92,      19.17,     63.24,          3.99
          2,          5,    7,         -0.55,          3.30,       1.98,      19.82,     65.40,          3.85
          2,          6,    1,         -2.38,          3.30,       1.67,      16.66,     54.95,          7.98
          2,          6,    2,         -1.40,          3.30,       1.80,      17.99,     59.36,          6.22
          2,          6,    3,         -0.77,          3.30,       1.90,      18.99,     62.64,          5.61
          2,          6,    4,         -0.29,          3.30,       1.98,      19.81,     65.35,          5.30
          2,          6,    5,          0.05,          3.30,       2.05,      20.52,     67.68,          5.06
          2,          6,    6,          0.31,          3.30,       2.12,      21.21,     69.95,          4.83
          2,          6,    7,          0.52,          3.30,       2.18,      21.81,     71.93,          4.65
          2,          7,    1,         -1.16,          3.30,       1.85,      18.43,     60.81,          8.82
          2,          7,    2,         -0.20,          3.30,       2.00,      19.96,     65.86,          6.96
          2,          7,    3,          0.42,          3.30,       2.11,      21.10,     69.58,          6.32
          2,          7,    4,          0.80,          3.30,       2.20,      21.99,     72.51,          5.91
          2,          7,    5,          1.09,          3.30,       2.28,      22.78,     75.15,          5.58
          2,          7,    6,          1.32,          3.30,       2.35,      23.48,     77.42,          5.36
          2,          7,    7,          1.52,          3.30,       2.41,      24.10,     79.49,          5.19
          3,          1,    1,        -13.35,          3.30,       0.99,       9.92,     32.72,          1.62
          3,          1,    2,        -11.66,          3.30,       1.05,      10.45,     34.47,          1.48
          3,          1,    3,        -10.37,          3.30,       1.11,      11.04,     36.41,          1.40
          3,          1,    4,         -9.34,          3.30,       1.16,      11.63,     38.39,          1.36
          3,          1,    5,         -8.59,          3.30,       1.21,      12.08,     39.86,          1.38
          3,          1,    6,         -7.88,          3.30,       1.26,      12.61,     41.61,          1.39
          3,          1,    7,         -7.30,          3.30,       1.31,      13.03,     42.98,          1.42
          3,          2,    1,        -10.77,          3.30,       1.07,      10.65,     35.13,          3.70
          3,          2,    2,         -9.27,          3.30,       1.14,      11.39,     37.58,          2.51
          3,          2,    3,         -8.07,          3.30,       1.21,      12.10,     39.93,          2.21
          3,          2,    4,         -7.11,          3.30,       1.27,      12.73,     42.01,          2.13
          3,          2,    5,         -6.39,          3.30,       1.33,      13.32,     43.95,          2.07
          3,          2,    6,         -5.79,          3.30,       1.39,      13.84,     45.68,          2.06
          3,          2,    7,         -5.27,          3.30,       1.44,      14.45,     47.67,          2.01
          3,          3,    1,         -7.78,          3.30,       1.21,      12.07,     39.82,          4.13
          3,          3,    2,         -6.44,          3.30,       1.29,      12.92,     42.64,          3.31
          3,          3,    3,         -5.42,          3.30,       1.37,      13.73,     45.32,          3.01
          3,          3,    4,         -4.67,          3.30,       1.45,      14.46,     47.72,          2.86
          3,          3,    5,         -4.14,          3.30,       1.51,      15.04,     49.65,          2.78
          3,          3,    6,         -3.63,          3.30,       1.56,      15.63,     51.58,          2.74
          3,          3,    7,         -3.23,          3.30,       1.62,      16.20,     53.43,          2.69
          3,          4,    1,         -5.59,          3.30,       1.35,      13.50,     44.53,          4.90
          3,          4,    2,         -4.44,          3.30,       1.45,      14.49,     47.82,          4.03
          3,          4,    3,         -3.55,          3.30,       1.53,      15.36,     50.68,          3.75
          3,          4,    4,         -2.91,          3.30,       1.62,      16.16,     53.30,          3.55
          3,          4,    5,         -2.40,          3.30,       1.68,      16.80,     55.42,          3.48
          3,          4,    6,         -2.01,          3.30,       1.74,      17.40,     57.41,          3.40
          3,          4,    7,         -1.68,          3.30,       1.80,      17.99,     59.34,          3.32
          3,          5,    1,         -3.38,          3.30,       1.54,      15.42,     50.89,          6.16
          3,          5,    2,         -2.31,          3.30,       1.67,      16.63,     54.86,          5.14
          3,          5,    3,         -1.55,          3.30,       1.76,      17.62,     58.12,          4.76
          3,          5,    4,         -1.04,          3.30,       1.85,      18.48,     60.96,          4.49
          3,          5,    5,         -0.62,          3.30,       1.92,      19.18,     63.27,          4.36
          3,          5,    6,         -0.29,          3.30,       1.99,      19.89,     65.60,          4.22
          3,          5,    7,         -0.05,          3.30,       2.04,      20.42,     67.36,          4.14
          3,          6,    1,         -1.88,          3.30,       1.72,      17.19,     56.71,          8.56
          3,          6,    2,         -0.87,          3.30,       1.86,      18.57,     61.27,          6.74
          3,          6,    3,         -0.25,          3.30,       1.97,      19.68,     64.91,          5.98
          3,          6,    4,          0.18,          3.30,       2.05,      20.50,     67.62,          5.65
          3,          6,    5,          0.52,          3.30,       2.13,      21.26,     70.14,          5.37
          3,          6,    6,          0.80,          3.30,       2.19,      21.91,     72.27,          5.19
          3,          6,    7,          1.02,          3.30,       2.25,      22.54,     74.32,          5.03
          3,          7,    1,         -0.66,          3.30,       1.91,      19.05,     62.83,          9.42
          3,          7,    2,          0.32,          3.30,       2.06,      20.64,     68.09,          7.48
          3,          7,    3,          0.92,          3.30,       2.19,      21.86,     72.11,          6.71
          3,          7,    4,          1.32,          3.30,       2.28,      22.84,     75.34,          6.26
          3,          7,    5,          1.62,          3.30,       2.36,      23.64,     77.95,          5.99
          3,          7,    6,          1.85,          3.30,       2.43,      24.38,     80.39,          5.74
          3,          7,    7,          2.05,          3.30,       2.51,      25.09,     82.73,          5.52
          4,          1,    1,        -12.95,          3.30,       1.00,      10.00,     33.00,          1.72
          4,          1,    2,        -11.25,          3.30,       1.06,      10.59,     34.93,          1.54
          4,          1,    3,         -9.95,          3.30,       1.12,      11.26,     37.16,          1.42
          4,          1,    4,         -8.92,          3.30,       1.18,      11.77,     38.84,          1.46
          4,          1,    5,         -8.09,          3.30,       1.23,      12.26,     40.46,          1.49
          4,          1,    6,         -7.45,          3.30,       1.28,      12.82,     42.31,          1.47
          4,          1,    7,         -6.87,          3.30,       1.33,      13.28,     43.81,          1.49
          4,          2,    1,        -10.38,          3.30,       1.08,      10.82,     35.71,          3.93
          4,          2,    2,         -8.85,          3.30,       1.16,      11.60,     38.30,          2.65
          4,          2,    3,         -7.62,          3.30,       1.23,      12.30,     40.59,          2.40
          4,          2,    4,         -6.71,          3.30,       1.30,      13.01,     42.92,          2.24
          4,          2,    5,         -5.93,          3.30,       1.36,      13.56,     44.74,          2.25
          4,          2,    6,         -5.35,          3.30,       1.41,      14.12,     46.60,          2.21
          4,          2,    7,         -4.84,          3.30,       1.47,      14.72,     48.58,          2.16
          4,          3,    1,         -7.38,          3.30,       1.23,      12.26,     40.44,          4.62
          4,          3,    2,         -6.00,          3.30,       1.32,      13.17,     43.47,          3.59
          4,          3,    3,         -4.99,          3.30,       1.40,      14.00,     46.19,          3.26
          4,          3,    4,         -4.25,          3.30,       1.48,      14.80,     48.82,          3.05
          4,          3,    5,         -3.65,          3.30,       1.54,      15.40,     50.81,          3.01
          4,          3,    6,         -3.17,          3.30,       1.60,      15.98,     52.73,          2.97
          4,          3,    7,         -2.77,          3.30,       1.66,      16.58,     54.71,          2.90
          4,          4,    1,         -5.20,          3.30,       1.37,      13.75,     45.38,          5.23
          4,          4,    2,         -3.98,          3.30,       1.48,      14.83,     48.92,          4.29
          4,          4,    3,         -3.09,          3.30,       1.58,      15.74,     51.93,          3.99
          4,          4,    4,         -2.45,          3.30,       1.65,      16.52,     54.49,          3.82
          4,          4,    5,         -1.96,          3.30,       1.72,      17.24,     56.86,          3.69
          4,          4,    6,         -1.56,          3.30,       1.79,      17.90,     59.04,          3.59
          4,          4,    7,         -1.21,          3.30,       1.85,      18.54,     61.16,          3.51
          4,          5,    1,         -2.90,          3.30,       1.59,      15.85,     52.29,          6.46
          4,          5,    2,         -1.81,          3.30,       1.71,      17.10,     56.41,          5.47
          4,          5,    3,         -1.09,          3.30,       1.82,      18.19,     60.02,          4.96
          4,          5,    4,         -0.56,          3.30,       1.90,      19.06,     62.87,          4.75
          4,          5,    5,         -0.16,          3.30,       1.98,      19.79,     65.29,          4.60
          4,          5,    6,          0.17,          3.30,       2.04,      20.41,     67.31,          4.53
          4,          5,    7,          0.40,          3.30,       2.10,      21.03,     69.38,          4.38
          4,          6,    1,         -1.40,          3.30,       1.77,      17.72,     58.45,          9.06
          4,          6,    2,         -0.41,          3.30,       1.91,      19.14,     63.14,          7.18
          4,          6,    3,          0.23,          3.30,       2.03,      20.28,     66.90,          6.42
          4,          6,    4,          0.68,          3.30,       2.12,      21.18,     69.84,          6.03
          4,          6,    5,          1.00,          3.30,       2.19,      21.93,     72.32,          5.76
          4,          6,    6,          1.28,          3.30,       2.26,      22.63,     74.64,          5.55
          4,          6,    7,          1.51,          3.30,       2.33,      23.32,     76.90,          5.35
          4,          7,    1,         -0.18,          3.30,       1.97,      19.71,     64.99,          9.81
          4,          7,    2,          0.78,          3.30,       2.14,      21.36,     70.48,          7.84
          4,          7,    3,          1.40,          3.30,       2.26,      22.63,     74.64,          7.10
          4,          7,    4,          1.80,          3.30,       2.36,      23.59,     77.79,          6.70
          4,          7,    5,          2.09,          3.30,       2.45,      24.49,     80.75,          6.34
          4,          7,    6,          2.34,          3.30,       2.53,      25.28,     83.34,          6.09
          4,          7,    7,          2.53,          3.30,       2.60,      25.95,     85.57,          5.89
          5,          1,    1,        -12.54,          3.30,       1.01,      10.04,     33.16,          1.94
          5,          1,    2,        -10.90,          3.30,       1.07,      10.70,     35.30,          1.62
          5,          1,    3,         -9.59,          3.30,       1.14,      11.36,     37.49,          1.53
          5,          1,    4,         -8.51,          3.30,       1.19,      11.95,     39.44,          1.54
          5,          1,    5,         -7.76,          3.30,       1.24,      12.43,     41.01,          1.56
          5,          1,    6,         -7.06,          3.30,       1.30,      12.98,     42.84,          1.57
          5,          1,    7,         -6.44,          3.30,       1.35,      13.44,     44.36,          1.61
          5,          2,    1,        -10.03,          3.30,       1.09,      10.95,     36.14,          4.12
          5,          2,    2,         -8.45,          3.30,       1.17,      11.75,     38.77,          2.84
          5,          2,    3,         -7.25,          3.30,       1.25,      12.48,     41.19,          2.53
          5,          2,    4,         -6.28,          3.30,       1.32,      13.18,     43.48,          2.42
          5,          2,    5,         -5.58,          3.30,       1.38,      13.75,     45.38,          2.38
          5,          2,    6,         -4.95,          3.30,       1.44,      14.35,     47.37,          2.34
          5,          2,    7,         -4.49,          3.30,       1.49,      14.93,     49.26,          2.29
          5,          3,    1,         -6.94,          3.30,       1.25,      12.45,     41.08,          4.89
          5,          3,    2,         -5.61,          3.30,       1.34,      13.43,     44.32,          3.72
          5,          3,    3,         -4.58,          3.30,       1.43,      14.28,     47.11,          3.42
          5,          3,    4,         -3.84,          3.30,       1.51,      15.04,     49.61,          3.26
          5,          3,    5,         -3.27,          3.30,       1.57,      15.71,     51.85,          3.16
          5,          3,    6,         -2.75,          3.30,       1.64,      16.36,     53.99,          3.11
          5,          3,    7,         -2.38,          3.30,       1.69,      16.89,     55.74,          3.07
          5,          4,    1,         -4.77,          3.30,       1.40,      14.02,     46.26,          5.45
          5,          4,    2,         -3.59,          3.30,       1.52,      15.14,     49.97,          4.46
          5,          4,    3,         -2.69,          3.30,       1.61,      16.10,     53.11,          4.16
          5,          4,    4,         -2.05,          3.30,       1.70,      16.93,     55.86,          3.97
          5,          4,    5,         -1.54,          3.30,       1.76,      17.61,     58.08,          3.91
          5,          4,    6,         -1.14,          3.30,       1.83,      18.34,     60.51,          3.78
          5,          4,    7,         -0.79,          3.30,       1.89,      18.95,     62.53,          3.72
          5,          5,    1,         -2.49,          3.30,       1.63,      16.25,     53.62,          6.72
          5,          5,    2,         -1.43,          3.30,       1.75,      17.50,     57.74,          5.75
          5,          5,    3,         -0.67,          3.30,       1.86,      18.65,     61.54,          5.25
          5,          5,    4,         -0.15,          3.30,       1.95,      19.54,     64.48,          5.02
          5,          5,    5,          0.25,          3.30,       2.03,      20.28,     66.90,          4.89
          5,          5,    6,          0.56,          3.30,       2.10,      20.99,     69.23,          4.74
          5,          5,    7,          0.83,          3.30,       2.16,      21.64,     71.36,          4.63
          5,          6,    1,         -0.98,          3.30,       1.82,      18.22,     60.10,          9.39
          5,          6,    2,          0.01,          3.30,       1.97,      19.73,     65.08,          7.44
          5,          6,    3,          0.64,          3.30,       2.08,      20.83,     68.71,          6.78
          5,          6,    4,          1.10,          3.30,       2.18,      21.77,     71.80,          6.37
          5,          6,    5,          1.43,          3.30,       2.26,      22.57,     74.45,          6.09
          5,          6,    6,          1.71,          3.30,       2.34,      23.35,     76.99,          5.84
          5,          6,    7,          1.91,          3.30,       2.40,      24.01,     79.19,          5.63
          5,          7,    1,          0.22,          3.30,       2.02,      20.26,     66.82,         10.31
          5,          7,    2,          1.20,          3.30,       2.20,      21.99,     72.52,          8.29
          5,          7,    3,          1.83,          3.30,       2.34,      23.33,     76.94,          7.49
          5,          7,    4,          2.23,          3.30,       2.44,      24.38,     80.39,          7.03
          5,          7,    5,          2.52,          3.30,       2.53,      25.29,     83.39,          6.68
          5,          7,    6,          2.75,          3.30,       2.61,      26.09,     86.04,          6.41
          5,          7,    7,          2.95,          3.30,       2.68,      26.85,     88.51,          6.18
          6,          1,    1,        -12.07,          3.30,       1.02,      10.24,     33.79,          2.22
          6,          1,    2,        -10.44,          3.30,       1.10,      10.98,     36.23,          1.73
          6,          1,    3,         -9.14,          3.30,       1.16,      11.63,     38.37,          1.66
          6,          1,    4,         -8.10,          3.30,       1.22,      12.22,     40.34,          1.66
          6,          1,    5,         -7.28,          3.30,       1.27,      12.75,     42.06,          1.69
          6,          1,    6,         -6.56,          3.30,       1.33,      13.31,     43.93,          1.71
          6,          1,    7,         -6.03,          3.30,       1.37,      13.74,     45.33,          1.74
          6,          2,    1,         -9.59,          3.30,       1.12,      11.24,     37.10,          4.00
          6,          2,    2,         -8.03,          3.30,       1.20,      12.00,     39.59,          3.00
          6,          2,    3,         -6.76,          3.30,       1.29,      12.84,     42.38,          2.63
          6,          2,    4,         -5.84,          3.30,       1.35,      13.52,     44.63,          2.54
          6,          2,    5,         -5.10,          3.30,       1.41,      14.12,     46.58,          2.53
          6,          2,    6,         -4.51,          3.30,       1.48,      14.79,     48.80,          2.45
          6,          2,    7,         -3.98,          3.30,       1.54,      15.33,     50.57,          2.47
          6,          3,    1,         -6.50,          3.30,       1.28,      12.81,     42.27,          5.06
          6,          3,    2,         -5.16,          3.30,       1.38,      13.78,     45.47,          4.00
          6,          3,    3,         -4.15,          3.30,       1.47,      14.73,     48.59,          3.58
          6,          3,    4,         -3.38,          3.30,       1.55,      15.53,     51.23,          3.43
          6,          3,    5,         -2.78,          3.30,       1.62,      16.24,     53.58,          3.35
          6,          3,    6,         -2.30,          3.30,       1.68,      16.82,     55.50,          3.34
          6,          3,    7,         -1.91,          3.30,       1.74,      17.42,     57.48,          3.28
          6,          4,    1,         -4.32,          3.30,       1.45,      14.46,     47.71,          5.91
          6,          4,    2,         -3.08,          3.30,       1.56,      15.59,     51.43,          4.94
          6,          4,    3,         -2.21,          3.30,       1.66,      16.60,     54.77,          4.52
          6,          4,    4,         -1.59,          3.30,       1.75,      17.46,     57.58,          4.30
          6,          4,    5,         -1.09,          3.30,       1.83,      18.27,     60.27,          4.14
          6,          4,    6,         -0.67,          3.30,       1.90,      18.98,     62.62,          4.05
          6,          4,    7,         -0.30,          3.30,       1.96,      19.60,     64.65,          4.02
          6,          5,    1,         -2.01,          3.30,       1.68,      16.74,     55.23,          7.27
          6,          5,    2,         -0.94,          3.30,       1.82,      18.21,     60.08,          5.96
          6,          5,    3,         -0.18,          3.30,       1.93,      19.34,     63.79,          5.57
          6,          5,    4,          0.34,          3.30,       2.02,      20.23,     66.72,          5.36
          6,          5,    5,          0.73,          3.30,       2.11,      21.08,     69.52,          5.16
          6,          5,    6,          1.04,          3.30,       2.18,      21.73,     71.67,          5.07
          6,          5,    7,          1.32,          3.30,       2.25,      22.45,     74.03,          4.94
          6,          6,    1,         -0.51,          3.30,       1.89,      18.91,     62.38,          9.97
          6,          6,    2,          0.49,          3.30,       2.04,      20.40,     67.28,          8.10
          6,          6,    3,          1.14,          3.30,       2.17,      21.67,     71.48,          7.22
          6,          6,    4,          1.58,          3.30,       2.27,      22.65,     74.69,          6.78
          6,          6,    5,          1.93,          3.30,       2.35,      23.51,     77.54,          6.48
          6,          6,    6,          2.20,          3.30,       2.42,      24.24,     79.92,          6.27
          6,          6,    7,          2.42,          3.30,       2.50,      24.98,     82.38,          6.04
          6,          7,    1,          0.71,          3.30,       2.10,      21.06,     69.46,         10.99
          6,          7,    2,          1.70,          3.30,       2.29,      22.94,     75.67,          8.74
          6,          7,    3,          2.33,          3.30,       2.43,      24.26,     80.01,          8.03
          6,          7,    4,          2.73,          3.30,       2.55,      25.44,     83.90,          7.46
          6,          7,    5,          3.02,          3.30,       2.64,      26.35,     86.87,          7.12
          6,          7,    6,          3.26,          3.30,       2.72,      27.21,     89.70,          6.85
          6,          7,    7,          3.44,          3.30,       2.80,      28.04,     92.42,          6.55
          7,          1,    1,        -11.63,          3.30,       1.04,      10.36,     34.20,          2.39
          7,          1,    2,        -10.01,          3.30,       1.11,      11.14,     36.76,          1.84
          7,          1,    3,         -8.63,          3.30,       1.18,      11.77,     38.85,          1.82
          7,          1,    4,         -7.60,          3.30,       1.24,      12.36,     40.78,          1.84
          7,          1,    5,         -6.76,          3.30,       1.30,      12.97,     42.79,          1.84
          7,          1,    6,         -6.09,          3.30,       1.35,      13.52,     44.60,          1.85
          7,          1,    7,         -5.54,          3.30,       1.41,      14.05,     46.37,          1.86
          7,          2,    1,         -9.09,          3.30,       1.14,      11.43,     37.73,          4.42
          7,          2,    2,         -7.54,          3.30,       1.22,      12.21,     40.29,          3.29
          7,          2,    3,         -6.27,          3.30,       1.31,      13.05,     43.07,          2.90
          7,          2,    4,         -5.36,          3.30,       1.38,      13.78,     45.48,          2.76
          7,          2,    5,         -4.64,          3.30,       1.45,      14.47,     47.75,          2.68
          7,          2,    6,         -4.00,          3.30,       1.51,      15.11,     49.85,          2.67
          7,          2,    7,         -3.47,          3.30,       1.57,      15.75,     51.99,          2.64
          7,          3,    1,         -6.02,          3.30,       1.31,      13.10,     43.21,          5.38
          7,          3,    2,         -4.68,          3.30,       1.41,      14.10,     46.54,          4.27
          7,          3,    3,         -3.60,          3.30,       1.51,      15.07,     49.73,          3.91
          7,          3,    4,         -2.86,          3.30,       1.60,      15.95,     52.61,          3.68
          7,          3,    5,         -2.27,          3.30,       1.67,      16.64,     54.91,          3.63
          7,          3,    6,         -1.80,          3.30,       1.73,      17.31,     57.12,          3.56
          7,          3,    7,         -1.41,          3.30,       1.79,      17.93,     59.14,          3.51
          7,          4,    1,         -3.81,          3.30,       1.48,      14.84,     48.98,          6.24
          7,          4,    2,         -2.59,          3.30,       1.61,      16.08,     53.05,          5.13
          7,          4,    3,         -1.73,          3.30,       1.71,      17.11,     56.44,          4.75
          7,          4,    4,         -1.07,          3.30,       1.80,      18.01,     59.41,          4.58
          7,          4,    5,         -0.57,          3.30,       1.88,      18.82,     62.10,          4.44
          7,          4,    6,         -0.16,          3.30,       1.95,      19.53,     64.42,          4.36
          7,          4,    7,          0.20,          3.30,       2.03,      20.23,     66.73,          4.29
          7,          5,    1,         -1.55,          3.30,       1.73,      17.30,     57.07,          7.75
          7,          5,    2,         -0.44,          3.30,       1.88,      18.80,     62.03,          6.46
          7,          5,    3,          0.31,          3.30,       2.00,      20.03,     66.08,          5.96
          7,          5,    4,          0.83,          3.30,       2.09,      20.96,     69.13,          5.74
          7,          5,    5,          1.23,          3.30,       2.18,      21.83,     72.00,          5.54
          7,          5,    6,          1.58,          3.30,       2.25,      22.52,     74.27,          5.49
          7,          5,    7,          1.84,          3.30,       2.32,      23.23,     76.61,          5.35
          7,          6,    1,          0.01,          3.30,       1.95,      19.56,     64.54,         10.46
          7,          6,    2,          1.00,          3.30,       2.12,      21.20,     69.92,          8.42
          7,          6,    3,          1.67,          3.30,       2.24,      22.44,     73.99,          7.71
          7,          6,    4,          2.12,          3.30,       2.35,      23.51,     77.54,          7.22
          7,          6,    5,          2.46,          3.30,       2.44,      24.44,     80.57,          6.88
          7,          6,    6,          2.73,          3.30,       2.53,      25.24,     83.22,          6.63
          7,          6,    7,          2.95,          3.30,       2.60,      25.96,     85.57,          6.45
          7,          7,    1,          1.24,          3.30,       2.18,      21.84,     72.02,         11.74
          7,          7,    2,          2.23,          3.30,       2.38,      23.81,     78.50,          9.38
          7,          7,    3,          2.85,          3.30,       2.53,      25.32,     83.50,          8.45
          7,          7,    4,          3.26,          3.30,       2.65,      26.49,     87.35,          7.94
          7,          7,    5,          3.55,          3.30,       2.75,      27.49,     90.65,          7.56
          7,          7,    6,          3.78,          3.30,       2.83,      28.36,     93.49,          7.28
          7,          7,    7,          3.97,          3.30,       2.91,      29.11,     95.96,          7.07
          8,          1,    1,        -11.27,          3.30,       1.05,      10.49,     34.62,          2.41
          8,          1,    2,         -9.59,          3.30,       1.13,      11.29,     37.25,          1.92
          8,          1,    3,         -8.20,          3.30,       1.20,      11.96,     39.48,          1.90
          8,          1,    4,         -7.19,          3.30,       1.26,      12.58,     41.52,          1.91
          8,          1,    5,         -6.38,          3.30,       1.32,      13.24,     43.70,          1.89
          8,          1,    6,         -5.72,          3.30,       1.37,      13.73,     45.30,          1.94
          8,          1,    7,         -5.15,          3.30,       1.43,      14.26,     47.05,          1.97
          8,          2,    1,         -8.66,          3.30,       1.16,      11.63,     38.38,          4.28
          8,          2,    2,         -7.13,          3.30,       1.25,      12.46,     41.11,          3.27
          8,          2,    3,         -5.91,          3.30,       1.33,      13.32,     43.97,          2.93
          8,          2,    4,         -4.94,          3.30,       1.41,      14.05,     46.37,          2.87
          8,          2,    5,         -4.22,          3.30,       1.48,      14.76,     48.69,          2.80
          8,          2,    6,         -3.59,          3.30,       1.54,      15.39,     50.78,          2.81
          8,          2,    7,         -3.10,          3.30,       1.60,      16.00,     52.80,          2.78
          8,          3,    1,         -5.60,          3.30,       1.33,      13.34,     44.03,          5.58
          8,          3,    2,         -4.28,          3.30,       1.45,      14.45,     47.69,          4.34
          8,          3,    3,         -3.22,          3.30,       1.54,      15.48,     51.08,          3.97
          8,          3,    4,         -2.44,          3.30,       1.63,      16.28,     53.71,          3.90
          8,          3,    5,         -1.89,          3.30,       1.70,      17.01,     56.12,          3.80
          8,          3,    6,         -1.38,          3.30,       1.77,      17.75,     58.55,          3.74
          8,          3,    7,         -0.98,          3.30,       1.84,      18.36,     60.57,          3.71
          8,          4,    1,         -3.38,          3.30,       1.52,      15.19,     50.14,          6.52
          8,          4,    2,         -2.19,          3.30,       1.64,      16.45,     54.28,          5.40
          8,          4,    3,         -1.31,          3.30,       1.75,      17.55,     57.91,          5.00
          8,          4,    4,         -0.66,          3.30,       1.85,      18.47,     60.93,          4.82
          8,          4,    5,         -0.15,          3.30,       1.93,      19.27,     63.57,          4.72
          8,          4,    6,          0.27,          3.30,       2.01,      20.11,     66.34,          4.58
          8,          4,    7,          0.62,          3.30,       2.08,      20.78,     68.53,          4.54
          8,          5,    1,         -1.13,          3.30,       1.78,      17.79,     58.69,          8.07
          8,          5,    2,          0.00,          3.30,       1.93,      19.34,     63.77,          6.84
          8,          5,    3,          0.76,          3.30,       2.06,      20.55,     67.77,          6.39
          8,          5,    4,          1.27,          3.30,       2.16,      21.61,     71.25,          6.06
          8,          5,    5,          1.68,          3.30,       2.25,      22.47,     74.12,          5.90
          8,          5,    6,          2.00,          3.30,       2.33,      23.28,     76.77,          5.74
          8,          5,    7,          2.26,          3.30,       2.40,      23.98,     79.07,          5.63
          8,          6,    1,          0.42,          3.30,       2.01,      20.11,     66.33,         11.14
          8,          6,    2,          1.44,          3.30,       2.18,      21.86,     72.09,          8.89
          8,          6,    3,          2.10,          3.30,       2.32,      23.22,     76.57,          8.05
          8,          6,    4,          2.55,          3.30,       2.43,      24.22,     79.86,          7.67
          8,          6,    5,          2.88,          3.30,       2.53,      25.27,     83.31,          7.23
          8,          6,    6,          3.16,          3.30,       2.61,      26.07,     85.97,          7.02
          8,          6,    7,          3.38,          3.30,       2.68,      26.84,     88.51,          6.78
          8,          7,    1,          1.67,          3.30,       2.25,      22.52,     74.26,         12.54
          8,          7,    2,          2.67,          3.30,       2.46,      24.62,     81.19,          9.91
          8,          7,    3,          3.28,          3.30,       2.62,      26.18,     86.33,          8.95
          8,          7,    4,          3.68,          3.30,       2.74,      27.37,     90.23,          8.43
          8,          7,    5,          3.99,          3.30,       2.85,      28.45,     93.78,          8.02
          8,          7,    6,          4.22,          3.30,       2.93,      29.30,     96.59,          7.76
          8,          7,    7,          4.41,          3.30,       3.02,      30.16,     99.41,          7.48
          9,          1,    1,        -10.82,          3.30,       1.07,      10.64,     35.12,          2.53
          9,          1,    2,         -9.12,          3.30,       1.14,      11.39,     37.59,          2.13
          9,          1,    3,         -7.80,          3.30,       1.21,      12.11,     39.98,          2.04
          9,          1,    4,         -6.67,          3.30,       1.28,      12.82,     42.30,          2.06
          9,          1,    5,         -5.87,          3.30,       1.34,      13.41,     44.24,          2.09
          9,          1,    6,         -5.22,          3.30,       1.40,      14.06,     46.39,          2.07
          9,          1,    7,         -4.66,          3.30,       1.47,      14.64,     48.31,          2.08
          9,          2,    1,         -8.19,          3.30,       1.18,      11.80,     38.93,          5.08
          9,          2,    2,         -6.63,          3.30,       1.27,      12.68,     41.87,          3.66
          9,          2,    3,         -5.41,          3.30,       1.36,      13.57,     44.78,          3.26
          9,          2,    4,         -4.47,          3.30,       1.44,      14.35,     47.36,          3.13
          9,          2,    5,         -3.76,          3.30,       1.51,      15.10,     49.82,          3.03
          9,          2,    6,         -3.13,          3.30,       1.58,      15.74,     51.95,          3.04
          9,          2,    7,         -2.61,          3.30,       1.64,      16.41,     54.13,          3.01
          9,          3,    1,         -5.13,          3.30,       1.37,      13.65,     45.04,          6.00
          9,          3,    2,         -3.78,          3.30,       1.48,      14.82,     48.88,          4.68
          9,          3,    3,         -2.72,          3.30,       1.58,      15.81,     52.18,          4.36
          9,          3,    4,         -1.97,          3.30,       1.68,      16.74,     55.23,          4.16
          9,          3,    5,         -1.38,          3.30,       1.75,      17.52,     57.79,          4.07
          9,          3,    6,         -0.88,          3.30,       1.83,      18.24,     60.17,          4.03
          9,          3,    7,         -0.51,          3.30,       1.89,      18.95,     62.53,          3.94
          9,          4,    1,         -2.88,          3.30,       1.56,      15.62,     51.56,          6.85
          9,          4,    2,         -1.70,          3.30,       1.69,      16.87,     55.65,          5.83
          9,          4,    3,         -0.82,          3.30,       1.81,      18.13,     59.80,          5.26
          9,          4,    4,         -0.16,          3.30,       1.91,      19.07,     62.92,          5.11
          9,          4,    5,          0.36,          3.30,       2.00,      20.01,     66.00,          4.95
          9,          4,    6,          0.77,          3.30,       2.07,      20.68,     68.20,          4.94
          9,          4,    7,          1.11,          3.30,       2.15,      21.44,     70.71,          4.84
          9,          5,    1,         -0.60,          3.30,       1.84,      18.34,     60.49,          8.67
          9,          5,    2,          0.50,          3.30,       2.00,      19.99,     65.94,          7.25
          9,          5,    3,          1.26,          3.30,       2.13,      21.28,     70.19,          6.77
          9,          5,    4,          1.79,          3.30,       2.23,      22.33,     73.68,          6.49
          9,          5,    5,          2.20,          3.30,       2.33,      23.33,     76.95,          6.26
          9,          5,    6,          2.52,          3.30,       2.41,      24.08,     79.41,          6.17
          9,          5,    7,          2.78,          3.30,       2.49,      24.91,     82.15,          5.98
          9,          6,    1,          0.92,          3.30,       2.08,      20.85,     68.75,         11.69
          9,          6,    2,          1.95,          3.30,       2.27,      22.68,     74.81,          9.43
          9,          6,    3,          2.61,          3.30,       2.40,      24.07,     79.37,          8.60
          9,          6,    4,          3.05,          3.30,       2.53,      25.25,     83.25,          8.06
          9,          6,    5,          3.41,          3.30,       2.63,      26.26,     86.57,          7.72
          9,          6,    6,          3.66,          3.30,       2.71,      27.08,     89.26,          7.47
          9,          6,    7,          3.89,          3.30,       2.79,      27.96,     92.16,          7.20
          9,          7,    1,          2.19,          3.30,       2.35,      23.45,     77.31,         13.21
          9,          7,    2,          3.17,          3.30,       2.56,      25.64,     84.54,         10.50
          9,          7,    3,          3.81,          3.30,       2.73,      27.24,     89.81,          9.60
          9,          7,    4,          4.22,          3.30,       2.86,      28.60,     94.30,          8.94
          9,          7,    5,          4.50,          3.30,       2.96,      29.63,     97.67,          8.57
          9,          7,    6,          4.74,          3.30,       3.06,      30.59,    100.82,          8.27
          9,          7,    7,          4.93,          3.30,       3.14,      31.43,    103.60,          8.01
         10,          1,    1,        -10.34,          3.30,       1.08,      10.80,     35.64,          2.66
         10,          1,    2,         -8.66,          3.30,       1.16,      11.56,     38.16,          2.27
         10,          1,    3,         -7.28,          3.30,       1.23,      12.34,     40.72,          2.19
         10,          1,    4,         -6.25,          3.30,       1.31,      13.08,     43.16,          2.16
         10,          1,    5,         -5.43,          3.30,       1.37,      13.66,     45.08,          2.22
         10,          1,    6,         -4.75,          3.30,       1.43,      14.29,     47.16,          2.23
         10,          1,    7,         -4.23,          3.30,       1.49,      14.92,     49.22,          2.21
         10,          2,    1,         -7.73,          3.30,       1.20,      11.98,     39.55,          5.40
         10,          2,    2,         -6.18,          3.30,       1.29,      12.91,     42.58,          3.92
         10,          2,    3,         -4.95,          3.30,       1.39,      13.89,     45.83,          3.40
         10,          2,    4,         -4.01,          3.30,       1.47,      14.67,     48.39,          3.32
         10,          2,    5,         -3.29,          3.30,       1.54,      15.44,     50.95,          3.23
         10,          2,    6,         -2.66,          3.30,       1.62,      16.20,     53.43,          3.19
         10,          2,    7,         -2.13,          3.30,       1.68,      16.79,     55.40,          3.23
         10,          3,    1,         -4.70,          3.30,       1.40,      13.95,     46.03,          6.37
         10,          3,    2,         -3.29,          3.30,       1.52,      15.14,     49.94,          5.08
         10,          3,    3,         -2.26,          3.30,       1.63,      16.28,     53.71,          4.57
         10,          3,    4,         -1.50,          3.30,       1.71,      17.15,     56.58,          4.46
         10,          3,    5,         -0.92,          3.30,       1.80,      18.03,     59.48,          4.31
         10,          3,    6,         -0.43,          3.30,       1.88,      18.77,     61.94,          4.27
         10,          3,    7,         -0.04,          3.30,       1.94,      19.43,     64.09,          4.23
         10,          4,    1,         -2.44,          3.30,       1.60,      16.03,     52.89,          7.29
         10,          4,    2,         -1.21,          3.30,       1.74,      17.38,     57.34,          6.17
         10,          4,    3,         -0.34,          3.30,       1.86,      18.65,     61.52,          5.62
         10,          4,    4,          0.31,          3.30,       1.97,      19.67,     64.88,          5.42
         10,          4,    5,          0.79,          3.30,       2.05,      20.51,     67.65,          5.32
         10,          4,    6,          1.25,          3.30,       2.14,      21.42,     70.66,          5.21
         10,          4,    7,          1.58,          3.30,       2.21,      22.11,     72.92,          5.16
         10,          5,    1,         -0.15,          3.30,       1.89,      18.91,     62.38,          9.03
         10,          5,    2,          0.94,          3.30,       2.06,      20.63,     68.07,          7.58
         10,          5,    3,          1.74,          3.30,       2.20,      22.01,     72.60,          7.13
         10,          5,    4,          2.28,          3.30,       2.32,      23.18,     76.42,          6.83
         10,          5,    5,          2.67,          3.30,       2.41,      24.07,     79.38,          6.68
         10,          5,    6,          2.99,          3.30,       2.50,      24.97,     82.34,          6.49
         10,          5,    7,          3.25,          3.30,       2.58,      25.76,     84.94,          6.35
         10,          6,    1,          1.39,          3.30,       2.16,      21.56,     71.10,         12.60
         10,          6,    2,          2.44,          3.30,       2.35,      23.46,     77.38,         10.18
         10,          6,    3,          3.07,          3.30,       2.50,      25.04,     82.57,          9.06
         10,          6,    4,          3.54,          3.30,       2.62,      26.23,     86.51,          8.58
         10,          6,    5,          3.88,          3.30,       2.72,      27.21,     89.70,          8.28
         10,          6,    6,          4.15,          3.30,       2.82,      28.20,     92.98,          7.93
         10,          6,    7,          4.38,          3.30,       2.90,      29.00,     95.59,          7.75
         10,          7,    1,          2.66,          3.30,       2.43,      24.31,     80.17,         13.75
         10,          7,    2,          3.67,          3.30,       2.66,      26.60,     87.69,         11.11
         10,          7,    3,          4.28,          3.30,       2.84,      28.36,     93.50,         10.03
         10,          7,    4,          4.69,          3.30,       2.97,      29.76,     98.10,          9.40
         10,          7,    5,          5.00,          3.30,       3.08,      30.79,    101.48,          9.10
         10,          7,    6,          5.22,          3.30,       3.19,      31.87,    105.04,          8.70
         10,          7,    7,          5.42,          3.30,       3.28,      32.76,    108.01,          8.44
         11,          1,    1,         -9.93,          3.30,       1.09,      10.95,     36.13,          2.75
         11,          1,    2,         -8.28,          3.30,       1.17,      11.76,     38.79,          2.34
         11,          1,    3,         -6.89,          3.30,       1.26,      12.56,     41.45,          2.27
         11,          1,    4,         -5.83,          3.30,       1.33,      13.28,     43.81,          2.30
         11,          1,    5,         -5.04,          3.30,       1.40,      13.98,     46.13,          2.29
         11,          1,    6,         -4.35,          3.30,       1.46,      14.58,     48.11,          2.34
         11,          1,    7,         -3.80,          3.30,       1.52,      15.20,     50.14,          2.36
         11,          2,    1,         -7.29,          3.30,       1.22,      12.13,     40.01,          6.35
         11,          2,    2,         -5.78,          3.30,       1.32,      13.17,     43.46,          4.14
         11,          2,    3,         -4.52,          3.30,       1.41,      14.11,     46.53,          3.73
         11,          2,    4,         -3.57,          3.30,       1.50,      14.99,     49.46,          3.55
         11,          2,    5,         -2.82,          3.30,       1.58,      15.83,     52.21,          3.45
         11,          2,    6,         -2.24,          3.30,       1.65,      16.56,     54.63,          3.40
         11,          2,    7,         -1.70,          3.30,       1.71,      17.18,     56.66,          3.45
         11,          3,    1,         -4.26,          3.30,       1.42,      14.24,     46.97,          6.61
         11,          3,    2,         -2.88,          3.30,       1.55,      15.54,     51.26,          5.18
         11,          3,    3,         -1.82,          3.30,       1.66,      16.65,     54.94,          4.82
         11,          3,    4,         -1.08,          3.30,       1.76,      17.65,     58.23,          4.61
         11,          3,    5,         -0.48,          3.30,       1.85,      18.47,     60.95,          4.56
         11,          3,    6,          0.01,          3.30,       1.93,      19.31,     63.71,          4.47
         11,          3,    7,          0.42,          3.30,       2.00,      20.06,     66.17,          4.43
         11,          4,    1,         -2.00,          3.30,       1.64,      16.41,     54.13,          7.65
         11,          4,    2,         -0.79,          3.30,       1.79,      17.87,     58.94,          6.39
         11,          4,    3,          0.10,          3.30,       1.92,      19.17,     63.24,          5.89
         11,          4,    4,          0.74,          3.30,       2.02,      20.19,     66.59,          5.73
         11,          4,    5,          1.26,          3.30,       2.12,      21.21,     69.94,          5.56
         11,          4,    6,          1.68,          3.30,       2.20,      22.02,     72.63,          5.51
         11,          4,    7,          2.03,          3.30,       2.29,      22.88,     75.47,          5.39
         11,          5,    1,          0.29,          3.30,       1.95,      19.43,     64.11,          9.73
         11,          5,    2,          1.40,          3.30,       2.12,      21.25,     70.08,          8.15
         11,          5,    3,          2.19,          3.30,       2.27,      22.70,     74.86,          7.61
         11,          5,    4,          2.73,          3.30,       2.39,      23.91,     78.86,          7.28
         11,          5,    5,          3.13,          3.30,       2.50,      24.98,     82.36,          7.03
         11,          5,    6,          3.44,          3.30,       2.58,      25.80,     85.08,          6.91
         11,          5,    7,          3.71,          3.30,       2.67,      26.71,     88.07,          6.73
         11,          6,    1,          1.87,          3.30,       2.23,      22.29,     73.51,         13.05
         11,          6,    2,          2.88,          3.30,       2.43,      24.26,     80.00,         10.61
         11,          6,    3,          3.54,          3.30,       2.59,      25.89,     85.38,          9.56
         11,          6,    4,          3.99,          3.30,       2.71,      27.12,     89.43,          9.04
         11,          6,    5,          4.33,          3.30,       2.83,      28.28,     93.24,          8.61
         11,          6,    6,          4.62,          3.30,       2.92,      29.18,     96.19,          8.40
         11,          6,    7,          4.83,          3.30,       3.01,      30.09,     99.20,          8.12
         11,          7,    1,          3.11,          3.30,       2.52,      25.18,     83.01,         14.35
         11,          7,    2,          4.11,          3.30,       2.76,      27.58,     90.91,         11.63
         11,          7,    3,          4.75,          3.30,       2.94,      29.42,     96.97,         10.58
         11,          7,    4,          5.15,          3.30,       3.08,      30.83,    101.61,          9.97
         11,          7,    5,          5.45,          3.30,       3.21,      32.07,    105.72,          9.49
         11,          7,    6,          5.67,          3.30,       3.31,      33.03,    108.90,          9.20
         11,          7,    7,          5.87,          3.30,       3.40,      34.02,    112.14,          8.90
         12,          1,    1,         -9.60,          3.30,       1.11,      11.10,     36.62,          2.78
         12,          1,    2,         -7.88,          3.30,       1.19,      11.91,     39.32,          2.45
         12,          1,    3,         -6.46,          3.30,       1.28,      12.78,     42.18,          2.37
         12,          1,    4,         -5.43,          3.30,       1.35,      13.52,     44.62,          2.40
         12,          1,    5,         -4.64,          3.30,       1.42,      14.15,     46.70,          2.45
         12,          1,    6,         -3.94,          3.30,       1.49,      14.88,     49.09,          2.46
         12,          1,    7,         -3.39,          3.30,       1.54,      15.43,     50.91,          2.51
         12,          2,    1,         -6.92,          3.30,       1.23,      12.32,     40.67,          6.59
         12,          2,    2,         -5.35,          3.30,       1.34,      13.43,     44.30,          4.35
         12,          2,    3,         -4.14,          3.30,       1.44,      14.45,     47.67,          3.82
         12,          2,    4,         -3.20,          3.30,       1.53,      15.28,     50.41,          3.73
         12,          2,    5,         -2.44,          3.30,       1.62,      16.18,     53.38,          3.61
         12,          2,    6,         -1.83,          3.30,       1.69,      16.85,     55.62,          3.64
         12,          2,    7,         -1.31,          3.30,       1.76,      17.55,     57.90,          3.65
         12,          3,    1,         -3.84,          3.30,       1.46,      14.58,     48.11,          6.88
         12,          3,    2,         -2.43,          3.30,       1.58,      15.82,     52.21,          5.65
         12,          3,    3,         -1.43,          3.30,       1.71,      17.02,     56.15,          5.12
         12,          3,    4,         -0.65,          3.30,       1.80,      18.08,     59.63,          4.91
         12,          3,    5,         -0.07,          3.30,       1.90,      18.98,     62.60,          4.80
         12,          3,    6,          0.42,          3.30,       1.98,      19.79,     65.26,          4.76
         12,          3,    7,          0.81,          3.30,       2.05,      20.47,     67.52,          4.74
         12,          4,    1,         -1.61,          3.30,       1.68,      16.80,     55.44,          8.07
         12,          4,    2,         -0.37,          3.30,       1.84,      18.37,     60.61,          6.68
         12,          4,    3,          0.50,          3.30,       1.97,      19.71,     65.03,          6.18
         12,          4,    4,          1.16,          3.30,       2.08,      20.79,     68.60,          6.02
         12,          4,    5,          1.69,          3.30,       2.18,      21.80,     71.89,          5.90
         12,          4,    6,          2.11,          3.30,       2.27,      22.71,     74.91,          5.80
         12,          4,    7,          2.46,          3.30,       2.35,      23.49,     77.45,          5.76
         12,          5,    1,          0.68,          3.30,       2.00,      20.04,     66.10,          9.87
         12,          5,    2,          1.83,          3.30,       2.19,      21.91,     72.27,          8.46
         12,          5,    3,          2.61,          3.30,       2.34,      23.43,     77.27,          7.92
         12,          5,    4,          3.14,          3.30,       2.47,      24.68,     81.39,          7.60
         12,          5,    5,          3.55,          3.30,       2.57,      25.73,     84.83,          7.40
         12,          5,    6,          3.89,          3.30,       2.68,      26.74,     88.17,          7.21
         12,          5,    7,          4.14,          3.30,       2.76,      27.52,     90.73,          7.11
         12,          6,    1,          2.27,          3.30,       2.30,      22.97,     75.74,         13.73
         12,          6,    2,          3.30,          3.30,       2.51,      25.08,     82.70,         11.11
         12,          6,    3,          3.97,          3.30,       2.68,      26.81,     88.39,         10.01
         12,          6,    4,          4.43,          3.30,       2.81,      28.11,     92.67,          9.49
         12,          6,    5,          4.78,          3.30,       2.93,      29.28,     96.51,          9.09
         12,          6,    6,          5.05,          3.30,       3.02,      30.23,     99.66,          8.83
         12,          6,    7,          5.27,          3.30,       3.11,      31.16,    102.71,          8.58
         12,          7,    1,          3.53,          3.30,       2.60,      26.01,     85.77,         15.35
         12,          7,    2,          4.55,          3.30,       2.86,      28.60,     94.27,         12.30
         12,          7,    3,          5.16,          3.30,       3.05,      30.51,    100.58,         11.14
         12,          7,    4,          5.58,          3.30,       3.20,      31.96,    105.36,         10.54
         12,          7,    5,          5.88,          3.30,       3.32,      33.23,    109.53,         10.09
         12,          7,    6,          6.12,          3.30,       3.43,      34.28,    113.01,          9.77
         12,          7,    7,          6.31,          3.30,       3.53,      35.30,    116.36,          9.46
         13,          1,    1,         -9.14,          3.30,       1.13,      11.26,     37.17,          2.99
         13,          1,    2,         -7.40,          3.30,       1.22,      12.16,     40.13,          2.59
         13,          1,    3,         -6.01,          3.30,       1.30,      13.02,     42.96,          2.54
         13,          1,    4,         -4.98,          3.30,       1.38,      13.74,     45.34,          2.59
         13,          1,    5,         -4.18,          3.30,       1.45,      14.47,     47.77,          2.60
         13,          1,    6,         -3.50,          3.30,       1.52,      15.19,     50.12,          2.62
         13,          1,    7,         -2.93,          3.30,       1.58,      15.80,     52.13,          2.67
         13,          2,    1,         -6.47,          3.30,       1.26,      12.62,     41.63,          6.64
         13,          2,    2,         -4.94,          3.30,       1.37,      13.72,     45.26,          4.57
         13,          2,    3,         -3.68,          3.30,       1.47,      14.71,     48.55,          4.16
         13,          2,    4,         -2.74,          3.30,       1.57,      15.70,     51.80,          3.93
         13,          2,    5,         -1.98,          3.30,       1.66,      16.59,     54.73,          3.85
         13,          2,    6,         -1.37,          3.30,       1.73,      17.29,     57.04,          3.88
         13,          2,    7,         -0.85,          3.30,       1.81,      18.07,     59.63,          3.84
         13,          3,    1,         -3.40,          3.30,       1.49,      14.90,     49.15,          7.55
         13,          3,    2,         -2.01,          3.30,       1.63,      16.33,     53.86,          5.84
         13,          3,    3,         -0.96,          3.30,       1.75,      17.49,     57.69,          5.50
         13,          3,    4,         -0.19,          3.30,       1.86,      18.57,     61.26,          5.28
         13,          3,    5,          0.39,          3.30,       1.96,      19.55,     64.49,          5.11
         13,          3,    6,          0.89,          3.30,       2.03,      20.33,     67.06,          5.12
         13,          3,    7,          1.30,          3.30,       2.11,      21.13,     69.71,          5.07
         13,          4,    1,         -1.16,          3.30,       1.73,      17.28,     57.01,          8.62
         13,          4,    2,          0.07,          3.30,       1.89,      18.90,     62.34,          7.15
         13,          4,    3,          0.98,          3.30,       2.03,      20.31,     66.99,          6.63
         13,          4,    4,          1.64,          3.30,       2.15,      21.46,     70.78,          6.44
         13,          4,    5,          2.16,          3.30,       2.25,      22.45,     74.04,          6.34
         13,          4,    6,          2.58,          3.30,       2.34,      23.46,     77.35,          6.19
         13,          4,    7,          2.93,          3.30,       2.43,      24.35,     80.31,          6.10
         13,          5,    1,          1.15,          3.30,       2.06,      20.62,     68.00,         10.67
         13,          5,    2,          2.30,          3.30,       2.27,      22.64,     74.66,          8.99
         13,          5,    3,          3.07,          3.30,       2.43,      24.26,     80.01,          8.37
         13,          5,    4,          3.63,          3.30,       2.56,      25.62,     84.48,          8.05
         13,          5,    5,          4.01,          3.30,       2.67,      26.77,     88.24,          7.77
         13,          5,    6,          4.36,          3.30,       2.78,      27.71,     91.37,          7.68
         13,          5,    7,          4.62,          3.30,       2.87,      28.69,     94.58,          7.47
         13,          6,    1,          2.74,          3.30,       2.38,      23.77,     78.40,         14.82
         13,          6,    2,          3.78,          3.30,       2.60,      26.00,     85.73,         11.93
         13,          6,    3,          4.44,          3.30,       2.78,      27.80,     91.66,         10.73
         13,          6,    4,          4.91,          3.30,       2.92,      29.23,     96.37,         10.12
         13,          6,    5,          5.26,          3.30,       3.04,      30.40,    100.23,          9.72
         13,          6,    6,          5.52,          3.30,       3.14,      31.43,    103.60,          9.41
         13,          6,    7,          5.75,          3.30,       3.24,      32.39,    106.76,          9.17
         13,          7,    1,          4.01,          3.30,       2.70,      26.98,     88.96,         16.03
         13,          7,    2,          5.02,          3.30,       2.97,      29.72,     97.97,         12.87
         13,          7,    3,          5.65,          3.30,       3.18,      31.81,    104.85,         11.63
         13,          7,    4,          6.08,          3.30,       3.33,      33.34,    109.90,         11.07
         13,          7,    5,          6.37,          3.30,       3.46,      34.58,    113.96,         10.64
         13,          7,    6,          6.61,          3.30,       3.57,      35.76,    117.84,         10.28
         13,          7,    7,          6.79,          3.30,       3.68,      36.79,    121.26,          9.95
         14,          1,    1,         -8.77,          3.30,       1.15,      11.45,     37.80,          3.11
         14,          1,    2,         -6.98,          3.30,       1.24,      12.40,     40.94,          2.70
         14,          1,    3,         -5.61,          3.30,       1.33,      13.27,     43.78,          2.68
         14,          1,    4,         -4.56,          3.30,       1.41,      14.08,     46.47,          2.70
         14,          1,    5,         -3.74,          3.30,       1.49,      14.88,     49.11,          2.71
         14,          1,    6,         -3.04,          3.30,       1.56,      15.58,     51.41,          2.78
         14,          1,    7,         -2.50,          3.30,       1.62,      16.21,     53.47,          2.82
         14,          2,    1,         -6.07,          3.30,       1.29,      12.91,     42.60,          6.80
         14,          2,    2,         -4.51,          3.30,       1.40,      14.01,     46.24,          4.87
         14,          2,    3,         -3.25,          3.30,       1.51,      15.10,     49.82,          4.36
         14,          2,    4,         -2.29,          3.30,       1.61,      16.07,     53.02,          4.20
         14,          2,    5,         -1.55,          3.30,       1.70,      16.99,     56.06,          4.10
         14,          2,    6,         -0.92,          3.30,       1.78,      17.78,     58.66,          4.11
         14,          2,    7,         -0.41,          3.30,       1.86,      18.61,     61.41,          4.05
         14,          3,    1,         -2.96,          3.30,       1.53,      15.27,     50.40,          7.77
         14,          3,    2,         -1.59,          3.30,       1.67,      16.72,     55.18,          6.14
         14,          3,    3,         -0.53,          3.30,       1.81,      18.10,     59.71,          5.59
         14,          3,    4,          0.25,          3.30,       1.92,      19.17,     63.24,          5.47
         14,          3,    5,          0.84,          3.30,       2.01,      20.12,     66.37,          5.40
         14,          3,    6,          1.35,          3.30,       2.10,      21.05,     69.44,          5.34
         14,          3,    7,          1.75,          3.30,       2.19,      21.88,     72.17,          5.29
         14,          4,    1,         -0.73,          3.30,       1.78,      17.86,     58.93,          8.94
         14,          4,    2,          0.50,          3.30,       1.95,      19.50,     64.32,          7.56
         14,          4,    3,          1.40,          3.30,       2.09,      20.94,     69.06,          7.05
         14,          4,    4,          2.09,          3.30,       2.22,      22.18,     73.16,          6.83
         14,          4,    5,          2.61,          3.30,       2.33,      23.28,     76.77,          6.69
         14,          4,    6,          3.03,          3.30,       2.42,      24.20,     79.81,          6.63
         14,          4,    7,          3.38,          3.30,       2.53,      25.25,     83.26,          6.45
         14,          5,    1,          1.60,          3.30,       2.14,      21.37,     70.49,         11.09
         14,          5,    2,          2.74,          3.30,       2.35,      23.48,     77.45,          9.40
         14,          5,    3,          3.53,          3.30,       2.52,      25.20,     83.08,          8.81
         14,          5,    4,          4.07,          3.30,       2.66,      26.58,     87.64,          8.47
         14,          5,    5,          4.48,          3.30,       2.77,      27.75,     91.50,          8.25
         14,          5,    6,          4.81,          3.30,       2.88,      28.81,     94.98,          8.08
         14,          5,    7,          5.08,          3.30,       2.97,      29.72,     97.96,          7.95
         14,          6,    1,          3.19,          3.30,       2.47,      24.70,     81.43,         15.19
         14,          6,    2,          4.23,          3.30,       2.71,      27.08,     89.27,         12.30
         14,          6,    3,          4.90,          3.30,       2.89,      28.93,     95.39,         11.16
         14,          6,    4,          5.36,          3.30,       3.04,      30.39,    100.16,         10.59
         14,          6,    5,          5.71,          3.30,       3.17,      31.64,    104.31,         10.17
         14,          6,    6,          5.99,          3.30,       3.27,      32.71,    107.82,          9.91
         14,          6,    7,          6.22,          3.30,       3.37,      33.72,    111.15,          9.64
         14,          7,    1,          4.44,          3.30,       2.81,      28.15,     92.81,         16.62
         14,          7,    2,          5.47,          3.30,       3.09,      30.91,    101.88,         13.67
         14,          7,    3,          6.11,          3.30,       3.31,      33.12,    109.14,         12.36
         14,          7,    4,          6.52,          3.30,       3.46,      34.65,    114.19,         11.78
         14,          7,    5,          6.83,          3.30,       3.61,      36.03,    118.77,         11.29
         14,          7,    6,          7.06,          3.30,       3.73,      37.24,    122.73,         10.90
         14,          7,    7,          7.26,          3.30,       3.84,      38.40,    126.56,         10.55
         15,          1,    1,         -4.17,          3.30,       1.37,      13.66,     45.09,          4.38
         15,          1,    2,         -2.26,          3.30,       1.53,      15.31,     50.51,          4.20
         15,          1,    3,         -0.98,          3.30,       1.67,      16.75,     55.25,          4.23
         15,          1,    4,         -0.06,          3.30,       1.80,      17.97,     59.28,          4.31
         15,          1,    5,          0.61,          3.30,       1.91,      19.11,     63.05,          4.31
         15,          1,    6,          1.16,          3.30,       2.02,      20.17,     66.52,          4.33
         15,          1,    7,          1.61,          3.30,       2.12,      21.22,     70.00,          4.31
         15,          2,    1,         -2.22,          3.30,       1.54,      15.39,     50.77,          8.33
         15,          2,    2,         -0.52,          3.30,       1.73,      17.28,     57.02,          6.59
         15,          2,    3,          0.66,          3.30,       1.90,      18.97,     62.56,          6.13
         15,          2,    4,          1.49,          3.30,       2.04,      20.39,     67.25,          5.95
         15,          2,    5,          2.14,          3.30,       2.17,      21.64,     71.39,          5.88
         15,          2,    6,          2.61,          3.30,       2.29,      22.88,     75.44,          5.73
         15,          2,    7,          3.02,          3.30,       2.40,      24.03,     79.25,          5.62
         15,          3,    1,          0.07,          3.30,       1.82,      18.23,     60.14,         11.67
         15,          3,    2,          1.58,          3.30,       2.04,      20.39,     67.27,          9.07
         15,          3,    3,          2.59,          3.30,       2.23,      22.29,     73.51,          8.22
         15,          3,    4,          3.28,          3.30,       2.39,      23.87,     78.71,          7.79
         15,          3,    5,          3.78,          3.30,       2.53,      25.31,     83.46,          7.45
         15,          3,    6,          4.16,          3.30,       2.66,      26.60,     87.71,          7.19
         15,          3,    7,          4.48,          3.30,       2.78,      27.79,     91.63,          6.97
         15,          4,    1,          1.73,          3.30,       2.08,      20.85,     68.77,         12.88
         15,          4,    2,          3.08,          3.30,       2.34,      23.34,     76.98,         10.27
         15,          4,    3,          3.93,          3.30,       2.55,      25.45,     83.91,          9.25
         15,          4,    4,          4.52,          3.30,       2.71,      27.16,     89.54,          8.76
         15,          4,    5,          4.94,          3.30,       2.87,      28.73,     94.72,          8.32
         15,          4,    6,          5.29,          3.30,       3.02,      30.16,     99.42,          8.00
         15,          4,    7,          5.56,          3.30,       3.15,      31.52,    103.88,          7.70
         15,          5,    1,          3.41,          3.30,       2.44,      24.41,     80.50,         13.54
         15,          5,    2,          4.60,          3.30,       2.73,      27.25,     89.86,         11.29
         15,          5,    3,          5.34,          3.30,       2.97,      29.65,     97.73,         10.23
         15,          5,    4,          5.82,          3.30,       3.16,      31.56,    104.02,          9.62
         15,          5,    5,          6.18,          3.30,       3.32,      33.20,    109.44,          9.19
         15,          5,    6,          6.45,          3.30,       3.47,      34.71,    114.39,          8.83
         15,          5,    7,          6.67,          3.30,       3.62,      36.22,    119.38,          8.43
         15,          6,    1,          4.59,          3.30,       2.77,      27.71,     91.36,         15.66
         15,          6,    2,          5.67,          3.30,       3.09,      30.91,    101.90,         12.76
         15,          6,    3,          6.29,          3.30,       3.34,      33.41,    110.12,         11.47
         15,          6,    4,          6.72,          3.30,       3.55,      35.43,    116.78,         10.72
         15,          6,    5,          7.03,          3.30,       3.73,      37.28,    122.89,         10.11
         15,          6,    6,          7.27,          3.30,       3.90,      39.01,    128.59,          9.59
         15,          6,    7,          7.45,          3.30,       4.07,      40.70,    134.15,          9.08
         15,          7,    1,          5.50,          3.30,       3.09,      30.96,    102.03,         17.58
         15,          7,    2,          6.54,          3.30,       3.46,      34.59,    114.00,         14.02
         15,          7,    3,          7.13,          3.30,       3.75,      37.49,    123.55,         12.37
         15,          7,    4,          7.52,          3.30,       3.98,      39.82,    131.26,         11.42
         15,          7,    5,          7.79,          3.30,       4.20,      42.01,    138.45,         10.61
         15,          7,    6,          7.99,          3.30,       4.40,      43.99,    145.00,          9.98
         15,          7,    7,          8.17,          3.30,       4.59,      45.87,    151.19,          9.46
         16,          1,    1,         -3.71,          3.30,       1.40,      13.96,     46.04,          4.78
         16,          1,    2,         -1.82,          3.30,       1.57,      15.67,     51.68,          4.52
         16,          1,    3,         -0.51,          3.30,       1.71,      17.13,     56.53,          4.58
         16,          1,    4,          0.39,          3.30,       1.85,      18.51,     61.07,          4.57
         16,          1,    5,          1.09,          3.30,       1.97,      19.69,     64.93,          4.62
         16,          1,    6,          1.64,          3.30,       2.08,      20.74,     68.41,          4.66
         16,          1,    7,          2.09,          3.30,       2.18,      21.85,     72.07,          4.63
         16,          2,    1,         -1.83,          3.30,       1.57,      15.74,     51.92,          8.85
         16,          2,    2,         -0.08,          3.30,       1.78,      17.75,     58.56,          6.98
         16,          2,    3,          1.11,          3.30,       1.95,      19.47,     64.24,          6.54
         16,          2,    4,          1.96,          3.30,       2.10,      21.00,     69.25,          6.35
         16,          2,    5,          2.59,          3.30,       2.24,      22.37,     73.76,          6.21
         16,          2,    6,          3.08,          3.30,       2.36,      23.63,     77.92,          6.09
         16,          2,    7,          3.48,          3.30,       2.49,      24.86,     81.95,          5.95
         16,          3,    1,          0.51,          3.30,       1.87,      18.68,     61.63,         12.29
         16,          3,    2,          2.03,          3.30,       2.10,      21.04,     69.41,          9.43
         16,          3,    3,          3.04,          3.30,       2.30,      23.07,     76.08,          8.54
         16,          3,    4,          3.73,          3.30,       2.47,      24.73,     81.56,          8.11
         16,          3,    5,          4.24,          3.30,       2.62,      26.22,     86.45,          7.81
         16,          3,    6,          4.64,          3.30,       2.76,      27.58,     90.94,          7.57
         16,          3,    7,          4.95,          3.30,       2.89,      28.89,     95.23,          7.32
         16,          4,    1,          2.18,          3.30,       2.15,      21.50,     70.91,         13.82
         16,          4,    2,          3.53,          3.30,       2.42,      24.14,     79.59,         10.93
         16,          4,    3,          4.38,          3.30,       2.64,      26.39,     87.01,          9.78
         16,          4,    4,          4.98,          3.30,       2.82,      28.21,     93.00,          9.24
         16,          4,    5,          5.41,          3.30,       2.98,      29.80,     98.23,          8.86
         16,          4,    6,          5.76,          3.30,       3.13,      31.27,    103.07,          8.53
         16,          4,    7,          6.04,          3.30,       3.27,      32.73,    107.88,          8.22
         16,          5,    1,          3.85,          3.30,       2.53,      25.30,     83.43,         14.11
         16,          5,    2,          5.05,          3.30,       2.83,      28.34,     93.44,         11.75
         16,          5,    3,          5.79,          3.30,       3.08,      30.72,    101.28,         10.83
         16,          5,    4,          6.29,          3.30,       3.28,      32.80,    108.10,         10.17
         16,          5,    5,          6.65,          3.30,       3.45,      34.51,    113.74,          9.72
         16,          5,    6,          6.92,          3.30,       3.61,      36.13,    119.07,          9.30
         16,          5,    7,          7.15,          3.30,       3.77,      37.69,    124.24,          8.94
         16,          6,    1,          5.05,          3.30,       2.88,      28.78,     94.90,         16.62
         16,          6,    2,          6.14,          3.30,       3.22,      32.17,    106.05,         13.52
         16,          6,    3,          6.77,          3.30,       3.47,      34.70,    114.38,         12.26
         16,          6,    4,          7.20,          3.30,       3.69,      36.88,    121.55,         11.42
         16,          6,    5,          7.50,          3.30,       3.89,      38.91,    128.25,         10.68
         16,          6,    6,          7.74,          3.30,       4.07,      40.67,    134.05,         10.17
         16,          6,    7,          7.93,          3.30,       4.25,      42.50,    140.09,          9.62
         16,          7,    1,          5.98,          3.30,       3.23,      32.29,    106.42,         18.18
         16,          7,    2,          7.01,          3.30,       3.61,      36.07,    118.89,         14.67
         16,          7,    3,          7.60,          3.30,       3.91,      39.06,    128.75,         13.03
         16,          7,    4,          7.98,          3.30,       4.16,      41.58,    137.04,         11.98
         16,          7,    5,          8.27,          3.30,       4.39,      43.80,    144.35,         11.23
         16,          7,    6,          8.47,          3.30,       4.59,      45.90,    151.30,         10.55
         16,          7,    7,          8.64,          3.30,       4.78,      47.83,    157.64,         10.02
         17,          1,    1,         -3.32,          3.30,       1.42,      14.22,     46.92,          4.94
         17,          1,    2,         -1.40,          3.30,       1.61,      16.05,     52.98,          4.67
         17,          1,    3,         -0.10,          3.30,       1.76,      17.57,     57.97,          4.76
         17,          1,    4,          0.82,          3.30,       1.90,      19.00,     62.67,          4.80
         17,          1,    5,          1.51,          3.30,       2.03,      20.24,     66.76,          4.83
         17,          1,    6,          2.08,          3.30,       2.14,      21.40,     70.59,          4.88
         17,          1,    7,          2.51,          3.30,       2.25,      22.49,     74.17,          4.86
         17,          2,    1,         -1.42,          3.30,       1.62,      16.17,     53.36,          8.93
         17,          2,    2,          0.34,          3.30,       1.82,      18.22,     60.11,          7.30
         17,          2,    3,          1.52,          3.30,       2.00,      20.04,     66.11,          6.82
         17,          2,    4,          2.38,          3.30,       2.16,      21.59,     71.22,          6.67
         17,          2,    5,          3.02,          3.30,       2.30,      23.03,     75.97,          6.54
         17,          2,    6,          3.53,          3.30,       2.44,      24.35,     80.31,          6.44
         17,          2,    7,          3.93,          3.30,       2.56,      25.63,     84.53,          6.30
         17,          3,    1,          0.90,          3.30,       1.92,      19.22,     63.40,         13.00
         17,          3,    2,          2.46,          3.30,       2.17,      21.67,     71.48,         10.04
         17,          3,    3,          3.46,          3.30,       2.37,      23.70,     78.16,          9.17
         17,          3,    4,          4.16,          3.30,       2.55,      25.51,     84.11,          8.64
         17,          3,    5,          4.67,          3.30,       2.71,      27.05,     89.19,          8.32
         17,          3,    6,          5.08,          3.30,       2.86,      28.55,     94.11,          8.03
         17,          3,    7,          5.40,          3.30,       2.99,      29.92,     98.62,          7.76
         17,          4,    1,          2.59,          3.30,       2.22,      22.16,     73.09,         14.40
         17,          4,    2,          3.95,          3.30,       2.49,      24.92,     82.19,         11.44
         17,          4,    3,          4.81,          3.30,       2.72,      27.18,     89.63,         10.38
         17,          4,    4,          5.41,          3.30,       2.92,      29.17,     96.18,          9.73
         17,          4,    5,          5.85,          3.30,       3.08,      30.81,    101.58,          9.36
         17,          4,    6,          6.20,          3.30,       3.25,      32.46,    106.98,          8.97
         17,          4,    7,          6.49,          3.30,       3.39,      33.92,    111.83,          8.67
         17,          5,    1,          4.28,          3.30,       2.61,      26.10,     86.05,         14.79
         17,          5,    2,          5.48,          3.30,       2.93,      29.33,     96.71,         12.29
         17,          5,    3,          6.23,          3.30,       3.19,      31.90,    105.15,         11.28
         17,          5,    4,          6.74,          3.30,       3.40,      34.01,    112.09,         10.68
         17,          5,    5,          7.09,          3.30,       3.59,      35.89,    118.29,         10.16
         17,          5,    6,          7.37,          3.30,       3.76,      37.60,    123.91,          9.76
         17,          5,    7,          7.59,          3.30,       3.93,      39.27,    129.44,          9.34
         17,          6,    1,          5.48,          3.30,       2.99,      29.85,     98.39,         17.37
         17,          6,    2,          6.59,          3.30,       3.34,      33.36,    109.96,         14.29
         17,          6,    3,          7.22,          3.30,       3.61,      36.07,    118.90,         12.90
         17,          6,    4,          7.64,          3.30,       3.84,      38.39,    126.53,         11.98
         17,          6,    5,          7.95,          3.30,       4.04,      40.42,    133.21,         11.30
         17,          6,    6,          8.19,          3.30,       4.23,      42.32,    139.49,         10.73
         17,          6,    7,          8.39,          3.30,       4.42,      44.18,    145.62,         10.21
         17,          7,    1,          6.43,          3.30,       3.35,      33.48,    110.37,         19.37
         17,          7,    2,          7.45,          3.30,       3.75,      37.52,    123.65,         15.48
         17,          7,    3,          8.05,          3.30,       4.07,      40.72,    134.22,         13.72
         17,          7,    4,          8.43,          3.30,       4.32,      43.24,    142.50,         12.72
         17,          7,    5,          8.72,          3.30,       4.56,      45.62,    150.36,         11.87
         17,          7,    6,          8.92,          3.30,       4.77,      47.70,    157.21,         11.23
         17,          7,    7,          9.10,          3.30,       4.99,      49.85,    164.28,         10.62
         18,          1,    1,         -2.87,          3.30,       1.46,      14.58,     48.10,          5.11
         18,          1,    2,         -0.96,          3.30,       1.65,      16.48,     54.36,          4.90
         18,          1,    3,          0.34,          3.30,       1.81,      18.12,     59.80,          4.96
         18,          1,    4,          1.27,          3.30,       1.96,      19.54,     64.45,          5.07
         18,          1,    5,          2.00,          3.30,       2.08,      20.82,     68.66,          5.16
         18,          1,    6,          2.56,          3.30,       2.21,      22.10,     72.90,          5.16
         18,          1,    7,          3.00,          3.30,       2.32,      23.22,     76.56,          5.17
         18,          2,    1,         -1.01,          3.30,       1.65,      16.54,     54.56,          9.54
         18,          2,    2,          0.76,          3.30,       1.87,      18.69,     61.68,          7.72
         18,          2,    3,          1.97,          3.30,       2.06,      20.61,     67.97,          7.24
         18,          2,    4,          2.83,          3.30,       2.23,      22.29,     73.52,          7.03
         18,          2,    5,          3.48,          3.30,       2.38,      23.82,     78.55,          6.90
         18,          2,    6,          3.99,          3.30,       2.52,      25.24,     83.22,          6.78
         18,          2,    7,          4.40,          3.30,       2.66,      26.58,     87.64,          6.66
         18,          3,    1,          1.33,          3.30,       1.98,      19.76,     65.19,         13.42
         18,          3,    2,          2.88,          3.30,       2.23,      22.30,     73.55,         10.51
         18,          3,    3,          3.91,          3.30,       2.46,      24.59,     81.08,          9.47
         18,          3,    4,          4.62,          3.30,       2.64,      26.41,     87.06,          9.05
         18,          3,    5,          5.15,          3.30,       2.81,      28.11,     92.68,          8.70
         18,          3,    6,          5.55,          3.30,       2.96,      29.59,     97.53,          8.45
         18,          3,    7,          5.87,          3.30,       3.10,      31.01,    102.22,          8.19
         18,          4,    1,          3.03,          3.30,       2.29,      22.87,     75.44,         15.28
         18,          4,    2,          4.40,          3.30,       2.58,      25.74,     84.87,         12.19
         18,          4,    3,          5.26,          3.30,       2.82,      28.19,     92.95,         10.94
         18,          4,    4,          5.87,          3.30,       3.02,      30.20,     99.54,         10.37
         18,          4,    5,          6.32,          3.30,       3.20,      32.05,    105.65,          9.89
         18,          4,    6,          6.67,          3.30,       3.37,      33.73,    111.20,          9.50
         18,          4,    7,          6.95,          3.30,       3.53,      35.27,    116.25,          9.19
         18,          5,    1,          4.73,          3.30,       2.71,      27.06,     89.22,         15.64
         18,          5,    2,          5.94,          3.30,       3.04,      30.39,    100.18,         13.12
         18,          5,    3,          6.70,          3.30,       3.32,      33.19,    109.40,         11.93
         18,          5,    4,          7.20,          3.30,       3.53,      35.33,    116.46,         11.35
         18,          5,    5,          7.56,          3.30,       3.74,      37.31,    122.98,         10.82
         18,          5,    6,          7.84,          3.30,       3.91,      39.12,    128.94,         10.37
         18,          5,    7,          8.07,          3.30,       4.09,      40.91,    134.83,          9.92
         18,          6,    1,          5.95,          3.30,       3.09,      30.92,    101.92,         18.58
         18,          6,    2,          7.04,          3.30,       3.47,      34.66,    114.25,         15.08
         18,          6,    3,          7.68,          3.30,       3.75,      37.54,    123.73,         13.64
         18,          6,    4,          8.12,          3.30,       4.00,      39.99,    131.80,         12.70
         18,          6,    5,          8.42,          3.30,       4.22,      42.15,    138.92,         11.96
         18,          6,    6,          8.66,          3.30,       4.41,      44.10,    145.33,         11.38
         18,          6,    7,          8.86,          3.30,       4.60,      46.01,    151.63,         10.86
         18,          7,    1,          6.88,          3.30,       3.48,      34.84,    114.85,         20.38
         18,          7,    2,          7.94,          3.30,       3.91,      39.10,    128.87,         16.38
         18,          7,    3,          8.52,          3.30,       4.24,      42.45,    139.93,         14.50
         18,          7,    4,          8.91,          3.30,       4.52,      45.16,    148.85,         13.44
         18,          7,    5,          9.20,          3.30,       4.76,      47.61,    156.89,         12.61
         18,          7,    6,          9.40,          3.30,       4.98,      49.78,    164.06,         11.92
         18,          7,    7,          9.58,          3.30,       5.20,      52.02,    171.44,         11.28
         19,          1,    1,         -2.43,          3.30,       1.49,      14.94,     49.29,          5.37
         19,          1,    2,         -0.51,          3.30,       1.69,      16.87,     55.66,          5.23
         19,          1,    3,          0.82,          3.30,       1.87,      18.66,     61.56,          5.27
         19,          1,    4,          1.76,          3.30,       2.02,      20.15,     66.48,          5.40
         19,          1,    5,          2.48,          3.30,       2.15,      21.51,     70.95,          5.48
         19,          1,    6,          3.05,          3.30,       2.28,      22.81,     75.22,          5.52
         19,          1,    7,          3.49,          3.30,       2.40,      24.01,     79.18,          5.51
         19,          2,    1,         -0.58,          3.30,       1.69,      16.89,     55.71,         10.20
         19,          2,    2,          1.19,          3.30,       1.92,      19.22,     63.42,          8.07
         19,          2,    3,          2.42,          3.30,       2.13,      21.26,     70.13,          7.59
         19,          2,    4,          3.30,          3.30,       2.30,      23.00,     75.84,          7.44
         19,          2,    5,          3.95,          3.30,       2.46,      24.60,     81.12,          7.31
         19,          2,    6,          4.46,          3.30,       2.61,      26.13,     86.18,          7.15
         19,          2,    7,          4.89,          3.30,       2.75,      27.56,     90.87,          7.05
         19,          3,    1,          1.76,          3.30,       2.03,      20.28,     66.90,         14.43
         19,          3,    2,          3.34,          3.30,       2.31,      23.04,     75.97,         11.08
         19,          3,    3,          4.38,          3.30,       2.54,      25.41,     83.78,         10.06
         19,          3,    4,          5.10,          3.30,       2.74,      27.39,     90.31,          9.57
         19,          3,    5,          5.62,          3.30,       2.92,      29.16,     96.11,          9.20
         19,          3,    6,          6.04,          3.30,       3.08,      30.74,    101.36,          8.96
         19,          3,    7,          6.37,          3.30,       3.23,      32.27,    106.38,          8.69
         19,          4,    1,          3.47,          3.30,       2.36,      23.58,     77.75,         16.12
         19,          4,    2,          4.85,          3.30,       2.67,      26.66,     87.90,         12.76
         19,          4,    3,          5.73,          3.30,       2.93,      29.26,     96.45,         11.51
         19,          4,    4,          6.35,          3.30,       3.14,      31.42,    103.57,         10.89
         19,          4,    5,          6.81,          3.30,       3.33,      33.34,    109.89,         10.43
         19,          4,    6,          7.16,          3.30,       3.51,      35.06,    115.55,         10.07
         19,          4,    7,          7.44,          3.30,       3.67,      36.72,    121.04,          9.72
         19,          5,    1,          5.20,          3.30,       2.81,      28.11,     92.67,         16.41
         19,          5,    2,          6.42,          3.30,       3.17,      31.65,    104.33,         13.78
         19,          5,    3,          7.18,          3.30,       3.45,      34.51,    113.74,         12.66
         19,          5,    4,          7.68,          3.30,       3.68,      36.80,    121.28,         12.02
         19,          5,    5,          8.05,          3.30,       3.89,      38.93,    128.31,         11.45
         19,          5,    6,          8.34,          3.30,       4.08,      40.81,    134.50,         11.00
         19,          5,    7,          8.57,          3.30,       4.27,      42.68,    140.67,         10.56
         19,          6,    1,          6.43,          3.30,       3.23,      32.29,    106.44,         19.40
         19,          6,    2,          7.54,          3.30,       3.61,      36.12,    119.05,         16.07
         19,          6,    3,          8.17,          3.30,       3.92,      39.24,    129.32,         14.40
         19,          6,    4,          8.61,          3.30,       4.18,      41.72,    137.51,         13.51
         19,          6,    5,          8.92,          3.30,       4.40,      43.93,    144.82,         12.77
         19,          6,    6,          9.17,          3.30,       4.60,      46.03,    151.72,         12.14
         19,          6,    7,          9.35,          3.30,       4.79,      47.94,    158.01,         11.60
         19,          7,    1,          7.38,          3.30,       3.64,      36.36,    119.83,         21.74
         19,          7,    2,          8.43,          3.30,       4.09,      40.90,    134.82,         17.36
         19,          7,    3,          9.03,          3.30,       4.44,      44.40,    146.33,         15.49
         19,          7,    4,          9.42,          3.30,       4.72,      47.16,    155.44,         14.39
         19,          7,    5,          9.70,          3.30,       4.98,      49.76,    163.99,         13.47
         19,          7,    6,          9.91,          3.30,       5.21,      52.06,    171.58,         12.73
         19,          7,    7,         10.09,          3.29,       5.43,      54.28,    178.85,         12.12
         20,          1,    1,         -2.06,          3.30,       1.52,      15.19,     50.13,          5.64
         20,          1,    2,         -0.15,          3.30,       1.72,      17.20,     56.76,          5.48
         20,          1,    3,          1.21,          3.30,       1.91,      19.08,     62.95,          5.54
         20,          1,    4,          2.16,          3.30,       2.07,      20.67,     68.17,          5.66
         20,          1,    5,          2.88,          3.30,       2.21,      22.13,     73.00,          5.73
         20,          1,    6,          3.45,          3.30,       2.35,      23.49,     77.47,          5.77
         20,          1,    7,          3.91,          3.30,       2.48,      24.77,     81.69,          5.77
         20,          2,    1,         -0.22,          3.30,       1.72,      17.21,     56.78,         10.91
         20,          2,    2,          1.56,          3.30,       1.97,      19.65,     64.83,          8.55
         20,          2,    3,          2.78,          3.30,       2.17,      21.73,     71.65,          8.05
         20,          2,    4,          3.66,          3.30,       2.36,      23.62,     77.90,          7.79
         20,          2,    5,          4.34,          3.30,       2.53,      25.29,     83.41,          7.69
         20,          2,    6,          4.86,          3.30,       2.68,      26.86,     88.56,          7.57
         20,          2,    7,          5.28,          3.30,       2.84,      28.35,     93.46,          7.43
         20,          3,    1,          2.13,          3.30,       2.08,      20.78,     68.54,         14.86
         20,          3,    2,          3.70,          3.30,       2.36,      23.61,     77.86,         11.55
         20,          3,    3,          4.76,          3.30,       2.61,      26.14,     86.21,         10.45
         20,          3,    4,          5.48,          3.30,       2.82,      28.19,     92.93,          9.98
         20,          3,    5,          6.02,          3.30,       3.00,      29.99,     98.85,          9.68
         20,          3,    6,          6.44,          3.30,       3.17,      31.74,    104.62,          9.35
         20,          3,    7,          6.77,          3.30,       3.33,      33.28,    109.70,          9.11
         20,          4,    1,          3.85,          3.30,       2.43,      24.29,     80.08,         16.78
         20,          4,    2,          5.23,          3.30,       2.75,      27.45,     90.52,         13.39
         20,          4,    3,          6.12,          3.30,       3.01,      30.14,     99.35,         12.13
         20,          4,    4,          6.74,          3.30,       3.24,      32.39,    106.77,         11.48
         20,          4,    5,          7.19,          3.30,       3.43,      34.32,    113.11,         11.03
         20,          4,    6,          7.56,          3.30,       3.62,      36.15,    119.15,         10.65
         20,          4,    7,          7.84,          3.30,       3.79,      37.93,    125.05,         10.23
         20,          5,    1,          5.57,          3.30,       2.90,      28.97,     95.51,         17.02
         20,          5,    2,          6.80,          3.30,       3.27,      32.66,    107.67,         14.37
         20,          5,    3,          7.57,          3.30,       3.57,      35.66,    117.55,         13.23
         20,          5,    4,          8.08,          3.30,       3.81,      38.10,    125.56,         12.56
         20,          5,    5,          8.46,          3.30,       4.03,      40.31,    132.85,         12.00
         20,          5,    6,          8.75,          3.30,       4.23,      42.31,    139.44,         11.53
         20,          5,    7,          8.98,          3.30,       4.42,      44.15,    145.52,         11.10
         20,          6,    1,          6.83,          3.30,       3.34,      33.34,    109.88,         20.50
         20,          6,    2,          7.94,          3.30,       3.75,      37.43,    123.36,         16.83
         20,          6,    3,          8.59,          3.30,       4.06,      40.66,    134.01,         15.15
         20,          6,    4,          9.03,          3.30,       4.33,      43.27,    142.60,         14.21
         20,          6,    5,          9.34,          3.30,       4.56,      45.60,    150.28,         13.43
         20,          6,    6,          9.58,          3.30,       4.77,      47.68,    157.13,         12.81
         20,          6,    7,          9.77,          3.30,       4.97,      49.71,    163.81,         12.24
         20,          7,    1,          7.79,          3.30,       3.77,      37.71,    124.27,         22.80
         20,          7,    2,          8.85,          3.30,       4.25,      42.45,    139.93,         18.26
         20,          7,    3,          9.45,          3.30,       4.61,      46.08,    151.87,         16.33
         20,          7,    4,          9.84,          3.30,       4.89,      48.92,    161.23,         15.21
         20,          7,    5,         10.13,          3.30,       5.16,      51.64,    170.15,         14.26
         20,          7,    6,         10.34,          3.30,       5.40,      54.03,    178.06,         13.50
         20,          7,    7,         10.51,          3.29,       5.63,      56.24,    185.32,         12.88
         21,          1,    1,         -1.71,          3.30,       1.55,      15.51,     51.16,          5.88
         21,          1,    2,          0.26,          3.30,       1.77,      17.62,     58.14,          5.75
         21,          1,    3,          1.63,          3.30,       1.96,      19.61,     64.69,          5.82
         21,          1,    4,          2.59,          3.30,       2.13,      21.29,     70.24,          5.94
         21,          1,    5,          3.31,          3.30,       2.28,      22.77,     75.08,          6.05
         21,          1,    6,          3.89,          3.30,       2.42,      24.21,     79.86,          6.09
         21,          1,    7,          4.35,          3.30,       2.55,      25.51,     84.13,          6.13
         21,          2,    1,          0.15,          3.30,       1.76,      17.61,     58.10,         11.29
         21,          2,    2,          1.96,          3.30,       2.01,      20.13,     66.42,          8.98
         21,          2,    3,          3.18,          3.30,       2.23,      22.34,     73.68,          8.41
         21,          2,    4,          4.07,          3.30,       2.43,      24.27,     80.05,          8.21
         21,          2,    5,          4.74,          3.30,       2.61,      26.07,     85.97,          8.04
         21,          2,    6,          5.28,          3.30,       2.77,      27.71,     91.35,          7.94
         21,          2,    7,          5.70,          3.30,       2.93,      29.29,     96.56,          7.80
         21,          3,    1,          2.51,          3.30,       2.13,      21.35,     70.43,         15.77
         21,          3,    2,          4.11,          3.30,       2.43,      24.32,     80.20,         12.22
         21,          3,    3,          5.18,          3.30,       2.70,      26.99,     88.98,         11.04
         21,          3,    4,          5.92,          3.30,       2.91,      29.09,     95.90,         10.62
         21,          3,    5,          6.45,          3.30,       3.10,      31.05,    102.35,         10.21
         21,          3,    6,          6.88,          3.30,       3.28,      32.82,    108.20,          9.92
         21,          3,    7,          7.21,          3.30,       3.44,      34.40,    113.38,          9.69
         21,          4,    1,          4.25,          3.30,       2.50,      25.06,     82.64,         17.16
         21,          4,    2,          5.64,          3.30,       2.84,      28.37,     93.54,         13.88
         21,          4,    3,          6.53,          3.30,       3.11,      31.13,    102.60,         12.69
         21,          4,    4,          7.17,          3.30,       3.34,      33.45,    110.27,         12.08
         21,          4,    5,          7.63,          3.30,       3.55,      35.53,    117.10,         11.59
         21,          4,    6,          7.99,          3.30,       3.75,      37.47,    123.50,         11.18
         21,          4,    7,          8.28,          3.30,       3.93,      39.28,    129.46,         10.79
         21,          5,    1,          6.01,          3.30,       2.99,      29.96,     98.77,         18.09
         21,          5,    2,          7.24,          3.30,       3.38,      33.79,    111.39,         15.28
         21,          5,    3,          8.02,          3.30,       3.70,      37.01,    121.98,         14.02
         21,          5,    4,          8.53,          3.30,       3.95,      39.55,    130.35,         13.30
         21,          5,    5,          8.92,          3.30,       4.18,      41.85,    137.94,         12.74
         21,          5,    6,          9.20,          3.30,       4.38,      43.87,    144.60,         12.26
         21,          5,    7,          9.43,          3.30,       4.59,      45.88,    151.21,         11.77
         21,          6,    1,          7.28,          3.30,       3.46,      34.59,    114.01,         21.71
         21,          6,    2,          8.39,          3.30,       3.89,      38.90,    128.23,         17.75
         21,          6,    3,          9.04,          3.30,       4.23,      42.28,    139.35,         16.05
         21,          6,    4,          9.48,          3.30,       4.50,      44.99,    148.28,         15.06
         21,          6,    5,          9.79,          3.30,       4.74,      47.40,    156.23,         14.26
         21,          6,    6,         10.04,          3.30,       4.96,      49.58,    163.40,         13.64
         21,          6,    7,         10.24,          3.30,       5.17,      51.68,    170.31,         13.06
         21,          7,    1,          8.25,          3.30,       3.93,      39.29,    129.51,         23.82
         21,          7,    2,          9.31,          3.30,       4.42,      44.21,    145.72,         19.27
         21,          7,    3,          9.92,          3.30,       4.79,      47.95,    158.03,         17.35
         21,          7,    4,         10.31,          3.30,       5.10,      51.02,    168.15,         16.11
         21,          7,    5,         10.60,          3.30,       5.38,      53.84,    177.41,         15.10
         21,          7,    6,         10.81,          3.29,       5.62,      56.24,    185.29,         14.36
         21,          7,    7,         10.99,          3.29,       5.86,      58.59,    193.00,         13.73
         22,          1,    1,         -1.34,          3.30,       1.59,      15.85,     52.29,          6.17
         22,          1,    2,          0.61,          3.30,       1.80,      18.06,     59.57,          6.01
         22,          1,    3,          2.01,          3.30,       2.01,      20.09,     66.27,          6.14
         22,          1,    4,          2.98,          3.30,       2.18,      21.85,     72.05,          6.27
         22,          1,    5,          3.71,          3.30,       2.34,      23.43,     77.26,          6.37
         22,          1,    6,          4.30,          3.30,       2.49,      24.95,     82.26,          6.44
         22,          1,    7,          4.76,          3.30,       2.63,      26.35,     86.90,          6.43
         22,          2,    1,          0.50,          3.30,       1.81,      18.09,     59.66,         11.60
         22,          2,    2,          2.31,          3.30,       2.07,      20.65,     68.12,          9.39
         22,          2,    3,          3.55,          3.30,       2.29,      22.94,     75.67,          8.81
         22,          2,    4,          4.45,          3.30,       2.50,      24.99,     82.39,          8.60
         22,          2,    5,          5.15,          3.30,       2.68,      26.84,     88.52,          8.49
         22,          2,    6,          5.67,          3.30,       2.86,      28.58,     94.22,          8.34
         22,          2,    7,          6.12,          3.30,       3.02,      30.17,     99.46,          8.27
         22,          3,    1,          2.88,          3.30,       2.19,      21.94,     72.39,         16.53
         22,          3,    2,          4.49,          3.30,       2.51,      25.09,     82.75,         12.73
         22,          3,    3,          5.57,          3.30,       2.78,      27.84,     91.77,         11.58
         22,          3,    4,          6.30,          3.30,       3.01,      30.07,     99.14,         11.09
         22,          3,    5,          6.86,          3.30,       3.21,      32.07,    105.70,         10.76
         22,          3,    6,          7.28,          3.30,       3.39,      33.88,    111.68,         10.48
         22,          3,    7,          7.63,          3.30,       3.56,      35.61,    117.37,         10.21
         22,          4,    1,          4.64,          3.30,       2.58,      25.85,     85.23,         18.22
         22,          4,    2,          6.04,          3.30,       2.93,      29.34,     96.71,         14.65
         22,          4,    3,          6.94,          3.30,       3.22,      32.23,    106.26,         13.37
         22,          4,    4,          7.58,          3.30,       3.46,      34.57,    113.98,         12.80
         22,          4,    5,          8.04,          3.30,       3.68,      36.76,    121.17,         12.27
         22,          4,    6,          8.41,          3.30,       3.88,      38.79,    127.86,         11.82
         22,          4,    7,          8.70,          3.30,       4.07,      40.70,    134.14,         11.43
         22,          5,    1,          6.42,          3.30,       3.10,      31.03,    102.26,         18.97
         22,          5,    2,          7.66,          3.30,       3.51,      35.10,    115.70,         15.95
         22,          5,    3,          8.45,          3.30,       3.84,      38.44,    126.70,         14.72
         22,          5,    4,          8.97,          3.30,       4.11,      41.05,    135.31,         14.04
         22,          5,    5,          9.41,          3.30,       4.35,      43.45,    143.20,         13.64
         22,          5,    6,          9.64,          3.30,       4.56,      45.56,    150.17,         12.97
         22,          5,    7,          9.87,          3.30,       4.75,      47.57,    156.79,         12.51
         22,          6,    1,          7.71,          3.30,       3.60,      35.99,    118.62,         22.88
         22,          6,    2,          8.83,          3.30,       4.05,      40.55,    133.66,         18.69
         22,          6,    3,          9.48,          3.30,       4.40,      43.98,    144.94,         17.02
         22,          6,    4,          9.93,          3.30,       4.68,      46.75,    154.10,         16.04
         22,          6,    5,         10.25,          3.30,       4.93,      49.25,    162.31,         15.24
         22,          6,    6,         10.55,          3.30,       5.16,      51.60,    170.04,         14.69
         22,          6,    7,         10.69,          3.29,       5.37,      53.72,    177.01,         13.90
         22,          7,    1,          8.69,          3.30,       4.09,      40.95,    134.97,         25.20
         22,          7,    2,          9.77,          3.30,       4.62,      46.15,    152.09,         20.38
         22,          7,    3,         10.37,          3.30,       5.00,      50.04,    164.93,         18.35
         22,          7,    4,         10.77,          3.29,       5.32,      53.22,    175.34,         17.12
         22,          7,    5,         11.06,          3.29,       5.61,      56.06,    184.68,         16.16
         22,          7,    6,         11.28,          3.29,       5.86,      58.56,    192.90,         15.37
         22,          7,    7,         11.46,          3.29,       6.10,      60.91,    200.62,         14.74
         23,          1,    1,         -1.05,          3.30,       1.61,      16.13,     53.21,          6.33
         23,          1,    2,          1.01,          3.30,       1.84,      18.45,     60.87,          6.29
         23,          1,    3,          2.34,          3.30,       2.05,      20.51,     67.65,          6.38
         23,          1,    4,          3.39,          3.30,       2.24,      22.36,     73.74,          6.62
         23,          1,    5,          4.08,          3.30,       2.40,      24.03,     79.25,          6.65
         23,          1,    6,          4.67,          3.30,       2.56,      25.57,     84.34,          6.73
         23,          1,    7,          5.14,          3.30,       2.71,      27.04,     89.15,          6.75
         23,          2,    1,          0.84,          3.30,       1.84,      18.40,     60.69,         12.26
         23,          2,    2,          2.63,          3.30,       2.11,      21.10,     69.60,          9.74
         23,          2,    3,          3.89,          3.30,       2.35,      23.42,     77.26,          9.25
         23,          2,    4,          4.87,          3.30,       2.56,      25.58,     84.36,          9.15
         23,          2,    5,          5.48,          3.30,       2.75,      27.53,     90.76,          8.85
         23,          2,    6,          6.03,          3.30,       2.93,      29.34,     96.73,          8.73
         23,          2,    7,          6.48,          3.30,       3.09,      30.91,    101.90,          8.69
         23,          3,    1,          3.26,          3.30,       2.25,      22.43,     73.96,         17.51
         23,          3,    2,          4.82,          3.30,       2.57,      25.73,     84.84,         13.21
         23,          3,    3,          5.97,          3.30,       2.86,      28.56,     94.17,         12.24
         23,          3,    4,          6.67,          3.30,       3.09,      30.87,    101.76,         11.65
         23,          3,    5,          7.30,          3.30,       3.30,      33.02,    108.82,         11.42
         23,          3,    6,          7.73,          3.30,       3.49,      34.91,    115.08,         11.13
         23,          3,    7,          8.02,          3.30,       3.66,      36.65,    120.79,         10.75
         23,          4,    1,          5.04,          3.30,       2.66,      26.56,     87.56,         19.31
         23,          4,    2,          6.46,          3.30,       3.01,      30.14,     99.37,         15.61
         23,          4,    3,          7.37,          3.30,       3.32,      33.20,    109.43,         14.20
         23,          4,    4,          8.01,          3.30,       3.57,      35.69,    117.62,         13.59
         23,          4,    5,          8.48,          3.30,       3.79,      37.96,    125.10,         13.05
         23,          4,    6,          8.80,          3.30,       4.00,      40.04,    131.99,         12.43
         23,          4,    7,          9.16,          3.30,       4.20,      42.01,    138.45,         12.22
         23,          5,    1,          6.85,          3.30,       3.21,      32.04,    105.63,         20.16
         23,          5,    2,          8.05,          3.30,       3.62,      36.25,    119.48,         16.86
         23,          5,    3,          8.90,          3.30,       3.98,      39.75,    131.03,         15.72
         23,          5,    4,          9.43,          3.30,       4.25,      42.50,    140.09,         14.99
         23,          5,    5,          9.82,          3.30,       4.50,      44.98,    148.25,         14.39
         23,          5,    6,         10.10,          3.30,       4.71,      47.12,    155.30,         13.89
         23,          5,    7,         10.35,          3.30,       4.92,      49.21,    162.19,         13.44
         23,          6,    1,          8.17,          3.30,       3.73,      37.26,    122.83,         24.24
         23,          6,    2,          9.29,          3.30,       4.21,      42.04,    138.57,         19.86
         23,          6,    3,          9.96,          3.30,       4.57,      45.66,    150.47,         18.11
         23,          6,    4,         10.40,          3.30,       4.85,      48.49,    159.79,         17.15
         23,          6,    5,         10.73,          3.30,       5.11,      51.07,    168.30,         16.30
         23,          6,    6,         10.97,          3.30,       5.35,      53.48,    176.23,         15.55
         23,          6,    7,         11.12,          3.29,       5.57,      55.69,    183.47,         14.75
         23,          7,    1,          9.11,          3.30,       4.25,      42.53,    140.17,         26.39
         23,          7,    2,         10.24,          3.30,       4.79,      47.88,    157.80,         21.81
         23,          7,    3,         10.86,          3.30,       5.21,      52.09,    171.66,         19.55
         23,          7,    4,         11.27,          3.29,       5.53,      55.38,    182.47,         18.29
         23,          7,    5,         11.57,          3.29,       5.83,      58.27,    191.93,         17.35
         23,          7,    6,         11.79,          3.29,       6.08,      60.77,    200.13,         16.63
         23,          7,    7,         11.92,          3.29,       6.33,      63.32,    208.51,         15.69
         24,          1,    1,         -0.74,          3.30,       1.64,      16.38,     54.04,          6.58
         24,          1,    2,          1.29,          3.30,       1.88,      18.78,     61.96,          6.49
         24,          1,    3,          2.73,          3.30,       2.09,      20.95,     69.10,          6.72
         24,          1,    4,          3.74,          3.30,       2.29,      22.87,     75.42,          6.91
         24,          1,    5,          4.50,          3.30,       2.46,      24.63,     81.25,          7.03
         24,          1,    6,          5.09,          3.30,       2.62,      26.18,     86.33,          7.16
         24,          1,    7,          5.57,          3.30,       2.77,      27.74,     91.45,          7.18
         24,          2,    1,          1.13,          3.30,       1.88,      18.74,     61.83,         12.53
         24,          2,    2,          2.99,          3.30,       2.15,      21.51,     70.96,         10.22
         24,          2,    3,          4.25,          3.30,       2.40,      23.96,     79.02,          9.67
         24,          2,    4,          5.19,          3.30,       2.62,      26.22,     86.46,          9.45
         24,          2,    5,          5.90,          3.30,       2.82,      28.20,     92.98,          9.37
         24,          2,    6,          6.45,          3.30,       3.00,      30.01,     98.92,          9.32
         24,          2,    7,          6.91,          3.30,       3.18,      31.78,    104.78,          9.22
         24,          3,    1,          3.56,          3.30,       2.30,      22.97,     75.75,         18.10
         24,          3,    2,          5.20,          3.30,       2.64,      26.35,     86.87,         14.01
         24,          3,    3,          6.33,          3.30,       2.93,      29.34,     96.71,         12.81
         24,          3,    4,          7.09,          3.30,       3.18,      31.77,    104.73,         12.33
         24,          3,    5,          7.66,          3.30,       3.39,      33.92,    111.79,         12.00
         24,          3,    6,          8.11,          3.30,       3.59,      35.87,    118.23,         11.75
         24,          3,    7,          8.46,          3.30,       3.77,      37.72,    124.32,         11.49
         24,          4,    1,          5.38,          3.30,       2.73,      27.26,     89.87,         20.20
         24,          4,    2,          6.80,          3.30,       3.10,      30.99,    102.17,         16.28
         24,          4,    3,          7.72,          3.30,       3.41,      34.12,    112.47,         14.90
         24,          4,    4,          8.38,          3.30,       3.68,      36.76,    121.17,         14.22
         24,          4,    5,          8.87,          3.30,       3.91,      39.13,    128.99,         13.71
         24,          4,    6,          9.25,          3.30,       4.12,      41.24,    135.91,         13.32
         24,          4,    7,          9.55,          3.30,       4.33,      43.26,    142.58,         12.91
         24,          5,    1,          7.21,          3.30,       3.31,      33.09,    109.07,         20.99
         24,          5,    2,          8.48,          3.30,       3.75,      37.44,    123.41,         17.88
         24,          5,    3,          9.29,          3.30,       4.11,      41.11,    135.51,         16.50
         24,          5,    4,          9.83,          3.30,       4.40,      44.01,    145.05,         15.75
         24,          5,    5,         10.23,          3.30,       4.65,      46.55,    153.42,         15.18
         24,          5,    6,         10.52,          3.30,       4.88,      48.80,    160.84,         14.69
         24,          5,    7,         10.77,          3.30,       5.09,      50.87,    167.63,         14.29
         24,          6,    1,          8.57,          3.30,       3.87,      38.69,    127.53,         25.20
         24,          6,    2,          9.71,          3.30,       4.36,      43.61,    143.73,         20.90
         24,          6,    3,         10.37,          3.30,       4.74,      47.38,    156.16,         19.05
         24,          6,    4,         10.82,          3.30,       5.04,      50.39,    166.08,         18.00
         24,          6,    5,         11.15,          3.29,       5.31,      53.04,    174.76,         17.22
         24,          6,    6,         11.41,          3.29,       5.55,      55.45,    182.68,         16.55
         24,          6,    7,         11.62,          3.29,       5.77,      57.73,    190.18,         15.94
         24,          7,    1,          9.60,          3.30,       4.42,      44.18,    145.63,         28.11
         24,          7,    2,         10.68,          3.30,       4.99,      49.92,    164.51,         22.82
         24,          7,    3,         11.31,          3.29,       5.43,      54.25,    178.76,         20.62
         24,          7,    4,         11.73,          3.29,       5.76,      57.63,    189.85,         19.44
         24,          7,    5,         12.03,          3.29,       6.07,      60.67,    199.82,         18.45
         24,          7,    6,         12.27,          3.29,       6.33,      63.34,    208.59,         17.69
         24,          7,    7,         12.47,          3.29,       6.59,      65.95,    217.12,         16.99
         25,          1,    1,         -0.49,          3.30,       1.66,      16.61,     54.79,          6.78
         25,          1,    2,          1.55,          3.30,       1.91,      19.10,     63.02,          6.67
         25,          1,    3,          2.99,          3.30,       2.13,      21.32,     70.32,          6.94
         25,          1,    4,          4.04,          3.30,       2.33,      23.29,     76.83,          7.19
         25,          1,    5,          4.81,          3.30,       2.52,      25.14,     82.91,          7.33
         25,          1,    6,          5.42,          3.30,       2.68,      26.80,     88.37,          7.45
         25,          1,    7,          5.91,          3.30,       2.84,      28.42,     93.69,          7.49
         25,          2,    1,          1.37,          3.30,       1.91,      19.10,     63.03,         12.77
         25,          2,    2,          3.25,          3.30,       2.19,      21.89,     72.20,         10.61
         25,          2,    3,          4.54,          3.30,       2.45,      24.43,     80.57,         10.05
         25,          2,    4,          5.49,          3.30,       2.68,      26.75,     88.21,          9.86
         25,          2,    5,          6.22,          3.30,       2.88,      28.82,     95.02,          9.79
         25,          2,    6,          6.78,          3.30,       3.07,      30.70,    101.21,          9.75
         25,          2,    7,          7.24,          3.30,       3.25,      32.54,    107.26,          9.64
         25,          3,    1,          3.85,          3.30,       2.35,      23.45,     77.36,         19.12
         25,          3,    2,          5.50,          3.30,       2.70,      27.01,     89.05,         14.55
         25,          3,    3,          6.63,          3.30,       3.00,      30.07,     99.13,         13.37
         25,          3,    4,          7.41,          3.30,       3.26,      32.61,    107.50,         12.87
         25,          3,    5,          8.00,          3.30,       3.49,      34.85,    114.88,         12.56
         25,          3,    6,          8.46,          3.30,       3.69,      36.87,    121.53,         12.34
         25,          3,    7,          8.83,          3.30,       3.89,      38.87,    128.12,         12.03
         25,          4,    1,          5.70,          3.30,       2.80,      27.99,     92.27,         20.95
         25,          4,    2,          7.13,          3.30,       3.19,      31.94,    105.30,         16.79
         25,          4,    3,          8.05,          3.30,       3.51,      35.14,    115.83,         15.48
         25,          4,    4,          8.72,          3.30,       3.79,      37.85,    124.76,         14.84
         25,          4,    5,          9.23,          3.30,       4.03,      40.30,    132.83,         14.37
         25,          4,    6,          9.62,          3.30,       4.25,      42.52,    140.16,         13.96
         25,          4,    7,          9.94,          3.30,       4.46,      44.61,    147.02,         13.61
         25,          5,    1,          7.58,          3.30,       3.41,      34.09,    112.37,         22.17
         25,          5,    2,          8.87,          3.30,       3.88,      38.78,    127.81,         18.66
         25,          5,    3,          9.68,          3.30,       4.26,      42.60,    140.39,         17.23
         25,          5,    4,         10.22,          3.30,       4.56,      45.54,    150.10,         16.55
         25,          5,    5,         10.64,          3.30,       4.82,      48.13,    158.62,         16.07
         25,          5,    6,         10.94,          3.30,       5.05,      50.51,    166.46,         15.55
         25,          5,    7,         11.20,          3.30,       5.27,      52.73,    173.78,         15.11
         25,          6,    1,          8.98,          3.30,       4.01,      40.15,    132.35,         26.33
         25,          6,    2,         10.12,          3.30,       4.53,      45.32,    149.38,         21.86
         25,          6,    3,         10.79,          3.30,       4.92,      49.19,    162.11,         20.07
         25,          6,    4,         11.26,          3.30,       5.24,      52.39,    172.66,         18.99
         25,          6,    5,         11.60,          3.29,       5.52,      55.20,    181.86,         18.16
         25,          6,    6,         11.87,          3.29,       5.76,      57.60,    189.76,         17.57
         25,          6,    7,         12.08,          3.29,       6.00,      59.96,    197.49,         16.96
         25,          7,    1,         10.03,          3.30,       4.61,      46.05,    151.78,         29.32
         25,          7,    2,         11.13,          3.30,       5.21,      52.05,    171.50,         24.01
         25,          7,    3,         11.77,          3.29,       5.65,      56.55,    186.30,         21.83
         25,          7,    4,         12.20,          3.29,       6.01,      60.11,    197.98,         20.59
         25,          7,    5,         12.52,          3.29,       6.33,      63.31,    208.49,         19.62
         25,          7,    6,         12.77,          3.29,       6.61,      66.15,    217.80,         18.84
         25,          7,    7,         12.98,          3.29,       6.88,      68.80,    226.53,         18.20
         26,          1,    1,         -0.29,          3.30,       1.68,      16.78,     55.37,          7.12
         26,          1,    2,          1.77,          3.30,       1.93,      19.35,     63.84,          6.95
         26,          1,    3,          3.23,          3.30,       2.17,      21.64,     71.39,          7.21
         26,          1,    4,          4.28,          3.30,       2.37,      23.68,     78.08,          7.47
         26,          1,    5,          5.08,          3.30,       2.56,      25.57,     84.32,          7.65
         26,          1,    6,          5.73,          3.30,       2.74,      27.38,     90.29,          7.78
         26,          1,    7,          6.23,          3.30,       2.90,      28.99,     95.57,          7.88
         26,          2,    1,          1.59,          3.30,       1.93,      19.35,     63.85,         13.58
         26,          2,    2,          3.47,          3.30,       2.22,      22.24,     73.36,         11.04
         26,          2,    3,          4.78,          3.30,       2.49,      24.92,     82.19,         10.39
         26,          2,    4,          5.74,          3.30,       2.73,      27.26,     89.86,         10.25
         26,          2,    5,          6.49,          3.30,       2.94,      29.41,     96.94,         10.20
         26,          2,    6,          7.07,          3.30,       3.14,      31.37,    103.40,         10.16
         26,          2,    7,          7.55,          3.30,       3.33,      33.29,    109.72,         10.07
         26,          3,    1,          4.14,          3.30,       2.40,      23.97,     79.03,         19.60
         26,          3,    2,          5.78,          3.30,       2.76,      27.60,     91.00,         15.02
         26,          3,    3,          6.94,          3.30,       3.08,      30.80,    101.54,         13.82
         26,          3,    4,          7.72,          3.30,       3.35,      33.46,    110.30,         13.30
         26,          3,    5,          8.32,          3.30,       3.58,      35.77,    117.90,         13.05
         26,          3,    6,          8.79,          3.30,       3.79,      37.91,    124.95,         12.79
         26,          3,    7,          9.17,          3.30,       3.99,      39.91,    131.52,         12.58
         26,          4,    1,          6.03,          3.30,       2.88,      28.80,     94.96,         21.69
         26,          4,    2,          7.46,          3.30,       3.28,      32.84,    108.23,         17.54
         26,          4,    3,          8.39,          3.30,       3.61,      36.09,    118.96,         16.25
         26,          4,    4,          9.07,          3.30,       3.90,      38.99,    128.52,         15.52
         26,          4,    5,          9.58,          3.30,       4.15,      41.52,    136.87,         15.02
         26,          4,    6,          9.99,          3.30,       4.38,      43.82,    144.42,         14.67
         26,          4,    7,         10.32,          3.30,       4.60,      45.97,    151.51,         14.34
         26,          5,    1,          7.94,          3.30,       3.52,      35.22,    116.10,         22.99
         26,          5,    2,          9.24,          3.30,       4.01,      40.09,    132.13,         19.47
         26,          5,    3,         10.07,          3.30,       4.41,      44.08,    145.27,         18.07
         26,          5,    4,         10.63,          3.30,       4.72,      47.21,    155.60,         17.36
         26,          5,    5,         11.04,          3.30,       4.99,      49.93,    164.54,         16.84
         26,          5,    6,         11.36,          3.30,       5.24,      52.40,    172.68,         16.35
         26,          5,    7,         11.62,          3.29,       5.46,      54.63,    179.99,         15.98
         26,          6,    1,          9.39,          3.30,       4.17,      41.70,    137.43,         27.65
         26,          6,    2,         10.55,          3.30,       4.71,      47.12,    155.28,         23.01
         26,          6,    3,         11.22,          3.30,       5.11,      51.15,    168.56,         21.19
         26,          6,    4,         11.69,          3.30,       5.45,      54.49,    179.54,         20.09
         26,          6,    5,         12.04,          3.29,       5.74,      57.34,    188.89,         19.31
         26,          6,    6,         12.32,          3.29,       5.99,      59.94,    197.42,         18.65
         26,          6,    7,         12.55,          3.29,       6.24,      62.45,    205.63,         18.05
         26,          7,    1,         10.47,          3.30,       4.79,      47.89,    157.81,         31.05
         26,          7,    2,         11.58,          3.30,       5.43,      54.27,    178.82,         25.30
         26,          7,    3,         12.23,          3.29,       5.91,      59.10,    194.64,         23.00
         26,          7,    4,         12.67,          3.29,       6.28,      62.80,    206.82,         21.80
         26,          7,    5,         13.01,          3.29,       6.62,      66.17,    217.86,         20.85
         26,          7,    6,         13.27,          3.29,       6.92,      69.13,    227.59,         20.11
         26,          7,    7,         13.49,          3.29,       7.18,      71.79,    236.35,         19.54
         27,          1,    1,         -0.14,          3.30,       1.70,      16.95,     55.91,          7.29
         27,          1,    2,          1.93,          3.30,       1.96,      19.60,     64.67,          7.07
         27,          1,    3,          3.38,          3.30,       2.19,      21.87,     72.15,          7.37
         27,          1,    4,          4.44,          3.30,       2.40,      23.97,     79.05,          7.63
         27,          1,    5,          5.26,          3.30,       2.59,      25.92,     85.48,          7.84
         27,          1,    6,          5.91,          3.30,       2.77,      27.73,     91.43,          7.98
         27,          1,    7,          6.44,          3.30,       2.95,      29.45,     97.09,          8.09
         27,          2,    1,          1.77,          3.30,       1.97,      19.65,     64.81,         13.62
         27,          2,    2,          3.63,          3.30,       2.25,      22.52,     74.28,         11.26
         27,          2,    3,          4.95,          3.30,       2.53,      25.27,     83.33,         10.58
         27,          2,    4,          5.93,          3.30,       2.76,      27.63,     91.08,         10.49
         27,          2,    5,          6.68,          3.30,       2.99,      29.87,     98.48,         10.42
         27,          2,    6,          7.29,          3.30,       3.19,      31.92,    105.21,         10.41
         27,          2,    7,          7.78,          3.30,       3.38,      33.78,    111.35,         10.42
         27,          3,    1,          4.35,          3.30,       2.43,      24.37,     80.35,         19.94
         27,          3,    2,          6.01,          3.30,       2.81,      28.15,     92.79,         15.28
         27,          3,    3,          7.16,          3.30,       3.14,      31.41,    103.55,         14.11
         27,          3,    4,          7.96,          3.30,       3.41,      34.08,    112.32,         13.71
         27,          3,    5,          8.56,          3.30,       3.66,      36.55,    120.48,         13.35
         27,          3,    6,          9.05,          3.30,       3.88,      38.75,    127.71,         13.16
         27,          3,    7,          9.43,          3.30,       4.07,      40.73,    134.24,         13.00
         27,          4,    1,          6.28,          3.30,       2.94,      29.38,     96.86,         22.73
         27,          4,    2,          7.71,          3.30,       3.35,      33.52,    110.47,         18.28
         27,          4,    3,          8.64,          3.30,       3.69,      36.92,    121.68,         16.80
         27,          4,    4,          9.33,          3.30,       3.99,      39.86,    131.36,         16.10
         27,          4,    5,          9.85,          3.30,       4.25,      42.46,    139.94,         15.63
         27,          4,    6,         10.26,          3.30,       4.49,      44.84,    147.80,         15.25
         27,          4,    7,         10.61,          3.30,       4.71,      47.04,    155.05,         14.97
         27,          5,    1,          8.23,          3.30,       3.61,      36.10,    118.98,         23.98
         27,          5,    2,          9.54,          3.30,       4.11,      41.15,    135.65,         20.25
         27,          5,    3,         10.36,          3.30,       4.53,      45.35,    149.47,         18.67
         27,          5,    4,         10.93,          3.30,       4.85,      48.55,    160.00,         18.03
         27,          5,    5,         11.36,          3.30,       5.14,      51.40,    169.39,         17.52
         27,          5,    6,         11.69,          3.30,       5.39,      53.93,    177.71,         17.07
         27,          5,    7,         11.97,          3.29,       5.63,      56.29,    185.45,         16.71
         27,          6,    1,          9.71,          3.30,       4.29,      42.94,    141.51,         28.75
         27,          6,    2,         10.87,          3.30,       4.86,      48.57,    160.09,         23.91
         27,          6,    3,         11.56,          3.30,       5.28,      52.84,    174.11,         21.98
         27,          6,    4,         12.04,          3.29,       5.62,      56.19,    185.13,         21.01
         27,          6,    5,         12.40,          3.29,       5.92,      59.25,    195.17,         20.13
         27,          6,    6,         12.68,          3.29,       6.19,      61.90,    203.85,         19.53
         27,          6,    7,         12.92,          3.29,       6.45,      64.46,    212.26,         18.96
         27,          7,    1,         10.81,          3.30,       4.95,      49.52,    163.20,         31.95
         27,          7,    2,         11.95,          3.29,       5.62,      56.15,    184.98,         26.33
         27,          7,    3,         12.60,          3.29,       6.11,      61.10,    201.25,         24.02
         27,          7,    4,         13.05,          3.29,       6.51,      65.10,    214.37,         22.72
         27,          7,    5,         13.40,          3.29,       6.86,      68.60,    225.83,         21.82
         27,          7,    6,         13.68,          3.29,       7.15,      71.52,    235.45,         21.21
         27,          7,    7,         13.91,          3.29,       7.43,      74.27,    244.51,         20.66
         28,          1,    1,          0.05,          3.30,       1.71,      17.16,     56.60,          7.36
         28,          1,    2,          2.10,          3.30,       1.98,      19.80,     65.34,          7.22
         28,          1,    3,          3.59,          3.30,       2.22,      22.20,     73.22,          7.53
         28,          1,    4,          4.65,          3.30,       2.44,      24.35,     80.30,          7.79
         28,          1,    5,          5.47,          3.30,       2.64,      26.37,     86.94,          7.99
         28,          1,    6,          6.15,          3.30,       2.83,      28.23,     93.06,          8.20
         28,          1,    7,          6.70,          3.30,       3.00,      29.94,     98.70,          8.37
         28,          2,    1,          2.01,          3.30,       1.99,      19.93,     65.74,         14.32
         28,          2,    2,          3.86,          3.30,       2.29,      22.93,     75.62,         11.60
         28,          2,    3,          5.16,          3.30,       2.57,      25.71,     84.79,         10.90
         28,          2,    4,          6.16,          3.30,       2.82,      28.17,     92.88,         10.80
         28,          2,    5,          6.92,          3.30,       3.04,      30.43,    100.33,         10.76
         28,          2,    6,          7.54,          3.30,       3.25,      32.54,    107.27,         10.78
         28,          2,    7,          8.06,          3.30,       3.45,      34.49,    113.67,         10.83
         28,          3,    1,          4.64,          3.30,       2.50,      24.98,     82.37,         20.35
         28,          3,    2,          6.29,          3.30,       2.88,      28.79,     94.90,         15.87
         28,          3,    3,          7.46,          3.30,       3.22,      32.23,    106.25,         14.61
         28,          3,    4,          8.27,          3.30,       3.50,      34.98,    115.29,         14.23
         28,          3,    5,          8.89,          3.30,       3.75,      37.49,    123.59,         13.94
         28,          3,    6,          9.38,          3.30,       3.98,      39.82,    131.24,         13.73
         28,          3,    7,          9.79,          3.30,       4.20,      41.96,    138.31,         13.56
         28,          4,    1,          6.62,          3.30,       3.02,      30.23,     99.65,         23.44
         28,          4,    2,          8.06,          3.30,       3.45,      34.52,    113.77,         18.95
         28,          4,    3,          8.99,          3.30,       3.81,      38.05,    125.43,         17.44
         28,          4,    4,          9.68,          3.30,       4.11,      41.10,    135.47,         16.76
         28,          4,    5,         10.21,          3.30,       4.38,      43.82,    144.44,         16.29
         28,          4,    6,         10.64,          3.30,       4.63,      46.30,    152.59,         15.96
         28,          4,    7,         10.99,          3.30,       4.86,      48.59,    160.16,         15.68
         28,          5,    1,          8.62,          3.30,       3.74,      37.39,    123.24,         25.05
         28,          5,    2,          9.93,          3.30,       4.27,      42.73,    140.83,         21.10
         28,          5,    3,         10.77,          3.30,       4.70,      47.03,    155.00,         19.63
         28,          5,    4,         11.35,          3.30,       5.04,      50.34,    165.90,         19.03
         28,          5,    5,         11.80,          3.30,       5.34,      53.46,    176.18,         18.44
         28,          5,    6,         12.14,          3.29,       5.61,      56.07,    184.72,         18.08
         28,          5,    7,         12.42,          3.29,       5.86,      58.59,    193.01,         17.68
         28,          6,    1,         10.14,          3.30,       4.47,      44.69,    147.30,         30.00
         28,          6,    2,         11.33,          3.30,       5.06,      50.62,    166.81,         25.17
         28,          6,    3,         12.02,          3.29,       5.52,      55.18,    181.81,         23.08
         28,          6,    4,         12.51,          3.29,       5.87,      58.74,    193.53,         22.09
         28,          6,    5,         12.88,          3.29,       6.18,      61.80,    203.52,         21.39
         28,          6,    6,         13.17,          3.29,       6.46,      64.63,    212.82,         20.77
         28,          6,    7,         13.42,          3.29,       6.74,      67.42,    221.96,         20.16
         28,          7,    1,         11.28,          3.30,       5.18,      51.79,    170.68,         33.42
         28,          7,    2,         12.43,          3.29,       5.88,      58.83,    193.79,         27.63
         28,          7,    3,         13.10,          3.29,       6.41,      64.09,    211.03,         25.34
         28,          7,    4,         13.56,          3.29,       6.83,      68.25,    224.71,         24.11
         28,          7,    5,         13.94,          3.29,       7.20,      71.96,    236.90,         23.25
         28,          7,    6,         14.22,          3.29,       7.50,      74.94,    246.72,         22.73
         28,          7,    7,         14.46,          3.29,       7.79,      77.89,    256.40,         22.16
         29,          1,    1,          0.18,          3.30,       1.73,      17.28,     57.03,          7.55
         29,          1,    2,          2.25,          3.30,       2.00,      19.97,     65.88,          7.41
         29,          1,    3,          3.72,          3.30,       2.24,      22.44,     74.02,          7.65
         29,          1,    4,          4.81,          3.30,       2.47,      24.73,     81.54,          7.90
         29,          1,    5,          5.63,          3.30,       2.67,      26.69,     88.00,          8.17
         29,          1,    6,          6.32,          3.30,       2.86,      28.60,     94.29,          8.39
         29,          1,    7,          6.87,          3.30,       3.03,      30.35,    100.06,          8.55
         29,          2,    1,          2.19,          3.30,       2.02,      20.18,     66.56,         14.51
         29,          2,    2,          4.02,          3.30,       2.32,      23.19,     76.50,         11.82
         29,          2,    3,          5.33,          3.30,       2.60,      26.00,     85.74,         11.16
         29,          2,    4,          6.33,          3.30,       2.86,      28.57,     94.17,         11.01
         29,          2,    5,          7.11,          3.30,       3.08,      30.80,    101.53,         11.07
         29,          2,    6,          7.72,          3.30,       3.31,      33.06,    108.96,         11.00
         29,          2,    7,          8.26,          3.30,       3.51,      35.06,    115.56,         11.09
         29,          3,    1,          4.85,          3.30,       2.54,      25.38,     83.69,         21.50
         29,          3,    2,          6.52,          3.30,       2.93,      29.33,     96.67,         16.49
         29,          3,    3,          7.69,          3.30,       3.29,      32.91,    108.49,         15.07
         29,          3,    4,          8.51,          3.30,       3.58,      35.76,    117.88,         14.67
         29,          3,    5,          9.15,          3.30,       3.83,      38.35,    126.41,         14.43
         29,          3,    6,          9.64,          3.30,       4.07,      40.68,    134.09,         14.25
         29,          3,    7,         10.06,          3.30,       4.29,      42.93,    141.49,         14.08
         29,          4,    1,          6.90,          3.30,       3.10,      30.96,    102.05,         24.42
         29,          4,    2,          8.33,          3.30,       3.54,      35.41,    116.71,         19.59
         29,          4,    3,          9.27,          3.30,       3.90,      39.02,    128.62,         18.11
         29,          4,    4,          9.96,          3.30,       4.22,      42.19,    139.06,         17.37
         29,          4,    5,         10.50,          3.30,       4.50,      44.95,    148.14,         16.97
         29,          4,    6,         10.93,          3.30,       4.75,      47.48,    156.51,         16.62
         29,          4,    7,         11.30,          3.30,       4.99,      49.83,    164.24,         16.39
         29,          5,    1,          8.93,          3.30,       3.85,      38.49,    126.86,         26.01
         29,          5,    2,         10.25,          3.30,       4.40,      43.98,    144.94,         22.01
         29,          5,    3,         11.10,          3.30,       4.84,      48.42,    159.60,         20.50
         29,          5,    4,         11.69,          3.30,       5.20,      51.96,    171.26,         19.81
         29,          5,    5,         12.14,          3.29,       5.51,      55.16,    181.75,         19.29
         29,          5,    6,         12.50,          3.29,       5.79,      57.87,    190.61,         18.95
         29,          5,    7,         12.80,          3.29,       6.05,      60.46,    199.15,         18.60
         29,          6,    1,         10.50,          3.30,       4.62,      46.19,    152.23,         31.10
         29,          6,    2,         11.70,          3.30,       5.24,      52.44,    172.80,         26.11
         29,          6,    3,         12.40,          3.29,       5.71,      57.10,    188.14,         24.14
         29,          6,    4,         12.90,          3.29,       6.08,      60.80,    200.26,         23.17
         29,          6,    5,         13.27,          3.29,       6.41,      64.04,    210.87,         22.43
         29,          6,    6,         13.57,          3.29,       6.71,      67.06,    220.79,         21.76
         29,          6,    7,         13.83,          3.29,       6.99,      69.88,    230.07,         21.23
         29,          7,    1,         11.68,          3.30,       5.37,      53.72,    177.00,         34.69
         29,          7,    2,         12.83,          3.29,       6.11,      61.06,    201.12,         28.83
         29,          7,    3,         13.51,          3.29,       6.67,      66.66,    219.48,         26.45
         29,          7,    4,         13.99,          3.29,       7.10,      71.00,    233.75,         25.28
         29,          7,    5,         14.36,          3.29,       7.48,      74.77,    246.13,         24.48
         29,          7,    6,         14.65,          3.29,       7.80,      78.01,    256.80,         23.89
         29,          7,    7,         14.90,          3.29,       8.11,      81.09,    266.95,         23.36
         30,          1,    1,          0.31,          3.30,       1.75,      17.53,     57.85,          7.71
         30,          1,    2,          2.38,          3.30,       2.02,      20.22,     66.71,          7.59
         30,          1,    3,          3.86,          3.30,       2.28,      22.80,     75.18,          7.78
         30,          1,    4,          4.95,          3.30,       2.50,      25.05,     82.60,          8.08
         30,          1,    5,          5.79,          3.30,       2.71,      27.08,     89.28,          8.36
         30,          1,    6,          6.49,          3.30,       2.91,      29.03,     95.71,          8.61
         30,          1,    7,          7.05,          3.30,       3.08,      30.85,    101.70,          8.77
         30,          2,    1,          2.37,          3.30,       2.05,      20.45,     67.47,         14.92
         30,          2,    2,          4.19,          3.30,       2.36,      23.58,     77.75,         12.02
         30,          2,    3,          5.49,          3.30,       2.65,      26.42,     87.13,         11.35
         30,          2,    4,          6.50,          3.30,       2.90,      29.02,     95.69,         11.22
         30,          2,    5,          7.28,          3.30,       3.14,      31.37,    103.42,         11.26
         30,          2,    6,          7.92,          3.30,       3.36,      33.59,    110.72,         11.31
         30,          2,    7,          8.47,          3.30,       3.57,      35.69,    117.63,         11.38
         30,          3,    1,          5.09,          3.30,       2.59,      25.94,     85.54,         21.86
         30,          3,    2,          6.75,          3.30,       3.00,      30.01,     98.94,         16.78
         30,          3,    3,          7.93,          3.30,       3.36,      33.60,    110.77,         15.53
         30,          3,    4,          8.77,          3.30,       3.66,      36.55,    120.49,         15.14
         30,          3,    5,          9.41,          3.30,       3.93,      39.29,    129.50,         14.87
         30,          3,    6,          9.93,          3.30,       4.19,      41.90,    138.11,         14.62
         30,          3,    7,         10.36,          3.30,       4.40,      44.00,    145.02,         14.64
         30,          4,    1,          7.19,          3.30,       3.18,      31.84,    104.98,         25.08
         30,          4,    2,          8.62,          3.30,       3.64,      36.41,    120.02,         20.27
         30,          4,    3,          9.56,          3.30,       4.02,      40.17,    132.38,         18.73
         30,          4,    4,         10.26,          3.30,       4.34,      43.33,    142.82,         18.10
         30,          4,    5,         10.81,          3.30,       4.63,      46.24,    152.41,         17.63
         30,          4,    6,         11.25,          3.30,       4.88,      48.84,    160.98,         17.33
         30,          4,    7,         11.62,          3.30,       5.13,      51.33,    169.17,         17.09
         30,          5,    1,          9.26,          3.30,       3.97,      39.73,    130.94,         26.87
         30,          5,    2,         10.60,          3.30,       4.55,      45.47,    149.88,         22.81
         30,          5,    3,         11.45,          3.30,       5.01,      50.10,    165.11,         21.31
         30,          5,    4,         12.05,          3.30,       5.38,      53.81,    177.29,         20.61
         30,          5,    5,         12.51,          3.29,       5.71,      57.09,    188.08,         20.13
         30,          5,    6,         12.88,          3.29,       6.01,      60.07,    197.88,         19.73
         30,          5,    7,         13.19,          3.29,       6.27,      62.69,    206.44,         19.52
         30,          6,    1,         10.87,          3.30,       4.79,      47.86,    157.74,         32.45
         30,          6,    2,         12.08,          3.30,       5.45,      54.52,    179.64,         27.13
         30,          6,    3,         12.80,          3.29,       5.94,      59.38,    195.60,         25.21
         30,          6,    4,         13.30,          3.29,       6.32,      63.23,    208.23,         24.26
         30,          6,    5,         13.68,          3.29,       6.67,      66.66,    219.50,         23.47
         30,          6,    6,         13.99,          3.29,       6.98,      69.77,    229.68,         22.89
         30,          6,    7,         14.27,          3.29,       7.28,      72.77,    239.59,         22.38
         30,          7,    1,         12.08,          3.29,       5.60,      55.95,    184.35,         35.90
         30,          7,    2,         13.26,          3.29,       6.37,      63.76,    209.98,         29.95
         30,          7,    3,         13.95,          3.29,       6.96,      69.60,    229.14,         27.66
         30,          7,    4,         14.44,          3.29,       7.41,      74.11,    243.97,         26.58
         30,          7,    5,         14.83,          3.29,       7.81,      78.07,    256.99,         25.84
         30,          7,    6,         15.12,          3.29,       8.15,      81.48,    268.22,         25.23
         30,          7,    7,         15.37,          3.29,       8.46,      84.62,    278.55,         24.73
         31,          1,    1,          0.42,          3.30,       1.77,      17.73,     58.50,          7.84
         31,          1,    2,          2.49,          3.30,       2.05,      20.42,     67.38,          7.74
         31,          1,    3,          3.99,          3.30,       2.32,      23.18,     76.47,          7.84
         31,          1,    4,          5.07,          3.30,       2.53,      25.31,     83.47,          8.24
         31,          1,    5,          5.93,          3.30,       2.74,      27.42,     90.41,          8.52
         31,          1,    6,          6.64,          3.30,       2.95,      29.46,     97.14,          8.76
         31,          1,    7,          7.22,          3.30,       3.13,      31.31,    103.21,          8.97
         31,          2,    1,          2.54,          3.30,       2.08,      20.75,     68.45,         15.56
         31,          2,    2,          4.36,          3.30,       2.39,      23.91,     78.85,         12.44
         31,          2,    3,          5.66,          3.30,       2.68,      26.83,     88.47,         11.66
         31,          2,    4,          6.66,          3.30,       2.94,      29.41,     96.96,         11.56
         31,          2,    5,          7.44,          3.30,       3.19,      31.82,    104.89,         11.55
         31,          2,    6,          8.10,          3.30,       3.41,      34.07,    112.29,         11.65
         31,          2,    7,          8.65,          3.30,       3.62,      36.27,    119.56,         11.70
         31,          3,    1,          5.31,          3.30,       2.65,      26.48,     87.33,         22.12
         31,          3,    2,          6.97,          3.30,       3.06,      30.61,    100.90,         17.21
         31,          3,    3,          8.16,          3.30,       3.43,      34.30,    113.06,         15.95
         31,          3,    4,          9.01,          3.30,       3.74,      37.39,    123.22,         15.52
         31,          3,    5,          9.65,          3.30,       4.02,      40.16,    132.37,         15.28
         31,          3,    6,         10.18,          3.30,       4.29,      42.83,    141.17,         15.08
         31,          3,    7,         10.62,          3.30,       4.51,      45.10,    148.64,         15.06
         31,          4,    1,          7.46,          3.30,       3.26,      32.65,    107.62,         25.77
         31,          4,    2,          8.90,          3.30,       3.73,      37.31,    122.97,         20.98
         31,          4,    3,          9.84,          3.30,       4.12,      41.17,    135.71,         19.39
         31,          4,    4,         10.55,          3.30,       4.45,      44.49,    146.66,         18.69
         31,          4,    5,         11.10,          3.30,       4.74,      47.42,    156.28,         18.32
         31,          4,    6,         11.55,          3.30,       5.02,      50.14,    165.26,         18.03
         31,          4,    7,         11.93,          3.30,       5.27,      52.73,    173.77,         17.75
         31,          5,    1,          9.58,          3.30,       4.09,      40.92,    134.86,         27.86
         31,          5,    2,         10.91,          3.30,       4.69,      46.93,    154.68,         23.55
         31,          5,    3,         11.78,          3.30,       5.18,      51.74,    170.51,         22.11
         31,          5,    4,         12.38,          3.29,       5.56,      55.55,    183.04,         21.43
         31,          5,    5,         12.85,          3.29,       5.90,      58.99,    194.33,         20.95
         31,          5,    6,         13.23,          3.29,       6.20,      61.96,    204.07,         20.67
         31,          5,    7,         13.55,          3.29,       6.48,      64.84,    213.52,         20.38
         31,          6,    1,         11.23,          3.30,       4.96,      49.58,    163.39,         33.63
         31,          6,    2,         12.45,          3.29,       5.65,      56.51,    186.18,         28.21
         31,          6,    3,         13.17,          3.29,       6.15,      61.54,    202.65,         26.36
         31,          6,    4,         13.69,          3.29,       6.57,      65.66,    216.19,         25.32
         31,          6,    5,         14.07,          3.29,       6.92,      69.21,    227.85,         24.58
         31,          6,    6,         14.39,          3.29,       7.25,      72.45,    238.52,         23.99
         31,          6,    7,         14.68,          3.29,       7.56,      75.57,    248.79,         23.51
         31,          7,    1,         12.47,          3.29,       5.81,      58.09,    191.36,         37.01
         31,          7,    2,         13.66,          3.29,       6.64,      66.35,    218.47,         31.06
         31,          7,    3,         14.37,          3.29,       7.26,      72.52,    238.76,         28.77
         31,          7,    4,         14.86,          3.29,       7.72,      77.25,    254.28,         27.71
         31,          7,    5,         15.26,          3.29,       8.14,      81.37,    267.86,         27.00
         31,          7,    6,         15.55,          3.29,       8.49,      84.87,    279.37,         26.47
         31,          7,    7,         15.81,          3.29,       8.81,      88.15,    290.12,         26.04
         32,          1,    1,          0.56,          3.30,       1.79,      17.94,     59.20,          8.01
         32,          1,    2,          2.59,          3.30,       2.07,      20.65,     68.12,          7.86
         32,          1,    3,          4.11,          3.30,       2.33,      23.29,     76.82,          8.09
         32,          1,    4,          5.21,          3.30,       2.56,      25.61,     84.46,          8.41
         32,          1,    5,          6.08,          3.30,       2.79,      27.89,     91.98,          8.63
         32,          1,    6,          6.78,          3.30,       2.98,      29.84,     98.37,          8.93
         32,          1,    7,          7.38,          3.30,       3.17,      31.73,    104.60,          9.17
         32,          2,    1,          2.72,          3.30,       2.11,      21.11,     69.65,         15.55
         32,          2,    2,          4.51,          3.30,       2.42,      24.22,     79.86,         12.70
         32,          2,    3,          5.82,          3.30,       2.72,      27.15,     89.53,         11.96
         32,          2,    4,          6.81,          3.30,       2.98,      29.84,     98.35,         11.79
         32,          2,    5,          7.60,          3.30,       3.23,      32.31,    106.52,         11.78
         32,          2,    6,          8.27,          3.30,       3.45,      34.56,    113.91,         11.93
         32,          2,    7,          8.83,          3.30,       3.68,      36.81,    121.33,         12.00
         32,          3,    1,          5.53,          3.30,       2.70,      27.00,     89.01,         22.86
         32,          3,    2,          7.19,          3.30,       3.12,      31.21,    102.90,         17.74
         32,          3,    3,          8.39,          3.30,       3.50,      35.04,    115.51,         16.37
         32,          3,    4,          9.24,          3.30,       3.83,      38.34,    126.36,         15.85
         32,          3,    5,          9.91,          3.30,       4.11,      41.11,    135.51,         15.75
         32,          3,    6,         10.45,          3.30,       4.37,      43.72,    144.10,         15.67
         32,          3,    7,         10.90,          3.30,       4.62,      46.15,    152.11,         15.61
         32,          4,    1,          7.75,          3.30,       3.35,      33.51,    110.45,         26.68
         32,          4,    2,          9.18,          3.30,       3.84,      38.36,    126.44,         21.64
         32,          4,    3,         10.13,          3.30,       4.24,      42.34,    139.56,         20.03
         32,          4,    4,         10.85,          3.30,       4.57,      45.73,    150.73,         19.42
         32,          4,    5,         11.40,          3.30,       4.87,      48.75,    160.66,         19.02
         32,          4,    6,         11.85,          3.30,       5.16,      51.57,    169.95,         18.74
         32,          4,    7,         12.24,          3.30,       5.42,      54.20,    178.58,         18.53
         32,          5,    1,          9.90,          3.30,       4.22,      42.23,    139.18,         28.78
         32,          5,    2,         11.26,          3.30,       4.84,      48.45,    159.66,         24.56
         32,          5,    3,         12.13,          3.30,       5.35,      53.51,    176.34,         22.95
         32,          5,    4,         12.74,          3.29,       5.75,      57.45,    189.25,         22.36
         32,          5,    5,         13.22,          3.29,       6.10,      60.97,    200.80,         21.98
         32,          5,    6,         13.60,          3.29,       6.42,      64.14,    211.20,         21.63
         32,          5,    7,         13.93,          3.29,       6.72,      67.17,    221.16,         21.32
         32,          6,    1,         11.60,          3.30,       5.14,      51.41,    169.44,         34.48
         32,          6,    2,         12.83,          3.29,       5.87,      58.75,    193.53,         29.08
         32,          6,    3,         13.57,          3.29,       6.40,      64.00,    210.75,         27.30
         32,          6,    4,         14.09,          3.29,       6.83,      68.27,    224.77,         26.33
         32,          6,    5,         14.48,          3.29,       7.20,      72.01,    237.06,         25.64
         32,          6,    6,         14.81,          3.29,       7.53,      75.33,    247.99,         25.14
         32,          6,    7,         15.10,          3.29,       7.86,      78.59,    258.71,         24.69
         32,          7,    1,         12.86,          3.29,       6.05,      60.40,    198.97,         38.11
         32,          7,    2,         14.08,          3.29,       6.92,      69.21,    227.89,         32.15
         32,          7,    3,         14.80,          3.29,       7.57,      75.66,    249.08,         29.98
         32,          7,    4,         15.31,          3.29,       8.06,      80.63,    265.44,         28.96
         32,          7,    5,         15.70,          3.29,       8.49,      84.93,    279.59,         28.31
         32,          7,    6,         16.01,          3.29,       8.86,      88.62,    291.66,         27.81
         32,          7,    7,         16.27,          3.29,       9.20,      92.04,    302.90,         27.42
         33,          1,    1,          0.65,          3.30,       1.81,      18.09,     59.68,          8.33
         33,          1,    2,          2.69,          3.30,       2.08,      20.83,     68.71,          8.09
         33,          1,    3,          4.21,          3.30,       2.35,      23.50,     77.50,          8.31
         33,          1,    4,          5.33,          3.30,       2.58,      25.86,     85.28,          8.63
         33,          1,    5,          6.20,          3.30,       2.81,      28.06,     92.53,          8.92
         33,          1,    6,          6.92,          3.30,       3.01,      30.09,     99.22,          9.20
         33,          1,    7,          7.51,          3.30,       3.21,      32.07,    105.71,          9.41
         33,          2,    1,          2.89,          3.30,       2.14,      21.40,     70.61,         15.86
         33,          2,    2,          4.66,          3.30,       2.46,      24.57,     81.03,         12.88
         33,          2,    3,          5.96,          3.30,       2.75,      27.51,     90.70,         12.20
         33,          2,    4,          6.96,          3.30,       3.02,      30.18,     99.50,         12.06
         33,          2,    5,          7.76,          3.30,       3.28,      32.82,    108.20,         11.98
         33,          2,    6,          8.44,          3.30,       3.50,      35.04,    115.48,         12.21
         33,          2,    7,          9.01,          3.30,       3.73,      37.32,    123.01,         12.30
         33,          3,    1,          5.74,          3.30,       2.75,      27.49,     90.65,         23.31
         33,          3,    2,          7.40,          3.30,       3.19,      31.84,    104.98,         18.06
         33,          3,    3,          8.61,          3.30,       3.57,      35.75,    117.81,         16.79
         33,          3,    4,          9.46,          3.30,       3.90,      38.99,    128.53,         16.37
         33,          3,    5,         10.14,          3.30,       4.20,      41.96,    138.30,         16.20
         33,          3,    6,         10.69,          3.30,       4.46,      44.62,    147.06,         16.16
         33,          3,    7,         11.15,          3.30,       4.72,      47.15,    155.41,         16.11
         33,          4,    1,          8.02,          3.30,       3.43,      34.28,    112.99,         27.44
         33,          4,    2,          9.45,          3.30,       3.93,      39.31,    129.57,         22.21
         33,          4,    3,         10.41,          3.30,       4.34,      43.39,    143.01,         20.69
         33,          4,    4,         11.12,          3.30,       4.69,      46.88,    154.53,         20.04
         33,          4,    5,         11.68,          3.30,       5.00,      50.00,    164.78,         19.66
         33,          4,    6,         12.15,          3.30,       5.29,      52.91,    174.34,         19.41
         33,          4,    7,         12.54,          3.29,       5.57,      55.70,    183.54,         19.15
         33,          5,    1,         10.22,          3.30,       4.34,      43.45,    143.19,         29.73
         33,          5,    2,         11.58,          3.30,       4.99,      49.94,    164.59,         25.34
         33,          5,    3,         12.46,          3.29,       5.53,      55.27,    182.10,         23.71
         33,          5,    4,         13.08,          3.29,       5.93,      59.35,    195.51,         23.17
         33,          5,    5,         13.56,          3.29,       6.30,      62.99,    207.44,         22.79
         33,          5,    6,         13.95,          3.29,       6.63,      66.29,    218.28,         22.50
         33,          5,    7,         14.29,          3.29,       6.94,      69.37,    228.37,         22.27
         33,          6,    1,         11.95,          3.30,       5.32,      53.20,    175.31,         35.26
         33,          6,    2,         13.20,          3.29,       6.09,      60.85,    200.45,         30.06
         33,          6,    3,         13.94,          3.29,       6.64,      66.39,    218.59,         28.27
         33,          6,    4,         14.47,          3.29,       7.08,      70.79,    233.06,         27.39
         33,          6,    5,         14.87,          3.29,       7.46,      74.61,    245.60,         26.77
         33,          6,    6,         15.21,          3.29,       7.82,      78.16,    257.31,         26.24
         33,          6,    7,         15.50,          3.29,       8.16,      81.56,    268.47,         25.81
         33,          7,    1,         13.25,          3.29,       6.27,      62.67,    206.39,         39.13
         33,          7,    2,         14.48,          3.29,       7.20,      72.03,    237.12,         33.16
         33,          7,    3,         15.22,          3.29,       7.88,      78.82,    259.47,         31.05
         33,          7,    4,         15.73,          3.29,       8.40,      83.94,    276.29,         30.20
         33,          7,    5,         16.13,          3.29,       8.85,      88.45,    291.11,         29.58
         33,          7,    6,         16.44,          3.29,       9.24,      92.41,    304.10,         29.04
         33,          7,    7,         16.71,          3.29,       9.59,      95.86,    315.36,         28.76
         34,          1,    1,          0.75,          3.30,       1.82,      18.20,     60.07,          8.33
         34,          1,    2,          2.77,          3.30,       2.10,      20.97,     69.19,          8.09
         34,          1,    3,          4.31,          3.30,       2.38,      23.80,     78.50,          8.25
         34,          1,    4,          5.43,          3.30,       2.61,      26.08,     86.01,          8.69
         34,          1,    5,          6.31,          3.30,       2.83,      28.32,     93.37,          8.99
         34,          1,    6,          7.05,          3.30,       3.04,      30.40,    100.23,          9.32
         34,          1,    7,          7.66,          3.30,       3.24,      32.40,    106.81,          9.57
         34,          2,    1,          3.03,          3.30,       2.16,      21.62,     71.33,         16.24
         34,          2,    2,          4.81,          3.30,       2.49,      24.89,     82.07,         13.11
         34,          2,    3,          6.11,          3.30,       2.78,      27.83,     91.76,         12.46
         34,          2,    4,          7.10,          3.30,       3.05,      30.52,    100.61,         12.32
         34,          2,    5,          7.91,          3.30,       3.31,      33.10,    109.12,         12.31
         34,          2,    6,          8.59,          3.30,       3.55,      35.46,    116.87,         12.49
         34,          2,    7,          9.17,          3.30,       3.78,      37.80,    124.57,         12.59
         34,          3,    1,          5.96,          3.30,       2.80,      28.02,     92.37,         23.69
         34,          3,    2,          7.61,          3.30,       3.24,      32.43,    106.89,         18.49
         34,          3,    3,          8.82,          3.30,       3.65,      36.49,    120.27,         17.12
         34,          3,    4,          9.69,          3.30,       3.98,      39.80,    131.19,         16.77
         34,          3,    5,         10.37,          3.30,       4.28,      42.82,    141.13,         16.63
         34,          3,    6,         10.93,          3.30,       4.56,      45.61,    150.31,         16.59
         34,          3,    7,         11.40,          3.30,       4.81,      48.13,    158.63,         16.64
         34,          4,    1,          8.28,          3.30,       3.51,      35.14,    115.84,         27.91
         34,          4,    2,          9.73,          3.30,       4.03,      40.35,    132.99,         22.75
         34,          4,    3,         10.68,          3.30,       4.45,      44.53,    146.77,         21.24
         34,          4,    4,         11.40,          3.30,       4.81,      48.08,    158.47,         20.68
         34,          4,    5,         11.96,          3.30,       5.13,      51.29,    169.02,         20.32
         34,          4,    6,         12.43,          3.30,       5.43,      54.27,    178.84,         20.09
         34,          4,    7,         12.83,          3.29,       5.71,      57.11,    188.18,         19.90
         34,          5,    1,         10.53,          3.30,       4.48,      44.76,    147.52,         30.41
         34,          5,    2,         11.91,          3.30,       5.16,      51.58,    169.97,         26.02
         34,          5,    3,         12.80,          3.29,       5.70,      57.06,    187.98,         24.54
         34,          5,    4,         13.41,          3.29,       6.13,      61.25,    201.71,         24.03
         34,          5,    5,         13.91,          3.29,       6.52,      65.14,    214.50,         23.62
         34,          5,    6,         14.30,          3.29,       6.85,      68.52,    225.59,         23.33
         34,          5,    7,         14.64,          3.29,       7.18,      71.74,    236.17,         23.13
         34,          6,    1,         12.31,          3.30,       5.51,      55.07,    181.47,         36.11
         34,          6,    2,         13.57,          3.29,       6.32,      63.22,    208.17,         30.84
         34,          6,    3,         14.32,          3.29,       6.90,      68.92,    226.89,         29.22
         34,          6,    4,         14.85,          3.29,       7.35,      73.49,    241.92,         28.37
         34,          6,    5,         15.26,          3.29,       7.75,      77.54,    255.25,         27.76
         34,          6,    6,         15.60,          3.29,       8.12,      81.18,    267.25,         27.29
         34,          6,    7,         15.90,          3.29,       8.47,      84.66,    278.67,         26.93
         34,          7,    1,         13.61,          3.29,       6.50,      64.97,    213.95,         39.76
         34,          7,    2,         14.88,          3.29,       7.48,      74.84,    246.38,         34.10
         34,          7,    3,         15.63,          3.29,       8.21,      82.05,    270.10,         32.09
         34,          7,    4,         16.14,          3.29,       8.74,      87.38,    287.63,         31.30
         34,          7,    5,         16.55,          3.29,       9.22,      92.16,    303.26,         30.69
         34,          7,    6,         16.86,          3.29,       9.61,      96.14,    316.25,         30.31
         34,          7,    7,         17.13,          3.29,       9.99,      99.84,    328.36,         30.01
         35,          1,    1,          0.85,          3.30,       1.84,      18.38,     60.64,          8.57
         35,          1,    2,          2.88,          3.30,       2.12,      21.16,     69.82,          8.30
         35,          1,    3,          4.41,          3.30,       2.39,      23.86,     78.70,          8.56
         35,          1,    4,          5.53,          3.30,       2.64,      26.33,     86.84,          8.85
         35,          1,    5,          6.43,          3.30,       2.86,      28.64,     94.41,          9.16
         35,          1,    6,          7.18,          3.30,       3.07,      30.72,    101.27,          9.53
         35,          1,    7,          7.81,          3.30,       3.28,      32.79,    108.08,          9.80
         35,          2,    1,          3.20,          3.30,       2.19,      21.96,     72.44,         16.66
         35,          2,    2,          4.97,          3.30,       2.52,      25.21,     83.14,         13.51
         35,          2,    3,          6.27,          3.30,       2.82,      28.25,     93.13,         12.74
         35,          2,    4,          7.26,          3.30,       3.09,      30.93,    101.98,         12.65
         35,          2,    5,          8.07,          3.30,       3.35,      33.54,    110.58,         12.65
         35,          2,    6,          8.76,          3.30,       3.60,      35.98,    118.58,         12.80
         35,          2,    7,          9.34,          3.30,       3.84,      38.36,    126.43,         12.91
         35,          3,    1,          6.18,          3.30,       2.86,      28.56,     94.16,         24.29
         35,          3,    2,          7.84,          3.30,       3.31,      33.10,    109.13,         18.99
         35,          3,    3,          9.08,          3.30,       3.73,      37.28,    122.87,         17.65
         35,          3,    4,          9.93,          3.30,       4.07,      40.68,    134.07,         17.26
         35,          3,    5,         10.62,          3.30,       4.38,      43.81,    144.40,         17.12
         35,          3,    6,         11.18,          3.30,       4.67,      46.66,    153.79,         17.12
         35,          3,    7,         11.66,          3.30,       4.93,      49.33,    162.57,         17.13
         35,          4,    1,          8.59,          3.30,       3.62,      36.16,    119.19,         28.49
         35,          4,    2,         10.03,          3.30,       4.16,      41.55,    136.95,         23.36
         35,          4,    3,         10.99,          3.30,       4.59,      45.91,    151.32,         21.87
         35,          4,    4,         11.71,          3.30,       4.96,      49.54,    163.27,         21.37
         35,          4,    5,         12.28,          3.30,       5.29,      52.88,    174.29,         21.00
         35,          4,    6,         12.75,          3.29,       5.60,      55.95,    184.33,         20.83
         35,          4,    7,         13.16,          3.29,       5.89,      58.86,    193.91,         20.67
         35,          5,    1,         10.87,          3.30,       4.63,      46.32,    152.64,         31.01
         35,          5,    2,         12.27,          3.30,       5.35,      53.49,    176.27,         26.72
         35,          5,    3,         13.17,          3.29,       5.92,      59.22,    195.09,         25.32
         35,          5,    4,         13.79,          3.29,       6.37,      63.67,    209.65,         24.84
         35,          5,    5,         14.29,          3.29,       6.77,      67.67,    222.81,         24.49
         35,          5,    6,         14.68,          3.29,       7.12,      71.16,    234.26,         24.28
         35,          5,    7,         15.03,          3.29,       7.44,      74.41,    244.96,         24.16
         35,          6,    1,         12.69,          3.29,       5.72,      57.20,    188.48,         36.98
         35,          6,    2,         13.97,          3.29,       6.58,      65.84,    216.81,         31.76
         35,          6,    3,         14.73,          3.29,       7.20,      71.97,    236.94,         30.14
         35,          6,    4,         15.26,          3.29,       7.67,      76.67,    252.41,         29.41
         35,          6,    5,         15.68,          3.29,       8.09,      80.89,    266.29,         28.87
         35,          6,    6,         16.02,          3.29,       8.47,      84.67,    278.73,         28.48
         35,          6,    7,         16.33,          3.29,       8.82,      88.21,    290.35,         28.21
         35,          7,    1,         14.02,          3.29,       6.77,      67.72,    222.98,         40.38
         35,          7,    2,         15.31,          3.29,       7.82,      78.22,    257.51,         34.99
         35,          7,    3,         16.07,          3.29,       8.59,      85.92,    282.82,         33.09
         35,          7,    4,         16.59,          3.29,       9.15,      91.46,    300.94,         32.47
         35,          7,    5,         17.00,          3.29,       9.64,      96.44,    317.27,         31.97
         35,          7,    6,         17.31,          3.29,      10.06,     100.54,    330.68,         31.65
         35,          7,    7,         17.59,          3.29,      10.45,     104.47,    343.52,         31.37
         36,          1,    1,          0.94,          3.30,       1.85,      18.52,     61.11,          8.88
         36,          1,    2,          2.95,          3.30,       2.13,      21.32,     70.34,          8.50
         36,          1,    3,          4.49,          3.30,       2.41,      24.09,     79.44,          8.71
         36,          1,    4,          5.61,          3.30,       2.65,      26.56,     87.57,          9.01
         36,          1,    5,          6.54,          3.30,       2.89,      28.83,     95.06,          9.40
         36,          1,    6,          7.30,          3.30,       3.10,      30.99,    102.14,          9.75
         36,          1,    7,          7.92,          3.30,       3.31,      33.12,    109.19,          9.99
         36,          2,    1,          3.36,          3.30,       2.22,      22.22,     73.28,         17.12
         36,          2,    2,          5.11,          3.30,       2.55,      25.53,     84.21,         13.77
         36,          2,    3,          6.41,          3.30,       2.86,      28.58,     94.23,         13.01
         36,          2,    4,          7.40,          3.30,       3.13,      31.32,    103.23,         12.91
         36,          2,    5,          8.21,          3.30,       3.40,      33.95,    111.90,         12.91
         36,          2,    6,          8.90,          3.30,       3.65,      36.44,    120.11,         13.06
         36,          2,    7,          9.50,          3.30,       3.89,      38.87,    128.11,         13.21
         36,          3,    1,          6.41,          3.30,       2.91,      29.13,     96.05,         24.30
         36,          3,    2,          8.07,          3.30,       3.38,      33.73,    111.19,         19.34
         36,          3,    3,          9.31,          3.30,       3.81,      38.13,    125.71,         17.89
         36,          3,    4,         10.17,          3.30,       4.16,      41.65,    137.26,         17.56
         36,          3,    5,         10.86,          3.30,       4.49,      44.88,    147.92,         17.47
         36,          3,    6,         11.44,          3.30,       4.77,      47.74,    157.34,         17.56
         36,          3,    7,         11.92,          3.30,       5.05,      50.51,    166.46,         17.61
         36,          4,    1,          8.89,          3.30,       3.73,      37.27,    122.85,         28.62
         36,          4,    2,         10.32,          3.30,       4.28,      42.82,    141.13,         23.77
         36,          4,    3,         11.29,          3.30,       4.73,      47.27,    155.78,         22.45
         36,          4,    4,         12.02,          3.30,       5.11,      51.07,    168.29,         21.95
         36,          4,    5,         12.59,          3.30,       5.45,      54.51,    179.60,         21.64
         36,          4,    6,         13.06,          3.29,       5.76,      57.64,    189.89,         21.51
         36,          4,    7,         13.47,          3.29,       6.06,      60.60,    199.59,         21.43
         36,          5,    1,         11.21,          3.30,       4.79,      47.86,    157.75,         31.68
         36,          5,    2,         12.60,          3.29,       5.55,      55.49,    182.84,         27.26
         36,          5,    3,         13.52,          3.29,       6.14,      61.43,    202.27,         26.06
         36,          5,    4,         14.14,          3.29,       6.61,      66.14,    217.75,         25.50
         36,          5,    5,         14.65,          3.29,       7.04,      70.32,    231.50,         25.25
         36,          5,    6,         15.04,          3.29,       7.39,      73.92,    243.33,         25.09
         36,          5,    7,         15.40,          3.29,       7.74,      77.36,    254.67,         25.01
         36,          6,    1,         13.05,          3.29,       5.94,      59.42,    195.77,         37.43
         36,          6,    2,         14.35,          3.29,       6.86,      68.58,    225.80,         32.43
         36,          6,    3,         15.12,          3.29,       7.50,      74.97,    246.80,         30.96
         36,          6,    4,         15.65,          3.29,       8.01,      80.07,    263.59,         30.19
         36,          6,    5,         16.08,          3.29,       8.45,      84.42,    277.88,         29.76
         36,          6,    6,         16.42,          3.29,       8.83,      88.30,    290.63,         29.46
         36,          6,    7,         16.74,          3.29,       9.20,      92.03,    302.83,         29.29
         36,          7,    1,         14.40,          3.29,       7.04,      70.41,    231.81,         40.81
         36,          7,    2,         15.72,          3.29,       8.17,      81.64,    268.75,         35.68
         36,          7,    3,         16.49,          3.29,       8.97,      89.73,    295.31,         34.01
         36,          7,    4,         17.01,          3.29,       9.57,      95.64,    314.62,         33.43
         36,          7,    5,         17.43,          3.29,      10.08,     100.80,    331.54,         33.06
         36,          7,    6,         17.74,          3.29,      10.51,     105.06,    345.47,         32.80
         36,          7,    7,         18.02,          3.29,      10.92,     109.17,    358.97,         32.56
         37,          1,    1,          6.08,          3.30,       2.70,      27.04,     89.18,         50.69
         37,          1,    2,          6.82,          3.30,       2.90,      28.97,     95.50,         33.57
         37,          1,    3,          7.32,          3.30,       3.06,      30.62,    100.94,         27.33
         37,          1,    4,          7.58,          3.30,       3.15,      31.45,    103.68,         25.48
         37,          1,    5,          7.80,          3.30,       3.23,      32.27,    106.37,         23.91
         37,          1,    6,          7.94,          3.30,       3.29,      32.86,    108.33,         22.90
         37,          1,    7,          8.06,          3.30,       3.35,      33.42,    110.17,         22.05
         37,          2,    1,          7.79,          3.30,       3.19,      31.89,    105.12,         33.82
         37,          2,    2,          8.51,          3.30,       3.43,      34.29,    113.02,         27.65
         37,          2,    3,          8.94,          3.30,       3.59,      35.89,    118.31,         25.28
         37,          2,    4,          9.18,          3.30,       3.69,      36.95,    121.77,         24.04
         37,          2,    5,          9.38,          3.30,       3.79,      37.88,    124.87,         23.10
         37,          2,    6,          9.52,          3.30,       3.86,      38.65,    127.40,         22.35
         37,          2,    7,          9.66,          3.30,       3.94,      39.43,    129.95,         21.73
         37,          3,    1,          9.72,          3.30,       3.92,      39.21,    129.26,         30.12
         37,          3,    2,         10.64,          3.30,       4.33,      43.26,    142.57,         26.10
         37,          3,    3,         11.24,          3.30,       4.62,      46.22,    152.34,         24.58
         37,          3,    4,         11.58,          3.30,       4.80,      48.01,    158.23,         23.93
         37,          3,    5,         11.86,          3.30,       4.97,      49.69,    163.76,         23.38
         37,          3,    6,         12.04,          3.30,       5.08,      50.84,    167.57,         23.04
         37,          3,    7,         12.20,          3.30,       5.19,      51.93,    171.11,         22.74
         37,          4,    1,         11.42,          3.30,       4.78,      47.79,    157.50,         32.83
         37,          4,    2,         12.39,          3.30,       5.31,      53.08,    174.89,         29.03
         37,          4,    3,         12.94,          3.29,       5.65,      56.44,    185.94,         27.85
         37,          4,    4,         13.24,          3.29,       5.86,      58.63,    193.13,         27.08
         37,          4,    5,         13.48,          3.29,       6.03,      60.27,    198.54,         26.75
         37,          4,    6,         13.64,          3.29,       6.15,      61.54,    202.67,         26.47
         37,          4,    7,         13.80,          3.29,       6.28,      62.75,    206.63,         26.22
         37,          5,    1,         12.99,          3.29,       5.81,      58.05,    191.23,         36.63
         37,          5,    2,         14.09,          3.29,       6.57,      65.75,    216.53,         32.16
         37,          5,    3,         14.73,          3.29,       7.08,      70.84,    233.23,         30.81
         37,          5,    4,         15.09,          3.29,       7.41,      74.11,    243.97,         30.12
         37,          5,    5,         15.39,          3.29,       7.70,      76.97,    253.40,         29.66
         37,          5,    6,         15.59,          3.29,       7.90,      78.99,    260.06,         29.38
         37,          5,    7,         15.77,          3.29,       8.09,      80.87,    266.21,         29.18
         37,          6,    1,         14.30,          3.29,       6.92,      69.16,    227.68,         38.41
         37,          6,    2,         15.50,          3.29,       7.91,      79.11,    260.42,         34.53
         37,          6,    3,         16.14,          3.29,       8.53,      85.26,    280.66,         33.45
         37,          6,    4,         16.51,          3.29,       8.92,      89.17,    293.45,         32.99
         37,          6,    5,         16.78,          3.29,       9.22,      92.22,    303.44,         32.70
         37,          6,    6,         16.97,          3.29,       9.45,      94.45,    310.73,         32.50
         37,          6,    7,         17.13,          3.29,       9.64,      96.42,    317.17,         32.38
         37,          7,    1,         15.33,          3.29,       7.96,      79.62,    262.10,         39.19
         37,          7,    2,         16.63,          3.29,       9.20,      92.04,    302.89,         36.03
         37,          7,    3,         17.36,          3.29,       9.99,      99.91,    328.58,         35.44
         37,          7,    4,         17.75,          3.29,      10.48,     104.82,    344.65,         35.12
         37,          7,    5,         18.07,          3.29,      10.89,     108.90,    358.06,         35.05
         37,          7,    6,         18.27,          3.29,      11.17,     111.71,    367.31,         34.94
         37,          7,    7,         18.47,          3.29,      11.44,     114.38,    376.10,         34.94
         38,          1,    1,          6.15,          3.30,       2.73,      27.29,     90.00,         49.86
         38,          1,    2,          6.89,          3.30,       2.92,      29.19,     96.22,         33.72
         38,          1,    3,          7.41,          3.30,       3.08,      30.78,    101.47,         27.91
         38,          1,    4,          7.68,          3.30,       3.19,      31.87,    105.08,         25.10
         38,          1,    5,          7.90,          3.30,       3.26,      32.63,    107.56,         23.89
         38,          1,    6,          8.04,          3.30,       3.34,      33.37,    109.99,         22.55
         38,          1,    7,          8.16,          3.30,       3.38,      33.80,    111.40,         22.08
         38,          2,    1,          7.91,          3.30,       3.23,      32.30,    106.47,         33.17
         38,          2,    2,          8.65,          3.30,       3.48,      34.76,    114.57,         27.40
         38,          2,    3,          9.09,          3.30,       3.65,      36.44,    120.13,         25.10
         38,          2,    4,          9.34,          3.30,       3.76,      37.62,    124.01,         23.73
         38,          2,    5,          9.54,          3.30,       3.85,      38.53,    126.99,         22.98
         38,          2,    6,          9.68,          3.30,       3.94,      39.37,    129.78,         22.17
         38,          2,    7,          9.84,          3.30,       4.01,      40.13,    132.26,         21.68
         38,          3,    1,          9.90,          3.30,       4.00,      40.01,    131.89,         30.02
         38,          3,    2,         10.84,          3.30,       4.43,      44.34,    146.15,         25.88
         38,          3,    3,         11.46,          3.30,       4.75,      47.51,    156.58,         24.43
         38,          3,    4,         11.80,          3.30,       4.95,      49.48,    163.08,         23.74
         38,          3,    5,         12.10,          3.30,       5.11,      51.14,    168.54,         23.42
         38,          3,    6,         12.28,          3.30,       5.24,      52.38,    172.60,         23.06
         38,          3,    7,         12.45,          3.30,       5.37,      53.64,    176.77,         22.71
         38,          4,    1,         11.66,          3.30,       4.90,      48.99,    161.47,         32.92
         38,          4,    2,         12.65,          3.29,       5.49,      54.90,    180.89,         28.77
         38,          4,    3,         13.20,          3.29,       5.84,      58.43,    192.51,         27.67
         38,          4,    4,         13.51,          3.29,       6.08,      60.82,    200.31,         26.93
         38,          4,    5,         13.75,          3.29,       6.26,      62.57,    206.06,         26.61
         38,          4,    6,         13.93,          3.29,       6.40,      63.99,    210.73,         26.36
         38,          4,    7,         14.08,          3.29,       6.53,      65.29,    215.00,         26.12
         38,          5,    1,         13.27,          3.29,       5.99,      59.91,    197.35,         36.45
         38,          5,    2,         14.40,          3.29,       6.84,      68.35,    225.05,         32.01
         38,          5,    3,         15.03,          3.29,       7.38,      73.83,    243.05,         30.65
         38,          5,    4,         15.41,          3.29,       7.75,      77.48,    255.08,         29.95
         38,          5,    5,         15.71,          3.29,       8.06,      80.59,    265.31,         29.49
         38,          5,    6,         15.91,          3.29,       8.27,      82.74,    272.38,         29.28
         38,          5,    7,         16.09,          3.29,       8.49,      84.85,    279.29,         29.02
         38,          6,    1,         14.62,          3.29,       7.16,      71.62,    235.79,         38.36
         38,          6,    2,         15.85,          3.29,       8.24,      82.41,    271.29,         34.61
         38,          6,    3,         16.50,          3.29,       8.91,      89.09,    293.22,         33.55
         38,          6,    4,         16.87,          3.29,       9.34,      93.37,    307.25,         33.05
         38,          6,    5,         17.13,          3.29,       9.68,      96.79,    318.42,         32.67
         38,          6,    6,         17.32,          3.29,       9.93,      99.27,    326.54,         32.46
         38,          6,    7,         17.48,          3.29,      10.13,     101.26,    333.00,         32.41
         38,          7,    1,         15.67,          3.29,       8.24,      82.43,    271.36,         39.41
         38,          7,    2,         17.01,          3.29,       9.59,      95.92,    315.53,         36.48
         38,          7,    3,         17.76,          3.29,      10.43,     104.38,    343.24,         36.02
         38,          7,    4,         18.15,          3.29,      10.97,     109.74,    360.81,         35.63
         38,          7,    5,         18.47,          3.29,      11.41,     114.06,    375.01,         35.63
         38,          7,    6,         18.67,          3.29,      11.71,     117.13,    385.13,         35.52
         38,          7,    7,         18.87,          3.29,      12.02,     120.13,    394.98,         35.44
         39,          1,    1,          6.20,          3.30,       2.74,      27.41,     90.38,         48.45
         39,          1,    2,          6.96,          3.30,       2.94,      29.41,     96.96,         32.68
         39,          1,    3,          7.49,          3.30,       3.11,      31.13,    102.63,         26.87
         39,          1,    4,          7.77,          3.30,       3.20,      32.06,    105.70,         25.01
         39,          1,    5,          8.01,          3.30,       3.30,      33.05,    108.95,         23.27
         39,          1,    6,          8.16,          3.30,       3.37,      33.65,    110.93,         22.46
         39,          1,    7,          8.28,          3.30,       3.41,      34.12,    112.48,         21.91
         39,          2,    1,          8.04,          3.30,       3.27,      32.69,    107.77,         32.68
         39,          2,    2,          8.79,          3.30,       3.54,      35.38,    116.61,         26.71
         39,          2,    3,          9.25,          3.30,       3.71,      37.12,    122.35,         24.69
         39,          2,    4,          9.50,          3.30,       3.83,      38.26,    126.12,         23.55
         39,          2,    5,          9.71,          3.30,       3.93,      39.27,    129.44,         22.73
         39,          2,    6,          9.87,          3.30,       4.01,      40.11,    132.21,         22.09
         39,          2,    7,         10.02,          3.30,       4.08,      40.79,    134.44,         21.76
         39,          3,    1,         10.08,          3.30,       4.08,      40.84,    134.60,         29.52
         39,          3,    2,         11.03,          3.30,       4.54,      45.40,    149.64,         25.60
         39,          3,    3,         11.68,          3.30,       4.89,      48.89,    161.14,         24.10
         39,          3,    4,         12.02,          3.30,       5.09,      50.90,    167.76,         23.54
         39,          3,    5,         12.33,          3.30,       5.29,      52.85,    174.15,         23.09
         39,          3,    6,         12.52,          3.30,       5.42,      54.16,    178.47,         22.80
         39,          3,    7,         12.70,          3.30,       5.54,      55.40,    182.54,         22.58
         39,          4,    1,         11.90,          3.30,       5.05,      50.46,    166.29,         32.72
         39,          4,    2,         12.92,          3.29,       5.69,      56.86,    187.36,         28.60
         39,          4,    3,         13.47,          3.29,       6.07,      60.66,    199.80,         27.48
         39,          4,    4,         13.79,          3.29,       6.32,      63.21,    208.16,         26.83
         39,          4,    5,         14.03,          3.29,       6.53,      65.27,    214.94,         26.36
         39,          4,    6,         14.21,          3.29,       6.69,      66.95,    220.45,         25.95
         39,          4,    7,         14.36,          3.29,       6.82,      68.18,    224.48,         25.88
         39,          5,    1,         13.57,          3.29,       6.21,      62.07,    204.44,         36.05
         39,          5,    2,         14.73,          3.29,       7.13,      71.21,    234.44,         31.86
         39,          5,    3,         15.36,          3.29,       7.73,      77.29,    254.45,         30.38
         39,          5,    4,         15.75,          3.29,       8.14,      81.40,    267.94,         29.64
         39,          5,    5,         16.05,          3.29,       8.48,      84.82,    279.21,         29.18
         39,          5,    6,         16.25,          3.29,       8.72,      87.21,    287.04,         28.92
         39,          5,    7,         16.43,          3.29,       8.94,      89.45,    294.38,         28.73
         39,          6,    1,         14.96,          3.29,       7.43,      74.27,    244.50,         38.27
         39,          6,    2,         16.21,          3.29,       8.63,      86.24,    283.85,         34.51
         39,          6,    3,         16.86,          3.29,       9.35,      93.55,    307.77,         33.42
         39,          6,    4,         17.23,          3.29,       9.83,      98.31,    323.35,         32.88
         39,          6,    5,         17.49,          3.29,      10.19,     101.94,    335.26,         32.52
         39,          6,    6,         17.68,          3.29,      10.47,     104.68,    344.21,         32.30
         39,          6,    7,         17.84,          3.29,      10.71,     107.01,    351.88,         32.14
         39,          7,    1,         16.03,          3.29,       8.54,      85.39,    281.08,         39.62
         39,          7,    2,         17.40,          3.29,      10.02,     100.18,    329.47,         36.77
         39,          7,    3,         18.14,          3.29,      10.95,     109.43,    359.84,         36.19
         39,          7,    4,         18.54,          3.29,      11.53,     115.30,    379.11,         35.90
         39,          7,    5,         18.86,          3.29,      12.01,     120.09,    394.84,         35.77
         39,          7,    6,         19.06,          3.29,      12.35,     123.47,    405.91,         35.66
         39,          7,    7,         19.26,          3.29,      12.66,     126.62,    416.28,         35.64
         40,          1,    1,          6.25,          3.30,       2.75,      27.46,     90.54,         48.39
         40,          1,    2,          7.03,          3.30,       2.97,      29.68,     97.85,         31.45
         40,          1,    3,          7.59,          3.30,       3.14,      31.41,    103.53,         26.43
         40,          1,    4,          7.87,          3.30,       3.25,      32.46,    107.00,         24.33
         40,          1,    5,          8.12,          3.30,       3.33,      33.29,    109.73,         23.22
         40,          1,    6,          8.27,          3.30,       3.40,      34.03,    112.16,         22.11
         40,          1,    7,          8.40,          3.30,       3.46,      34.61,    114.06,         21.45
         40,          2,    1,          8.15,          3.30,       3.33,      33.24,    109.58,         30.97
         40,          2,    2,          8.93,          3.30,       3.59,      35.87,    118.24,         26.26
         40,          2,    3,          9.39,          3.30,       3.77,      37.68,    124.20,         24.34
         40,          2,    4,          9.66,          3.30,       3.91,      39.03,    128.65,         23.03
         40,          2,    5,          9.89,          3.30,       4.00,      40.02,    131.88,         22.44
         40,          2,    6,         10.05,          3.30,       4.09,      40.91,    134.83,         21.84
         40,          2,    7,         10.21,          3.30,       4.18,      41.84,    137.89,         21.24
         40,          3,    1,         10.27,          3.30,       4.19,      41.93,    138.19,         28.38
         40,          3,    2,         11.26,          3.30,       4.69,      46.94,    154.71,         24.71
         40,          3,    3,         11.90,          3.30,       5.07,      50.66,    166.95,         23.39
         40,          3,    4,         12.26,          3.30,       5.30,      52.97,    174.56,         22.77
         40,          3,    5,         12.57,          3.29,       5.52,      55.13,    181.63,         22.30
         40,          3,    6,         12.76,          3.29,       5.65,      56.50,    186.14,         22.10
         40,          3,    7,         12.94,          3.29,       5.79,      57.86,    190.59,         21.90
         40,          4,    1,         12.18,          3.30,       5.25,      52.44,    172.83,         31.57
         40,          4,    2,         13.22,          3.29,       5.95,      59.45,    195.85,         27.87
         40,          4,    3,         13.78,          3.29,       6.38,      63.76,    209.98,         26.71
         40,          4,    4,         14.11,          3.29,       6.66,      66.64,    219.43,         26.05
         40,          4,    5,         14.35,          3.29,       6.88,      68.75,    226.36,         25.75
         40,          4,    6,         14.53,          3.29,       7.05,      70.47,    231.99,         25.47
         40,          4,    7,         14.69,          3.29,       7.22,      72.18,    237.62,         25.13
         40,          5,    1,         13.91,          3.29,       6.49,      64.84,    213.50,         35.38
         40,          5,    2,         15.10,          3.29,       7.52,      75.18,    247.50,         31.23
         40,          5,    3,         15.75,          3.29,       8.19,      81.87,    269.50,         29.95
         40,          5,    4,         16.14,          3.29,       8.63,      86.34,    284.19,         29.32
         40,          5,    5,         16.44,          3.29,       9.02,      90.22,    296.92,         28.80
         40,          5,    6,         16.65,          3.29,       9.28,      92.81,    305.39,         28.61
         40,          5,    7,         16.82,          3.29,       9.53,      95.29,    313.47,         28.38
         40,          6,    1,         15.32,          3.29,       7.77,      77.69,    255.76,         37.36
         40,          6,    2,         16.63,          3.29,       9.12,      91.18,    300.05,         33.97
         40,          6,    3,         17.27,          3.29,       9.94,      99.34,    326.71,         32.89
         40,          6,    4,         17.66,          3.29,      10.47,     104.72,    344.35,         32.45
         40,          6,    5,         17.92,          3.29,      10.90,     108.93,    358.16,         31.98
         40,          6,    6,         18.11,          3.29,      11.19,     111.90,    367.92,         31.83
         40,          6,    7,         18.26,          3.29,      11.46,     114.57,    376.68,         31.61
         40,          7,    1,         16.40,          3.29,       8.89,      88.86,    292.49,         39.48
         40,          7,    2,         17.83,          3.29,      10.54,     105.48,    346.84,         36.74
         40,          7,    3,         18.56,          3.29,      11.56,     115.58,    380.03,         36.19
         40,          7,    4,         18.96,          3.29,      12.23,     122.30,    402.08,         35.76
         40,          7,    5,         19.28,          3.29,      12.77,     127.72,    419.84,         35.57
         40,          7,    6,         19.48,          3.29,      13.16,     131.51,    432.14,         35.46
         40,          7,    7,         19.67,          3.29,      13.51,     135.14,    444.04,         35.32
         41,          1,    1,          6.29,          3.30,       2.77,      27.69,     91.33,         43.20
         41,          1,    2,          7.08,          3.30,       2.98,      29.81,     98.29,         30.37
         41,          1,    3,          7.66,          3.30,       3.16,      31.62,    104.24,         25.64
         41,          1,    4,          7.96,          3.30,       3.28,      32.81,    108.17,         23.41
         41,          1,    5,          8.22,          3.30,       3.36,      33.62,    110.84,         22.63
         41,          1,    6,          8.37,          3.30,       3.44,      34.38,    113.33,         21.60
         41,          1,    7,          8.51,          3.30,       3.50,      35.02,    115.44,         20.89
         41,          2,    1,          8.26,          3.30,       3.37,      33.71,    111.13,         29.69
         41,          2,    2,          9.05,          3.30,       3.66,      36.55,    120.49,         25.18
         41,          2,    3,          9.52,          3.30,       3.85,      38.51,    126.93,         23.36
         41,          2,    4,          9.80,          3.30,       3.98,      39.78,    131.12,         22.44
         41,          2,    5,         10.03,          3.30,       4.09,      40.89,    134.79,         21.80
         41,          2,    6,         10.20,          3.30,       4.19,      41.90,    138.09,         21.14
         41,          2,    7,         10.37,          3.30,       4.27,      42.73,    140.83,         20.85
         41,          3,    1,         10.47,          3.30,       4.31,      43.12,    142.13,         27.49
         41,          3,    2,         11.47,          3.30,       4.85,      48.48,    159.79,         24.13
         41,          3,    3,         12.14,          3.30,       5.27,      52.68,    173.59,         22.72
         41,          3,    4,         12.49,          3.30,       5.52,      55.23,    181.97,         22.09
         41,          3,    5,         12.81,          3.29,       5.74,      57.39,    189.05,         21.83
         41,          3,    6,         13.00,          3.29,       5.89,      58.93,    194.15,         21.54
         41,          3,    7,         13.17,          3.29,       6.05,      60.47,    199.17,         21.28
         41,          4,    1,         12.46,          3.29,       5.45,      54.48,    179.51,         31.19
         41,          4,    2,         13.54,          3.29,       6.24,      62.35,    205.34,         27.47
         41,          4,    3,         14.11,          3.29,       6.70,      67.02,    220.68,         26.38
         41,          4,    4,         14.44,          3.29,       7.03,      70.28,    231.37,         25.69
         41,          4,    5,         14.69,          3.29,       7.27,      72.68,    239.29,         25.31
         41,          4,    6,         14.86,          3.29,       7.46,      74.59,    245.57,         25.01
         41,          4,    7,         15.02,          3.29,       7.63,      76.27,    251.07,         24.83
         41,          5,    1,         14.26,          3.29,       6.80,      68.00,    223.88,         34.59
         41,          5,    2,         15.47,          3.29,       7.89,      78.93,    259.84,         31.19
         41,          5,    3,         16.15,          3.29,       8.69,      86.92,    286.09,         29.62
         41,          5,    4,         16.54,          3.29,       9.15,      91.49,    301.07,         29.23
         41,          5,    5,         16.86,          3.29,       9.61,      96.06,    315.98,         28.67
         41,          5,    6,         17.06,          3.29,       9.89,      98.91,    325.36,         28.45
         41,          5,    7,         17.24,          3.29,      10.19,     101.92,    335.18,         28.14
         41,          6,    1,         15.69,          3.29,       8.15,      81.50,    268.28,         36.61
         41,          6,    2,         17.01,          3.29,       9.58,      95.79,    315.18,         33.94
         41,          6,    3,         17.70,          3.29,      10.56,     105.58,    347.15,         32.66
         41,          6,    4,         18.07,          3.29,      11.09,     110.91,    364.67,         32.47
         41,          6,    5,         18.35,          3.29,      11.60,     116.00,    381.42,         31.94
         41,          6,    6,         18.54,          3.29,      11.91,     119.10,    391.61,         31.82
         41,          6,    7,         18.70,          3.29,      12.25,     122.43,    402.55,         31.48
         41,          7,    1,         16.74,          3.29,       9.23,      92.37,    303.98,         39.29
         41,          7,    2,         18.21,          3.29,      11.10,     111.04,    365.10,         36.56
         41,          7,    3,         18.94,          3.29,      12.23,     122.27,    401.99,         35.95
         41,          7,    4,         19.37,          3.29,      12.98,     129.82,    426.65,         35.61
         41,          7,    5,         19.67,          3.29,      13.60,     135.96,    446.67,         35.29
         41,          7,    6,         19.88,          3.28,      14.02,     140.20,    460.52,         35.18
         41,          7,    7,         20.06,          3.28,      14.42,     144.15,    473.40,         35.02
         42,          1,    1,          6.31,          3.30,       2.79,      27.93,     92.10,         41.56
         42,          1,    2,          7.12,          3.30,       3.02,      30.20,     99.57,         29.01
         42,          1,    3,          7.71,          3.30,       3.21,      32.10,    105.82,         24.60
         42,          1,    4,          8.03,          3.30,       3.33,      33.27,    109.67,         22.82
         42,          1,    5,          8.30,          3.30,       3.42,      34.12,    112.48,         22.06
         42,          1,    6,          8.46,          3.30,       3.48,      34.83,    114.79,         21.29
         42,          1,    7,          8.61,          3.30,       3.55,      35.48,    116.94,         20.68
         42,          2,    1,          8.37,          3.30,       3.44,      34.38,    113.34,         28.02
         42,          2,    2,          9.18,          3.30,       3.75,      37.46,    123.47,         23.91
         42,          2,    3,          9.67,          3.30,       3.96,      39.58,    130.45,         22.27
         42,          2,    4,          9.95,          3.30,       4.09,      40.93,    134.90,         21.45
         42,          2,    5,         10.19,          3.30,       4.23,      42.31,    139.45,         20.65
         42,          2,    6,         10.36,          3.30,       4.31,      43.13,    142.14,         20.38
         42,          2,    7,         10.53,          3.30,       4.42,      44.22,    145.74,         19.85
         42,          3,    1,         10.71,          3.30,       4.48,      44.84,    147.79,         26.38
         42,          3,    2,         11.76,          3.30,       5.08,      50.79,    167.38,         23.35
         42,          3,    3,         12.44,          3.29,       5.54,      55.45,    182.71,         22.04
         42,          3,    4,         12.81,          3.29,       5.81,      58.09,    191.41,         21.64
         42,          3,    5,         13.12,          3.29,       6.07,      60.69,    199.89,         21.22
         42,          3,    6,         13.32,          3.29,       6.25,      62.46,    205.75,         20.92
         42,          3,    7,         13.49,          3.29,       6.41,      64.07,    211.01,         20.71
         42,          4,    1,         12.82,          3.29,       5.74,      57.43,    189.24,         30.38
         42,          4,    2,         13.93,          3.29,       6.57,      65.70,    216.33,         27.40
         42,          4,    3,         14.53,          3.29,       7.13,      71.26,    234.59,         26.17
         42,          4,    4,         14.87,          3.29,       7.47,      74.76,    246.11,         25.61
         42,          4,    5,         15.14,          3.29,       7.79,      77.85,    256.26,         25.09
         42,          4,    6,         15.32,          3.29,       8.02,      80.16,    263.87,         24.72
         42,          4,    7,         15.48,          3.29,       8.24,      82.35,    271.10,         24.39
         42,          5,    1,         14.72,          3.29,       7.15,      71.52,    235.44,         35.16
         42,          5,    2,         15.89,          3.29,       8.32,      83.18,    273.83,         31.63
         42,          5,    3,         16.56,          3.29,       9.10,      91.06,    299.66,         30.48
         42,          5,    4,         16.97,          3.29,       9.66,      96.60,    317.75,         29.88
         42,          5,    5,         17.28,          3.29,      10.12,     101.19,    332.76,         29.47
         42,          5,    6,         17.50,          3.29,      10.46,     104.57,    343.86,         29.20
         42,          5,    7,         17.75,          3.29,      10.79,     107.88,    354.72,         29.24
         42,          6,    1,         16.13,          3.29,       8.63,      86.32,    284.13,         36.17
         42,          6,    2,         17.46,          3.29,      10.13,     101.27,    333.03,         34.32
         42,          6,    3,         18.13,          3.29,      11.09,     110.86,    364.53,         33.51
         42,          6,    4,         18.52,          3.29,      11.73,     117.30,    385.69,         33.11
         42,          6,    5,         18.80,          3.29,      12.22,     122.18,    401.71,         32.86
         42,          6,    6,         19.00,          3.29,      12.61,     126.09,    414.51,         32.60
         42,          6,    7,         19.22,          3.29,      12.94,     129.42,    425.37,         32.83
         42,          7,    1,         17.14,          3.29,       9.72,      97.20,    319.76,         38.56
         42,          7,    2,         18.64,          3.29,      11.70,     116.97,    384.61,         36.78
         42,          7,    3,         19.48,          3.29,      13.05,     130.51,    428.93,         36.44
         42,          7,    4,         19.82,          3.29,      13.78,     137.80,    452.71,         35.95
         42,          7,    5,         20.20,          3.28,      14.50,     145.00,    476.20,         36.08
         42,          7,    6,         20.40,          3.28,      14.95,     149.41,    490.66,         35.99
         42,          7,    7,         20.53,          3.28,      15.42,     154.21,    506.42,         35.24
         43,          1,    1,          6.32,          3.30,       2.82,      28.14,     92.81,         38.36
         43,          1,    2,          7.21,          3.30,       3.05,      30.52,    100.64,         27.70
         43,          1,    3,          7.77,          3.30,       3.25,      32.47,    107.04,         23.55
         43,          1,    4,          8.09,          3.30,       3.36,      33.61,    110.81,         22.06
         43,          1,    5,          8.37,          3.30,       3.47,      34.69,    114.35,         20.98
         43,          1,    6,          8.53,          3.30,       3.54,      35.47,    116.92,         20.22
         43,          1,    7,          8.69,          3.30,       3.61,      36.12,    119.07,         19.74
         43,          2,    1,          8.50,          3.30,       3.52,      35.20,    116.04,         26.85
         43,          2,    2,          9.40,          3.30,       3.87,      38.72,    127.64,         22.95
         43,          2,    3,          9.83,          3.30,       4.09,      40.87,    134.70,         21.34
         43,          2,    4,         10.11,          3.30,       4.25,      42.48,    140.00,         20.39
         43,          2,    5,         10.36,          3.30,       4.38,      43.82,    144.43,         19.85
         43,          2,    6,         10.53,          3.30,       4.49,      44.88,    147.93,         19.39
         43,          2,    7,         10.76,          3.30,       4.59,      45.87,    151.19,         19.39
         43,          3,    1,         11.07,          3.30,       4.70,      47.01,    154.93,         25.67
         43,          3,    2,         12.08,          3.30,       5.33,      53.24,    175.45,         22.92
         43,          3,    3,         12.80,          3.29,       5.87,      58.72,    193.47,         21.57
         43,          3,    4,         13.19,          3.29,       6.18,      61.79,    203.54,         21.16
         43,          3,    5,         13.58,          3.29,       6.48,      64.77,    213.27,         21.09
         43,          3,    6,         13.72,          3.29,       6.67,      66.68,    219.55,         20.55
         43,          3,    7,         13.90,          3.29,       6.87,      68.65,    226.04,         20.30
         43,          4,    1,         13.11,          3.29,       5.95,      59.44,    195.81,         31.38
         43,          4,    2,         14.31,          3.29,       6.84,      68.40,    225.19,         28.49
         43,          4,    3,         14.92,          3.29,       7.41,      74.07,    243.85,         27.40
         43,          4,    4,         15.30,          3.29,       7.81,      78.11,    257.12,         26.73
         43,          4,    5,         15.51,          3.29,       8.15,      81.46,    268.16,         25.83
         43,          4,    6,         15.71,          3.29,       8.43,      84.23,    277.27,         25.40
         43,          4,    7,         15.95,          3.29,       8.66,      86.53,    284.83,         25.48
         43,          5,    1,         15.04,          3.29,       7.42,      74.23,    244.37,         36.55
         43,          5,    2,         16.31,          3.29,       8.66,      86.62,    285.13,         33.33
         43,          5,    3,         16.99,          3.29,       9.51,      95.07,    312.77,         32.10
         43,          5,    4,         17.41,          3.29,      10.09,     100.88,    331.80,         31.50
         43,          5,    5,         17.73,          3.29,      10.60,     105.98,    348.51,         30.97
         43,          5,    6,         17.96,          3.29,      10.97,     109.71,    360.75,         30.66
         43,          5,    7,         18.15,          3.29,      11.31,     113.10,    371.88,         30.39
         43,          6,    1,         16.56,          3.29,       8.97,      89.69,    295.17,         37.66
         43,          6,    2,         17.91,          3.29,      10.61,     106.11,    348.90,         35.57
         43,          6,    3,         18.58,          3.29,      11.62,     116.15,    381.89,         34.89
         43,          6,    4,         18.93,          3.29,      12.30,     122.94,    404.20,         34.12
         43,          6,    5,         19.28,          3.29,      12.82,     128.24,    421.53,         34.37
         43,          6,    6,         19.48,          3.29,      13.25,     132.45,    435.25,         34.12
         43,          6,    7,         19.65,          3.29,      13.62,     136.17,    447.33,         33.85
         43,          7,    1,         17.63,          3.29,      10.30,     103.02,    338.78,         38.48
         43,          7,    2,         19.13,          3.29,      12.36,     123.62,    406.42,         37.49
         43,          7,    3,         19.90,          3.28,      13.70,     136.97,    449.95,         37.28
         43,          7,    4,         20.32,          3.28,      14.55,     145.46,    477.72,         37.16
         43,          7,    5,         20.63,          3.28,      15.26,     152.54,    500.91,         36.97
         43,          7,    6,         20.84,          3.28,      15.77,     157.74,    517.99,         36.79
         43,          7,    7,         21.02,          3.28,      16.25,     162.42,    533.30,         36.65
         44,          1,    1,          6.35,          3.30,       2.85,      28.51,     94.03,         36.33
         44,          1,    2,          7.28,          3.30,       3.10,      30.95,    102.05,         26.86
         44,          1,    3,          7.90,          3.30,       3.31,      33.12,    109.18,         22.80
         44,          1,    4,          8.21,          3.30,       3.43,      34.34,    113.20,         21.34
         44,          1,    5,          8.43,          3.30,       3.55,      35.49,    116.98,         20.02
         44,          1,    6,          8.66,          3.30,       3.64,      36.39,    119.95,         19.45
         44,          1,    7,          8.75,          3.30,       3.70,      36.98,    121.88,         18.89
         44,          2,    1,          8.75,          3.30,       3.66,      36.58,    120.57,         25.15
         44,          2,    2,          9.63,          3.30,       4.04,      40.35,    133.01,         21.75
         44,          2,    3,         10.12,          3.30,       4.29,      42.90,    141.38,         20.33
         44,          2,    4,         10.41,          3.30,       4.45,      44.46,    146.54,         19.72
         44,          2,    5,         10.68,          3.30,       4.62,      46.16,    152.16,         19.02
         44,          2,    6,         10.85,          3.30,       4.73,      47.32,    155.97,         18.63
         44,          2,    7,         11.03,          3.30,       4.86,      48.62,    160.25,         18.25
         44,          3,    1,         11.35,          3.30,       4.86,      48.60,    160.18,         26.29
         44,          3,    2,         12.46,          3.29,       5.56,      55.61,    183.21,         23.53
         44,          3,    3,         13.20,          3.29,       6.10,      61.02,    200.97,         22.54
         44,          3,    4,         13.62,          3.29,       6.48,      64.78,    213.33,         21.89
         44,          3,    5,         13.98,          3.29,       6.82,      68.19,    224.50,         21.49
         44,          3,    6,         14.21,          3.29,       7.06,      70.62,    232.50,         21.20
         44,          3,    7,         14.40,          3.29,       7.28,      72.80,    239.67,         20.97
         44,          4,    1,         13.48,          3.29,       6.16,      61.57,    202.77,         33.54
         44,          4,    2,         14.65,          3.29,       7.11,      71.06,    233.94,         29.85
         44,          4,    3,         15.28,          3.29,       7.73,      77.32,    254.52,         28.50
         44,          4,    4,         15.66,          3.29,       8.18,      81.84,    269.40,         27.66
         44,          4,    5,         15.95,          3.29,       8.54,      85.38,    281.04,         27.17
         44,          4,    6,         16.17,          3.29,       8.82,      88.25,    290.46,         26.85
         44,          4,    7,         16.35,          3.29,       9.11,      91.04,    299.59,         26.41
         44,          5,    1,         15.40,          3.29,       7.72,      77.21,    254.18,         38.96
         44,          5,    2,         16.69,          3.29,       9.07,      90.60,    298.20,         35.10
         44,          5,    3,         17.39,          3.29,       9.97,      99.74,    328.07,         33.64
         44,          5,    4,         17.83,          3.29,      10.60,     106.02,    348.61,         33.05
         44,          5,    5,         18.15,          3.29,      11.15,     111.46,    366.48,         32.46
         44,          5,    6,         18.38,          3.29,      11.54,     115.40,    379.43,         32.16
         44,          5,    7,         18.58,          3.29,      11.91,     119.12,    391.66,         31.82
         44,          6,    1,         16.94,          3.29,       9.36,      93.63,    308.13,         39.11
         44,          6,    2,         18.33,          3.29,      11.13,     111.28,    365.91,         36.96
         44,          6,    3,         19.01,          3.29,      12.20,     121.96,    400.96,         36.38
         44,          6,    4,         19.43,          3.29,      12.94,     129.43,    425.39,         36.01
         44,          6,    5,         19.72,          3.29,      13.53,     135.25,    444.35,         35.69
         44,          6,    6,         19.93,          3.28,      13.98,     139.82,    459.26,         35.49
         44,          6,    7,         20.09,          3.28,      14.38,     143.76,    472.15,         35.21
         44,          7,    1,         18.06,          3.29,      10.80,     107.96,    355.01,         38.96
         44,          7,    2,         19.58,          3.29,      13.03,     130.34,    428.42,         38.25
         44,          7,    3,         20.34,          3.28,      14.42,     144.21,    473.63,         38.24
         44,          7,    4,         20.77,          3.28,      15.35,     153.47,    503.97,         38.18
         44,          7,    5,         21.09,          3.28,      16.11,     161.05,    528.85,         38.01
         44,          7,    6,         20.95,          3.28,      15.97,     159.67,    524.32,         37.29
         44,          7,    7,         20.86,          3.28,      15.95,     159.43,    523.56,         36.67

