[Radio] Initializing ... success!
Connected to RF power monitor: Rohde&Schwarz,FPC1500,1328.6660K03/205785,V1.80
Connected to DC power monitor: radiolib-org,DCpowerMon,070dd3d
setCurrentLimit skipped

Set [dBm/2],paDutyCycle,paSlc,Measured [dBm],Bus voltage[V],Voltage[mV],Current[mA],Power [mW],Efficiency [%]
        -18,          1,    1,        -22.29,          3.30,       0.89,       8.93,     29.48,          0.42
        -18,          1,    2,        -20.42,          3.30,       0.93,       9.28,     30.63,          0.35
        -18,          1,    3,        -18.82,          3.30,       0.96,       9.62,     31.73,          0.36
        -18,          1,    4,        -17.91,          3.30,       1.00,       9.98,     32.93,          0.33
        -18,          1,    5,        -17.14,          3.30,       1.03,      10.25,     33.81,          0.34
        -18,          1,    6,        -16.24,          3.30,       1.06,      10.55,     34.82,          0.35
        -18,          1,    7,        -15.62,          3.30,       1.08,      10.84,     35.74,          0.36
        -18,          2,    1,        -19.82,          3.30,       0.92,       9.18,     30.29,          0.86
        -18,          2,    2,        -18.30,          3.30,       0.96,       9.57,     31.57,          0.59
        -18,          2,    3,        -17.03,          3.30,       0.99,       9.97,     32.91,          0.52
        -18,          2,    4,        -16.03,          3.30,       1.03,      10.27,     33.88,          0.52
        -18,          2,    5,        -15.27,          3.30,       1.06,      10.59,     34.96,          0.51
        -18,          2,    6,        -14.53,          3.30,       1.09,      10.98,     36.21,          0.49
        -18,          2,    7,        -14.02,          3.30,       1.13,      11.29,     37.23,          0.49
        -18,          3,    1,        -17.19,          3.30,       0.96,       9.63,     31.78,          1.00
        -18,          3,    2,        -15.77,          3.30,       1.00,      10.04,     33.13,          0.82
        -18,          3,    3,        -14.59,          3.30,       1.04,      10.42,     34.39,          0.77
        -18,          3,    4,        -13.88,          3.30,       1.08,      10.82,     35.69,          0.71
        -18,          3,    5,        -13.27,          3.30,       1.12,      11.25,     37.14,          0.65
        -18,          3,    6,        -12.69,          3.30,       1.16,      11.55,     38.09,          0.66
        -18,          3,    7,        -12.27,          3.30,       1.19,      11.87,     39.17,          0.64
        -18,          4,    1,        -15.14,          3.30,       1.00,      10.06,     33.18,          1.33
        -18,          4,    2,        -14.02,          3.30,       1.05,      10.50,     34.65,          1.05
        -18,          4,    3,        -13.08,          3.30,       1.09,      10.95,     36.11,          0.94
        -18,          4,    4,        -12.37,          3.30,       1.14,      11.40,     37.61,          0.86
        -18,          4,    5,        -11.81,          3.30,       1.17,      11.73,     38.70,          0.84
        -18,          4,    6,        -11.37,          3.30,       1.21,      12.05,     39.76,          0.82
        -18,          4,    7,        -10.98,          3.30,       1.24,      12.38,     40.84,          0.80
        -18,          5,    1,        -13.12,          3.30,       1.06,      10.61,     35.01,          1.70
        -18,          5,    2,        -12.09,          3.30,       1.12,      11.18,     36.88,          1.30
        -18,          5,    3,        -11.26,          3.30,       1.16,      11.64,     38.39,          1.20
        -18,          5,    4,        -10.67,          3.30,       1.20,      12.06,     39.77,          1.12
        -18,          5,    5,        -10.24,          3.30,       1.24,      12.40,     40.91,          1.08
        -18,          5,    6,         -9.97,          3.30,       1.28,      12.77,     42.12,          1.01
        -18,          5,    7,         -9.64,          3.30,       1.31,      13.10,     43.23,          0.98
        -18,          6,    1,        -11.86,          3.30,       1.11,      11.19,     36.92,          2.06
        -18,          6,    2,        -10.82,          3.30,       1.17,      11.71,     38.61,          1.71
        -18,          6,    3,        -10.17,          3.30,       1.22,      12.19,     40.20,          1.49
        -18,          6,    4,         -9.70,          3.30,       1.26,      12.63,     41.66,          1.36
        -18,          6,    5,         -9.32,          3.30,       1.30,      13.03,     42.96,          1.27
        -18,          6,    6,         -9.01,          3.30,       1.34,      13.37,     44.11,          1.21
        -18,          6,    7,         -8.80,          3.30,       1.37,      13.71,     45.25,          1.15
        -18,          7,    1,        -10.84,          3.30,       1.17,      11.71,     38.63,          2.29
        -18,          7,    2,         -9.78,          3.30,       1.23,      12.33,     40.66,          1.87
        -18,          7,    3,         -9.11,          3.30,       1.29,      12.90,     42.57,          1.63
        -18,          7,    4,         -8.81,          3.30,       1.33,      13.32,     43.93,          1.48
        -18,          7,    5,         -8.40,          3.30,       1.37,      13.73,     45.29,          1.41
        -18,          7,    6,         -8.13,          3.30,       1.41,      14.10,     46.50,          1.34
        -18,          7,    7,         -7.90,          3.30,       1.45,      14.48,     47.76,          1.27
        -17,          1,    1,        -21.65,          3.30,       0.90,       8.99,     29.66,          0.48
        -17,          1,    2,        -19.99,          3.30,       0.93,       9.33,     30.81,          0.39
        -17,          1,    3,        -18.67,          3.30,       0.97,       9.70,     32.00,          0.36
        -17,          1,    4,        -17.66,          3.30,       1.00,       9.98,     32.94,          0.37
        -17,          1,    5,        -16.74,          3.30,       1.03,      10.31,     34.01,          0.37
        -17,          1,    6,        -15.91,          3.30,       1.06,      10.60,     34.98,          0.38
        -17,          1,    7,        -15.37,          3.30,       1.09,      10.95,     36.14,          0.37
        -17,          2,    1,        -19.57,          3.30,       0.93,       9.24,     30.47,          0.85
        -17,          2,    2,        -17.97,          3.30,       0.97,       9.65,     31.84,          0.60
        -17,          2,    3,        -16.65,          3.30,       1.00,      10.03,     33.08,          0.55
        -17,          2,    4,        -15.61,          3.30,       1.04,      10.37,     34.22,          0.54
        -17,          2,    5,        -14.84,          3.30,       1.07,      10.73,     35.40,          0.53
        -17,          2,    6,        -14.10,          3.30,       1.11,      11.05,     36.46,          0.53
        -17,          2,    7,        -13.78,          3.30,       1.14,      11.40,     37.61,          0.50
        -17,          3,    1,        -16.74,          3.30,       0.97,       9.74,     32.11,          1.11
        -17,          3,    2,        -15.32,          3.30,       1.01,      10.13,     33.43,          0.91
        -17,          3,    3,        -14.31,          3.30,       1.06,      10.52,     34.70,          0.83
        -17,          3,    4,        -13.43,          3.30,       1.09,      10.97,     36.18,          0.76
        -17,          3,    5,        -12.80,          3.30,       1.13,      11.31,     37.32,          0.74
        -17,          3,    6,        -12.27,          3.30,       1.17,      11.66,     38.45,          0.72
        -17,          3,    7,        -11.91,          3.30,       1.20,      11.95,     39.40,          0.70
        -17,          4,    1,        -14.77,          3.30,       1.02,      10.14,     33.46,          1.52
        -17,          4,    2,        -13.50,          3.30,       1.06,      10.62,     35.04,          1.18
        -17,          4,    3,        -12.63,          3.30,       1.11,      11.08,     36.55,          1.03
        -17,          4,    4,        -11.93,          3.30,       1.15,      11.50,     37.95,          0.96
        -17,          4,    5,        -11.38,          3.30,       1.19,      11.88,     39.21,          0.92
        -17,          4,    6,        -10.96,          3.30,       1.22,      12.22,     40.32,          0.89
        -17,          4,    7,        -10.61,          3.30,       1.25,      12.54,     41.36,          0.86
        -17,          5,    1,        -12.71,          3.30,       1.08,      10.73,     35.41,          1.84
        -17,          5,    2,        -11.56,          3.30,       1.13,      11.34,     37.40,          1.43
        -17,          5,    3,        -10.80,          3.30,       1.18,      11.83,     39.03,          1.28
        -17,          5,    4,        -10.24,          3.30,       1.22,      12.23,     40.35,          1.21
        -17,          5,    5,         -9.89,          3.30,       1.26,      12.62,     41.63,          1.12
        -17,          5,    6,         -9.53,          3.30,       1.30,      13.01,     42.92,          1.07
        -17,          5,    7,         -9.27,          3.30,       1.34,      13.34,     43.99,          1.03
        -17,          6,    1,        -11.42,          3.30,       1.14,      11.38,     37.54,          2.11
        -17,          6,    2,        -10.40,          3.30,       1.19,      11.93,     39.37,          1.74
        -17,          6,    3,         -9.79,          3.30,       1.24,      12.41,     40.95,          1.54
        -17,          6,    4,         -9.27,          3.30,       1.29,      12.86,     42.43,          1.42
        -17,          6,    5,         -8.97,          3.30,       1.33,      13.28,     43.79,          1.31
        -17,          6,    6,         -8.61,          3.30,       1.36,      13.64,     44.98,          1.27
        -17,          6,    7,         -8.33,          3.30,       1.40,      14.00,     46.19,          1.22
        -17,          7,    1,        -10.33,          3.30,       1.19,      11.91,     39.27,          2.55
        -17,          7,    2,         -9.38,          3.30,       1.25,      12.55,     41.41,          2.00
        -17,          7,    3,         -8.71,          3.30,       1.31,      13.13,     43.30,          1.76
        -17,          7,    4,         -8.32,          3.30,       1.36,      13.61,     44.88,          1.59
        -17,          7,    5,         -7.93,          3.30,       1.40,      13.99,     46.16,          1.53
        -17,          7,    6,         -7.72,          3.30,       1.44,      14.38,     47.44,          1.43
        -17,          7,    7,         -7.52,          3.30,       1.48,      14.76,     48.70,          1.36
        -16,          1,    1,        -21.47,          3.30,       0.90,       9.03,     29.79,          0.45
        -16,          1,    2,        -19.72,          3.30,       0.94,       9.42,     31.08,          0.37
        -16,          1,    3,        -18.39,          3.30,       0.97,       9.76,     32.21,          0.36
        -16,          1,    4,        -17.24,          3.30,       1.01,      10.10,     33.30,          0.37
        -16,          1,    5,        -16.33,          3.30,       1.04,      10.40,     34.32,          0.38
        -16,          1,    6,        -15.61,          3.30,       1.07,      10.70,     35.30,          0.39
        -16,          1,    7,        -15.01,          3.30,       1.10,      11.00,     36.29,          0.39
        -16,          2,    1,        -18.96,          3.30,       0.93,       9.31,     30.71,          1.02
        -16,          2,    2,        -17.63,          3.30,       0.97,       9.72,     32.07,          0.66
        -16,          2,    3,        -16.28,          3.30,       1.01,      10.12,     33.40,          0.60
        -16,          2,    4,        -15.29,          3.30,       1.05,      10.45,     34.49,          0.59
        -16,          2,    5,        -14.51,          3.30,       1.08,      10.81,     35.66,          0.57
        -16,          2,    6,        -13.87,          3.30,       1.12,      11.15,     36.79,          0.56
        -16,          2,    7,        -13.35,          3.30,       1.15,      11.51,     37.98,          0.54
        -16,          3,    1,        -16.37,          3.30,       0.98,       9.80,     32.33,          1.22
        -16,          3,    2,        -15.00,          3.30,       1.03,      10.24,     33.79,          0.94
        -16,          3,    3,        -13.90,          3.30,       1.07,      10.65,     35.14,          0.87
        -16,          3,    4,        -13.14,          3.30,       1.11,      11.10,     36.61,          0.79
        -16,          3,    5,        -12.45,          3.30,       1.14,      11.44,     37.75,          0.78
        -16,          3,    6,        -11.96,          3.30,       1.18,      11.77,     38.84,          0.76
        -16,          3,    7,        -11.50,          3.30,       1.21,      12.09,     39.88,          0.75
        -16,          4,    1,        -14.31,          3.30,       1.02,      10.25,     33.82,          1.54
        -16,          4,    2,        -13.11,          3.30,       1.08,      10.73,     35.39,          1.23
        -16,          4,    3,        -12.21,          3.30,       1.12,      11.24,     37.07,          1.06
        -16,          4,    4,        -11.57,          3.30,       1.16,      11.64,     38.39,          1.00
        -16,          4,    5,        -10.94,          3.30,       1.20,      11.99,     39.56,          0.99
        -16,          4,    6,        -10.52,          3.30,       1.24,      12.37,     40.80,          0.95
        -16,          4,    7,        -10.24,          3.30,       1.27,      12.74,     42.03,          0.89
        -16,          5,    1,        -12.34,          3.30,       1.09,      10.90,     35.98,          1.90
        -16,          5,    2,        -11.18,          3.30,       1.15,      11.51,     37.98,          1.50
        -16,          5,    3,        -10.40,          3.30,       1.20,      11.96,     39.44,          1.40
        -16,          5,    4,         -9.89,          3.30,       1.24,      12.40,     40.93,          1.28
        -16,          5,    5,         -9.47,          3.30,       1.28,      12.83,     42.32,          1.20
        -16,          5,    6,         -9.14,          3.30,       1.32,      13.17,     43.46,          1.15
        -16,          5,    7,         -8.88,          3.30,       1.35,      13.52,     44.58,          1.11
        -16,          6,    1,        -10.98,          3.30,       1.15,      11.53,     38.03,          2.37
        -16,          6,    2,         -9.99,          3.30,       1.21,      12.09,     39.89,          1.92
        -16,          6,    3,         -9.32,          3.30,       1.26,      12.64,     41.69,          1.67
        -16,          6,    4,         -8.83,          3.30,       1.31,      13.11,     43.25,          1.52
        -16,          6,    5,         -8.52,          3.30,       1.35,      13.50,     44.54,          1.42
        -16,          6,    6,         -8.19,          3.30,       1.39,      13.87,     45.75,          1.37
        -16,          6,    7,         -7.94,          3.30,       1.42,      14.21,     46.86,          1.32
        -16,          7,    1,         -9.89,          3.30,       1.21,      12.09,     39.89,          2.82
        -16,          7,    2,         -8.90,          3.30,       1.28,      12.81,     42.26,          2.15
        -16,          7,    3,         -8.28,          3.30,       1.34,      13.36,     44.07,          1.90
        -16,          7,    4,         -7.88,          3.30,       1.38,      13.84,     45.64,          1.74
        -16,          7,    5,         -7.55,          3.30,       1.43,      14.24,     46.96,          1.64
        -16,          7,    6,         -7.30,          3.30,       1.47,      14.66,     48.36,          1.54
        -16,          7,    7,         -7.11,          3.30,       1.51,      15.09,     49.77,          1.44
        -15,          1,    1,        -20.98,          3.30,       0.91,       9.12,     30.08,          0.51
        -15,          1,    2,        -19.34,          3.30,       0.95,       9.50,     31.35,          0.41
        -15,          1,    3,        -17.79,          3.30,       0.98,       9.84,     32.45,          0.42
        -15,          1,    4,        -16.68,          3.30,       1.02,      10.18,     33.60,          0.42
        -15,          1,    5,        -15.89,          3.30,       1.05,      10.48,     34.57,          0.42
        -15,          1,    6,        -15.19,          3.30,       1.08,      10.82,     35.69,          0.42
        -15,          1,    7,        -14.52,          3.30,       1.12,      11.17,     36.86,          0.42
        -15,          2,    1,        -18.69,          3.30,       0.95,       9.43,     31.11,          0.98
        -15,          2,    2,        -17.06,          3.30,       0.99,       9.84,     32.48,          0.72
        -15,          2,    3,        -15.75,          3.30,       1.02,      10.23,     33.74,          0.66
        -15,          2,    4,        -14.73,          3.30,       1.06,      10.62,     35.05,          0.63
        -15,          2,    5,        -14.02,          3.30,       1.10,      11.00,     36.29,          0.60
        -15,          2,    6,        -13.41,          3.30,       1.13,      11.33,     37.39,          0.60
        -15,          2,    7,        -12.83,          3.30,       1.17,      11.66,     38.46,          0.60
        -15,          3,    1,        -15.80,          3.30,       0.99,       9.95,     32.82,          1.34
        -15,          3,    2,        -14.36,          3.30,       1.04,      10.37,     34.20,          1.09
        -15,          3,    3,        -13.31,          3.30,       1.08,      10.86,     35.82,          0.94
        -15,          3,    4,        -12.52,          3.30,       1.13,      11.27,     37.17,          0.88
        -15,          3,    5,        -11.90,          3.30,       1.16,      11.64,     38.40,          0.85
        -15,          3,    6,        -11.39,          3.30,       1.20,      12.00,     39.58,          0.83
        -15,          3,    7,        -10.95,          3.30,       1.23,      12.32,     40.64,          0.82
        -15,          4,    1,        -13.72,          3.30,       1.04,      10.42,     34.38,          1.73
        -15,          4,    2,        -12.58,          3.30,       1.10,      10.98,     36.22,          1.28
        -15,          4,    3,        -11.62,          3.30,       1.14,      11.45,     37.78,          1.17
        -15,          4,    4,        -11.00,          3.30,       1.19,      11.87,     39.15,          1.10
        -15,          4,    5,        -10.45,          3.30,       1.22,      12.23,     40.34,          1.07
        -15,          4,    6,        -10.04,          3.30,       1.26,      12.63,     41.65,          1.02
        -15,          4,    7,         -9.69,          3.30,       1.30,      12.98,     42.81,          0.99
        -15,          5,    1,        -11.68,          3.30,       1.11,      11.18,     36.88,          2.04
        -15,          5,    2,        -10.63,          3.30,       1.18,      11.77,     38.81,          1.64
        -15,          5,    3,         -9.90,          3.30,       1.22,      12.25,     40.43,          1.49
        -15,          5,    4,         -9.33,          3.30,       1.27,      12.70,     41.88,          1.40
        -15,          5,    5,         -8.92,          3.30,       1.31,      13.11,     43.24,          1.32
        -15,          5,    6,         -8.60,          3.30,       1.35,      13.49,     44.51,          1.26
        -15,          5,    7,         -8.25,          3.30,       1.38,      13.83,     45.60,          1.24
        -15,          6,    1,        -10.38,          3.30,       1.18,      11.77,     38.83,          2.67
        -15,          6,    2,         -9.42,          3.30,       1.24,      12.41,     40.95,          2.06
        -15,          6,    3,         -8.72,          3.30,       1.30,      12.96,     42.76,          1.82
        -15,          6,    4,         -8.23,          3.30,       1.34,      13.41,     44.22,          1.70
        -15,          6,    5,         -7.94,          3.30,       1.38,      13.86,     45.71,          1.56
        -15,          6,    6,         -7.60,          3.30,       1.42,      14.22,     46.89,          1.51
        -15,          6,    7,         -7.35,          3.30,       1.47,      14.63,     48.26,          1.43
        -15,          7,    1,         -9.31,          3.30,       1.24,      12.44,     41.05,          3.04
        -15,          7,    2,         -8.31,          3.30,       1.32,      13.18,     43.47,          2.35
        -15,          7,    3,         -7.69,          3.30,       1.37,      13.75,     45.35,          2.09
        -15,          7,    4,         -7.24,          3.30,       1.42,      14.25,     46.99,          1.93
        -15,          7,    5,         -6.91,          3.30,       1.47,      14.71,     48.51,          1.80
        -15,          7,    6,         -6.67,          3.30,       1.51,      15.10,     49.82,          1.70
        -15,          7,    7,         -6.45,          3.30,       1.55,      15.50,     51.11,          1.63
        -14,          1,    1,        -20.67,          3.30,       0.92,       9.14,     30.16,          0.58
        -14,          1,    2,        -18.99,          3.30,       0.95,       9.54,     31.46,          0.45
        -14,          1,    3,        -17.60,          3.30,       1.00,       9.94,     32.80,          0.42
        -14,          1,    4,        -16.42,          3.30,       1.03,      10.26,     33.86,          0.44
        -14,          1,    5,        -15.51,          3.30,       1.06,      10.57,     34.89,          0.45
        -14,          1,    6,        -14.79,          3.30,       1.09,      10.89,     35.92,          0.46
        -14,          1,    7,        -14.22,          3.30,       1.12,      11.24,     37.09,          0.45
        -14,          2,    1,        -18.32,          3.30,       0.95,       9.48,     31.28,          1.04
        -14,          2,    2,        -16.76,          3.30,       0.99,       9.91,     32.70,          0.74
        -14,          2,    3,        -15.43,          3.30,       1.03,      10.30,     34.00,          0.69
        -14,          2,    4,        -14.45,          3.30,       1.07,      10.68,     35.25,          0.67
        -14,          2,    5,        -13.61,          3.30,       1.10,      11.07,     36.50,          0.66
        -14,          2,    6,        -13.07,          3.30,       1.14,      11.43,     37.72,          0.63
        -14,          2,    7,        -12.48,          3.30,       1.18,      11.77,     38.84,          0.63
        -14,          3,    1,        -15.43,          3.30,       1.00,      10.02,     33.04,          1.51
        -14,          3,    2,        -14.04,          3.30,       1.05,      10.48,     34.58,          1.15
        -14,          3,    3,        -13.00,          3.30,       1.10,      10.97,     36.19,          0.99
        -14,          3,    4,        -12.19,          3.30,       1.14,      11.38,     37.55,          0.94
        -14,          3,    5,        -11.59,          3.30,       1.18,      11.77,     38.81,          0.90
        -14,          3,    6,        -11.06,          3.30,       1.21,      12.13,     40.03,          0.88
        -14,          3,    7,        -10.64,          3.30,       1.25,      12.48,     41.15,          0.86
        -14,          4,    1,        -13.43,          3.30,       1.05,      10.54,     34.78,          1.82
        -14,          4,    2,        -12.21,          3.30,       1.11,      11.11,     36.64,          1.38
        -14,          4,    3,        -11.27,          3.30,       1.16,      11.60,     38.26,          1.25
        -14,          4,    4,        -10.66,          3.30,       1.20,      12.02,     39.64,          1.17
        -14,          4,    5,        -10.12,          3.30,       1.24,      12.41,     40.92,          1.13
        -14,          4,    6,         -9.70,          3.30,       1.28,      12.80,     42.22,          1.08
        -14,          4,    7,         -9.40,          3.30,       1.32,      13.16,     43.41,          1.03
        -14,          5,    1,        -11.32,          3.30,       1.13,      11.33,     37.38,          2.07
        -14,          5,    2,        -10.26,          3.30,       1.19,      11.93,     39.36,          1.70
        -14,          5,    3,         -9.52,          3.30,       1.24,      12.47,     41.13,          1.53
        -14,          5,    4,         -8.93,          3.30,       1.29,      12.93,     42.64,          1.45
        -14,          5,    5,         -8.61,          3.30,       1.33,      13.29,     43.85,          1.37
        -14,          5,    6,         -8.21,          3.30,       1.37,      13.70,     45.18,          1.33
        -14,          5,    7,         -7.95,          3.30,       1.41,      14.05,     46.34,          1.28
        -14,          6,    1,         -9.97,          3.30,       1.20,      11.96,     39.44,          2.79
        -14,          6,    2,         -9.02,          3.30,       1.26,      12.59,     41.53,          2.20
        -14,          6,    3,         -8.38,          3.30,       1.32,      13.17,     43.45,          1.90
        -14,          6,    4,         -7.88,          3.30,       1.37,      13.66,     45.04,          1.77
        -14,          6,    5,         -7.52,          3.30,       1.41,      14.06,     46.37,          1.68
        -14,          6,    6,         -7.21,          3.30,       1.45,      14.46,     47.68,          1.60
        -14,          6,    7,         -6.97,          3.30,       1.49,      14.86,     49.01,          1.53
        -14,          7,    1,         -8.92,          3.30,       1.26,      12.62,     41.64,          3.25
        -14,          7,    2,         -7.93,          3.30,       1.34,      13.38,     44.12,          2.51
        -14,          7,    3,         -7.30,          3.30,       1.40,      13.98,     46.11,          2.22
        -14,          7,    4,         -6.87,          3.30,       1.45,      14.51,     47.85,          2.03
        -14,          7,    5,         -6.56,          3.30,       1.50,      14.98,     49.41,          1.89
        -14,          7,    6,         -6.28,          3.30,       1.54,      15.41,     50.81,          1.79
        -14,          7,    7,         -6.07,          3.30,       1.58,      15.81,     52.13,          1.71
        -13,          1,    1,        -20.34,          3.30,       0.92,       9.23,     30.47,          0.58
        -13,          1,    2,        -18.46,          3.30,       0.96,       9.62,     31.74,          0.50
        -13,          1,    3,        -17.17,          3.30,       1.00,       9.99,     32.97,          0.47
        -13,          1,    4,        -15.98,          3.30,       1.04,      10.35,     34.13,          0.48
        -13,          1,    5,        -15.15,          3.30,       1.07,      10.66,     35.18,          0.48
        -13,          1,    6,        -14.33,          3.30,       1.10,      11.03,     36.39,          0.49
        -13,          1,    7,        -13.82,          3.30,       1.14,      11.38,     37.55,          0.48
        -13,          2,    1,        -17.82,          3.30,       0.96,       9.60,     31.67,          1.12
        -13,          2,    2,        -16.18,          3.30,       1.00,      10.01,     33.05,          0.84
        -13,          2,    3,        -14.84,          3.30,       1.04,      10.40,     34.30,          0.80
        -13,          2,    4,        -13.98,          3.30,       1.08,      10.82,     35.70,          0.73
        -13,          2,    5,        -13.21,          3.30,       1.13,      11.22,     37.02,          0.70
        -13,          2,    6,        -12.62,          3.30,       1.16,      11.58,     38.19,          0.68
        -13,          2,    7,        -12.02,          3.30,       1.19,      11.92,     39.32,          0.69
        -13,          3,    1,        -14.99,          3.30,       1.02,      10.15,     33.48,          1.53
        -13,          3,    2,        -13.56,          3.30,       1.06,      10.61,     35.00,          1.23
        -13,          3,    3,        -12.51,          3.30,       1.11,      11.13,     36.72,          1.06
        -13,          3,    4,        -11.76,          3.30,       1.16,      11.56,     38.13,          0.99
        -13,          3,    5,        -11.11,          3.30,       1.19,      11.91,     39.29,          0.98
        -13,          3,    6,        -10.63,          3.30,       1.23,      12.28,     40.49,          0.95
        -13,          3,    7,        -10.22,          3.30,       1.27,      12.68,     41.84,          0.91
        -13,          4,    1,        -12.97,          3.30,       1.07,      10.71,     35.34,          1.82
        -13,          4,    2,        -11.62,          3.30,       1.13,      11.28,     37.22,          1.48
        -13,          4,    3,        -10.79,          3.30,       1.18,      11.78,     38.87,          1.32
        -13,          4,    4,        -10.18,          3.30,       1.22,      12.22,     40.32,          1.24
        -13,          4,    5,         -9.65,          3.30,       1.26,      12.63,     41.66,          1.19
        -13,          4,    6,         -9.24,          3.30,       1.30,      13.03,     42.98,          1.14
        -13,          4,    7,         -8.88,          3.30,       1.34,      13.40,     44.21,          1.11
        -13,          5,    1,        -10.84,          3.30,       1.15,      11.54,     38.06,          2.19
        -13,          5,    2,         -9.76,          3.30,       1.21,      12.14,     40.05,          1.84
        -13,          5,    3,         -8.97,          3.30,       1.27,      12.71,     41.94,          1.66
        -13,          5,    4,         -8.45,          3.30,       1.32,      13.20,     43.53,          1.55
        -13,          5,    5,         -8.04,          3.30,       1.36,      13.62,     44.93,          1.47
        -13,          5,    6,         -7.68,          3.30,       1.40,      14.01,     46.20,          1.43
        -13,          5,    7,         -7.35,          3.30,       1.44,      14.39,     47.48,          1.39
        -13,          6,    1,         -9.47,          3.30,       1.22,      12.23,     40.33,          3.08
        -13,          6,    2,         -8.50,          3.30,       1.29,      12.88,     42.50,          2.42
        -13,          6,    3,         -7.80,          3.30,       1.35,      13.49,     44.49,          2.12
        -13,          6,    4,         -7.34,          3.30,       1.39,      13.95,     46.01,          1.97
        -13,          6,    5,         -6.94,          3.30,       1.44,      14.42,     47.55,          1.86
        -13,          6,    6,         -6.69,          3.30,       1.49,      14.84,     48.93,          1.75
        -13,          6,    7,         -6.42,          3.30,       1.53,      15.22,     50.20,          1.69
        -13,          7,    1,         -8.30,          3.30,       1.29,      12.95,     42.72,          3.38
        -13,          7,    2,         -7.38,          3.30,       1.37,      13.72,     45.25,          2.65
        -13,          7,    3,         -6.74,          3.30,       1.44,      14.37,     47.40,          2.34
        -13,          7,    4,         -6.33,          3.30,       1.49,      14.91,     49.18,          2.15
        -13,          7,    5,         -5.98,          3.30,       1.54,      15.38,     50.72,          2.04
        -13,          7,    6,         -5.73,          3.30,       1.58,      15.77,     52.02,          1.96
        -13,          7,    7,         -5.54,          3.30,       1.62,      16.21,     53.45,          1.85
        -12,          1,    1,        -19.73,          3.30,       0.93,       9.33,     30.76,          0.63
        -12,          1,    2,        -18.05,          3.30,       0.97,       9.73,     32.08,          0.52
        -12,          1,    3,        -16.65,          3.30,       1.01,      10.10,     33.32,          0.51
        -12,          1,    4,        -15.56,          3.30,       1.05,      10.47,     34.55,          0.51
        -12,          1,    5,        -14.65,          3.30,       1.08,      10.79,     35.60,          0.53
        -12,          1,    6,        -13.98,          3.30,       1.12,      11.19,     36.92,          0.51
        -12,          1,    7,        -13.41,          3.30,       1.15,      11.51,     37.95,          0.51
        -12,          2,    1,        -17.30,          3.30,       0.97,       9.70,     31.99,          1.22
        -12,          2,    2,        -15.73,          3.30,       1.01,      10.14,     33.47,          0.89
        -12,          2,    3,        -14.36,          3.30,       1.05,      10.52,     34.72,          0.86
        -12,          2,    4,        -13.58,          3.30,       1.09,      10.94,     36.08,          0.78
        -12,          2,    5,        -12.77,          3.30,       1.14,      11.38,     37.56,          0.75
        -12,          2,    6,        -12.10,          3.30,       1.17,      11.70,     38.60,          0.76
        -12,          2,    7,        -11.56,          3.30,       1.21,      12.06,     39.79,          0.75
        -12,          3,    1,        -14.41,          3.30,       1.03,      10.29,     33.93,          1.71
        -12,          3,    2,        -13.13,          3.30,       1.08,      10.76,     35.49,          1.32
        -12,          3,    3,        -11.98,          3.30,       1.13,      11.29,     37.27,          1.16
        -12,          3,    4,        -11.27,          3.30,       1.17,      11.71,     38.62,          1.10
        -12,          3,    5,        -10.67,          3.30,       1.21,      12.11,     39.94,          1.06
        -12,          3,    6,        -10.16,          3.30,       1.25,      12.48,     41.16,          1.03
        -12,          3,    7,         -9.76,          3.30,       1.28,      12.85,     42.37,          1.00
        -12,          4,    1,        -12.47,          3.30,       1.09,      10.88,     35.88,          1.97
        -12,          4,    2,        -11.24,          3.30,       1.15,      11.49,     37.90,          1.53
        -12,          4,    3,        -10.28,          3.30,       1.20,      11.97,     39.48,          1.45
        -12,          4,    4,         -9.67,          3.30,       1.24,      12.41,     40.96,          1.35
        -12,          4,    5,         -9.17,          3.30,       1.29,      12.89,     42.51,          1.27
        -12,          4,    6,         -8.75,          3.30,       1.33,      13.27,     43.78,          1.24
        -12,          4,    7,         -8.38,          3.30,       1.36,      13.63,     44.96,          1.21
        -12,          5,    1,        -10.33,          3.30,       1.17,      11.73,     38.72,          2.37
        -12,          5,    2,         -9.24,          3.30,       1.24,      12.39,     40.86,          1.97
        -12,          5,    3,         -8.49,          3.30,       1.30,      12.99,     42.85,          1.76
        -12,          5,    4,         -7.97,          3.30,       1.35,      13.45,     44.38,          1.67
        -12,          5,    5,         -7.54,          3.30,       1.39,      13.87,     45.77,          1.61
        -12,          5,    6,         -7.24,          3.30,       1.43,      14.32,     47.21,          1.52
        -12,          5,    7,         -6.88,          3.30,       1.47,      14.72,     48.55,          1.49
        -12,          6,    1,         -9.00,          3.30,       1.25,      12.51,     41.25,          3.26
        -12,          6,    2,         -7.98,          3.30,       1.32,      13.20,     43.53,          2.59
        -12,          6,    3,         -7.32,          3.30,       1.38,      13.80,     45.53,          2.27
        -12,          6,    4,         -6.85,          3.30,       1.43,      14.28,     47.11,          2.13
        -12,          6,    5,         -6.46,          3.30,       1.48,      14.78,     48.74,          1.99
        -12,          6,    6,         -6.18,          3.30,       1.52,      15.19,     50.09,          1.90
        -12,          6,    7,         -5.98,          3.30,       1.56,      15.57,     51.35,          1.81
        -12,          7,    1,         -7.84,          3.30,       1.33,      13.26,     43.74,          3.64
        -12,          7,    2,         -6.87,          3.30,       1.41,      14.05,     46.34,          2.89
        -12,          7,    3,         -6.20,          3.30,       1.48,      14.78,     48.76,          2.51
        -12,          7,    4,         -5.77,          3.30,       1.53,      15.29,     50.44,          2.36
        -12,          7,    5,         -5.45,          3.30,       1.58,      15.78,     52.04,          2.22
        -12,          7,    6,         -5.24,          3.30,       1.62,      16.24,     53.58,          2.08
        -12,          7,    7,         -5.04,          3.30,       1.66,      16.66,     54.95,          1.99
        -11,          1,    1,        -19.40,          3.30,       0.94,       9.41,     31.06,          0.64
        -11,          1,    2,        -17.68,          3.30,       0.98,       9.82,     32.39,          0.55
        -11,          1,    3,        -16.21,          3.30,       1.02,      10.20,     33.64,          0.55
        -11,          1,    4,        -15.01,          3.30,       1.05,      10.53,     34.73,          0.58
        -11,          1,    5,        -14.26,          3.30,       1.09,      10.92,     36.03,          0.55
        -11,          1,    6,        -13.56,          3.30,       1.13,      11.28,     37.20,          0.56
        -11,          1,    7,        -13.07,          3.30,       1.16,      11.61,     38.29,          0.55
        -11,          2,    1,        -16.94,          3.30,       0.98,       9.82,     32.38,          1.26
        -11,          2,    2,        -15.35,          3.30,       1.02,      10.24,     33.77,          0.97
        -11,          2,    3,        -13.98,          3.30,       1.06,      10.63,     35.08,          0.93
        -11,          2,    4,        -13.05,          3.30,       1.11,      11.12,     36.67,          0.84
        -11,          2,    5,        -12.35,          3.30,       1.15,      11.51,     37.97,          0.81
        -11,          2,    6,        -11.70,          3.30,       1.18,      11.84,     39.08,          0.81
        -11,          2,    7,        -11.14,          3.30,       1.22,      12.22,     40.30,          0.81
        -11,          3,    1,        -13.98,          3.30,       1.04,      10.41,     34.35,          1.79
        -11,          3,    2,        -12.67,          3.30,       1.09,      10.94,     36.09,          1.36
        -11,          3,    3,        -11.56,          3.30,       1.14,      11.45,     37.77,          1.24
        -11,          3,    4,        -10.77,          3.30,       1.19,      11.88,     39.18,          1.19
        -11,          3,    5,        -10.28,          3.30,       1.23,      12.30,     40.56,          1.11
        -11,          3,    6,         -9.76,          3.30,       1.27,      12.70,     41.89,          1.08
        -11,          3,    7,         -9.36,          3.30,       1.31,      13.08,     43.16,          1.05
        -11,          4,    1,        -11.93,          3.30,       1.11,      11.09,     36.60,          2.05
        -11,          4,    2,        -10.72,          3.30,       1.17,      11.67,     38.51,          1.69
        -11,          4,    3,         -9.90,          3.30,       1.22,      12.17,     40.15,          1.53
        -11,          4,    4,         -9.27,          3.30,       1.27,      12.67,     41.78,          1.43
        -11,          4,    5,         -8.73,          3.30,       1.31,      13.08,     43.15,          1.39
        -11,          4,    6,         -8.31,          3.30,       1.35,      13.52,     44.58,          1.33
        -11,          4,    7,         -7.97,          3.30,       1.39,      13.86,     45.73,          1.30
        -11,          5,    1,         -9.93,          3.30,       1.20,      11.94,     39.41,          2.57
        -11,          5,    2,         -8.78,          3.30,       1.26,      12.60,     41.58,          2.16
        -11,          5,    3,         -8.03,          3.30,       1.32,      13.22,     43.60,          1.93
        -11,          5,    4,         -7.51,          3.30,       1.37,      13.71,     45.21,          1.82
        -11,          5,    5,         -7.08,          3.30,       1.41,      14.17,     46.73,          1.74
        -11,          5,    6,         -6.76,          3.30,       1.46,      14.61,     48.19,          1.66
        -11,          5,    7,         -6.45,          3.30,       1.50,      15.00,     49.46,          1.62
        -11,          6,    1,         -8.48,          3.30,       1.27,      12.76,     42.09,          3.49
        -11,          6,    2,         -7.47,          3.30,       1.35,      13.46,     44.38,          2.82
        -11,          6,    3,         -6.79,          3.30,       1.41,      14.07,     46.42,          2.49
        -11,          6,    4,         -6.34,          3.30,       1.46,      14.64,     48.27,          2.27
        -11,          6,    5,         -5.99,          3.30,       1.51,      15.13,     49.89,          2.12
        -11,          6,    6,         -5.71,          3.30,       1.55,      15.54,     51.25,          2.03
        -11,          6,    7,         -5.44,          3.30,       1.59,      15.94,     52.55,          1.97
        -11,          7,    1,         -7.32,          3.30,       1.36,      13.58,     44.80,          3.91
        -11,          7,    2,         -6.37,          3.30,       1.44,      14.44,     47.63,          3.05
        -11,          7,    3,         -5.70,          3.30,       1.51,      15.14,     49.93,          2.73
        -11,          7,    4,         -5.32,          3.30,       1.57,      15.65,     51.63,          2.54
        -11,          7,    5,         -5.02,          3.30,       1.62,      16.15,     53.26,          2.39
        -11,          7,    6,         -4.78,          3.30,       1.66,      16.62,     54.82,          2.26
        -11,          7,    7,         -4.56,          3.30,       1.70,      17.02,     56.14,          2.17
        -10,          1,    1,        -18.99,          3.30,       0.96,       9.55,     31.53,          0.63
        -10,          1,    2,        -17.27,          3.30,       0.99,       9.93,     32.77,          0.58
        -10,          1,    3,        -15.81,          3.30,       1.03,      10.35,     34.14,          0.57
        -10,          1,    4,        -14.72,          3.30,       1.07,      10.66,     35.16,          0.60
        -10,          1,    5,        -13.93,          3.30,       1.11,      11.07,     36.51,          0.58
        -10,          1,    6,        -13.18,          3.30,       1.15,      11.46,     37.80,          0.58
        -10,          1,    7,        -12.59,          3.30,       1.18,      11.76,     38.81,          0.59
        -10,          2,    1,        -16.45,          3.30,       0.99,       9.92,     32.72,          1.53
        -10,          2,    2,        -14.91,          3.30,       1.04,      10.41,     34.34,          1.04
        -10,          2,    3,        -13.63,          3.30,       1.09,      10.83,     35.74,          0.96
        -10,          2,    4,        -12.65,          3.30,       1.13,      11.31,     37.31,          0.89
        -10,          2,    5,        -11.89,          3.30,       1.17,      11.66,     38.46,          0.90
        -10,          2,    6,        -11.25,          3.30,       1.21,      12.09,     39.90,          0.87
        -10,          2,    7,        -10.80,          3.30,       1.24,      12.42,     40.98,          0.85
        -10,          3,    1,        -13.60,          3.30,       1.06,      10.58,     34.91,          1.98
        -10,          3,    2,        -12.26,          3.30,       1.12,      11.18,     36.87,          1.43
        -10,          3,    3,        -11.19,          3.30,       1.17,      11.64,     38.40,          1.34
        -10,          3,    4,        -10.43,          3.30,       1.21,      12.12,     39.97,          1.25
        -10,          3,    5,         -9.90,          3.30,       1.25,      12.50,     41.22,          1.20
        -10,          3,    6,         -9.37,          3.30,       1.30,      12.94,     42.70,          1.16
        -10,          3,    7,         -8.93,          3.30,       1.33,      13.30,     43.86,          1.15
        -10,          4,    1,        -11.49,          3.30,       1.13,      11.30,     37.26,          2.15
        -10,          4,    2,        -10.32,          3.30,       1.19,      11.90,     39.27,          1.75
        -10,          4,    3,         -9.46,          3.30,       1.24,      12.43,     41.01,          1.61
        -10,          4,    4,         -8.78,          3.30,       1.29,      12.92,     42.62,          1.53
        -10,          4,    5,         -8.32,          3.30,       1.34,      13.35,     44.05,          1.46
        -10,          4,    6,         -7.84,          3.30,       1.38,      13.81,     45.54,          1.42
        -10,          4,    7,         -7.55,          3.30,       1.42,      14.20,     46.84,          1.37
        -10,          5,    1,         -9.47,          3.30,       1.22,      12.21,     40.27,          2.72
        -10,          5,    2,         -8.36,          3.30,       1.29,      12.93,     42.64,          2.24
        -10,          5,    3,         -7.58,          3.30,       1.35,      13.55,     44.71,          2.03
        -10,          5,    4,         -7.08,          3.30,       1.40,      14.02,     46.26,          1.93
        -10,          5,    5,         -6.65,          3.30,       1.45,      14.55,     47.98,          1.82
        -10,          5,    6,         -6.28,          3.30,       1.49,      14.94,     49.27,          1.79
        -10,          5,    7,         -5.99,          3.30,       1.54,      15.38,     50.72,          1.72
        -10,          6,    1,         -8.05,          3.30,       1.30,      13.05,     43.06,          3.79
        -10,          6,    2,         -7.03,          3.30,       1.38,      13.85,     45.66,          2.94
        -10,          6,    3,         -6.40,          3.30,       1.45,      14.50,     47.81,          2.58
        -10,          6,    4,         -5.92,          3.30,       1.50,      14.99,     49.44,          2.43
        -10,          6,    5,         -5.54,          3.30,       1.55,      15.52,     51.18,          2.28
        -10,          6,    6,         -5.29,          3.30,       1.60,      15.92,     52.50,          2.18
        -10,          6,    7,         -5.04,          3.30,       1.64,      16.37,     53.97,          2.08
        -10,          7,    1,         -6.84,          3.30,       1.39,      13.95,     46.01,          4.16
        -10,          7,    2,         -5.88,          3.30,       1.48,      14.83,     48.92,          3.27
        -10,          7,    3,         -5.26,          3.30,       1.56,      15.55,     51.28,          2.91
        -10,          7,    4,         -4.89,          3.30,       1.61,      16.11,     53.12,          2.69
        -10,          7,    5,         -4.54,          3.30,       1.66,      16.61,     54.77,          2.56
        -10,          7,    6,         -4.31,          3.30,       1.70,      17.05,     56.21,          2.44
        -10,          7,    7,         -4.12,          3.30,       1.75,      17.50,     57.70,          2.32
         -9,          1,    1,        -18.60,          3.30,       0.96,       9.62,     31.73,          0.69
         -9,          1,    2,        -16.83,          3.30,       1.00,      10.00,     33.01,          0.63
         -9,          1,    3,        -15.39,          3.30,       1.04,      10.40,     34.30,          0.63
         -9,          1,    4,        -14.39,          3.30,       1.08,      10.78,     35.59,          0.62
         -9,          1,    5,        -13.57,          3.30,       1.12,      11.24,     37.06,          0.60
         -9,          1,    6,        -12.86,          3.30,       1.16,      11.53,     38.05,          0.62
         -9,          1,    7,        -12.23,          3.30,       1.19,      11.87,     39.15,          0.64
         -9,          2,    1,        -16.04,          3.30,       1.00,      10.03,     33.11,          1.55
         -9,          2,    2,        -14.48,          3.30,       1.04,      10.46,     34.51,          1.18
         -9,          2,    3,        -13.24,          3.30,       1.09,      10.94,     36.10,          1.03
         -9,          2,    4,        -12.31,          3.30,       1.14,      11.44,     37.74,          0.94
         -9,          2,    5,        -11.57,          3.30,       1.18,      11.80,     38.91,          0.94
         -9,          2,    6,        -10.92,          3.30,       1.22,      12.21,     40.27,          0.92
         -9,          2,    7,        -10.41,          3.30,       1.25,      12.57,     41.45,          0.91
         -9,          3,    1,        -13.08,          3.30,       1.07,      10.67,     35.23,          2.14
         -9,          3,    2,        -11.81,          3.30,       1.13,      11.30,     37.29,          1.51
         -9,          3,    3,        -10.80,          3.30,       1.18,      11.82,     38.98,          1.38
         -9,          3,    4,        -10.03,          3.30,       1.23,      12.25,     40.40,          1.33
         -9,          3,    5,         -9.44,          3.30,       1.27,      12.71,     41.94,          1.26
         -9,          3,    6,         -8.97,          3.30,       1.31,      13.10,     43.22,          1.23
         -9,          3,    7,         -8.57,          3.30,       1.35,      13.48,     44.45,          1.21
         -9,          4,    1,        -11.09,          3.30,       1.14,      11.43,     37.71,          2.40
         -9,          4,    2,         -9.91,          3.30,       1.21,      12.05,     39.77,          1.92
         -9,          4,    3,         -9.09,          3.30,       1.26,      12.64,     41.71,          1.70
         -9,          4,    4,         -8.40,          3.30,       1.31,      13.12,     43.29,          1.64
         -9,          4,    5,         -7.91,          3.30,       1.36,      13.58,     44.78,          1.57
         -9,          4,    6,         -7.49,          3.30,       1.40,      13.99,     46.13,          1.53
         -9,          4,    7,         -7.13,          3.30,       1.45,      14.46,     47.70,          1.46
         -9,          5,    1,         -9.05,          3.30,       1.24,      12.41,     40.93,          3.04
         -9,          5,    2,         -7.91,          3.30,       1.31,      13.18,     43.47,          2.44
         -9,          5,    3,         -7.16,          3.30,       1.38,      13.78,     45.46,          2.23
         -9,          5,    4,         -6.63,          3.30,       1.44,      14.32,     47.23,          2.09
         -9,          5,    5,         -6.18,          3.30,       1.48,      14.81,     48.83,          2.01
         -9,          5,    6,         -5.87,          3.30,       1.53,      15.26,     50.32,          1.92
         -9,          5,    7,         -5.59,          3.30,       1.56,      15.64,     51.59,          1.87
         -9,          6,    1,         -7.61,          3.30,       1.33,      13.32,     43.95,          3.92
         -9,          6,    2,         -6.59,          3.30,       1.41,      14.11,     46.54,          3.12
         -9,          6,    3,         -5.93,          3.30,       1.48,      14.81,     48.84,          2.74
         -9,          6,    4,         -5.47,          3.30,       1.54,      15.37,     50.68,          2.55
         -9,          6,    5,         -5.11,          3.30,       1.58,      15.84,     52.21,          2.43
         -9,          6,    6,         -4.83,          3.30,       1.63,      16.30,     53.76,          2.31
         -9,          6,    7,         -4.59,          3.30,       1.67,      16.73,     55.16,          2.22
         -9,          7,    1,         -6.38,          3.30,       1.42,      14.21,     46.87,          4.71
         -9,          7,    2,         -5.46,          3.30,       1.52,      15.16,     49.99,          3.55
         -9,          7,    3,         -4.84,          3.30,       1.59,      15.91,     52.47,          3.13
         -9,          7,    4,         -4.43,          3.30,       1.65,      16.48,     54.34,          2.92
         -9,          7,    5,         -4.13,          3.30,       1.70,      17.02,     56.14,          2.73
         -9,          7,    6,         -3.87,          3.30,       1.75,      17.48,     57.65,          2.62
         -9,          7,    7,         -3.70,          3.30,       1.80,      17.96,     59.23,          2.48
         -8,          1,    1,        -18.13,          3.30,       0.97,       9.67,     31.91,          0.87
         -8,          1,    2,        -16.37,          3.30,       1.01,      10.09,     33.29,          0.73
         -8,          1,    3,        -14.88,          3.30,       1.05,      10.52,     34.72,          0.71
         -8,          1,    4,        -13.85,          3.30,       1.09,      10.92,     36.01,          0.70
         -8,          1,    5,        -13.09,          3.30,       1.13,      11.34,     37.41,          0.68
         -8,          1,    6,        -12.34,          3.30,       1.17,      11.71,     38.62,          0.69
         -8,          1,    7,        -11.77,          3.30,       1.20,      12.03,     39.68,          0.70
         -8,          2,    1,        -15.67,          3.30,       1.01,      10.13,     33.43,          1.74
         -8,          2,    2,        -14.00,          3.30,       1.06,      10.64,     35.09,          1.24
         -8,          2,    3,        -12.78,          3.30,       1.12,      11.16,     36.83,          1.06
         -8,          2,    4,        -11.81,          3.30,       1.16,      11.60,     38.25,          1.03
         -8,          2,    5,        -11.08,          3.30,       1.20,      12.03,     39.67,          1.00
         -8,          2,    6,        -10.49,          3.30,       1.24,      12.38,     40.84,          1.00
         -8,          2,    7,         -9.95,          3.30,       1.28,      12.78,     42.14,          0.98
         -8,          3,    1,        -12.67,          3.30,       1.09,      10.90,     35.96,          2.22
         -8,          3,    2,        -11.28,          3.30,       1.15,      11.52,     38.00,          1.66
         -8,          3,    3,        -10.31,          3.30,       1.20,      12.00,     39.57,          1.54
         -8,          3,    4,         -9.55,          3.30,       1.25,      12.48,     41.18,          1.45
         -8,          3,    5,         -8.94,          3.30,       1.30,      12.98,     42.82,          1.37
         -8,          3,    6,         -8.46,          3.30,       1.34,      13.36,     44.06,          1.35
         -8,          3,    7,         -8.10,          3.30,       1.38,      13.76,     45.38,          1.31
         -8,          4,    1,        -10.58,          3.30,       1.17,      11.65,     38.44,          2.50
         -8,          4,    2,         -9.42,          3.30,       1.23,      12.31,     40.62,          2.01
         -8,          4,    3,         -8.58,          3.30,       1.29,      12.91,     42.60,          1.81
         -8,          4,    4,         -7.91,          3.30,       1.34,      13.42,     44.27,          1.74
         -8,          4,    5,         -7.42,          3.30,       1.39,      13.86,     45.72,          1.68
         -8,          4,    6,         -6.96,          3.30,       1.43,      14.33,     47.27,          1.63
         -8,          4,    7,         -6.60,          3.30,       1.48,      14.76,     48.68,          1.59
         -8,          5,    1,         -8.46,          3.30,       1.28,      12.73,     42.00,          3.19
         -8,          5,    2,         -7.42,          3.30,       1.35,      13.48,     44.46,          2.62
         -8,          5,    3,         -6.60,          3.30,       1.41,      14.16,     46.69,          2.39
         -8,          5,    4,         -6.06,          3.30,       1.47,      14.71,     48.51,          2.26
         -8,          5,    5,         -5.69,          3.30,       1.52,      15.21,     50.15,          2.14
         -8,          5,    6,         -5.36,          3.30,       1.56,      15.65,     51.60,          2.07
         -8,          5,    7,         -5.09,          3.30,       1.60,      16.03,     52.86,          2.02
         -8,          6,    1,         -7.07,          3.30,       1.37,      13.65,     45.00,          4.33
         -8,          6,    2,         -6.05,          3.30,       1.45,      14.51,     47.84,          3.36
         -8,          6,    3,         -5.41,          3.30,       1.52,      15.21,     50.15,          2.97
         -8,          6,    4,         -4.94,          3.30,       1.58,      15.79,     52.06,          2.76
         -8,          6,    5,         -4.59,          3.30,       1.63,      16.32,     53.82,          2.60
         -8,          6,    6,         -4.31,          3.30,       1.67,      16.75,     55.23,          2.51
         -8,          6,    7,         -4.10,          3.30,       1.71,      17.13,     56.50,          2.43
         -8,          7,    1,         -5.89,          3.30,       1.47,      14.69,     48.45,          4.76
         -8,          7,    2,         -4.90,          3.30,       1.57,      15.64,     51.60,          3.78
         -8,          7,    3,         -4.31,          3.30,       1.64,      16.41,     54.11,          3.35
         -8,          7,    4,         -3.89,          3.30,       1.70,      17.00,     56.06,          3.14
         -8,          7,    5,         -3.56,          3.30,       1.76,      17.55,     57.87,          2.97
         -8,          7,    6,         -3.32,          3.30,       1.81,      18.09,     59.64,          2.81
         -8,          7,    7,         -3.11,          3.30,       1.85,      18.56,     61.19,          2.69
         -7,          1,    1,        -17.76,          3.30,       0.98,       9.78,     32.26,          0.85
         -7,          1,    2,        -16.02,          3.30,       1.02,      10.21,     33.70,          0.73
         -7,          1,    3,        -14.60,          3.30,       1.06,      10.62,     35.03,          0.73
         -7,          1,    4,        -13.59,          3.30,       1.11,      11.03,     36.41,          0.71
         -7,          1,    5,        -12.79,          3.30,       1.14,      11.45,     37.78,          0.70
         -7,          1,    6,        -11.96,          3.30,       1.19,      11.82,     39.01,          0.73
         -7,          1,    7,        -11.47,          3.30,       1.22,      12.13,     40.02,          0.73
         -7,          2,    1,        -15.24,          3.30,       1.02,      10.22,     33.73,          1.98
         -7,          2,    2,        -13.58,          3.30,       1.07,      10.72,     35.36,          1.40
         -7,          2,    3,        -12.41,          3.30,       1.13,      11.29,     37.24,          1.14
         -7,          2,    4,        -11.51,          3.30,       1.17,      11.72,     38.67,          1.10
         -7,          2,    5,        -10.74,          3.30,       1.21,      12.10,     39.92,          1.09
         -7,          2,    6,        -10.13,          3.30,       1.25,      12.52,     41.31,          1.07
         -7,          2,    7,         -9.67,          3.30,       1.29,      12.92,     42.63,          1.04
         -7,          3,    1,        -12.34,          3.30,       1.11,      11.04,     36.41,          2.25
         -7,          3,    2,        -10.96,          3.30,       1.16,      11.65,     38.41,          1.75
         -7,          3,    3,         -9.97,          3.30,       1.22,      12.17,     40.15,          1.59
         -7,          3,    4,         -9.20,          3.30,       1.27,      12.70,     41.92,          1.48
         -7,          3,    5,         -8.64,          3.30,       1.31,      13.14,     43.33,          1.44
         -7,          3,    6,         -8.13,          3.30,       1.35,      13.55,     44.68,          1.42
         -7,          3,    7,         -7.69,          3.30,       1.39,      13.93,     45.95,          1.40
         -7,          4,    1,        -10.21,          3.30,       1.18,      11.80,     38.94,          2.72
         -7,          4,    2,         -9.09,          3.30,       1.25,      12.52,     41.30,          2.10
         -7,          4,    3,         -8.16,          3.30,       1.31,      13.12,     43.31,          1.94
         -7,          4,    4,         -7.54,          3.30,       1.36,      13.61,     44.89,          1.86
         -7,          4,    5,         -7.01,          3.30,       1.41,      14.14,     46.64,          1.78
         -7,          4,    6,         -6.56,          3.30,       1.46,      14.60,     48.16,          1.74
         -7,          4,    7,         -6.21,          3.30,       1.50,      15.00,     49.47,          1.71
         -7,          5,    1,         -8.04,          3.30,       1.29,      12.93,     42.66,          3.40
         -7,          5,    2,         -7.00,          3.30,       1.38,      13.74,     45.32,          2.74
         -7,          5,    3,         -6.20,          3.30,       1.44,      14.41,     47.53,          2.53
         -7,          5,    4,         -5.71,          3.30,       1.50,      14.98,     49.40,          2.36
         -7,          5,    5,         -5.31,          3.30,       1.55,      15.45,     50.94,          2.28
         -7,          5,    6,         -4.98,          3.30,       1.59,      15.94,     52.57,          2.19
         -7,          5,    7,         -4.72,          3.30,       1.64,      16.36,     53.94,          2.12
         -7,          6,    1,         -6.64,          3.30,       1.39,      13.93,     45.95,          4.55
         -7,          6,    2,         -5.63,          3.30,       1.48,      14.79,     48.78,          3.60
         -7,          6,    3,         -5.00,          3.30,       1.55,      15.50,     51.11,          3.19
         -7,          6,    4,         -4.55,          3.30,       1.61,      16.10,     53.08,          2.95
         -7,          6,    5,         -4.20,          3.30,       1.66,      16.59,     54.73,          2.81
         -7,          6,    6,         -3.93,          3.30,       1.71,      17.07,     56.28,          2.68
         -7,          6,    7,         -3.71,          3.30,       1.75,      17.50,     57.69,          2.58
         -7,          7,    1,         -5.48,          3.30,       1.50,      14.95,     49.31,          5.06
         -7,          7,    2,         -4.52,          3.30,       1.60,      15.99,     52.72,          3.92
         -7,          7,    3,         -3.87,          3.30,       1.67,      16.75,     55.24,          3.56
         -7,          7,    4,         -3.49,          3.30,       1.73,      17.35,     57.20,          3.32
         -7,          7,    5,         -3.19,          3.30,       1.80,      17.98,     59.27,          3.08
         -7,          7,    6,         -2.95,          3.30,       1.85,      18.44,     60.81,          2.96
         -7,          7,    7,         -2.74,          3.30,       1.90,      18.97,     62.54,          2.82
         -6,          1,    1,        -17.36,          3.30,       0.99,       9.87,     32.58,          0.92
         -6,          1,    2,        -15.53,          3.30,       1.03,      10.29,     33.93,          0.83
         -6,          1,    3,        -14.21,          3.30,       1.07,      10.72,     35.37,          0.79
         -6,          1,    4,        -13.16,          3.30,       1.12,      11.17,     36.85,          0.77
         -6,          1,    5,        -12.33,          3.30,       1.16,      11.61,     38.30,          0.76
         -6,          1,    6,        -11.60,          3.30,       1.20,      11.95,     39.44,          0.78
         -6,          1,    7,        -11.09,          3.30,       1.23,      12.32,     40.66,          0.77
         -6,          2,    1,        -14.75,          3.30,       1.03,      10.32,     34.06,          2.05
         -6,          2,    2,        -13.27,          3.30,       1.09,      10.84,     35.75,          1.42
         -6,          2,    3,        -11.95,          3.30,       1.14,      11.42,     37.66,          1.22
         -6,          2,    4,        -11.08,          3.30,       1.19,      11.85,     39.10,          1.17
         -6,          2,    5,        -10.31,          3.30,       1.23,      12.30,     40.57,          1.14
         -6,          2,    6,         -9.74,          3.30,       1.27,      12.70,     41.90,          1.12
         -6,          2,    7,         -9.21,          3.30,       1.31,      13.10,     43.22,          1.11
         -6,          3,    1,        -11.84,          3.30,       1.12,      11.20,     36.95,          2.42
         -6,          3,    2,        -10.52,          3.30,       1.18,      11.81,     38.97,          1.88
         -6,          3,    3,         -9.52,          3.30,       1.24,      12.41,     40.93,          1.67
         -6,          3,    4,         -8.80,          3.30,       1.29,      12.88,     42.49,          1.60
         -6,          3,    5,         -8.19,          3.30,       1.33,      13.35,     44.02,          1.55
         -6,          3,    6,         -7.68,          3.30,       1.38,      13.76,     45.39,          1.53
         -6,          3,    7,         -7.30,          3.30,       1.42,      14.21,     46.86,          1.48
         -6,          4,    1,         -9.81,          3.30,       1.21,      12.04,     39.71,          2.83
         -6,          4,    2,         -8.64,          3.30,       1.28,      12.75,     42.05,          2.27
         -6,          4,    3,         -7.76,          3.30,       1.34,      13.37,     44.10,          2.07
         -6,          4,    4,         -7.03,          3.30,       1.39,      13.88,     45.77,          2.03
         -6,          4,    5,         -6.53,          3.30,       1.44,      14.38,     47.44,          1.95
         -6,          4,    6,         -6.14,          3.30,       1.49,      14.85,     49.00,          1.88
         -6,          4,    7,         -5.80,          3.30,       1.53,      15.34,     50.61,          1.80
         -6,          5,    1,         -7.64,          3.30,       1.33,      13.22,     43.60,          3.63
         -6,          5,    2,         -6.50,          3.30,       1.40,      14.04,     46.30,          3.01
         -6,          5,    3,         -5.79,          3.30,       1.48,      14.74,     48.62,          2.70
         -6,          5,    4,         -5.26,          3.30,       1.53,      15.29,     50.42,          2.58
         -6,          5,    5,         -4.88,          3.30,       1.58,      15.83,     52.21,          2.43
         -6,          5,    6,         -4.55,          3.30,       1.63,      16.31,     53.80,          2.35
         -6,          5,    7,         -4.28,          3.30,       1.67,      16.74,     55.19,          2.28
         -6,          6,    1,         -6.16,          3.30,       1.43,      14.28,     47.09,          4.80
         -6,          6,    2,         -5.20,          3.30,       1.52,      15.15,     49.96,          3.81
         -6,          6,    3,         -4.55,          3.30,       1.59,      15.89,     52.40,          3.39
         -6,          6,    4,         -4.10,          3.30,       1.65,      16.51,     54.43,          3.14
         -6,          6,    5,         -3.73,          3.30,       1.70,      17.04,     56.19,          3.00
         -6,          6,    6,         -3.48,          3.30,       1.75,      17.51,     57.72,          2.86
         -6,          6,    7,         -3.25,          3.30,       1.80,      18.00,     59.35,          2.73
         -6,          7,    1,         -5.04,          3.30,       1.54,      15.34,     50.59,          5.30
         -6,          7,    2,         -4.05,          3.30,       1.64,      16.41,     54.13,          4.16
         -6,          7,    3,         -3.43,          3.30,       1.72,      17.15,     56.56,          3.82
         -6,          7,    4,         -3.03,          3.30,       1.79,      17.89,     58.99,          3.48
         -6,          7,    5,         -2.72,          3.30,       1.85,      18.47,     60.92,          3.29
         -6,          7,    6,         -2.49,          3.30,       1.90,      18.97,     62.54,          3.16
         -6,          7,    7,         -2.29,          3.30,       1.95,      19.49,     64.25,          3.02
         -5,          1,    1,        -16.81,          3.30,       1.00,       9.97,     32.91,          1.07
         -5,          1,    2,        -15.15,          3.30,       1.04,      10.42,     34.36,          0.90
         -5,          1,    3,        -13.66,          3.30,       1.09,      10.88,     35.89,          0.87
         -5,          1,    4,        -12.70,          3.30,       1.13,      11.35,     37.42,          0.83
         -5,          1,    5,        -11.89,          3.30,       1.17,      11.72,     38.68,          0.84
         -5,          1,    6,        -11.11,          3.30,       1.21,      12.15,     40.07,          0.85
         -5,          1,    7,        -10.62,          3.30,       1.25,      12.50,     41.21,          0.85
         -5,          2,    1,        -14.27,          3.30,       1.05,      10.48,     34.59,          2.15
         -5,          2,    2,        -12.72,          3.30,       1.11,      11.04,     36.40,          1.51
         -5,          2,    3,        -11.50,          3.30,       1.16,      11.61,     38.29,          1.30
         -5,          2,    4,        -10.58,          3.30,       1.21,      12.05,     39.75,          1.27
         -5,          2,    5,         -9.88,          3.30,       1.25,      12.52,     41.30,          1.22
         -5,          2,    6,         -9.28,          3.30,       1.30,      12.95,     42.71,          1.20
         -5,          2,    7,         -8.78,          3.30,       1.34,      13.38,     44.14,          1.17
         -5,          3,    1,        -11.28,          3.30,       1.14,      11.41,     37.63,          2.54
         -5,          3,    2,        -10.04,          3.30,       1.20,      12.01,     39.62,          2.01
         -5,          3,    3,         -9.00,          3.30,       1.27,      12.66,     41.75,          1.79
         -5,          3,    4,         -8.23,          3.30,       1.32,      13.20,     43.53,          1.70
         -5,          3,    5,         -7.64,          3.30,       1.36,      13.62,     44.92,          1.68
         -5,          3,    6,         -7.18,          3.30,       1.41,      14.07,     46.40,          1.63
         -5,          3,    7,         -6.69,          3.30,       1.45,      14.54,     47.96,          1.62
         -5,          4,    1,         -9.26,          3.30,       1.23,      12.26,     40.43,          3.22
         -5,          4,    2,         -8.07,          3.30,       1.30,      13.04,     43.02,          2.49
         -5,          4,    3,         -7.19,          3.30,       1.37,      13.69,     45.17,          2.27
         -5,          4,    4,         -6.53,          3.30,       1.42,      14.22,     46.89,          2.19
         -5,          4,    5,         -5.99,          3.30,       1.48,      14.78,     48.74,          2.10
         -5,          4,    6,         -5.59,          3.30,       1.53,      15.26,     50.34,          2.03
         -5,          4,    7,         -5.26,          3.30,       1.57,      15.70,     51.77,          1.98
         -5,          5,    1,         -7.06,          3.30,       1.36,      13.56,     44.72,          3.78
         -5,          5,    2,         -5.97,          3.30,       1.44,      14.41,     47.54,          3.16
         -5,          5,    3,         -5.22,          3.30,       1.52,      15.18,     50.08,          2.85
         -5,          5,    4,         -4.71,          3.30,       1.57,      15.75,     51.92,          2.73
         -5,          5,    5,         -4.29,          3.30,       1.63,      16.31,     53.78,          2.61
         -5,          5,    6,         -3.98,          3.30,       1.68,      16.79,     55.36,          2.53
         -5,          5,    7,         -3.70,          3.30,       1.72,      17.22,     56.77,          2.47
         -5,          6,    1,         -5.58,          3.30,       1.47,      14.70,     48.49,          5.23
         -5,          6,    2,         -4.64,          3.30,       1.56,      15.63,     51.55,          4.12
         -5,          6,    3,         -3.96,          3.30,       1.64,      16.40,     54.08,          3.69
         -5,          6,    4,         -3.50,          3.30,       1.70,      17.04,     56.19,          3.44
         -5,          6,    5,         -3.19,          3.30,       1.76,      17.58,     57.99,          3.24
         -5,          6,    6,         -2.91,          3.30,       1.81,      18.11,     59.71,          3.10
         -5,          6,    7,         -2.68,          3.30,       1.86,      18.62,     61.41,          2.96
         -5,          7,    1,         -4.45,          3.30,       1.59,      15.87,     52.33,          5.74
         -5,          7,    2,         -3.45,          3.30,       1.69,      16.92,     55.81,          4.63
         -5,          7,    3,         -2.87,          3.30,       1.78,      17.80,     58.69,          4.09
         -5,          7,    4,         -2.45,          3.30,       1.85,      18.50,     61.00,          3.81
         -5,          7,    5,         -2.15,          3.30,       1.91,      19.13,     63.06,          3.59
         -5,          7,    6,         -1.92,          3.30,       1.97,      19.65,     64.77,          3.44
         -5,          7,    7,         -1.75,          3.30,       2.02,      20.18,     66.53,          3.27
         -4,          1,    1,        -16.33,          3.30,       1.01,      10.05,     33.18,          1.15
         -4,          1,    2,        -14.70,          3.30,       1.05,      10.53,     34.74,          0.94
         -4,          1,    3,        -13.42,          3.30,       1.10,      11.04,     36.40,          0.87
         -4,          1,    4,        -12.25,          3.30,       1.15,      11.49,     37.90,          0.88
         -4,          1,    5,        -11.44,          3.30,       1.19,      11.87,     39.15,          0.90
         -4,          1,    6,        -10.81,          3.30,       1.23,      12.27,     40.48,          0.89
         -4,          1,    7,        -10.25,          3.30,       1.26,      12.64,     41.68,          0.90
         -4,          2,    1,        -13.82,          3.30,       1.06,      10.59,     34.93,          2.44
         -4,          2,    2,        -12.34,          3.30,       1.12,      11.18,     36.90,          1.59
         -4,          2,    3,        -11.03,          3.30,       1.17,      11.74,     38.71,          1.44
         -4,          2,    4,        -10.14,          3.30,       1.22,      12.23,     40.34,          1.36
         -4,          2,    5,         -9.47,          3.30,       1.27,      12.72,     41.95,          1.29
         -4,          2,    6,         -8.83,          3.30,       1.31,      13.15,     43.38,          1.29
         -4,          2,    7,         -8.32,          3.30,       1.36,      13.57,     44.76,          1.28
         -4,          3,    1,        -10.87,          3.30,       1.16,      11.57,     38.15,          2.70
         -4,          3,    2,         -9.61,          3.30,       1.22,      12.22,     40.33,          2.10
         -4,          3,    3,         -8.62,          3.30,       1.29,      12.84,     42.35,          1.90
         -4,          3,    4,         -7.85,          3.30,       1.34,      13.37,     44.09,          1.83
         -4,          3,    5,         -7.25,          3.30,       1.39,      13.88,     45.79,          1.77
         -4,          3,    6,         -6.68,          3.30,       1.43,      14.33,     47.28,          1.76
         -4,          3,    7,         -6.32,          3.30,       1.48,      14.83,     48.92,          1.69
         -4,          4,    1,         -8.84,          3.30,       1.25,      12.50,     41.25,          3.26
         -4,          4,    2,         -7.64,          3.30,       1.33,      13.26,     43.75,          2.65
         -4,          4,    3,         -6.76,          3.30,       1.39,      13.93,     45.95,          2.42
         -4,          4,    4,         -6.09,          3.30,       1.46,      14.58,     48.09,          2.27
         -4,          4,    5,         -5.59,          3.30,       1.51,      15.08,     49.72,          2.21
         -4,          4,    6,         -5.22,          3.30,       1.56,      15.58,     51.39,          2.13
         -4,          4,    7,         -4.83,          3.30,       1.60,      16.00,     52.76,          2.12
         -4,          5,    1,         -6.62,          3.30,       1.39,      13.85,     45.68,          4.04
         -4,          5,    2,         -5.55,          3.30,       1.48,      14.76,     48.68,          3.32
         -4,          5,    3,         -4.80,          3.30,       1.55,      15.50,     51.14,          3.05
         -4,          5,    4,         -4.27,          3.30,       1.61,      16.13,     53.21,          2.89
         -4,          5,    5,         -3.88,          3.30,       1.66,      16.62,     54.80,          2.82
         -4,          5,    6,         -3.56,          3.30,       1.71,      17.12,     56.46,          2.73
         -4,          5,    7,         -3.27,          3.30,       1.76,      17.62,     58.09,          2.64
         -4,          6,    1,         -5.17,          3.30,       1.50,      15.03,     49.56,          5.41
         -4,          6,    2,         -4.21,          3.30,       1.61,      16.03,     52.88,          4.24
         -4,          6,    3,         -3.56,          3.30,       1.68,      16.76,     55.27,          3.88
         -4,          6,    4,         -3.11,          3.30,       1.74,      17.43,     57.49,          3.61
         -4,          6,    5,         -2.78,          3.30,       1.81,      18.06,     59.54,          3.38
         -4,          6,    6,         -2.47,          3.30,       1.86,      18.57,     61.22,          3.27
         -4,          6,    7,         -2.26,          3.30,       1.91,      19.08,     62.92,          3.13
         -4,          7,    1,         -4.02,          3.30,       1.62,      16.24,     53.56,          6.07
         -4,          7,    2,         -3.02,          3.30,       1.74,      17.33,     57.16,          4.92
         -4,          7,    3,         -2.43,          3.30,       1.83,      18.32,     60.40,          4.28
         -4,          7,    4,         -2.03,          3.30,       1.90,      19.02,     62.73,          3.99
         -4,          7,    5,         -1.73,          3.30,       1.96,      19.64,     64.74,          3.79
         -4,          7,    6,         -1.50,          3.30,       2.02,      20.17,     66.51,          3.63
         -4,          7,    7,         -1.30,          3.30,       2.07,      20.70,     68.24,          3.49
         -3,          1,    1,        -15.94,          3.30,       1.02,      10.18,     33.59,          1.14
         -3,          1,    2,        -14.24,          3.30,       1.07,      10.64,     35.10,          1.01
         -3,          1,    3,        -12.93,          3.30,       1.12,      11.16,     36.82,          0.93
         -3,          1,    4,        -11.84,          3.30,       1.16,      11.66,     38.46,          0.92
         -3,          1,    5,        -11.09,          3.30,       1.20,      12.05,     39.76,          0.93
         -3,          1,    6,        -10.35,          3.30,       1.24,      12.45,     41.08,          0.95
         -3,          1,    7,         -9.81,          3.30,       1.29,      12.83,     42.32,          0.95
         -3,          2,    1,        -13.31,          3.30,       1.07,      10.74,     35.45,          2.61
         -3,          2,    2,        -11.88,          3.30,       1.14,      11.37,     37.53,          1.68
         -3,          2,    3,        -10.59,          3.30,       1.19,      11.94,     39.38,          1.53
         -3,          2,    4,         -9.70,          3.30,       1.25,      12.46,     41.08,          1.44
         -3,          2,    5,         -8.99,          3.30,       1.30,      12.98,     42.82,          1.38
         -3,          2,    6,         -8.39,          3.30,       1.34,      13.39,     44.16,          1.38
         -3,          2,    7,         -7.89,          3.30,       1.38,      13.81,     45.53,          1.37
         -3,          3,    1,        -10.48,          3.30,       1.18,      11.75,     38.75,          2.86
         -3,          3,    2,         -9.13,          3.30,       1.25,      12.43,     41.00,          2.27
         -3,          3,    3,         -8.08,          3.30,       1.31,      13.11,     43.25,          2.04
         -3,          3,    4,         -7.36,          3.30,       1.37,      13.67,     45.07,          1.94
         -3,          3,    5,         -6.74,          3.30,       1.42,      14.15,     46.66,          1.92
         -3,          3,    6,         -6.28,          3.30,       1.47,      14.67,     48.40,          1.84
         -3,          3,    7,         -5.85,          3.30,       1.51,      15.10,     49.80,          1.83
         -3,          4,    1,         -8.36,          3.30,       1.28,      12.76,     42.07,          3.53
         -3,          4,    2,         -7.14,          3.30,       1.36,      13.57,     44.75,          2.84
         -3,          4,    3,         -6.25,          3.30,       1.43,      14.29,     47.15,          2.57
         -3,          4,    4,         -5.61,          3.30,       1.49,      14.88,     49.08,          2.47
         -3,          4,    5,         -5.09,          3.30,       1.54,      15.42,     50.86,          2.40
         -3,          4,    6,         -4.69,          3.30,       1.59,      15.90,     52.43,          2.34
         -3,          4,    7,         -4.36,          3.30,       1.64,      16.43,     54.16,          2.26
         -3,          5,    1,         -6.11,          3.30,       1.42,      14.17,     46.75,          4.32
         -3,          5,    2,         -5.06,          3.30,       1.51,      15.12,     49.87,          3.54
         -3,          5,    3,         -4.31,          3.30,       1.59,      15.87,     52.34,          3.29
         -3,          5,    4,         -3.78,          3.30,       1.66,      16.55,     54.59,          3.10
         -3,          5,    5,         -3.38,          3.30,       1.71,      17.07,     56.29,          3.02
         -3,          5,    6,         -3.06,          3.30,       1.76,      17.58,     57.96,          2.93
         -3,          5,    7,         -2.79,          3.30,       1.82,      18.17,     59.91,          2.79
         -3,          6,    1,         -4.65,          3.30,       1.54,      15.45,     50.94,          5.98
         -3,          6,    2,         -3.68,          3.30,       1.65,      16.50,     54.40,          4.66
         -3,          6,    3,         -3.02,          3.30,       1.73,      17.31,     57.07,          4.21
         -3,          6,    4,         -2.59,          3.30,       1.80,      17.98,     59.28,          3.91
         -3,          6,    5,         -2.25,          3.30,       1.86,      18.62,     61.39,          3.68
         -3,          6,    6,         -1.95,          3.30,       1.91,      19.16,     63.16,          3.55
         -3,          6,    7,         -1.74,          3.30,       1.97,      19.69,     64.91,          3.40
         -3,          7,    1,         -3.49,          3.30,       1.67,      16.73,     55.17,          6.60
         -3,          7,    2,         -2.50,          3.30,       1.80,      17.95,     59.20,          5.21
         -3,          7,    3,         -1.90,          3.30,       1.89,      18.89,     62.29,          4.64
         -3,          7,    4,         -1.52,          3.30,       1.97,      19.67,     64.85,          4.28
         -3,          7,    5,         -1.22,          3.30,       2.03,      20.27,     66.82,          4.10
         -3,          7,    6,         -0.96,          3.30,       2.09,      20.85,     68.74,          3.94
         -3,          7,    7,         -0.80,          3.30,       2.14,      21.41,     70.59,          3.74
         -2,          1,    1,        -15.44,          3.30,       1.03,      10.35,     34.14,          1.31
         -2,          1,    2,        -13.79,          3.30,       1.08,      10.85,     35.79,          1.09
         -2,          1,    3,        -12.40,          3.30,       1.14,      11.37,     37.50,          1.04
         -2,          1,    4,        -11.39,          3.30,       1.18,      11.83,     39.01,          1.03
         -2,          1,    5,        -10.57,          3.30,       1.23,      12.26,     40.44,          1.03
         -2,          1,    6,         -9.93,          3.30,       1.27,      12.67,     41.81,          1.03
         -2,          1,    7,         -9.41,          3.30,       1.31,      13.05,     43.07,          1.03
         -2,          2,    1,        -12.91,          3.30,       1.10,      10.98,     36.21,          2.56
         -2,          2,    2,        -11.43,          3.30,       1.16,      11.57,     38.16,          1.82
         -2,          2,    3,        -10.23,          3.30,       1.22,      12.14,     40.05,          1.63
         -2,          2,    4,         -9.27,          3.30,       1.27,      12.68,     41.84,          1.55
         -2,          2,    5,         -8.55,          3.30,       1.32,      13.22,     43.60,          1.49
         -2,          2,    6,         -7.92,          3.30,       1.36,      13.63,     44.94,          1.51
         -2,          2,    7,         -7.45,          3.30,       1.41,      14.07,     46.40,          1.47
         -2,          3,    1,         -9.98,          3.30,       1.20,      12.00,     39.57,          3.29
         -2,          3,    2,         -8.69,          3.30,       1.27,      12.73,     41.99,          2.47
         -2,          3,    3,         -7.67,          3.30,       1.34,      13.37,     44.09,          2.26
         -2,          3,    4,         -6.90,          3.30,       1.39,      13.95,     46.01,          2.15
         -2,          3,    5,         -6.29,          3.30,       1.45,      14.53,     47.91,          2.06
         -2,          3,    6,         -5.81,          3.30,       1.50,      15.03,     49.56,          2.01
         -2,          3,    7,         -5.42,          3.30,       1.55,      15.45,     50.95,          1.99
         -2,          4,    1,         -7.93,          3.30,       1.31,      13.09,     43.19,          3.67
         -2,          4,    2,         -6.66,          3.30,       1.39,      13.89,     45.81,          3.08
         -2,          4,    3,         -5.77,          3.30,       1.46,      14.67,     48.37,          2.77
         -2,          4,    4,         -5.16,          3.30,       1.52,      15.26,     50.34,          2.64
         -2,          4,    5,         -4.64,          3.30,       1.58,      15.82,     52.19,          2.57
         -2,          4,    6,         -4.24,          3.30,       1.64,      16.34,     53.89,          2.50
         -2,          4,    7,         -3.90,          3.30,       1.68,      16.85,     55.55,          2.43
         -2,          5,    1,         -5.66,          3.30,       1.46,      14.60,     48.16,          4.50
         -2,          5,    2,         -4.55,          3.30,       1.55,      15.53,     51.22,          3.85
         -2,          5,    3,         -3.84,          3.30,       1.64,      16.37,     53.98,          3.48
         -2,          5,    4,         -3.33,          3.30,       1.70,      17.01,     56.09,          3.32
         -2,          5,    5,         -2.88,          3.30,       1.76,      17.58,     57.99,          3.25
         -2,          5,    6,         -2.58,          3.30,       1.82,      18.18,     59.95,          3.10
         -2,          5,    7,         -2.31,          3.30,       1.87,      18.67,     61.55,          3.03
         -2,          6,    1,         -4.20,          3.30,       1.59,      15.90,     52.43,          6.19
         -2,          6,    2,         -3.18,          3.30,       1.70,      16.97,     55.96,          4.97
         -2,          6,    3,         -2.57,          3.30,       1.79,      17.82,     58.76,          4.44
         -2,          6,    4,         -2.09,          3.30,       1.86,      18.57,     61.24,          4.13
         -2,          6,    5,         -1.78,          3.30,       1.92,      19.23,     63.40,          3.88
         -2,          6,    6,         -1.51,          3.30,       1.98,      19.79,     65.24,          3.72
         -2,          6,    7,         -1.27,          3.30,       2.03,      20.28,     66.86,          3.63
         -2,          7,    1,         -2.99,          3.30,       1.73,      17.29,     57.01,          6.93
         -2,          7,    2,         -2.02,          3.30,       1.85,      18.54,     61.15,          5.52
         -2,          7,    3,         -1.39,          3.30,       1.96,      19.57,     64.52,          4.92
         -2,          7,    4,         -1.02,          3.30,       2.04,      20.33,     67.02,          4.58
         -2,          7,    5,         -0.71,          3.30,       2.10,      20.98,     69.18,          4.37
         -2,          7,    6,         -0.50,          3.30,       2.16,      21.56,     71.08,          4.18
         -2,          7,    7,         -0.30,          3.30,       2.21,      22.13,     72.95,          4.03
         -1,          1,    1,        -15.07,          3.30,       1.04,      10.44,     34.44,          1.38
         -1,          1,    2,        -13.40,          3.30,       1.10,      10.96,     36.15,          1.15
         -1,          1,    3,        -12.01,          3.30,       1.15,      11.51,     37.97,          1.09
         -1,          1,    4,        -10.93,          3.30,       1.20,      11.96,     39.47,          1.11
         -1,          1,    5,        -10.18,          3.30,       1.24,      12.41,     40.94,          1.10
         -1,          1,    6,         -9.51,          3.30,       1.29,      12.88,     42.50,          1.08
         -1,          1,    7,         -9.00,          3.30,       1.33,      13.25,     43.70,          1.09
         -1,          2,    1,        -12.56,          3.30,       1.11,      11.14,     36.75,          2.56
         -1,          2,    2,        -10.95,          3.30,       1.17,      11.74,     38.72,          1.94
         -1,          2,    3,         -9.83,          3.30,       1.23,      12.32,     40.66,          1.71
         -1,          2,    4,         -8.89,          3.30,       1.29,      12.89,     42.52,          1.63
         -1,          2,    5,         -8.14,          3.30,       1.34,      13.39,     44.18,          1.60
         -1,          2,    6,         -7.54,          3.30,       1.39,      13.86,     45.73,          1.58
         -1,          2,    7,         -7.03,          3.30,       1.44,      14.32,     47.22,          1.57
         -1,          3,    1,         -9.58,          3.30,       1.22,      12.20,     40.24,          3.59
         -1,          3,    2,         -8.26,          3.30,       1.29,      12.96,     42.76,          2.67
         -1,          3,    3,         -7.19,          3.30,       1.36,      13.67,     45.08,          2.41
         -1,          3,    4,         -6.44,          3.30,       1.42,      14.24,     46.96,          2.32
         -1,          3,    5,         -5.84,          3.30,       1.48,      14.80,     48.81,          2.24
         -1,          3,    6,         -5.39,          3.30,       1.53,      15.31,     50.49,          2.17
         -1,          3,    7,         -4.99,          3.30,       1.57,      15.78,     52.02,          2.13
         -1,          4,    1,         -7.46,          3.30,       1.34,      13.34,     43.99,          3.89
         -1,          4,    2,         -6.21,          3.30,       1.42,      14.16,     46.71,          3.26
         -1,          4,    3,         -5.34,          3.30,       1.49,      14.95,     49.31,          2.94
         -1,          4,    4,         -4.71,          3.30,       1.56,      15.65,     51.62,          2.76
         -1,          4,    5,         -4.21,          3.30,       1.62,      16.17,     53.34,          2.71
         -1,          4,    6,         -3.81,          3.30,       1.67,      16.73,     55.18,          2.63
         -1,          4,    7,         -3.43,          3.30,       1.72,      17.24,     56.84,          2.60
         -1,          5,    1,         -5.23,          3.30,       1.49,      14.94,     49.27,          4.80
         -1,          5,    2,         -4.13,          3.30,       1.59,      15.90,     52.44,          4.10
         -1,          5,    3,         -3.41,          3.30,       1.68,      16.76,     55.26,          3.72
         -1,          5,    4,         -2.87,          3.30,       1.74,      17.42,     57.44,          3.58
         -1,          5,    5,         -2.46,          3.30,       1.81,      18.06,     59.57,          3.43
         -1,          5,    6,         -2.14,          3.30,       1.87,      18.63,     61.43,          3.32
         -1,          5,    7,         -1.88,          3.30,       1.92,      19.14,     63.12,          3.23
         -1,          6,    1,         -3.73,          3.30,       1.63,      16.32,     53.82,          6.70
         -1,          6,    2,         -2.76,          3.30,       1.74,      17.42,     57.43,          5.33
         -1,          6,    3,         -2.09,          3.30,       1.84,      18.38,     60.62,          4.71
         -1,          6,    4,         -1.66,          3.30,       1.91,      19.09,     62.95,          4.42
         -1,          6,    5,         -1.33,          3.30,       1.97,      19.74,     65.10,          4.18
         -1,          6,    6,         -1.04,          3.30,       2.03,      20.28,     66.86,          4.07
         -1,          6,    7,         -0.82,          3.30,       2.08,      20.84,     68.73,          3.90
         -1,          7,    1,         -2.55,          3.30,       1.78,      17.75,     58.54,          7.46
         -1,          7,    2,         -1.57,          3.30,       1.91,      19.10,     62.96,          5.87
         -1,          7,    3,         -0.95,          3.30,       2.01,      20.13,     66.37,          5.26
         -1,          7,    4,         -0.56,          3.30,       2.09,      20.89,     68.87,          4.95
         -1,          7,    5,         -0.26,          3.30,       2.16,      21.62,     71.27,          4.67
         -1,          7,    6,         -0.04,          3.30,       2.22,      22.24,     73.33,          4.46
         -1,          7,    7,          0.16,          3.30,       2.29,      22.82,     75.23,          4.30
          0,          1,    1,        -14.64,          3.30,       1.05,      10.57,     34.86,          1.46
          0,          1,    2,        -12.87,          3.30,       1.11,      11.13,     36.69,          1.23
          0,          1,    3,        -11.59,          3.30,       1.17,      11.69,     38.55,          1.15
          0,          1,    4,        -10.52,          3.30,       1.21,      12.15,     40.07,          1.17
          0,          1,    5,         -9.80,          3.30,       1.26,      12.62,     41.62,          1.15
          0,          1,    6,         -9.09,          3.30,       1.31,      13.10,     43.20,          1.15
          0,          1,    7,         -8.53,          3.30,       1.35,      13.46,     44.41,          1.18
          0,          2,    1,        -11.96,          3.30,       1.13,      11.29,     37.26,          2.81
          0,          2,    2,        -10.45,          3.30,       1.19,      11.91,     39.30,          2.09
          0,          2,    3,         -9.33,          3.30,       1.25,      12.54,     41.36,          1.83
          0,          2,    4,         -8.41,          3.30,       1.31,      13.15,     43.37,          1.72
          0,          2,    5,         -7.63,          3.30,       1.37,      13.70,     45.21,          1.69
          0,          2,    6,         -7.02,          3.30,       1.42,      14.15,     46.68,          1.70
          0,          2,    7,         -6.47,          3.30,       1.47,      14.67,     48.37,          1.69
          0,          3,    1,         -9.11,          3.30,       1.24,      12.44,     41.02,          3.62
          0,          3,    2,         -7.77,          3.30,       1.32,      13.23,     43.65,          2.78
          0,          3,    3,         -6.70,          3.30,       1.39,      13.94,     45.99,          2.56
          0,          3,    4,         -5.98,          3.30,       1.46,      14.60,     48.16,          2.40
          0,          3,    5,         -5.38,          3.30,       1.51,      15.15,     49.97,          2.35
          0,          3,    6,         -4.89,          3.30,       1.57,      15.66,     51.65,          2.31
          0,          3,    7,         -4.47,          3.30,       1.62,      16.18,     53.37,          2.27
          0,          4,    1,         -6.91,          3.30,       1.36,      13.62,     44.93,          4.40
          0,          4,    2,         -5.72,          3.30,       1.45,      14.53,     47.92,          3.52
          0,          4,    3,         -4.85,          3.30,       1.53,      15.32,     50.53,          3.20
          0,          4,    4,         -4.24,          3.30,       1.60,      15.99,     52.75,          3.03
          0,          4,    5,         -3.73,          3.30,       1.66,      16.63,     54.83,          2.92
          0,          4,    6,         -3.29,          3.30,       1.72,      17.14,     56.52,          2.89
          0,          4,    7,         -2.96,          3.30,       1.77,      17.69,     58.31,          2.81
          0,          5,    1,         -4.70,          3.30,       1.53,      15.29,     50.43,          5.19
          0,          5,    2,         -3.64,          3.30,       1.64,      16.39,     54.04,          4.27
          0,          5,    3,         -2.87,          3.30,       1.72,      17.24,     56.85,          3.99
          0,          5,    4,         -2.34,          3.30,       1.80,      18.01,     59.40,          3.76
          0,          5,    5,         -1.92,          3.30,       1.86,      18.62,     61.40,          3.67
          0,          5,    6,         -1.63,          3.30,       1.92,      19.21,     63.33,          3.54
          0,          5,    7,         -1.37,          3.30,       1.98,      19.75,     65.13,          3.44
          0,          6,    1,         -3.22,          3.30,       1.68,      16.76,     55.27,          7.43
          0,          6,    2,         -2.22,          3.30,       1.80,      17.98,     59.30,          5.74
          0,          6,    3,         -1.59,          3.30,       1.89,      18.91,     62.36,          5.13
          0,          6,    4,         -1.14,          3.30,       1.97,      19.70,     64.96,          4.78
          0,          6,    5,         -0.79,          3.30,       2.03,      20.33,     67.02,          4.59
          0,          6,    6,         -0.52,          3.30,       2.10,      20.97,     69.14,          4.37
          0,          6,    7,         -0.32,          3.30,       2.15,      21.54,     71.00,          4.19
          0,          7,    1,         -2.00,          3.30,       1.84,      18.37,     60.56,          7.96
          0,          7,    2,         -1.05,          3.30,       1.98,      19.82,     65.36,          6.17
          0,          7,    3,         -0.42,          3.30,       2.08,      20.78,     68.49,          5.72
          0,          7,    4,         -0.04,          3.30,       2.17,      21.65,     71.36,          5.29
          0,          7,    5,          0.26,          3.30,       2.24,      22.38,     73.78,          5.02
          0,          7,    6,          0.49,          3.30,       2.30,      23.07,     76.03,          4.79
          0,          7,    7,          0.67,          3.30,       2.36,      23.64,     77.94,          4.61
          1,          1,    1,        -14.18,          3.30,       0.97,       9.72,     32.09,          1.44
          1,          1,    2,        -12.42,          3.30,       1.03,      10.26,     33.83,          1.30
          1,          1,    3,        -11.12,          3.30,       1.08,      10.81,     35.68,          1.24
          1,          1,    4,        -10.07,          3.30,       1.14,      11.36,     37.46,          1.23
          1,          1,    5,         -9.32,          3.30,       1.18,      11.80,     38.93,          1.23
          1,          1,    6,         -8.63,          3.30,       1.22,      12.25,     40.42,          1.25
          1,          1,    7,         -8.07,          3.30,       1.27,      12.69,     41.85,          1.26
          1,          2,    1,        -11.54,          3.30,       1.04,      10.43,     34.42,          3.25
          1,          2,    2,        -10.05,          3.30,       1.11,      11.15,     36.79,          2.18
          1,          2,    3,         -8.88,          3.30,       1.18,      11.76,     38.80,          1.98
          1,          2,    4,         -7.92,          3.30,       1.23,      12.36,     40.75,          1.90
          1,          2,    5,         -7.19,          3.30,       1.29,      12.90,     42.54,          1.86
          1,          2,    6,         -6.57,          3.30,       1.34,      13.42,     44.26,          1.84
          1,          2,    7,         -6.04,          3.30,       1.39,      13.89,     45.81,          1.84
          1,          3,    1,         -8.67,          3.30,       1.17,      11.67,     38.48,          3.72
          1,          3,    2,         -7.29,          3.30,       1.25,      12.48,     41.18,          2.94
          1,          3,    3,         -6.23,          3.30,       1.32,      13.25,     43.73,          2.67
          1,          3,    4,         -5.52,          3.30,       1.38,      13.85,     45.69,          2.58
          1,          3,    5,         -4.94,          3.30,       1.45,      14.49,     47.80,          2.47
          1,          3,    6,         -4.41,          3.30,       1.50,      15.01,     49.50,          2.47
          1,          3,    7,         -4.05,          3.30,       1.55,      15.50,     51.12,          2.41
          1,          4,    1,         -6.43,          3.30,       1.29,      12.95,     42.71,          4.50
          1,          4,    2,         -5.27,          3.30,       1.38,      13.84,     45.66,          3.71
          1,          4,    3,         -4.39,          3.30,       1.47,      14.69,     48.45,          3.37
          1,          4,    4,         -3.72,          3.30,       1.54,      15.36,     50.66,          3.27
          1,          4,    5,         -3.23,          3.30,       1.60,      16.01,     52.79,          3.14
          1,          4,    6,         -2.84,          3.30,       1.66,      16.61,     54.80,          3.03
          1,          4,    7,         -2.49,          3.30,       1.71,      17.10,     56.39,          3.01
          1,          5,    1,         -4.24,          3.30,       1.47,      14.72,     48.57,          5.39
          1,          5,    2,         -3.13,          3.30,       1.58,      15.80,     52.12,          4.62
          1,          5,    3,         -2.37,          3.30,       1.67,      16.71,     55.10,          4.29
          1,          5,    4,         -1.85,          3.30,       1.75,      17.45,     57.56,          4.09
          1,          5,    5,         -1.49,          3.30,       1.82,      18.18,     59.92,          3.87
          1,          5,    6,         -1.16,          3.30,       1.88,      18.73,     61.77,          3.79
          1,          5,    7,         -0.88,          3.30,       1.93,      19.30,     63.62,          3.71
          1,          6,    1,         -2.75,          3.30,       1.63,      16.30,     53.76,          7.45
          1,          6,    2,         -1.74,          3.30,       1.75,      17.47,     57.63,          6.10
          1,          6,    3,         -1.11,          3.30,       1.85,      18.51,     61.04,          5.38
          1,          6,    4,         -0.68,          3.30,       1.93,      19.32,     63.69,          5.02
          1,          6,    5,         -0.32,          3.30,       2.01,      20.05,     66.10,          4.77
          1,          6,    6,         -0.03,          3.30,       2.06,      20.62,     68.00,          4.64
          1,          6,    7,          0.17,          3.30,       2.13,      21.31,     70.23,          4.41
          1,          7,    1,         -1.53,          3.30,       1.80,      17.95,     59.18,          8.44
          1,          7,    2,         -0.56,          3.30,       1.94,      19.37,     63.87,          6.75
          1,          7,    3,          0.06,          3.30,       2.05,      20.46,     67.43,          6.11
          1,          7,    4,          0.45,          3.30,       2.14,      21.39,     70.52,          5.64
          1,          7,    5,          0.76,          3.30,       2.21,      22.14,     72.98,          5.38
          1,          7,    6,          0.98,          3.30,       2.28,      22.83,     75.24,          5.13
          1,          7,    7,          1.16,          3.30,       2.34,      23.43,     77.22,          4.96
          2,          1,    1,        -13.60,          3.30,       0.98,       9.79,     32.29,          1.63
          2,          1,    2,        -12.04,          3.30,       1.03,      10.36,     34.18,          1.37
          2,          1,    3,        -10.71,          3.30,       1.09,      10.95,     36.12,          1.31
          2,          1,    4,         -9.71,          3.30,       1.15,      11.51,     37.96,          1.28
          2,          1,    5,         -8.87,          3.30,       1.19,      11.95,     39.40,          1.33
          2,          1,    6,         -8.20,          3.30,       1.24,      12.41,     40.95,          1.34
          2,          1,    7,         -7.66,          3.30,       1.29,      12.89,     42.51,          1.33
          2,          2,    1,        -11.15,          3.30,       1.06,      10.55,     34.78,          3.47
          2,          2,    2,         -9.66,          3.30,       1.13,      11.30,     37.28,          2.30
          2,          2,    3,         -8.48,          3.30,       1.19,      11.93,     39.35,          2.09
          2,          2,    4,         -7.52,          3.30,       1.26,      12.57,     41.47,          1.99
          2,          2,    5,         -6.80,          3.30,       1.31,      13.14,     43.35,          1.94
          2,          2,    6,         -6.12,          3.30,       1.36,      13.64,     44.99,          1.97
          2,          2,    7,         -5.63,          3.30,       1.41,      14.11,     46.55,          1.96
          2,          3,    1,         -8.22,          3.30,       1.19,      11.85,     39.08,          4.14
          2,          3,    2,         -6.84,          3.30,       1.27,      12.71,     41.94,          3.19
          2,          3,    3,         -5.82,          3.30,       1.35,      13.53,     44.63,          2.85
          2,          3,    4,         -5.07,          3.30,       1.41,      14.11,     46.55,          2.80
          2,          3,    5,         -4.49,          3.30,       1.48,      14.76,     48.69,          2.68
          2,          3,    6,         -3.99,          3.30,       1.53,      15.32,     50.52,          2.65
          2,          3,    7,         -3.62,          3.30,       1.58,      15.82,     52.19,          2.60
          2,          4,    1,         -5.99,          3.30,       1.32,      13.19,     43.50,          4.83
          2,          4,    2,         -4.80,          3.30,       1.42,      14.15,     46.70,          3.94
          2,          4,    3,         -3.94,          3.30,       1.50,      15.01,     49.51,          3.60
          2,          4,    4,         -3.30,          3.30,       1.57,      15.74,     51.93,          3.43
          2,          4,    5,         -2.81,          3.30,       1.64,      16.44,     54.21,          3.29
          2,          4,    6,         -2.39,          3.30,       1.70,      17.01,     56.10,          3.24
          2,          4,    7,         -2.05,          3.30,       1.75,      17.53,     57.80,          3.20
          2,          5,    1,         -3.77,          3.30,       1.51,      15.08,     49.74,          5.82
          2,          5,    2,         -2.70,          3.30,       1.62,      16.24,     53.55,          4.87
          2,          5,    3,         -1.92,          3.30,       1.72,      17.16,     56.60,          4.56
          2,          5,    4,         -1.42,          3.30,       1.80,      17.99,     59.31,          4.30
          2,          5,    5,         -1.02,          3.30,       1.87,      18.68,     61.59,          4.15
          2,          5,    6,         -0.71,          3.30,       1.93,      19.29,     63.60,          4.03
          2,          5,    7,         -0.44,          3.30,       1.99,      19.89,     65.57,          3.92
          2,          6,    1,         -2.25,          3.30,       1.67,      16.71,     55.10,          8.21
          2,          6,    2,         -1.30,          3.30,       1.81,      18.03,     59.46,          6.39
          2,          6,    3,         -0.67,          3.30,       1.90,      19.07,     62.88,          5.70
          2,          6,    4,         -0.20,          3.30,       1.99,      19.91,     65.65,          5.36
          2,          6,    5,          0.14,          3.30,       2.06,      20.60,     67.91,          5.14
          2,          6,    6,          0.40,          3.30,       2.13,      21.27,     70.13,          4.92
          2,          6,    7,          0.64,          3.30,       2.19,      21.90,     72.18,          4.76
          2,          7,    1,         -1.08,          3.30,       1.85,      18.51,     61.03,          8.75
          2,          7,    2,         -0.12,          3.30,       2.00,      20.01,     66.00,          7.01
          2,          7,    3,          0.51,          3.30,       2.12,      21.16,     69.76,          6.38
          2,          7,    4,          0.91,          3.30,       2.21,      22.08,     72.78,          5.96
          2,          7,    5,          1.20,          3.30,       2.29,      22.88,     75.41,          5.65
          2,          7,    6,          1.43,          3.30,       2.36,      23.58,     77.74,          5.43
          2,          7,    7,          1.64,          3.30,       2.42,      24.21,     79.81,          5.26
          3,          1,    1,        -13.24,          3.30,       0.99,       9.91,     32.71,          1.63
          3,          1,    2,        -11.57,          3.30,       1.05,      10.47,     34.54,          1.47
          3,          1,    3,        -10.26,          3.30,       1.11,      11.08,     36.56,          1.40
          3,          1,    4,         -9.22,          3.30,       1.16,      11.64,     38.39,          1.40
          3,          1,    5,         -8.45,          3.30,       1.21,      12.12,     39.99,          1.40
          3,          1,    6,         -7.78,          3.30,       1.26,      12.61,     41.60,          1.41
          3,          1,    7,         -7.19,          3.30,       1.31,      13.06,     43.07,          1.44
          3,          2,    1,        -10.64,          3.30,       1.07,      10.70,     35.30,          3.77
          3,          2,    2,         -9.16,          3.30,       1.15,      11.48,     37.88,          2.49
          3,          2,    3,         -7.93,          3.30,       1.21,      12.14,     40.05,          2.29
          3,          2,    4,         -7.06,          3.30,       1.28,      12.78,     42.15,          2.15
          3,          2,    5,         -6.30,          3.30,       1.34,      13.37,     44.08,          2.12
          3,          2,    6,         -5.68,          3.30,       1.39,      13.90,     45.84,          2.11
          3,          2,    7,         -5.18,          3.30,       1.45,      14.46,     47.69,          2.07
          3,          3,    1,         -7.70,          3.30,       1.21,      12.08,     39.85,          4.37
          3,          3,    2,         -6.35,          3.30,       1.29,      12.97,     42.79,          3.39
          3,          3,    3,         -5.35,          3.30,       1.38,      13.76,     45.39,          3.09
          3,          3,    4,         -4.57,          3.30,       1.45,      14.51,     47.87,          2.93
          3,          3,    5,         -4.02,          3.30,       1.51,      15.08,     49.74,          2.87
          3,          3,    6,         -3.51,          3.30,       1.57,      15.70,     51.79,          2.81
          3,          3,    7,         -3.14,          3.30,       1.63,      16.26,     53.61,          2.75
          3,          4,    1,         -5.48,          3.30,       1.35,      13.48,     44.46,          5.16
          3,          4,    2,         -4.32,          3.30,       1.45,      14.53,     47.92,          4.13
          3,          4,    3,         -3.45,          3.30,       1.54,      15.40,     50.79,          3.83
          3,          4,    4,         -2.80,          3.30,       1.62,      16.18,     53.36,          3.65
          3,          4,    5,         -2.30,          3.30,       1.68,      16.83,     55.51,          3.56
          3,          4,    6,         -1.90,          3.30,       1.75,      17.46,     57.57,          3.47
          3,          4,    7,         -1.56,          3.30,       1.81,      18.10,     59.69,          3.37
          3,          5,    1,         -3.28,          3.30,       1.55,      15.47,     51.02,          6.25
          3,          5,    2,         -2.21,          3.30,       1.67,      16.67,     54.97,          5.25
          3,          5,    3,         -1.45,          3.30,       1.77,      17.69,     58.35,          4.82
          3,          5,    4,         -0.93,          3.30,       1.85,      18.54,     61.13,          4.58
          3,          5,    5,         -0.51,          3.30,       1.92,      19.25,     63.46,          4.46
          3,          5,    6,         -0.20,          3.30,       2.00,      19.97,     65.84,          4.28
          3,          5,    7,          0.06,          3.30,       2.05,      20.48,     67.53,          4.22
          3,          6,    1,         -1.77,          3.30,       1.72,      17.24,     56.84,          8.65
          3,          6,    2,         -0.80,          3.30,       1.86,      18.62,     61.40,          6.79
          3,          6,    3,         -0.14,          3.30,       1.97,      19.73,     65.04,          6.09
          3,          6,    4,          0.30,          3.30,       2.05,      20.52,     67.66,          5.78
          3,          6,    5,          0.66,          3.30,       2.13,      21.32,     70.30,          5.50
          3,          6,    6,          0.91,          3.30,       2.20,      21.99,     72.49,          5.28
          3,          6,    7,          1.13,          3.30,       2.26,      22.65,     74.67,          5.08
          3,          7,    1,         -0.59,          3.30,       1.91,      19.09,     62.96,          9.57
          3,          7,    2,          0.41,          3.30,       2.07,      20.69,     68.20,          7.64
          3,          7,    3,          1.00,          3.30,       2.19,      21.92,     72.27,          6.83
          3,          7,    4,          1.41,          3.30,       2.29,      22.88,     75.44,          6.40
          3,          7,    5,          1.71,          3.30,       2.37,      23.72,     78.18,          6.09
          3,          7,    6,          1.96,          3.30,       2.45,      24.45,     80.61,          5.86
          3,          7,    7,          2.14,          3.30,       2.52,      25.21,     83.09,          5.60
          4,          1,    1,        -12.85,          3.30,       1.00,      10.01,     33.02,          1.81
          4,          1,    2,        -11.12,          3.30,       1.06,      10.60,     34.96,          1.61
          4,          1,    3,         -9.83,          3.30,       1.13,      11.26,     37.13,          1.49
          4,          1,    4,         -8.86,          3.30,       1.18,      11.80,     38.91,          1.48
          4,          1,    5,         -8.04,          3.30,       1.23,      12.34,     40.69,          1.49
          4,          1,    6,         -7.35,          3.30,       1.28,      12.84,     42.36,          1.51
          4,          1,    7,         -6.76,          3.30,       1.33,      13.31,     43.90,          1.53
          4,          2,    1,        -10.25,          3.30,       1.08,      10.83,     35.72,          4.08
          4,          2,    2,         -8.77,          3.30,       1.16,      11.63,     38.38,          2.67
          4,          2,    3,         -7.53,          3.30,       1.23,      12.32,     40.65,          2.44
          4,          2,    4,         -6.59,          3.30,       1.30,      13.02,     42.96,          2.29
          4,          2,    5,         -5.84,          3.30,       1.36,      13.61,     44.91,          2.27
          4,          2,    6,         -5.24,          3.30,       1.42,      14.15,     46.67,          2.26
          4,          2,    7,         -4.74,          3.30,       1.47,      14.74,     48.61,          2.21
          4,          3,    1,         -7.29,          3.30,       1.23,      12.32,     40.65,          4.47
          4,          3,    2,         -5.90,          3.30,       1.32,      13.23,     43.63,          3.59
          4,          3,    3,         -4.88,          3.30,       1.40,      14.06,     46.39,          3.28
          4,          3,    4,         -4.12,          3.30,       1.48,      14.81,     48.86,          3.13
          4,          3,    5,         -3.54,          3.30,       1.55,      15.48,     51.06,          3.04
          4,          3,    6,         -3.06,          3.30,       1.61,      16.07,     52.98,          3.00
          4,          3,    7,         -2.67,          3.30,       1.66,      16.60,     54.74,          2.96
          4,          4,    1,         -5.04,          3.30,       1.38,      13.81,     45.56,          5.28
          4,          4,    2,         -3.91,          3.30,       1.48,      14.86,     48.99,          4.34
          4,          4,    3,         -2.99,          3.30,       1.58,      15.79,     52.08,          4.03
          4,          4,    4,         -2.35,          3.30,       1.66,      16.56,     54.64,          3.88
          4,          4,    5,         -1.86,          3.30,       1.73,      17.28,     56.98,          3.76
          4,          4,    6,         -1.43,          3.30,       1.80,      17.97,     59.27,          3.66
          4,          4,    7,         -1.08,          3.30,       1.86,      18.58,     61.26,          3.60
          4,          5,    1,         -2.81,          3.30,       1.59,      15.92,     52.49,          6.54
          4,          5,    2,         -1.72,          3.30,       1.71,      17.13,     56.51,          5.60
          4,          5,    3,         -0.97,          3.30,       1.83,      18.25,     60.16,          5.11
          4,          5,    4,         -0.46,          3.30,       1.91,      19.10,     62.95,          4.88
          4,          5,    5,         -0.05,          3.30,       1.99,      19.85,     65.46,          4.71
          4,          5,    6,          0.28,          3.30,       2.06,      20.54,     67.70,          4.59
          4,          5,    7,          0.55,          3.30,       2.12,      21.14,     69.71,          4.50
          4,          6,    1,         -1.30,          3.30,       1.78,      17.74,     58.50,          9.34
          4,          6,    2,         -0.31,          3.30,       1.92,      19.20,     63.32,          7.31
          4,          6,    3,          0.33,          3.30,       2.03,      20.32,     67.01,          6.57
          4,          6,    4,          0.78,          3.30,       2.13,      21.27,     70.13,          6.12
          4,          6,    5,          1.13,          3.30,       2.20,      22.03,     72.63,          5.88
          4,          6,    6,          1.38,          3.30,       2.27,      22.74,     74.96,          5.64
          4,          6,    7,          1.62,          3.30,       2.34,      23.43,     77.25,          5.45
          4,          7,    1,         -0.09,          3.30,       1.98,      19.79,     65.27,          9.91
          4,          7,    2,          0.88,          3.30,       2.14,      21.42,     70.61,          8.04
          4,          7,    3,          1.51,          3.30,       2.27,      22.72,     74.90,          7.25
          4,          7,    4,          1.90,          3.30,       2.37,      23.68,     78.05,          6.83
          4,          7,    5,          2.22,          3.30,       2.46,      24.64,     81.22,          6.46
          4,          7,    6,          2.44,          3.30,       2.53,      25.34,     83.54,          6.23
          4,          7,    7,          2.63,          3.30,       2.61,      26.10,     86.04,          5.98
          5,          1,    1,        -12.48,          3.30,       1.01,      10.09,     33.28,          1.92
          5,          1,    2,        -10.69,          3.30,       1.07,      10.73,     35.41,          1.68
          5,          1,    3,         -9.46,          3.30,       1.14,      11.40,     37.59,          1.56
          5,          1,    4,         -8.39,          3.30,       1.19,      11.97,     39.49,          1.58
          5,          1,    5,         -7.65,          3.30,       1.25,      12.51,     41.30,          1.57
          5,          1,    6,         -6.91,          3.30,       1.30,      13.03,     42.99,          1.61
          5,          1,    7,         -6.36,          3.30,       1.35,      13.48,     44.47,          1.63
          5,          2,    1,         -9.89,          3.30,       1.10,      10.97,     36.20,          4.13
          5,          2,    2,         -8.38,          3.30,       1.18,      11.76,     38.81,          2.85
          5,          2,    3,         -7.13,          3.30,       1.25,      12.55,     41.39,          2.53
          5,          2,    4,         -6.17,          3.30,       1.32,      13.20,     43.53,          2.46
          5,          2,    5,         -5.45,          3.30,       1.39,      13.84,     45.64,          2.39
          5,          2,    6,         -4.83,          3.30,       1.45,      14.46,     47.68,          2.36
          5,          2,    7,         -4.31,          3.30,       1.50,      15.01,     49.48,          2.35
          5,          3,    1,         -6.89,          3.30,       1.25,      12.51,     41.28,          4.78
          5,          3,    2,         -5.52,          3.30,       1.35,      13.48,     44.46,          3.76
          5,          3,    3,         -4.47,          3.30,       1.43,      14.33,     47.26,          3.48
          5,          3,    4,         -3.72,          3.30,       1.51,      15.08,     49.75,          3.33
          5,          3,    5,         -3.13,          3.30,       1.58,      15.75,     51.93,          3.26
          5,          3,    6,         -2.68,          3.30,       1.64,      16.41,     54.10,          3.16
          5,          3,    7,         -2.26,          3.30,       1.69,      16.96,     55.93,          3.14
          5,          4,    1,         -4.66,          3.30,       1.41,      14.05,     46.36,          5.58
          5,          4,    2,         -3.46,          3.30,       1.52,      15.20,     50.13,          4.55
          5,          4,    3,         -2.58,          3.30,       1.62,      16.19,     53.40,          4.19
          5,          4,    4,         -1.91,          3.30,       1.70,      16.96,     55.94,          4.10
          5,          4,    5,         -1.45,          3.30,       1.77,      17.72,     58.42,          3.94
          5,          4,    6,         -1.04,          3.30,       1.84,      18.40,     60.68,          3.85
          5,          4,    7,         -0.68,          3.30,       1.90,      19.03,     62.75,          3.79
          5,          5,    1,         -2.41,          3.30,       1.63,      16.32,     53.84,          6.77
          5,          5,    2,         -1.31,          3.30,       1.76,      17.56,     57.90,          5.89
          5,          5,    3,         -0.56,          3.30,       1.87,      18.72,     61.73,          5.37
          5,          5,    4,         -0.04,          3.30,       1.96,      19.62,     64.70,          5.12
          5,          5,    5,          0.36,          3.30,       2.04,      20.33,     67.04,          5.01
          5,          5,    6,          0.69,          3.30,       2.11,      21.06,     69.42,          4.88
          5,          5,    7,          0.95,          3.30,       2.17,      21.72,     71.60,          4.74
          5,          6,    1,         -0.91,          3.30,       1.82,      18.25,     60.18,          9.60
          5,          6,    2,          0.11,          3.30,       1.98,      19.77,     65.17,          7.63
          5,          6,    3,          0.75,          3.30,       2.09,      20.88,     68.84,          6.94
          5,          6,    4,          1.20,          3.30,       2.19,      21.92,     72.27,          6.42
          5,          6,    5,          1.54,          3.30,       2.27,      22.68,     74.75,          6.20
          5,          6,    6,          1.82,          3.30,       2.34,      23.44,     77.25,          5.96
          5,          6,    7,          2.04,          3.30,       2.41,      24.08,     79.39,          5.78
          5,          7,    1,          0.33,          3.30,       2.03,      20.26,     66.80,         10.56
          5,          7,    2,          1.29,          3.30,       2.21,      22.06,     72.70,          8.36
          5,          7,    3,          1.92,          3.30,       2.34,      23.43,     77.25,          7.52
          5,          7,    4,          2.35,          3.30,       2.45,      24.45,     80.60,          7.15
          5,          7,    5,          2.62,          3.30,       2.54,      25.42,     83.80,          6.72
          5,          7,    6,          2.87,          3.30,       2.62,      26.17,     86.27,          6.53
          5,          7,    7,          3.04,          3.30,       2.69,      26.95,     88.84,          6.25
          6,          1,    1,        -11.97,          3.30,       1.03,      10.30,     33.97,          2.13
          6,          1,    2,        -10.29,          3.30,       1.09,      10.93,     36.07,          1.84
          6,          1,    3,         -9.02,          3.30,       1.17,      11.63,     38.37,          1.70
          6,          1,    4,         -7.93,          3.30,       1.22,      12.24,     40.35,          1.72
          6,          1,    5,         -7.17,          3.30,       1.28,      12.75,     42.06,          1.73
          6,          1,    6,         -6.47,          3.30,       1.34,      13.36,     44.08,          1.72
          6,          1,    7,         -5.85,          3.30,       1.38,      13.80,     45.54,          1.78
          6,          2,    1,         -9.42,          3.30,       1.12,      11.23,     37.05,          4.22
          6,          2,    2,         -7.95,          3.30,       1.21,      12.07,     39.81,          2.93
          6,          2,    3,         -6.66,          3.30,       1.29,      12.89,     42.50,          2.64
          6,          2,    4,         -5.72,          3.30,       1.35,      13.55,     44.69,          2.59
          6,          2,    5,         -5.01,          3.30,       1.42,      14.21,     46.87,          2.52
          6,          2,    6,         -4.36,          3.30,       1.48,      14.81,     48.86,          2.52
          6,          2,    7,         -3.87,          3.30,       1.54,      15.42,     50.86,          2.48
          6,          3,    1,         -6.36,          3.30,       1.29,      12.87,     42.46,          5.27
          6,          3,    2,         -5.05,          3.30,       1.38,      13.80,     45.52,          4.20
          6,          3,    3,         -4.02,          3.30,       1.48,      14.75,     48.63,          3.75
          6,          3,    4,         -3.25,          3.30,       1.55,      15.52,     51.19,          3.61
          6,          3,    5,         -2.69,          3.30,       1.62,      16.23,     53.52,          3.49
          6,          3,    6,         -2.18,          3.30,       1.69,      16.86,     55.59,          3.46
          6,          3,    7,         -1.80,          3.30,       1.75,      17.49,     57.68,          3.37
          6,          4,    1,         -4.20,          3.30,       1.45,      14.56,     48.00,          5.87
          6,          4,    2,         -3.02,          3.30,       1.57,      15.70,     51.77,          4.88
          6,          4,    3,         -2.13,          3.30,       1.67,      16.67,     54.97,          4.56
          6,          4,    4,         -1.48,          3.30,       1.75,      17.46,     57.57,          4.43
          6,          4,    5,         -0.96,          3.30,       1.84,      18.35,     60.52,          4.22
          6,          4,    6,         -0.56,          3.30,       1.90,      19.01,     62.69,          4.15
          6,          4,    7,         -0.20,          3.30,       1.97,      19.75,     65.10,          4.05
          6,          5,    1,         -1.93,          3.30,       1.69,      16.83,     55.50,          7.27
          6,          5,    2,         -0.83,          3.30,       1.82,      18.26,     60.20,          6.12
          6,          5,    3,         -0.09,          3.30,       1.94,      19.45,     64.13,          5.61
          6,          5,    4,          0.45,          3.30,       2.03,      20.27,     66.85,          5.50
          6,          5,    5,          0.83,          3.30,       2.12,      21.14,     69.70,          5.27
          6,          5,    6,          1.16,          3.30,       2.19,      21.86,     72.06,          5.15
          6,          5,    7,          1.42,          3.30,       2.25,      22.49,     74.13,          5.05
          6,          6,    1,         -0.42,          3.30,       1.89,      18.96,     62.50,         10.00
          6,          6,    2,          0.58,          3.30,       2.05,      20.44,     67.38,          8.20
          6,          6,    3,          1.23,          3.30,       2.17,      21.71,     71.57,          7.32
          6,          6,    4,          1.69,          3.30,       2.27,      22.72,     74.90,          6.88
          6,          6,    5,          2.03,          3.30,       2.36,      23.58,     77.72,          6.57
          6,          6,    6,          2.31,          3.30,       2.43,      24.32,     80.17,          6.36
          6,          6,    7,          2.52,          3.30,       2.50,      25.07,     82.62,          6.12
          6,          7,    1,          0.81,          3.30,       2.11,      21.14,     69.69,         11.10
          6,          7,    2,          1.79,          3.30,       2.30,      22.97,     75.71,          8.95
          6,          7,    3,          2.42,          3.30,       2.43,      24.34,     80.25,          8.16
          6,          7,    4,          2.82,          3.30,       2.55,      25.50,     84.05,          7.58
          6,          7,    5,          3.13,          3.30,       2.64,      26.45,     87.20,          7.25
          6,          7,    6,          3.36,          3.30,       2.73,      27.30,     89.96,          6.96
          6,          7,    7,          3.54,          3.30,       2.81,      28.08,     92.58,          6.70
          7,          1,    1,        -11.57,          3.30,       1.04,      10.40,     34.29,          2.23
          7,          1,    2,         -9.89,          3.30,       1.11,      11.14,     36.76,          1.83
          7,          1,    3,         -8.58,          3.30,       1.18,      11.81,     38.95,          1.78
          7,          1,    4,         -7.54,          3.30,       1.24,      12.38,     40.85,          1.82
          7,          1,    5,         -6.74,          3.30,       1.30,      13.00,     42.88,          1.81
          7,          1,    6,         -6.03,          3.30,       1.35,      13.50,     44.53,          1.87
          7,          1,    7,         -5.49,          3.30,       1.40,      14.05,     46.34,          1.86
          7,          2,    1,         -9.05,          3.30,       1.15,      11.47,     37.83,          4.24
          7,          2,    2,         -7.50,          3.30,       1.22,      12.22,     40.30,          3.29
          7,          2,    3,         -6.22,          3.30,       1.31,      13.07,     43.12,          2.90
          7,          2,    4,         -5.26,          3.30,       1.38,      13.79,     45.48,          2.82
          7,          2,    5,         -4.55,          3.30,       1.45,      14.54,     47.97,          2.68
          7,          2,    6,         -3.94,          3.30,       1.51,      15.12,     49.87,          2.70
          7,          2,    7,         -3.45,          3.30,       1.58,      15.72,     51.86,          2.67
          7,          3,    1,         -5.92,          3.30,       1.31,      13.10,     43.20,          5.36
          7,          3,    2,         -4.61,          3.30,       1.41,      14.14,     46.64,          4.21
          7,          3,    3,         -3.59,          3.30,       1.51,      15.10,     49.78,          3.85
          7,          3,    4,         -2.82,          3.30,       1.59,      15.88,     52.36,          3.75
          7,          3,    5,         -2.24,          3.30,       1.66,      16.63,     54.85,          3.63
          7,          3,    6,         -1.76,          3.30,       1.73,      17.30,     57.03,          3.59
          7,          3,    7,         -1.37,          3.30,       1.80,      17.95,     59.19,          3.51
          7,          4,    1,         -3.75,          3.30,       1.49,      14.86,     49.03,          6.21
          7,          4,    2,         -2.54,          3.30,       1.60,      16.02,     52.84,          5.25
          7,          4,    3,         -1.68,          3.30,       1.71,      17.11,     56.44,          4.78
          7,          4,    4,         -1.04,          3.30,       1.80,      18.01,     59.38,          4.60
          7,          4,    5,         -0.54,          3.30,       1.88,      18.78,     61.92,          4.49
          7,          4,    6,         -0.10,          3.30,       1.96,      19.61,     64.64,          4.37
          7,          4,    7,          0.25,          3.30,       2.02,      20.21,     66.63,          4.34
          7,          5,    1,         -1.50,          3.30,       1.73,      17.28,     56.99,          7.82
          7,          5,    2,         -0.39,          3.30,       1.88,      18.77,     61.88,          6.56
          7,          5,    3,          0.37,          3.30,       2.00,      19.98,     65.86,          6.08
          7,          5,    4,          0.89,          3.30,       2.09,      20.90,     68.91,          5.86
          7,          5,    5,          1.30,          3.30,       2.18,      21.77,     71.77,          5.67
          7,          5,    6,          1.61,          3.30,       2.26,      22.53,     74.29,          5.49
          7,          5,    7,          1.89,          3.30,       2.33,      23.26,     76.68,          5.38
          7,          6,    1,          0.06,          3.30,       1.95,      19.52,     64.36,         10.77
          7,          6,    2,          1.04,          3.30,       2.12,      21.18,     69.80,          8.55
          7,          6,    3,          1.69,          3.30,       2.24,      22.42,     73.90,          7.80
          7,          6,    4,          2.17,          3.30,       2.35,      23.44,     77.26,          7.39
          7,          6,    5,          2.51,          3.30,       2.43,      24.33,     80.22,          7.06
          7,          6,    6,          2.78,          3.30,       2.52,      25.25,     83.22,          6.71
          7,          6,    7,          2.99,          3.30,       2.60,      25.97,     85.59,          6.49
          7,          7,    1,          1.26,          3.30,       2.18,      21.84,     71.98,         11.73
          7,          7,    2,          2.27,          3.30,       2.37,      23.71,     78.17,          9.59
          7,          7,    3,          2.89,          3.30,       2.53,      25.29,     83.37,          8.54
          7,          7,    4,          3.28,          3.30,       2.64,      26.39,     86.98,          8.08
          7,          7,    5,          3.60,          3.30,       2.74,      27.38,     90.25,          7.72
          7,          7,    6,          3.83,          3.30,       2.83,      28.33,     93.39,          7.37
          7,          7,    7,          4.01,          3.30,       2.91,      29.07,     95.81,          7.14
          8,          1,    1,        -11.09,          3.30,       1.05,      10.50,     34.64,          2.60
          8,          1,    2,         -9.48,          3.30,       1.13,      11.30,     37.28,          2.00
          8,          1,    3,         -8.16,          3.30,       1.19,      11.96,     39.43,          1.96
          8,          1,    4,         -7.06,          3.30,       1.26,      12.65,     41.74,          1.95
          8,          1,    5,         -6.25,          3.30,       1.32,      13.22,     43.62,          1.98
          8,          1,    6,         -5.58,          3.30,       1.38,      13.77,     45.42,          2.01
          8,          1,    7,         -5.05,          3.30,       1.43,      14.31,     47.21,          2.01
          8,          2,    1,         -8.58,          3.30,       1.16,      11.60,     38.28,          4.72
          8,          2,    2,         -7.01,          3.30,       1.25,      12.52,     41.28,          3.35
          8,          2,    3,         -5.76,          3.30,       1.33,      13.31,     43.90,          3.10
          8,          2,    4,         -4.84,          3.30,       1.41,      14.07,     46.41,          2.97
          8,          2,    5,         -4.10,          3.30,       1.48,      14.85,     48.97,          2.85
          8,          2,    6,         -3.49,          3.30,       1.54,      15.44,     50.91,          2.88
          8,          2,    7,         -2.98,          3.30,       1.61,      16.12,     53.17,          2.82
          8,          3,    1,         -5.46,          3.30,       1.34,      13.34,     44.01,          6.02
          8,          3,    2,         -4.14,          3.30,       1.45,      14.48,     47.74,          4.55
          8,          3,    3,         -3.11,          3.30,       1.54,      15.46,     51.01,          4.16
          8,          3,    4,         -2.34,          3.30,       1.63,      16.34,     53.88,          4.00
          8,          3,    5,         -1.74,          3.30,       1.71,      17.09,     56.37,          3.92
          8,          3,    6,         -1.27,          3.30,       1.78,      17.83,     58.78,          3.82
          8,          3,    7,         -0.87,          3.30,       1.84,      18.40,     60.67,          3.82
          8,          4,    1,         -3.28,          3.30,       1.52,      15.24,     50.27,          6.76
          8,          4,    2,         -2.07,          3.30,       1.65,      16.54,     54.53,          5.54
          8,          4,    3,         -1.20,          3.30,       1.75,      17.55,     57.85,          5.22
          8,          4,    4,         -0.54,          3.30,       1.85,      18.53,     61.11,          4.96
          8,          4,    5,         -0.03,          3.30,       1.94,      19.35,     63.81,          4.85
          8,          4,    6,          0.37,          3.30,       2.01,      20.14,     66.41,          4.72
          8,          4,    7,          0.72,          3.30,       2.08,      20.80,     68.59,          4.67
          8,          5,    1,         -1.03,          3.30,       1.78,      17.79,     58.67,          8.37
          8,          5,    2,          0.09,          3.30,       1.94,      19.37,     63.88,          6.98
          8,          5,    3,          0.84,          3.30,       2.06,      20.63,     68.02,          6.47
          8,          5,    4,          1.38,          3.30,       2.16,      21.60,     71.21,          6.25
          8,          5,    5,          1.78,          3.30,       2.26,      22.54,     74.30,          6.02
          8,          5,    6,          2.10,          3.30,       2.33,      23.30,     76.83,          5.88
          8,          5,    7,          2.38,          3.30,       2.40,      24.03,     79.21,          5.77
          8,          6,    1,          0.51,          3.30,       2.01,      20.14,     66.40,         11.35
          8,          6,    2,          1.54,          3.30,       2.19,      21.86,     72.07,          9.15
          8,          6,    3,          2.18,          3.30,       2.33,      23.29,     76.77,          8.15
          8,          6,    4,          2.65,          3.30,       2.43,      24.34,     80.22,          7.75
          8,          6,    5,          2.98,          3.30,       2.53,      25.30,     83.39,          7.39
          8,          6,    6,          3.26,          3.30,       2.62,      26.18,     86.29,          7.11
          8,          6,    7,          3.48,          3.30,       2.70,      26.95,     88.83,          6.89
          8,          7,    1,          1.75,          3.30,       2.26,      22.56,     74.37,         12.43
          8,          7,    2,          2.75,          3.30,       2.47,      24.69,     81.39,          9.89
          8,          7,    3,          3.38,          3.30,       2.63,      26.29,     86.67,          8.94
          8,          7,    4,          3.78,          3.30,       2.75,      27.49,     90.62,          8.43
          8,          7,    5,          4.08,          3.30,       2.85,      28.49,     93.91,          8.10
          8,          7,    6,          4.31,          3.30,       2.94,      29.45,     97.07,          7.77
          8,          7,    7,          4.51,          3.30,       3.03,      30.25,     99.70,          7.56
          9,          1,    1,        -10.72,          3.30,       1.06,      10.62,     35.06,          2.66
          9,          1,    2,         -9.05,          3.30,       1.14,      11.44,     37.74,          2.12
          9,          1,    3,         -7.67,          3.30,       1.21,      12.14,     40.05,          2.09
          9,          1,    4,         -6.65,          3.30,       1.29,      12.87,     42.45,          2.05
          9,          1,    5,         -5.83,          3.30,       1.35,      13.44,     44.34,          2.09
          9,          1,    6,         -5.17,          3.30,       1.40,      14.02,     46.24,          2.11
          9,          1,    7,         -4.60,          3.30,       1.46,      14.64,     48.30,          2.11
          9,          2,    1,         -8.15,          3.30,       1.18,      11.82,     38.97,          5.04
          9,          2,    2,         -6.59,          3.30,       1.27,      12.71,     41.95,          3.64
          9,          2,    3,         -5.34,          3.30,       1.36,      13.61,     44.90,          3.26
          9,          2,    4,         -4.38,          3.30,       1.44,      14.37,     47.39,          3.18
          9,          2,    5,         -3.66,          3.30,       1.51,      15.09,     49.78,          3.11
          9,          2,    6,         -3.04,          3.30,       1.58,      15.82,     52.16,          3.06
          9,          2,    7,         -2.53,          3.30,       1.65,      16.47,     54.31,          3.04
          9,          3,    1,         -5.08,          3.30,       1.37,      13.65,     45.01,          5.95
          9,          3,    2,         -3.72,          3.30,       1.48,      14.79,     48.78,          4.73
          9,          3,    3,         -2.65,          3.30,       1.58,      15.82,     52.15,          4.39
          9,          3,    4,         -1.90,          3.30,       1.67,      16.73,     55.18,          4.20
          9,          3,    5,         -1.33,          3.30,       1.75,      17.49,     57.67,          4.12
          9,          3,    6,         -0.82,          3.30,       1.82,      18.26,     60.19,          4.05
          9,          3,    7,         -0.43,          3.30,       1.89,      18.89,     62.28,          4.03
          9,          4,    1,         -2.85,          3.30,       1.56,      15.57,     51.38,          7.08
          9,          4,    2,         -1.64,          3.30,       1.69,      16.91,     55.75,          5.86
          9,          4,    3,         -0.77,          3.30,       1.81,      18.08,     59.62,          5.38
          9,          4,    4,         -0.09,          3.30,       1.91,      19.08,     62.90,          5.19
          9,          4,    5,          0.40,          3.30,       2.00,      19.97,     65.84,          5.03
          9,          4,    6,          0.83,          3.30,       2.07,      20.73,     68.34,          4.99
          9,          4,    7,          1.15,          3.30,       2.15,      21.47,     70.79,          4.88
          9,          5,    1,         -0.56,          3.30,       1.84,      18.36,     60.54,          8.52
          9,          5,    2,          0.55,          3.30,       2.00,      20.01,     65.97,          7.21
          9,          5,    3,          1.29,          3.30,       2.13,      21.26,     70.08,          6.78
          9,          5,    4,          1.85,          3.30,       2.23,      22.30,     73.51,          6.57
          9,          5,    5,          2.25,          3.30,       2.33,      23.29,     76.77,          6.33
          9,          5,    6,          2.57,          3.30,       2.40,      24.03,     79.21,          6.24
          9,          5,    7,          2.84,          3.30,       2.49,      24.89,     82.03,          6.05
          9,          6,    1,          0.97,          3.30,       2.08,      20.81,     68.61,         11.69
          9,          6,    2,          2.00,          3.30,       2.26,      22.64,     74.62,          9.49
          9,          6,    3,          2.65,          3.30,       2.40,      24.01,     79.15,          8.67
          9,          6,    4,          3.11,          3.30,       2.52,      25.24,     83.21,          8.08
          9,          6,    5,          3.45,          3.30,       2.62,      26.26,     86.55,          7.72
          9,          6,    6,          3.72,          3.30,       2.71,      27.10,     89.31,          7.51
          9,          6,    7,          3.96,          3.30,       2.79,      27.92,     92.01,          7.29
          9,          7,    1,          2.22,          3.30,       2.34,      23.38,     77.09,         13.32
          9,          7,    2,          3.22,          3.30,       2.55,      25.55,     84.22,         10.69
          9,          7,    3,          3.83,          3.30,       2.73,      27.25,     89.83,          9.57
          9,          7,    4,          4.26,          3.30,       2.86,      28.54,     94.06,          9.05
          9,          7,    5,          4.56,          3.30,       2.96,      29.63,     97.66,          8.63
          9,          7,    6,          4.79,          3.30,       3.06,      30.53,    100.64,          8.35
          9,          7,    7,          4.97,          3.30,       3.15,      31.44,    103.62,          8.05
         10,          1,    1,        -10.32,          3.30,       1.07,      10.77,     35.54,          2.80
         10,          1,    2,         -8.57,          3.30,       1.16,      11.61,     38.29,          2.29
         10,          1,    3,         -7.21,          3.30,       1.24,      12.37,     40.80,          2.21
         10,          1,    4,         -6.19,          3.30,       1.31,      13.06,     43.09,          2.21
         10,          1,    5,         -5.37,          3.30,       1.37,      13.74,     45.33,          2.22
         10,          1,    6,         -4.69,          3.30,       1.43,      14.28,     47.11,          2.28
         10,          1,    7,         -4.13,          3.30,       1.49,      14.86,     49.02,          2.30
         10,          2,    1,         -7.69,          3.30,       1.20,      11.99,     39.56,          5.31
         10,          2,    2,         -6.11,          3.30,       1.29,      12.93,     42.66,          3.88
         10,          2,    3,         -4.88,          3.30,       1.39,      13.90,     45.85,          3.43
         10,          2,    4,         -3.94,          3.30,       1.47,      14.70,     48.48,          3.33
         10,          2,    5,         -3.20,          3.30,       1.54,      15.41,     50.83,          3.31
         10,          2,    6,         -2.59,          3.30,       1.62,      16.15,     53.27,          3.26
         10,          2,    7,         -2.05,          3.30,       1.68,      16.85,     55.56,          3.25
         10,          3,    1,         -4.60,          3.30,       1.39,      13.91,     45.87,          6.48
         10,          3,    2,         -3.24,          3.30,       1.52,      15.17,     50.02,          4.99
         10,          3,    3,         -2.20,          3.30,       1.63,      16.28,     53.70,          4.58
         10,          3,    4,         -1.42,          3.30,       1.71,      17.12,     56.47,          4.52
         10,          3,    5,         -0.86,          3.30,       1.80,      18.04,     59.48,          4.33
         10,          3,    6,         -0.36,          3.30,       1.88,      18.77,     61.88,          4.31
         10,          3,    7,          0.04,          3.30,       1.95,      19.46,     64.16,          4.27
         10,          4,    1,         -2.37,          3.30,       1.60,      16.04,     52.90,          7.27
         10,          4,    2,         -1.17,          3.30,       1.74,      17.38,     57.31,          6.17
         10,          4,    3,         -0.28,          3.30,       1.86,      18.59,     61.30,          5.73
         10,          4,    4,          0.38,          3.30,       1.97,      19.70,     64.95,          5.45
         10,          4,    5,          0.87,          3.30,       2.06,      20.55,     67.77,          5.35
         10,          4,    6,          1.29,          3.30,       2.14,      21.36,     70.41,          5.29
         10,          4,    7,          1.64,          3.30,       2.22,      22.19,     73.17,          5.16
         10,          5,    1,         -0.11,          3.30,       1.89,      18.90,     62.32,          9.18
         10,          5,    2,          1.00,          3.30,       2.06,      20.57,     67.80,          7.83
         10,          5,    3,          1.79,          3.30,       2.20,      21.99,     72.49,          7.26
         10,          5,    4,          2.34,          3.30,       2.31,      23.11,     76.18,          7.00
         10,          5,    5,          2.73,          3.30,       2.41,      24.11,     79.48,          6.76
         10,          5,    6,          3.06,          3.30,       2.50,      24.97,     82.32,          6.61
         10,          5,    7,          3.32,          3.30,       2.58,      25.79,     85.00,          6.45
         10,          6,    1,          1.45,          3.30,       2.15,      21.50,     70.87,         12.72
         10,          6,    2,          2.48,          3.30,       2.34,      23.44,     77.29,         10.17
         10,          6,    3,          3.15,          3.30,       2.50,      24.98,     82.36,          9.19
         10,          6,    4,          3.60,          3.30,       2.62,      26.19,     86.33,          8.66
         10,          6,    5,          3.93,          3.30,       2.72,      27.24,     89.78,          8.28
         10,          6,    6,          4.21,          3.30,       2.81,      28.12,     92.69,          8.04
         10,          6,    7,          4.43,          3.30,       2.90,      28.97,     95.47,          7.80
         10,          7,    1,          2.69,          3.30,       2.42,      24.21,     79.79,         14.06
         10,          7,    2,          3.70,          3.30,       2.66,      26.56,     87.54,         11.19
         10,          7,    3,          4.33,          3.30,       2.84,      28.35,     93.44,         10.08
         10,          7,    4,          4.74,          3.30,       2.96,      29.63,     97.67,          9.58
         10,          7,    5,          5.05,          3.30,       3.07,      30.75,    101.34,          9.20
         10,          7,    6,          5.28,          3.30,       3.18,      31.82,    104.90,          8.79
         10,          7,    7,          5.46,          3.30,       3.27,      32.69,    107.73,          8.55
         11,          1,    1,         -9.88,          3.30,       1.10,      11.00,     36.28,          2.69
         11,          1,    2,         -8.14,          3.30,       1.18,      11.77,     38.85,          2.40
         11,          1,    3,         -6.78,          3.30,       1.26,      12.61,     41.61,          2.29
         11,          1,    4,         -5.73,          3.30,       1.33,      13.31,     43.89,          2.33
         11,          1,    5,         -4.92,          3.30,       1.39,      13.95,     46.01,          2.37
         11,          1,    6,         -4.23,          3.30,       1.47,      14.67,     48.39,          2.37
         11,          1,    7,         -3.68,          3.30,       1.52,      15.25,     50.30,          2.40
         11,          2,    1,         -7.22,          3.30,       1.22,      12.17,     40.16,          6.33
         11,          2,    2,         -5.66,          3.30,       1.32,      13.18,     43.48,          4.30
         11,          2,    3,         -4.42,          3.30,       1.42,      14.19,     46.80,          3.75
         11,          2,    4,         -3.46,          3.30,       1.50,      15.03,     49.57,          3.63
         11,          2,    5,         -2.74,          3.30,       1.58,      15.81,     52.14,          3.56
         11,          2,    6,         -2.06,          3.30,       1.66,      16.60,     54.75,          3.54
         11,          2,    7,         -1.60,          3.30,       1.73,      17.27,     56.93,          3.50
         11,          3,    1,         -4.15,          3.30,       1.43,      14.31,     47.21,          6.66
         11,          3,    2,         -2.77,          3.30,       1.56,      15.59,     51.42,          5.30
         11,          3,    3,         -1.73,          3.30,       1.67,      16.70,     55.09,          4.91
         11,          3,    4,         -0.95,          3.30,       1.76,      17.63,     58.14,          4.81
         11,          3,    5,         -0.35,          3.30,       1.85,      18.53,     61.09,          4.69
         11,          3,    6,          0.13,          3.30,       1.93,      19.30,     63.62,          4.64
         11,          3,    7,          0.51,          3.30,       2.00,      20.05,     66.10,          4.56
         11,          4,    1,         -1.92,          3.30,       1.65,      16.50,     54.41,          7.84
         11,          4,    2,         -0.70,          3.30,       1.79,      17.94,     59.17,          6.57
         11,          4,    3,          0.20,          3.30,       1.92,      19.21,     63.34,          6.12
         11,          4,    4,          0.86,          3.30,       2.03,      20.28,     66.88,          5.90
         11,          4,    5,          1.36,          3.30,       2.13,      21.28,     70.13,          5.72
         11,          4,    6,          1.78,          3.30,       2.21,      22.15,     73.01,          5.62
         11,          4,    7,          2.15,          3.30,       2.29,      22.93,     75.60,          5.59
         11,          5,    1,          0.38,          3.30,       1.95,      19.50,     64.31,          9.83
         11,          5,    2,          1.50,          3.30,       2.13,      21.29,     70.17,          8.33
         11,          5,    3,          2.29,          3.30,       2.28,      22.75,     74.98,          7.79
         11,          5,    4,          2.82,          3.30,       2.40,      23.95,     78.96,          7.43
         11,          5,    5,          3.23,          3.30,       2.50,      25.06,     82.58,          7.17
         11,          5,    6,          3.56,          3.30,       2.59,      25.88,     85.32,          7.06
         11,          5,    7,          3.82,          3.30,       2.67,      26.76,     88.20,          6.88
         11,          6,    1,          1.95,          3.30,       2.23,      22.26,     73.37,         13.70
         11,          6,    2,          2.97,          3.30,       2.43,      24.27,     80.01,         10.94
         11,          6,    3,          3.64,          3.30,       2.60,      25.96,     85.55,          9.79
         11,          6,    4,          4.09,          3.30,       2.72,      27.18,     89.59,          9.28
         11,          6,    5,          4.45,          3.30,       2.83,      28.30,     93.28,          8.87
         11,          6,    6,          4.71,          3.30,       2.93,      29.30,     96.57,          8.54
         11,          6,    7,          4.94,          3.30,       3.02,      30.17,     99.46,          8.31
         11,          7,    1,          3.18,          3.30,       2.52,      25.21,     83.09,         14.41
         11,          7,    2,          4.19,          3.30,       2.77,      27.63,     91.08,         11.71
         11,          7,    3,          4.83,          3.30,       2.95,      29.53,     97.33,         10.61
         11,          7,    4,          5.25,          3.30,       3.09,      30.89,    101.82,         10.09
         11,          7,    5,          5.56,          3.30,       3.21,      32.08,    105.75,          9.69
         11,          7,    6,          5.79,          3.30,       3.32,      33.20,    109.44,          9.30
         11,          7,    7,          5.98,          3.30,       3.41,      34.05,    112.21,          9.10
         12,          1,    1,         -9.55,          3.30,       1.11,      11.11,     36.64,          2.91
         12,          1,    2,         -7.75,          3.30,       1.19,      11.92,     39.33,          2.58
         12,          1,    3,         -6.40,          3.30,       1.27,      12.74,     42.00,          2.49
         12,          1,    4,         -5.34,          3.30,       1.35,      13.55,     44.71,          2.46
         12,          1,    5,         -4.56,          3.30,       1.42,      14.16,     46.71,          2.52
         12,          1,    6,         -3.87,          3.30,       1.49,      14.93,     49.23,          2.50
         12,          1,    7,         -3.33,          3.30,       1.55,      15.47,     51.03,          2.55
         12,          2,    1,         -6.84,          3.30,       1.24,      12.34,     40.71,          6.62
         12,          2,    2,         -5.30,          3.30,       1.34,      13.42,     44.27,          4.41
         12,          2,    3,         -4.05,          3.30,       1.44,      14.47,     47.73,          3.88
         12,          2,    4,         -3.10,          3.30,       1.53,      15.34,     50.59,          3.76
         12,          2,    5,         -2.34,          3.30,       1.62,      16.16,     53.29,          3.71
         12,          2,    6,         -1.76,          3.30,       1.69,      16.85,     55.56,          3.71
         12,          2,    7,         -1.22,          3.30,       1.76,      17.62,     58.09,          3.68
         12,          3,    1,         -3.77,          3.30,       1.45,      14.54,     47.96,          7.05
         12,          3,    2,         -2.41,          3.30,       1.58,      15.85,     52.27,          5.59
         12,          3,    3,         -1.36,          3.30,       1.70,      17.06,     56.27,          5.12
         12,          3,    4,         -0.57,          3.30,       1.81,      18.09,     59.67,          4.96
         12,          3,    5,          0.02,          3.30,       1.90,      18.99,     62.61,          4.87
         12,          3,    6,          0.51,          3.30,       1.98,      19.78,     65.22,          4.85
         12,          3,    7,          0.90,          3.30,       2.05,      20.48,     67.51,          4.82
         12,          4,    1,         -1.58,          3.30,       1.68,      16.81,     55.43,          8.26
         12,          4,    2,         -0.34,          3.30,       1.83,      18.33,     60.45,          6.89
         12,          4,    3,          0.56,          3.30,       1.97,      19.70,     64.97,          6.34
         12,          4,    4,          1.22,          3.30,       2.08,      20.74,     68.36,          6.21
         12,          4,    5,          1.73,          3.30,       2.18,      21.76,     71.74,          6.03
         12,          4,    6,          2.18,          3.30,       2.27,      22.70,     74.83,          5.94
         12,          4,    7,          2.54,          3.30,       2.35,      23.47,     77.35,          5.92
         12,          5,    1,          0.74,          3.30,       2.00,      20.00,     65.93,         10.12
         12,          5,    2,          1.88,          3.30,       2.19,      21.88,     72.15,          8.59
         12,          5,    3,          2.65,          3.30,       2.35,      23.46,     77.33,          7.97
         12,          5,    4,          3.21,          3.30,       2.46,      24.67,     81.32,          7.72
         12,          5,    5,          3.62,          3.30,       2.58,      25.75,     84.89,          7.50
         12,          5,    6,          3.94,          3.30,       2.67,      26.69,     87.98,          7.34
         12,          5,    7,          4.21,          3.30,       2.75,      27.52,     90.72,          7.22
         12,          6,    1,          2.31,          3.30,       2.29,      22.90,     75.51,         13.97
         12,          6,    2,          3.36,          3.30,       2.51,      25.07,     82.64,         11.22
         12,          6,    3,          4.02,          3.30,       2.67,      26.71,     88.05,         10.21
         12,          6,    4,          4.48,          3.30,       2.81,      28.10,     92.61,          9.58
         12,          6,    5,          4.81,          3.30,       2.92,      29.17,     96.14,          9.23
         12,          6,    6,          5.10,          3.30,       3.02,      30.15,     99.38,          8.98
         12,          6,    7,          5.33,          3.30,       3.11,      31.12,    102.57,          8.69
         12,          7,    1,          3.56,          3.30,       2.60,      25.98,     85.64,         15.26
         12,          7,    2,          4.59,          3.30,       2.85,      28.50,     93.95,         12.39
         12,          7,    3,          5.22,          3.30,       3.05,      30.47,    100.42,         11.22
         12,          7,    4,          5.64,          3.30,       3.20,      31.93,    105.25,         10.61
         12,          7,    5,          5.94,          3.30,       3.32,      33.20,    109.44,         10.14
         12,          7,    6,          6.16,          3.30,       3.42,      34.25,    112.87,          9.81
         12,          7,    7,          6.37,          3.30,       3.52,      35.18,    115.97,          9.58
         13,          1,    1,         -9.10,          3.30,       1.13,      11.28,     37.22,          2.99
         13,          1,    2,         -7.35,          3.30,       1.21,      12.15,     40.08,          2.64
         13,          1,    3,         -5.96,          3.30,       1.30,      13.03,     42.97,          2.57
         13,          1,    4,         -4.89,          3.30,       1.38,      13.76,     45.39,          2.64
         13,          1,    5,         -4.11,          3.30,       1.45,      14.55,     48.01,          2.61
         13,          1,    6,         -3.38,          3.30,       1.52,      15.25,     50.30,          2.67
         13,          1,    7,         -2.84,          3.30,       1.58,      15.78,     52.03,          2.75
         13,          2,    1,         -6.41,          3.30,       1.26,      12.57,     41.48,          6.63
         13,          2,    2,         -4.86,          3.30,       1.37,      13.66,     45.08,          4.63
         13,          2,    3,         -3.61,          3.30,       1.48,      14.76,     48.68,          4.09
         13,          2,    4,         -2.65,          3.30,       1.57,      15.66,     51.64,          3.99
         13,          2,    5,         -1.91,          3.30,       1.65,      16.52,     54.49,          3.91
         13,          2,    6,         -1.29,          3.30,       1.73,      17.27,     56.95,          3.93
         13,          2,    7,         -0.77,          3.30,       1.81,      18.06,     59.56,          3.89
         13,          3,    1,         -3.34,          3.30,       1.49,      14.93,     49.23,          7.25
         13,          3,    2,         -1.94,          3.30,       1.63,      16.29,     53.74,          5.87
         13,          3,    3,         -0.89,          3.30,       1.75,      17.52,     57.77,          5.45
         13,          3,    4,         -0.11,          3.30,       1.86,      18.57,     61.24,          5.30
         13,          3,    5,          0.47,          3.30,       1.96,      19.56,     64.50,          5.15
         13,          3,    6,          0.96,          3.30,       2.04,      20.39,     67.23,          5.12
         13,          3,    7,          1.35,          3.30,       2.12,      21.20,     69.87,          5.05
         13,          4,    1,         -1.13,          3.30,       1.73,      17.28,     56.99,          8.60
         13,          4,    2,          0.16,          3.30,       1.89,      18.87,     62.22,          7.30
         13,          4,    3,          1.02,          3.30,       2.03,      20.28,     66.85,          6.71
         13,          4,    4,          1.69,          3.30,       2.14,      21.44,     70.68,          6.52
         13,          4,    5,          2.24,          3.30,       2.25,      22.44,     73.96,          6.46
         13,          4,    6,          2.65,          3.30,       2.34,      23.43,     77.22,          6.31
         13,          4,    7,          3.00,          3.30,       2.43,      24.30,     80.11,          6.22
         13,          5,    1,          1.20,          3.30,       2.06,      20.60,     67.93,         10.66
         13,          5,    2,          2.36,          3.30,       2.26,      22.58,     74.43,          9.12
         13,          5,    3,          3.14,          3.30,       2.43,      24.28,     80.02,          8.41
         13,          5,    4,          3.69,          3.30,       2.56,      25.61,     84.40,          8.10
         13,          5,    5,          4.10,          3.30,       2.67,      26.70,     88.00,          7.92
         13,          5,    6,          4.42,          3.30,       2.77,      27.68,     91.22,          7.75
         13,          5,    7,          4.69,          3.30,       2.87,      28.64,     94.39,          7.58
         13,          6,    1,          2.79,          3.30,       2.37,      23.73,     78.24,         14.90
         13,          6,    2,          3.84,          3.30,       2.60,      26.06,     85.89,         11.86
         13,          6,    3,          4.50,          3.30,       2.78,      27.77,     91.53,         10.81
         13,          6,    4,          4.97,          3.30,       2.92,      29.16,     96.12,         10.24
         13,          6,    5,          5.32,          3.30,       3.04,      30.36,    100.07,          9.84
         13,          6,    6,          5.59,          3.30,       3.14,      31.43,    103.61,          9.51
         13,          6,    7,          5.82,          3.30,       3.24,      32.43,    106.89,          9.21
         13,          7,    1,          4.04,          3.30,       2.70,      26.96,     88.87,         16.08
         13,          7,    2,          5.07,          3.30,       2.97,      29.65,     97.72,         13.05
         13,          7,    3,          5.70,          3.30,       3.17,      31.69,    104.45,         11.85
         13,          7,    4,          6.11,          3.30,       3.33,      33.27,    109.68,         11.16
         13,          7,    5,          6.43,          3.30,       3.45,      34.54,    113.84,         10.80
         13,          7,    6,          6.67,          3.30,       3.56,      35.66,    117.54,         10.45
         13,          7,    7,          6.85,          3.30,       3.67,      36.76,    121.15,         10.09
         14,          1,    1,         -8.70,          3.30,       1.15,      11.43,     37.72,          3.29
         14,          1,    2,         -6.92,          3.30,       1.24,      12.34,     40.71,          2.87
         14,          1,    3,         -5.52,          3.30,       1.33,      13.31,     43.90,          2.73
         14,          1,    4,         -4.48,          3.30,       1.41,      14.12,     46.57,          2.75
         14,          1,    5,         -3.68,          3.30,       1.49,      14.86,     49.03,          2.78
         14,          1,    6,         -2.97,          3.30,       1.56,      15.55,     51.29,          2.86
         14,          1,    7,         -2.42,          3.30,       1.63,      16.27,     53.67,          2.86
         14,          2,    1,         -6.00,          3.30,       1.29,      12.88,     42.50,          6.86
         14,          2,    2,         -4.42,          3.30,       1.40,      14.02,     46.24,          4.88
         14,          2,    3,         -3.18,          3.30,       1.51,      15.12,     49.89,          4.35
         14,          2,    4,         -2.20,          3.30,       1.61,      16.10,     53.10,          4.23
         14,          2,    5,         -1.48,          3.30,       1.70,      16.97,     55.97,          4.15
         14,          2,    6,         -0.86,          3.30,       1.78,      17.79,     58.64,          4.14
         14,          2,    7,         -0.32,          3.30,       1.86,      18.57,     61.25,          4.15
         14,          3,    1,         -2.92,          3.30,       1.53,      15.31,     50.51,          7.88
         14,          3,    2,         -1.51,          3.30,       1.67,      16.71,     55.10,          6.38
         14,          3,    3,         -0.46,          3.30,       1.80,      18.04,     59.49,          5.82
         14,          3,    4,          0.33,          3.30,       1.92,      19.18,     63.24,          5.62
         14,          3,    5,          0.91,          3.30,       2.01,      20.11,     66.31,          5.54
         14,          3,    6,          1.42,          3.30,       2.10,      21.05,     69.41,          5.47
         14,          3,    7,          1.83,          3.30,       2.18,      21.82,     71.92,          5.46
         14,          4,    1,         -0.68,          3.30,       1.78,      17.80,     58.72,          9.19
         14,          4,    2,          0.58,          3.30,       1.95,      19.48,     64.24,          7.71
         14,          4,    3,          1.47,          3.30,       2.09,      20.92,     68.96,          7.17
         14,          4,    4,          2.16,          3.30,       2.22,      22.17,     73.07,          6.95
         14,          4,    5,          2.68,          3.30,       2.33,      23.26,     76.67,          6.80
         14,          4,    6,          3.10,          3.30,       2.42,      24.22,     79.84,          6.70
         14,          4,    7,          3.45,          3.30,       2.52,      25.19,     83.02,          6.59
         14,          5,    1,          1.63,          3.30,       2.13,      21.35,     70.37,         11.21
         14,          5,    2,          2.80,          3.30,       2.35,      23.45,     77.30,          9.57
         14,          5,    3,          3.59,          3.30,       2.52,      25.17,     82.96,          8.94
         14,          5,    4,          4.13,          3.30,       2.66,      26.60,     87.68,          8.54
         14,          5,    5,          4.56,          3.30,       2.77,      27.68,     91.24,          8.43
         14,          5,    6,          4.89,          3.30,       2.88,      28.79,     94.87,          8.21
         14,          5,    7,          5.14,          3.30,       2.98,      29.74,     98.02,          8.04
         14,          6,    1,          3.23,          3.30,       2.46,      24.62,     81.17,         15.35
         14,          6,    2,          4.29,          3.30,       2.70,      27.01,     89.03,         12.46
         14,          6,    3,          4.95,          3.30,       2.89,      28.89,     95.24,         11.25
         14,          6,    4,          5.43,          3.30,       3.03,      30.30,     99.88,         10.77
         14,          6,    5,          5.77,          3.30,       3.16,      31.58,    104.10,         10.31
         14,          6,    6,          6.06,          3.30,       3.27,      32.68,    107.71,         10.02
         14,          6,    7,          6.28,          3.30,       3.37,      33.71,    111.13,          9.73
         14,          7,    1,          4.48,          3.30,       2.80,      28.03,     92.39,         16.79
         14,          7,    2,          5.53,          3.30,       3.08,      30.82,    101.59,         13.78
         14,          7,    3,          6.16,          3.30,       3.31,      33.07,    108.97,         12.42
         14,          7,    4,          6.58,          3.30,       3.46,      34.54,    113.86,         11.92
         14,          7,    5,          6.89,          3.30,       3.60,      36.02,    118.70,         11.36
         14,          7,    6,          7.12,          3.30,       3.71,      37.14,    122.42,         11.03
         14,          7,    7,          7.32,          3.30,       3.83,      38.28,    126.18,         10.68
         15,          1,    1,         -4.06,          3.30,       1.37,      13.72,     45.24,          4.50
         15,          1,    2,         -2.19,          3.30,       1.53,      15.28,     50.41,          4.34
         15,          1,    3,         -0.91,          3.30,       1.67,      16.75,     55.25,          4.33
         15,          1,    4,          0.02,          3.30,       1.80,      17.99,     59.33,          4.40
         15,          1,    5,          0.71,          3.30,       1.92,      19.14,     63.11,          4.43
         15,          1,    6,          1.23,          3.30,       2.02,      20.21,     66.62,          4.41
         15,          1,    7,          1.68,          3.30,       2.12,      21.22,     69.96,          4.40
         15,          2,    1,         -2.18,          3.30,       1.54,      15.42,     50.87,          8.44
         15,          2,    2,         -0.45,          3.30,       1.72,      17.25,     56.89,          6.83
         15,          2,    3,          0.72,          3.30,       1.89,      18.92,     62.37,          6.33
         15,          2,    4,          1.56,          3.30,       2.04,      20.35,     67.09,          6.13
         15,          2,    5,          2.18,          3.30,       2.17,      21.68,     71.47,          5.95
         15,          2,    6,          2.70,          3.30,       2.29,      22.91,     75.52,          5.85
         15,          2,    7,          3.08,          3.30,       2.40,      24.00,     79.12,          5.74
         15,          3,    1,          0.14,          3.30,       1.82,      18.19,     60.00,         11.68
         15,          3,    2,          1.65,          3.30,       2.04,      20.34,     67.08,          9.18
         15,          3,    3,          2.65,          3.30,       2.22,      22.23,     73.28,          8.31
         15,          3,    4,          3.34,          3.30,       2.38,      23.84,     78.59,          7.86
         15,          3,    5,          3.84,          3.30,       2.53,      25.27,     83.31,          7.53
         15,          3,    6,          4.25,          3.30,       2.66,      26.59,     87.64,          7.30
         15,          3,    7,          4.55,          3.30,       2.78,      27.84,     91.74,          7.03
         15,          4,    1,          1.79,          3.30,       2.08,      20.79,     68.53,         13.37
         15,          4,    2,          3.13,          3.30,       2.34,      23.36,     77.00,         10.39
         15,          4,    3,          3.99,          3.30,       2.54,      25.38,     83.65,          9.48
         15,          4,    4,          4.59,          3.30,       2.72,      27.15,     89.49,          8.92
         15,          4,    5,          5.03,          3.30,       2.87,      28.71,     94.63,          8.51
         15,          4,    6,          5.36,          3.30,       3.01,      30.12,     99.28,          8.18
         15,          4,    7,          5.63,          3.30,       3.16,      31.54,    103.95,          7.82
         15,          5,    1,          3.46,          3.30,       2.44,      24.37,     80.34,         13.69
         15,          5,    2,          4.65,          3.30,       2.72,      27.20,     89.67,         11.43
         15,          5,    3,          5.39,          3.30,       2.95,      29.57,     97.45,         10.37
         15,          5,    4,          5.88,          3.30,       3.14,      31.47,    103.74,          9.77
         15,          5,    5,          6.24,          3.30,       3.32,      33.18,    109.36,          9.31
         15,          5,    6,          6.52,          3.30,       3.47,      34.68,    114.31,          8.95
         15,          5,    7,          6.74,          3.30,       3.62,      36.19,    119.28,          8.56
         15,          6,    1,          4.64,          3.30,       2.77,      27.65,     91.13,         15.94
         15,          6,    2,          5.73,          3.30,       3.08,      30.82,    101.58,         13.03
         15,          6,    3,          6.35,          3.30,       3.33,      33.31,    109.80,         11.69
         15,          6,    4,          6.78,          3.30,       3.54,      35.37,    116.59,         10.89
         15,          6,    5,          7.09,          3.30,       3.72,      37.19,    122.57,         10.29
         15,          6,    6,          7.33,          3.30,       3.89,      38.95,    128.37,          9.73
         15,          6,    7,          7.52,          3.30,       4.06,      40.63,    133.90,          9.25
         15,          7,    1,          5.56,          3.30,       3.09,      30.89,    101.82,         17.58
         15,          7,    2,          6.60,          3.30,       3.45,      34.47,    113.60,         14.17
         15,          7,    3,          7.18,          3.30,       3.74,      37.36,    123.15,         12.52
         15,          7,    4,          7.57,          3.30,       3.98,      39.78,    131.12,         11.49
         15,          7,    5,          7.84,          3.30,       4.19,      41.98,    138.35,         10.67
         15,          7,    6,          8.06,          3.30,       4.39,      43.84,    144.50,         10.12
         15,          7,    7,          8.24,          3.30,       4.58,      45.82,    150.99,          9.57
         16,          1,    1,         -3.65,          3.30,       1.40,      13.96,     46.04,          4.76
         16,          1,    2,         -1.76,          3.30,       1.56,      15.65,     51.61,          4.56
         16,          1,    3,         -0.45,          3.30,       1.71,      17.14,     56.52,          4.62
         16,          1,    4,          0.46,          3.30,       1.85,      18.53,     61.09,          4.61
         16,          1,    5,          1.14,          3.30,       1.97,      19.70,     64.96,          4.65
         16,          1,    6,          1.71,          3.30,       2.07,      20.73,     68.36,          4.73
         16,          1,    7,          2.16,          3.30,       2.19,      21.86,     72.06,          4.69
         16,          2,    1,         -1.76,          3.30,       1.57,      15.73,     51.88,          8.90
         16,          2,    2,          0.00,          3.30,       1.77,      17.73,     58.47,          7.10
         16,          2,    3,          1.17,          3.30,       1.95,      19.52,     64.36,          6.56
         16,          2,    4,          2.03,          3.30,       2.10,      20.93,     69.02,          6.47
         16,          2,    5,          2.67,          3.30,       2.24,      22.36,     73.73,          6.30
         16,          2,    6,          3.17,          3.30,       2.36,      23.60,     77.79,          6.21
         16,          2,    7,          3.56,          3.30,       2.49,      24.86,     81.95,          6.05
         16,          3,    1,          0.59,          3.30,       1.87,      18.69,     61.64,         12.19
         16,          3,    2,          2.11,          3.30,       2.10,      20.97,     69.15,          9.63
         16,          3,    3,          3.11,          3.30,       2.30,      23.00,     75.84,          8.68
         16,          3,    4,          3.80,          3.30,       2.47,      24.68,     81.35,          8.25
         16,          3,    5,          4.31,          3.30,       2.62,      26.22,     86.43,          7.89
         16,          3,    6,          4.72,          3.30,       2.75,      27.51,     90.69,          7.71
         16,          3,    7,          5.03,          3.30,       2.88,      28.84,     95.05,          7.43
         16,          4,    1,          2.25,          3.30,       2.15,      21.50,     70.90,         13.81
         16,          4,    2,          3.59,          3.30,       2.41,      24.07,     79.35,         11.09
         16,          4,    3,          4.45,          3.30,       2.63,      26.30,     86.70,          9.96
         16,          4,    4,          5.05,          3.30,       2.82,      28.18,     92.89,          9.38
         16,          4,    5,          5.49,          3.30,       2.98,      29.81,     98.24,          8.95
         16,          4,    6,          5.82,          3.30,       3.13,      31.24,    102.97,          8.63
         16,          4,    7,          6.11,          3.30,       3.27,      32.72,    107.83,          8.32
         16,          5,    1,          3.92,          3.30,       2.52,      25.20,     83.06,         14.50
         16,          5,    2,          5.11,          3.30,       2.83,      28.28,     93.21,         11.95
         16,          5,    3,          5.85,          3.30,       3.07,      30.67,    101.09,         10.97
         16,          5,    4,          6.37,          3.30,       3.28,      32.77,    108.00,         10.32
         16,          5,    5,          6.72,          3.30,       3.45,      34.50,    113.73,          9.86
         16,          5,    6,          6.99,          3.30,       3.61,      36.16,    119.20,          9.42
         16,          5,    7,          7.22,          3.30,       3.77,      37.65,    124.08,          9.08
         16,          6,    1,          5.11,          3.30,       2.87,      28.70,     94.59,         16.86
         16,          6,    2,          6.21,          3.30,       3.21,      32.08,    105.75,         13.74
         16,          6,    3,          6.83,          3.30,       3.47,      34.65,    114.22,         12.39
         16,          6,    4,          7.25,          3.30,       3.68,      36.86,    121.47,         11.52
         16,          6,    5,          7.57,          3.30,       3.88,      38.81,    127.92,         10.87
         16,          6,    6,          7.81,          3.30,       4.06,      40.61,    133.83,         10.33
         16,          6,    7,          8.00,          3.30,       4.24,      42.44,    139.85,          9.78
         16,          7,    1,          6.03,          3.30,       3.22,      32.17,    106.03,         18.39
         16,          7,    2,          7.07,          3.30,       3.60,      35.94,    118.46,         14.87
         16,          7,    3,          7.65,          3.30,       3.90,      38.99,    128.50,         13.16
         16,          7,    4,          8.04,          3.30,       4.15,      41.51,    136.82,         12.11
         16,          7,    5,          8.32,          3.30,       4.37,      43.73,    144.12,         11.36
         16,          7,    6,          8.54,          3.30,       4.59,      45.85,    151.09,         10.70
         16,          7,    7,          8.71,          3.30,       4.78,      47.75,    157.35,         10.16
         17,          1,    1,         -3.24,          3.30,       1.43,      14.28,     47.10,          5.03
         17,          1,    2,         -1.33,          3.30,       1.61,      16.06,     52.96,          4.81
         17,          1,    3,         -0.01,          3.30,       1.76,      17.61,     58.09,          4.88
         17,          1,    4,          0.90,          3.30,       1.90,      19.00,     62.64,          4.92
         17,          1,    5,          1.59,          3.30,       2.02,      20.25,     66.76,          4.96
         17,          1,    6,          2.15,          3.30,       2.14,      21.40,     70.55,          4.99
         17,          1,    7,          2.60,          3.30,       2.25,      22.44,     73.97,          5.01
         17,          2,    1,         -1.34,          3.30,       1.62,      16.13,     53.19,          9.21
         17,          2,    2,          0.41,          3.30,       1.82,      18.22,     60.10,          7.38
         17,          2,    3,          1.59,          3.30,       2.00,      20.03,     66.06,          6.92
         17,          2,    4,          2.47,          3.30,       2.16,      21.57,     71.13,          6.81
         17,          2,    5,          3.11,          3.30,       2.30,      23.04,     75.94,          6.66
         17,          2,    6,          3.60,          3.30,       2.43,      24.33,     80.18,          6.55
         17,          2,    7,          4.01,          3.30,       2.57,      25.66,     84.60,          6.40
         17,          3,    1,          0.97,          3.30,       1.92,      19.19,     63.26,         12.83
         17,          3,    2,          2.51,          3.30,       2.16,      21.63,     71.32,         10.01
         17,          3,    3,          3.54,          3.30,       2.37,      23.74,     78.26,          9.12
         17,          3,    4,          4.23,          3.30,       2.55,      25.48,     84.00,          8.69
         17,          3,    5,          4.75,          3.30,       2.71,      27.06,     89.17,          8.38
         17,          3,    6,          5.15,          3.30,       2.85,      28.48,     93.88,          8.12
         17,          3,    7,          5.48,          3.30,       2.99,      29.89,     98.53,          7.84
         17,          4,    1,          2.64,          3.30,       2.21,      22.12,     72.93,         14.51
         17,          4,    2,          4.02,          3.30,       2.49,      24.88,     82.02,         11.59
         17,          4,    3,          4.88,          3.30,       2.72,      27.16,     89.51,         10.52
         17,          4,    4,          5.49,          3.30,       2.91,      29.14,     96.06,          9.89
         17,          4,    5,          5.93,          3.30,       3.08,      30.80,    101.52,          9.51
         17,          4,    6,          6.29,          3.30,       3.24,      32.45,    106.97,          9.11
         17,          4,    7,          6.56,          3.30,       3.39,      33.88,    111.66,          8.81
         17,          5,    1,          4.33,          3.30,       2.60,      26.02,     85.75,         15.16
         17,          5,    2,          5.55,          3.30,       2.93,      29.27,     96.46,         12.55
         17,          5,    3,          6.30,          3.30,       3.18,      31.85,    104.99,         11.49
         17,          5,    4,          6.80,          3.30,       3.39,      33.92,    111.78,         10.91
         17,          5,    5,          7.16,          3.30,       3.58,      35.83,    118.10,         10.36
         17,          5,    6,          7.44,          3.30,       3.75,      37.50,    123.60,          9.95
         17,          5,    7,          7.66,          3.30,       3.92,      39.22,    129.25,          9.51
         17,          6,    1,          5.55,          3.30,       2.97,      29.73,     98.00,         17.72
         17,          6,    2,          6.63,          3.30,       3.33,      33.28,    109.70,         14.41
         17,          6,    3,          7.27,          3.30,       3.60,      35.99,    118.62,         13.06
         17,          6,    4,          7.70,          3.30,       3.83,      38.32,    126.30,         12.13
         17,          6,    5,          8.02,          3.30,       4.04,      40.37,    133.06,         11.45
         17,          6,    6,          8.26,          3.30,       4.23,      42.31,    139.43,         10.86
         17,          6,    7,          8.45,          3.30,       4.41,      44.07,    145.22,         10.36
         17,          7,    1,          6.47,          3.30,       3.34,      33.37,    109.97,         19.62
         17,          7,    2,          7.52,          3.30,       3.74,      37.41,    123.29,         15.70
         17,          7,    3,          8.11,          3.30,       4.06,      40.61,    133.83,         13.90
         17,          7,    4,          8.50,          3.30,       4.31,      43.13,    142.16,         12.91
         17,          7,    5,          8.78,          3.30,       4.55,      45.50,    149.95,         12.05
         17,          7,    6,          9.00,          3.29,       4.76,      47.63,    156.93,         11.41
         17,          7,    7,          9.17,          3.29,       4.98,      49.80,    164.05,         10.76
         18,          1,    1,         -2.80,          3.30,       1.46,      14.56,     48.02,          5.34
         18,          1,    2,         -0.89,          3.30,       1.64,      16.45,     54.26,          5.07
         18,          1,    3,          0.44,          3.30,       1.81,      18.12,     59.74,          5.13
         18,          1,    4,          1.36,          3.30,       1.96,      19.59,     64.60,          5.18
         18,          1,    5,          2.08,          3.30,       2.09,      20.86,     68.79,          5.28
         18,          1,    6,          2.63,          3.30,       2.20,      22.07,     72.76,          5.30
         18,          1,    7,          3.08,          3.30,       2.32,      23.20,     76.50,          5.31
         18,          2,    1,         -0.92,          3.30,       1.65,      16.54,     54.53,          9.71
         18,          2,    2,          0.84,          3.30,       1.87,      18.70,     61.65,          7.85
         18,          2,    3,          2.05,          3.30,       2.06,      20.60,     67.91,          7.38
         18,          2,    4,          2.92,          3.30,       2.23,      22.30,     73.51,          7.17
         18,          2,    5,          3.56,          3.30,       2.37,      23.78,     78.37,          7.06
         18,          2,    6,          4.07,          3.30,       2.52,      25.19,     83.04,          6.93
         18,          2,    7,          4.48,          3.30,       2.66,      26.57,     87.59,          6.77
         18,          3,    1,          1.39,          3.30,       1.97,      19.72,     65.02,         13.58
         18,          3,    2,          2.96,          3.30,       2.23,      22.31,     73.55,         10.59
         18,          3,    3,          3.99,          3.30,       2.45,      24.55,     80.94,          9.62
         18,          3,    4,          4.71,          3.30,       2.64,      26.41,     87.07,          9.18
         18,          3,    5,          5.22,          3.30,       2.81,      28.07,     92.53,          8.83
         18,          3,    6,          5.63,          3.30,       2.96,      29.55,     97.38,          8.60
         18,          3,    7,          5.95,          3.30,       3.09,      30.94,    101.97,          8.36
         18,          4,    1,          3.10,          3.30,       2.28,      22.82,     75.22,         15.46
         18,          4,    2,          4.45,          3.30,       2.57,      25.73,     84.81,         12.23
         18,          4,    3,          5.33,          3.30,       2.82,      28.17,     92.86,         11.06
         18,          4,    4,          5.95,          3.30,       3.02,      30.20,     99.55,         10.48
         18,          4,    5,          6.41,          3.30,       3.21,      32.06,    105.68,         10.01
         18,          4,    6,          6.76,          3.30,       3.37,      33.62,    110.83,          9.71
         18,          4,    7,          7.03,          3.30,       3.53,      35.27,    116.26,          9.31
         18,          5,    1,          4.79,          3.30,       2.70,      26.94,     88.79,         16.02
         18,          5,    2,          6.01,          3.30,       3.03,      30.33,     99.96,         13.30
         18,          5,    3,          6.76,          3.30,       3.31,      33.14,    109.25,         12.09
         18,          5,    4,          7.27,          3.30,       3.53,      35.31,    116.37,         11.51
         18,          5,    5,          7.64,          3.30,       3.72,      37.22,    122.69,         11.02
         18,          5,    6,          7.92,          3.30,       3.91,      39.14,    129.00,         10.49
         18,          5,    7,          8.14,          3.30,       4.08,      40.82,    134.55,         10.10
         18,          6,    1,          6.01,          3.30,       3.09,      30.85,    101.69,         18.64
         18,          6,    2,          7.11,          3.30,       3.46,      34.62,    114.09,         15.21
         18,          6,    3,          7.75,          3.30,       3.75,      37.51,    123.62,         13.76
         18,          6,    4,          8.19,          3.30,       3.99,      39.93,    131.61,         12.84
         18,          6,    5,          8.50,          3.30,       4.21,      42.11,    138.76,         12.10
         18,          6,    6,          8.73,          3.30,       4.41,      44.03,    145.09,         11.53
         18,          6,    7,          8.93,          3.30,       4.60,      46.00,    151.60,         10.97
         18,          7,    1,          6.94,          3.30,       3.47,      34.68,    114.32,         20.78
         18,          7,    2,          8.00,          3.30,       3.90,      39.01,    128.56,         16.58
         18,          7,    3,          8.59,          3.30,       4.24,      42.38,    139.66,         14.70
         18,          7,    4,          8.98,          3.30,       4.50,      45.04,    148.42,         13.64
         18,          7,    5,          9.27,          3.29,       4.75,      47.50,    156.50,         12.80
         18,          7,    6,          9.48,          3.29,       4.97,      49.72,    163.80,         12.10
         18,          7,    7,          9.65,          3.29,       5.19,      51.89,    170.90,         11.47
         19,          1,    1,         -2.33,          3.30,       1.49,      14.92,     49.21,          5.58
         19,          1,    2,         -0.41,          3.30,       1.69,      16.90,     55.72,          5.36
         19,          1,    3,          0.89,          3.30,       1.87,      18.66,     61.53,          5.38
         19,          1,    4,          1.85,          3.30,       2.02,      20.18,     66.54,          5.50
         19,          1,    5,          2.57,          3.30,       2.15,      21.50,     70.88,          5.62
         19,          1,    6,          3.13,          3.30,       2.29,      22.85,     75.34,          5.62
         19,          1,    7,          3.59,          3.30,       2.40,      24.00,     79.11,          5.66
         19,          2,    1,         -0.51,          3.30,       1.69,      16.86,     55.61,         10.54
         19,          2,    2,          1.28,          3.30,       1.92,      19.24,     63.44,          8.26
         19,          2,    3,          2.51,          3.30,       2.12,      21.21,     69.93,          7.83
         19,          2,    4,          3.38,          3.30,       2.30,      22.99,     75.80,          7.61
         19,          2,    5,          4.04,          3.30,       2.46,      24.65,     81.25,          7.43
         19,          2,    6,          4.54,          3.30,       2.61,      26.10,     86.02,          7.32
         19,          2,    7,          4.96,          3.30,       2.75,      27.51,     90.69,          7.21
         19,          3,    1,          1.84,          3.30,       2.03,      20.29,     66.90,         14.52
         19,          3,    2,          3.41,          3.30,       2.30,      23.00,     75.83,         11.26
         19,          3,    3,          4.46,          3.30,       2.54,      25.38,     83.66,         10.24
         19,          3,    4,          5.17,          3.30,       2.74,      27.37,     90.22,          9.73
         19,          3,    5,          5.70,          3.30,       2.91,      29.09,     95.88,          9.41
         19,          3,    6,          6.11,          3.30,       3.07,      30.68,    101.12,          9.12
         19,          3,    7,          6.44,          3.30,       3.22,      32.21,    106.16,          8.85
         19,          4,    1,          3.54,          3.30,       2.36,      23.59,     77.75,         16.11
         19,          4,    2,          4.93,          3.30,       2.66,      26.64,     87.80,         12.90
         19,          4,    3,          5.80,          3.30,       2.92,      29.19,     96.22,         11.70
         19,          4,    4,          6.43,          3.30,       3.14,      31.37,    103.41,         11.08
         19,          4,    5,          6.88,          3.30,       3.33,      33.28,    109.68,         10.60
         19,          4,    6,          7.23,          3.30,       3.50,      35.00,    115.34,         10.25
         19,          4,    7,          7.52,          3.30,       3.67,      36.65,    120.80,          9.90
         19,          5,    1,          5.25,          3.30,       2.81,      28.04,     92.43,         16.70
         19,          5,    2,          6.48,          3.30,       3.15,      31.55,    104.01,         14.07
         19,          5,    3,          7.25,          3.30,       3.44,      34.39,    113.35,         12.95
         19,          5,    4,          7.76,          3.30,       3.68,      36.76,    121.15,         12.23
         19,          5,    5,          8.14,          3.30,       3.89,      38.92,    128.29,         11.64
         19,          5,    6,          8.41,          3.30,       4.08,      40.77,    134.36,         11.19
         19,          5,    7,          8.64,          3.30,       4.26,      42.58,    140.35,         10.76
         19,          6,    1,          6.50,          3.30,       3.22,      32.17,    106.03,         19.76
         19,          6,    2,          7.60,          3.30,       3.61,      36.12,    119.04,         16.18
         19,          6,    3,          8.25,          3.30,       3.92,      39.18,    129.13,         14.62
         19,          6,    4,          8.69,          3.30,       4.17,      41.65,    137.27,         13.72
         19,          6,    5,          8.99,          3.30,       4.39,      43.91,    144.73,         12.94
         19,          6,    6,          9.24,          3.30,       4.60,      45.99,    151.56,         12.32
         19,          6,    7,          9.43,          3.30,       4.79,      47.92,    157.89,         11.78
         19,          7,    1,          7.44,          3.30,       3.62,      36.23,    119.41,         22.14
         19,          7,    2,          8.50,          3.30,       4.08,      40.80,    134.46,         17.65
         19,          7,    3,          9.11,          3.30,       4.43,      44.25,    145.84,         15.82
         19,          7,    4,          9.49,          3.30,       4.71,      47.09,    155.17,         14.62
         19,          7,    5,          9.77,          3.29,       4.96,      49.61,    163.44,         13.74
         19,          7,    6,          9.98,          3.29,       5.20,      51.96,    171.15,         12.97
         19,          7,    7,         10.17,          3.29,       5.42,      54.19,    178.47,         12.36
         20,          1,    1,         -1.97,          3.30,       1.52,      15.21,     50.19,          5.81
         20,          1,    2,         -0.01,          3.30,       1.72,      17.26,     56.90,          5.65
         20,          1,    3,          1.33,          3.30,       1.92,      19.15,     63.13,          5.69
         20,          1,    4,          2.30,          3.30,       2.07,      20.73,     68.34,          5.83
         20,          1,    5,          3.00,          3.30,       2.22,      22.20,     73.18,          5.88
         20,          1,    6,          3.58,          3.30,       2.35,      23.51,     77.52,          5.96
         20,          1,    7,          4.03,          3.30,       2.49,      24.85,     81.92,          5.93
         20,          2,    1,         -0.12,          3.30,       1.73,      17.24,     56.87,         11.23
         20,          2,    2,          1.68,          3.30,       1.97,      19.73,     65.06,          8.74
         20,          2,    3,          2.91,          3.30,       2.18,      21.83,     71.98,          8.22
         20,          2,    4,          3.79,          3.30,       2.37,      23.66,     78.00,          8.03
         20,          2,    5,          4.46,          3.30,       2.54,      25.42,     83.81,          7.84
         20,          2,    6,          4.99,          3.30,       2.70,      26.96,     88.87,          7.76
         20,          2,    7,          5.40,          3.30,       2.85,      28.46,     93.82,          7.61
         20,          3,    1,          2.24,          3.30,       2.08,      20.83,     68.68,         15.24
         20,          3,    2,          3.83,          3.30,       2.37,      23.70,     78.11,         11.82
         20,          3,    3,          4.88,          3.30,       2.62,      26.20,     86.37,         10.73
         20,          3,    4,          5.61,          3.30,       2.82,      28.23,     93.06,         10.28
         20,          3,    5,          6.15,          3.30,       3.01,      30.12,     99.29,          9.90
         20,          3,    6,          6.57,          3.30,       3.18,      31.81,    104.84,          9.62
         20,          3,    7,          6.90,          3.30,       3.34,      33.41,    110.13,          9.33
         20,          4,    1,          3.95,          3.30,       2.43,      24.26,     79.98,         17.36
         20,          4,    2,          5.34,          3.30,       2.75,      27.56,     90.83,         13.59
         20,          4,    3,          6.24,          3.30,       3.02,      30.17,     99.43,         12.46
         20,          4,    4,          6.87,          3.30,       3.24,      32.44,    106.94,         11.77
         20,          4,    5,          7.32,          3.30,       3.44,      34.42,    113.46,         11.28
         20,          4,    6,          7.68,          3.30,       3.63,      36.33,    119.74,         10.84
         20,          4,    7,          7.98,          3.30,       3.81,      38.09,    125.56,         10.48
         20,          5,    1,          5.68,          3.30,       2.90,      29.01,     95.61,         17.43
         20,          5,    2,          6.93,          3.30,       3.27,      32.69,    107.77,         14.75
         20,          5,    3,          7.70,          3.30,       3.57,      35.71,    117.68,         13.58
         20,          5,    4,          8.21,          3.30,       3.82,      38.25,    126.07,         12.82
         20,          5,    5,          8.59,          3.30,       4.04,      40.43,    133.25,         12.26
         20,          5,    6,          8.87,          3.30,       4.24,      42.34,    139.55,         11.82
         20,          5,    7,          9.11,          3.30,       4.42,      44.23,    145.77,         11.40
         20,          6,    1,          6.94,          3.30,       3.34,      33.39,    110.05,         21.04
         20,          6,    2,          8.06,          3.30,       3.75,      37.51,    123.63,         17.23
         20,          6,    3,          8.71,          3.30,       4.07,      40.69,    134.11,         15.60
         20,          6,    4,          9.15,          3.30,       4.34,      43.35,    142.87,         14.58
         20,          6,    5,          9.46,          3.30,       4.58,      45.73,    150.69,         13.76
         20,          6,    6,          9.70,          3.29,       4.78,      47.80,    157.49,         13.15
         20,          6,    7,          9.90,          3.29,       4.98,      49.83,    164.18,         12.60
         20,          7,    1,          7.90,          3.30,       3.77,      37.72,    124.32,         23.28
         20,          7,    2,          8.96,          3.30,       4.25,      42.52,    140.15,         18.60
         20,          7,    3,          9.56,          3.30,       4.62,      46.20,    152.26,         16.62
         20,          7,    4,          9.96,          3.29,       4.91,      49.05,    161.57,         15.54
         20,          7,    5,         10.25,          3.29,       5.17,      51.75,    170.47,         14.59
         20,          7,    6,         10.46,          3.29,       5.41,      54.10,    178.15,         13.85
         20,          7,    7,         10.64,          3.29,       5.64,      56.39,    185.68,         13.18
         21,          1,    1,         -1.63,          3.30,       1.55,      15.51,     51.14,          6.01
         21,          1,    2,          0.34,          3.30,       1.76,      17.61,     58.06,          5.89
         21,          1,    3,          1.70,          3.30,       1.96,      19.56,     64.50,          5.96
         21,          1,    4,          2.67,          3.30,       2.12,      21.23,     70.00,          6.11
         21,          1,    5,          3.40,          3.30,       2.27,      22.73,     74.95,          6.21
         21,          1,    6,          3.99,          3.30,       2.42,      24.19,     79.72,          6.26
         21,          1,    7,          4.44,          3.30,       2.55,      25.53,     84.14,          6.25
         21,          2,    1,          0.23,          3.30,       1.77,      17.61,     58.07,         11.60
         21,          2,    2,          2.02,          3.30,       2.02,      20.15,     66.46,          9.11
         21,          2,    3,          3.26,          3.30,       2.23,      22.33,     73.60,          8.60
         21,          2,    4,          4.16,          3.30,       2.42,      24.27,     79.99,          8.40
         21,          2,    5,          4.82,          3.30,       2.61,      26.05,     85.86,          8.22
         21,          2,    6,          5.36,          3.30,       2.77,      27.65,     91.13,          8.15
         21,          2,    7,          5.79,          3.30,       2.93,      29.27,     96.46,          7.98
         21,          3,    1,          2.59,          3.30,       2.14,      21.35,     70.39,         15.83
         21,          3,    2,          4.19,          3.30,       2.43,      24.27,     80.01,         12.46
         21,          3,    3,          5.26,          3.30,       2.70,      26.97,     88.89,         11.21
         21,          3,    4,          5.99,          3.30,       2.91,      29.10,     95.91,         10.74
         21,          3,    5,          6.53,          3.30,       3.10,      31.02,    102.23,         10.40
         21,          3,    6,          6.96,          3.30,       3.28,      32.75,    107.96,         10.12
         21,          3,    7,          7.30,          3.30,       3.43,      34.37,    113.29,          9.87
         21,          4,    1,          4.32,          3.30,       2.50,      24.98,     82.34,         17.58
         21,          4,    2,          5.72,          3.30,       2.83,      28.32,     93.34,         14.15
         21,          4,    3,          6.61,          3.30,       3.11,      31.03,    102.29,         12.97
         21,          4,    4,          7.24,          3.30,       3.34,      33.40,    110.10,         12.28
         21,          4,    5,          7.71,          3.30,       3.55,      35.47,    116.90,         11.81
         21,          4,    6,          8.07,          3.30,       3.74,      37.37,    123.18,         11.40
         21,          4,    7,          8.36,          3.30,       3.93,      39.27,    129.42,         10.98
         21,          5,    1,          6.07,          3.30,       2.99,      29.88,     98.48,         18.45
         21,          5,    2,          7.32,          3.30,       3.38,      33.76,    111.28,         15.54
         21,          5,    3,          8.09,          3.30,       3.69,      36.91,    121.67,         14.28
         21,          5,    4,          8.61,          3.30,       3.95,      39.51,    130.22,         13.53
         21,          5,    5,          8.99,          3.30,       4.18,      41.84,    137.90,         12.92
         21,          5,    6,          9.28,          3.30,       4.38,      43.82,    144.41,         12.48
         21,          5,    7,          9.51,          3.30,       4.58,      45.77,    150.81,         12.02
         21,          6,    1,          7.35,          3.30,       3.45,      34.51,    113.74,         22.04
         21,          6,    2,          8.46,          3.30,       3.89,      38.87,    128.10,         17.98
         21,          6,    3,          9.11,          3.30,       4.22,      42.23,    139.18,         16.26
         21,          6,    4,          9.55,          3.30,       4.49,      44.89,    147.94,         15.31
         21,          6,    5,          9.88,          3.29,       4.73,      47.32,    155.91,         14.54
         21,          6,    6,         10.11,          3.29,       4.95,      49.47,    162.96,         13.90
         21,          6,    7,         10.32,          3.29,       5.16,      51.65,    170.12,         13.28
         21,          7,    1,          8.30,          3.30,       3.91,      39.13,    128.97,         24.31
         21,          7,    2,          9.37,          3.30,       4.41,      44.12,    145.41,         19.55
         21,          7,    3,          9.98,          3.29,       4.79,      47.85,    157.66,         17.63
         21,          7,    4,         10.38,          3.29,       5.09,      50.92,    167.75,         16.39
         21,          7,    5,         10.67,          3.29,       5.37,      53.71,    176.91,         15.40
         21,          7,    6,         10.89,          3.29,       5.61,      56.14,    184.86,         14.66
         21,          7,    7,         11.07,          3.29,       5.85,      58.49,    192.57,         13.98
         22,          1,    1,         -1.28,          3.30,       1.58,      15.82,     52.19,          6.28
         22,          1,    2,          0.71,          3.30,       1.81,      18.10,     59.68,          6.09
         22,          1,    3,          2.08,          3.30,       2.01,      20.13,     66.38,          6.20
         22,          1,    4,          3.06,          3.30,       2.18,      21.84,     72.00,          6.39
         22,          1,    5,          3.80,          3.30,       2.34,      23.41,     77.16,          6.51
         22,          1,    6,          4.38,          3.30,       2.50,      24.97,     82.32,          6.53
         22,          1,    7,          4.85,          3.30,       2.63,      26.35,     86.83,          6.57
         22,          2,    1,          0.57,          3.30,       1.81,      18.10,     59.69,         11.66
         22,          2,    2,          2.40,          3.30,       2.06,      20.62,     67.99,          9.60
         22,          2,    3,          3.65,          3.30,       2.29,      22.94,     75.62,          9.01
         22,          2,    4,          4.53,          3.30,       2.50,      24.96,     82.29,          8.77
         22,          2,    5,          5.22,          3.30,       2.69,      26.83,     88.44,          8.63
         22,          2,    6,          5.76,          3.30,       2.85,      28.52,     94.02,          8.54
         22,          2,    7,          6.20,          3.30,       3.01,      30.13,     99.31,          8.43
         22,          3,    1,          2.96,          3.30,       2.19,      21.92,     72.30,         16.71
         22,          3,    2,          4.56,          3.30,       2.50,      25.02,     82.47,         12.99
         22,          3,    3,          5.65,          3.30,       2.78,      27.75,     91.47,         11.86
         22,          3,    4,          6.40,          3.30,       3.00,      30.01,     98.93,         11.35
         22,          3,    5,          6.95,          3.30,       3.21,      32.03,    105.57,         10.99
         22,          3,    6,          7.37,          3.30,       3.39,      33.86,    111.61,         10.68
         22,          3,    7,          7.72,          3.30,       3.56,      35.56,    117.21,         10.42
         22,          4,    1,          4.71,          3.30,       2.58,      25.80,     85.05,         18.46
         22,          4,    2,          6.11,          3.30,       2.93,      29.32,     96.64,         14.79
         22,          4,    3,          7.03,          3.30,       3.22,      32.19,    106.10,         13.60
         22,          4,    4,          7.66,          3.30,       3.46,      34.55,    113.89,         13.00
         22,          4,    5,          8.13,          3.30,       3.68,      36.75,    121.14,         12.47
         22,          4,    6,          8.50,          3.30,       3.87,      38.76,    127.73,         12.05
         22,          4,    7,          8.79,          3.30,       4.06,      40.63,    133.92,         11.66
         22,          5,    1,          6.49,          3.30,       3.09,      30.93,    101.95,         19.42
         22,          5,    2,          7.74,          3.30,       3.51,      35.05,    115.52,         16.28
         22,          5,    3,          8.52,          3.30,       3.84,      38.37,    126.47,         15.00
         22,          5,    4,          9.05,          3.30,       4.10,      40.99,    135.09,         14.32
         22,          5,    5,          9.44,          3.30,       4.34,      43.36,    142.90,         13.74
         22,          5,    6,          9.72,          3.30,       4.55,      45.51,    149.94,         13.21
         22,          5,    7,          9.96,          3.29,       4.75,      47.49,    156.46,         12.78
         22,          6,    1,          7.78,          3.30,       3.59,      35.91,    118.34,         23.21
         22,          6,    2,          8.90,          3.30,       4.05,      40.46,    133.35,         18.98
         22,          6,    3,          9.56,          3.30,       4.39,      43.87,    144.57,         17.35
         22,          6,    4,         10.00,          3.30,       4.67,      46.70,    153.90,         16.30
         22,          6,    5,         10.32,          3.29,       4.92,      49.18,    162.03,         15.50
         22,          6,    6,         10.57,          3.29,       5.14,      51.42,    169.40,         14.82
         22,          6,    7,         10.77,          3.29,       5.36,      53.63,    176.66,         14.19
         22,          7,    1,          8.76,          3.30,       4.08,      40.77,    134.39,         25.78
         22,          7,    2,          9.83,          3.30,       4.60,      46.03,    151.67,         20.71
         22,          7,    3,         10.45,          3.29,       5.00,      49.92,    164.46,         18.73
         22,          7,    4,         10.85,          3.29,       5.31,      53.12,    174.96,         17.43
         22,          7,    5,         11.14,          3.29,       5.59,      55.93,    184.18,         16.49
         22,          7,    6,         11.36,          3.29,       5.84,      58.43,    192.37,         15.71
         22,          7,    7,         11.55,          3.29,       6.08,      60.78,    200.13,         15.07
         23,          1,    1,         -0.95,          3.30,       1.61,      16.14,     53.24,          6.51
         23,          1,    2,          1.06,          3.30,       1.85,      18.46,     60.90,          6.38
         23,          1,    3,          2.47,          3.30,       2.05,      20.50,     67.61,          6.62
         23,          1,    4,          3.45,          3.30,       2.24,      22.38,     73.79,          6.74
         23,          1,    5,          4.19,          3.30,       2.40,      24.02,     79.19,          6.86
         23,          1,    6,          4.79,          3.30,       2.56,      25.64,     84.50,          6.91
         23,          1,    7,          5.26,          3.30,       2.71,      27.10,     89.32,          6.94
         23,          2,    1,          0.90,          3.30,       1.84,      18.42,     60.73,         12.52
         23,          2,    2,          2.74,          3.30,       2.11,      21.09,     69.54,         10.08
         23,          2,    3,          4.01,          3.30,       2.35,      23.47,     77.37,          9.51
         23,          2,    4,          4.92,          3.30,       2.56,      25.60,     84.40,          9.27
         23,          2,    5,          5.61,          3.30,       2.75,      27.53,     90.73,          9.14
         23,          2,    6,          6.16,          3.30,       2.93,      29.36,     96.79,          9.00
         23,          2,    7,          6.61,          3.30,       3.10,      31.00,    102.18,          8.93
         23,          3,    1,          3.30,          3.30,       2.24,      22.43,     73.95,         17.57
         23,          3,    2,          4.94,          3.30,       2.58,      25.76,     84.90,         13.48
         23,          3,    3,          6.03,          3.30,       2.86,      28.61,     94.32,         12.33
         23,          3,    4,          6.79,          3.30,       3.09,      30.92,    101.92,         11.91
         23,          3,    5,          7.35,          3.30,       3.31,      33.09,    109.08,         11.49
         23,          3,    6,          7.79,          3.30,       3.49,      34.92,    115.08,         11.28
         23,          3,    7,          8.14,          3.30,       3.67,      36.72,    121.05,         11.00
         23,          4,    1,          5.09,          3.30,       2.66,      26.59,     87.66,         19.26
         23,          4,    2,          6.50,          3.30,       3.02,      30.15,     99.37,         15.71
         23,          4,    3,          7.43,          3.30,       3.32,      33.22,    109.49,         14.34
         23,          4,    4,          8.06,          3.30,       3.57,      35.71,    117.69,         13.69
         23,          4,    5,          8.54,          3.30,       3.80,      38.02,    125.29,         13.14
         23,          4,    6,          8.92,          3.30,       4.01,      40.10,    132.16,         12.73
         23,          4,    7,          9.22,          3.30,       4.21,      42.07,    138.65,         12.35
         23,          5,    1,          6.89,          3.30,       3.21,      32.05,    105.63,         20.25
         23,          5,    2,          8.16,          3.30,       3.63,      36.29,    119.59,         17.20
         23,          5,    3,          8.95,          3.30,       3.98,      39.81,    131.22,         15.81
         23,          5,    4,          9.48,          3.30,       4.26,      42.58,    140.33,         15.10
         23,          5,    5,          9.88,          3.30,       4.50,      45.03,    148.41,         14.53
         23,          5,    6,         10.17,          3.30,       4.72,      47.16,    155.40,         14.09
         23,          5,    7,         10.41,          3.29,       4.93,      49.25,    162.27,         13.61
         23,          6,    1,          8.22,          3.30,       3.73,      37.30,    122.94,         24.45
         23,          6,    2,          9.35,          3.30,       4.21,      42.09,    138.71,         20.07
         23,          6,    3,         10.01,          3.30,       4.57,      45.69,    150.56,         18.29
         23,          6,    4,         10.46,          3.29,       4.86,      48.59,    160.08,         17.31
         23,          6,    5,         10.79,          3.29,       5.12,      51.16,    168.51,         16.49
         23,          6,    6,         11.04,          3.29,       5.35,      53.55,    176.33,         15.78
         23,          6,    7,         11.24,          3.29,       5.58,      55.80,    183.74,         15.14
         23,          7,    1,          9.22,          3.30,       4.26,      42.55,    140.23,         26.91
         23,          7,    2,         10.29,          3.29,       4.79,      47.94,    157.96,         21.93
         23,          7,    3,         10.92,          3.29,       5.22,      52.18,    171.88,         19.70
         23,          7,    4,         11.33,          3.29,       5.54,      55.41,    182.48,         18.53
         23,          7,    5,         11.63,          3.29,       5.84,      58.36,    192.17,         17.53
         23,          7,    6,         11.85,          3.29,       6.09,      60.92,    200.58,         16.77
         23,          7,    7,         12.05,          3.29,       6.34,      63.39,    208.71,         16.10
         24,          1,    1,         -0.70,          3.30,       1.64,      16.37,     53.99,          6.69
         24,          1,    2,          1.34,          3.30,       1.88,      18.80,     62.01,          6.56
         24,          1,    3,          2.78,          3.30,       2.10,      20.95,     69.08,          6.82
         24,          1,    4,          3.79,          3.30,       2.29,      22.92,     75.57,          6.98
         24,          1,    5,          4.55,          3.30,       2.46,      24.60,     81.09,          7.16
         24,          1,    6,          5.15,          3.30,       2.62,      26.22,     86.42,          7.26
         24,          1,    7,          5.64,          3.30,       2.78,      27.78,     91.56,          7.29
         24,          2,    1,          1.15,          3.30,       1.88,      18.77,     61.91,         12.72
         24,          2,    2,          3.03,          3.30,       2.15,      21.52,     70.94,         10.42
         24,          2,    3,          4.32,          3.30,       2.40,      24.00,     79.11,          9.84
         24,          2,    4,          5.26,          3.30,       2.62,      26.24,     86.48,          9.65
         24,          2,    5,          5.95,          3.30,       2.82,      28.22,     93.02,          9.51
         24,          2,    6,          6.51,          3.30,       3.00,      30.02,     98.95,          9.47
         24,          2,    7,          6.97,          3.30,       3.18,      31.81,    104.85,          9.36
         24,          3,    1,          3.61,          3.30,       2.30,      22.98,     75.77,         18.06
         24,          3,    2,          5.25,          3.30,       2.64,      26.39,     87.00,         13.99
         24,          3,    3,          6.38,          3.30,       2.94,      29.37,     96.82,         12.88
         24,          3,    4,          7.15,          3.30,       3.18,      31.83,    104.90,         12.40
         24,          3,    5,          7.72,          3.30,       3.40,      34.00,    112.05,         12.08
         24,          3,    6,          8.16,          3.30,       3.59,      35.92,    118.37,         11.85
         24,          3,    7,          8.52,          3.30,       3.78,      37.75,    124.44,         11.60
         24,          4,    1,          5.43,          3.30,       2.73,      27.27,     89.88,         20.17
         24,          4,    2,          6.85,          3.30,       3.10,      31.01,    102.22,         16.31
         24,          4,    3,          7.77,          3.30,       3.41,      34.13,    112.48,         15.00
         24,          4,    4,          8.44,          3.30,       3.68,      36.80,    121.30,         14.33
         24,          4,    5,          8.92,          3.30,       3.92,      39.15,    129.04,         13.82
         24,          4,    6,          9.31,          3.30,       4.13,      41.29,    136.09,         13.42
         24,          4,    7,          9.62,          3.30,       4.33,      43.35,    142.85,         13.04
         24,          5,    1,          7.25,          3.30,       3.30,      33.06,    108.95,         21.25
         24,          5,    2,          8.54,          3.30,       3.75,      37.50,    123.60,         18.01
         24,          5,    3,          9.35,          3.30,       4.12,      41.13,    135.57,         16.70
         24,          5,    4,          9.88,          3.30,       4.41,      44.03,    145.11,         15.92
         24,          5,    5,         10.29,          3.30,       4.66,      46.61,    153.59,         15.35
         24,          5,    6,         10.59,          3.29,       4.88,      48.84,    160.90,         14.88
         24,          5,    7,         10.83,          3.29,       5.10,      50.98,    167.93,         14.43
         24,          6,    1,          8.61,          3.30,       3.87,      38.70,    127.57,         25.39
         24,          6,    2,          9.76,          3.30,       4.36,      43.60,    143.66,         21.17
         24,          6,    3,         10.43,          3.29,       4.74,      47.40,    156.18,         19.29
         24,          6,    4,         10.89,          3.29,       5.04,      50.47,    166.27,         18.21
         24,          6,    5,         11.22,          3.29,       5.31,      53.14,    175.05,         17.39
         24,          6,    6,         11.47,          3.29,       5.55,      55.53,    182.85,         16.74
         24,          6,    7,         11.69,          3.29,       5.78,      57.82,    190.41,         16.12
         24,          7,    1,          9.64,          3.30,       4.42,      44.20,    145.64,         28.20
         24,          7,    2,         10.73,          3.29,       4.99,      49.92,    164.45,         23.02
         24,          7,    3,         11.37,          3.29,       5.43,      54.30,    178.81,         20.82
         24,          7,    4,         11.78,          3.29,       5.77,      57.72,    190.05,         19.57
         24,          7,    5,         12.10,          3.29,       6.07,      60.74,    199.97,         18.65
         24,          7,    6,         12.34,          3.29,       6.35,      63.47,    208.95,         17.85
         24,          7,    7,         12.54,          3.29,       6.61,      66.10,    217.60,         17.15
         25,          1,    1,         -0.47,          3.30,       1.66,      16.61,     54.79,          6.89
         25,          1,    2,          1.57,          3.30,       1.91,      19.03,     62.75,          6.85
         25,          1,    3,          3.03,          3.30,       2.13,      21.28,     70.16,          7.09
         25,          1,    4,          4.05,          3.30,       2.33,      23.27,     76.70,          7.28
         25,          1,    5,          4.84,          3.30,       2.51,      25.10,     82.73,          7.45
         25,          1,    6,          5.46,          3.30,       2.68,      26.75,     88.19,          7.57
         25,          1,    7,          5.96,          3.30,       2.84,      28.38,     93.54,          7.62
         25,          2,    1,          1.38,          3.30,       1.91,      19.04,     62.80,         13.07
         25,          2,    2,          3.27,          3.30,       2.18,      21.86,     72.06,         10.74
         25,          2,    3,          4.58,          3.30,       2.45,      24.48,     80.68,         10.10
         25,          2,    4,          5.52,          3.30,       2.68,      26.73,     88.11,          9.94
         25,          2,    5,          6.24,          3.30,       2.88,      28.82,     95.00,          9.85
         25,          2,    6,          6.82,          3.30,       3.07,      30.70,    101.20,          9.83
         25,          2,    7,          7.28,          3.30,       3.25,      32.51,    107.14,          9.75
         25,          3,    1,          3.87,          3.30,       2.34,      23.44,     77.25,         18.86
         25,          3,    2,          5.53,          3.30,       2.70,      26.92,     88.74,         14.62
         25,          3,    3,          6.66,          3.30,       3.00,      30.03,     98.96,         13.38
         25,          3,    4,          7.44,          3.30,       3.26,      32.59,    107.41,         12.87
         25,          3,    5,          8.03,          3.30,       3.48,      34.77,    114.59,         12.63
         25,          3,    6,          8.49,          3.30,       3.69,      36.90,    121.61,         12.33
         25,          3,    7,          8.86,          3.30,       3.88,      38.79,    127.86,         12.11
         25,          4,    1,          5.72,          3.30,       2.80,      27.96,     92.16,         21.01
         25,          4,    2,          7.15,          3.30,       3.19,      31.90,    105.15,         16.87
         25,          4,    3,          8.08,          3.30,       3.50,      35.06,    115.55,         15.61
         25,          4,    4,          8.75,          3.30,       3.78,      37.76,    124.44,         14.98
         25,          4,    5,          9.26,          3.30,       4.02,      40.25,    132.66,         14.46
         25,          4,    6,          9.65,          3.30,       4.25,      42.47,    139.98,         14.07
         25,          4,    7,          9.97,          3.30,       4.45,      44.51,    146.68,         13.74
         25,          5,    1,          7.60,          3.30,       3.41,      34.05,    112.22,         22.22
         25,          5,    2,          8.89,          3.30,       3.87,      38.67,    127.46,         18.80
         25,          5,    3,          9.70,          3.30,       4.25,      42.49,    140.04,         17.37
         25,          5,    4,         10.25,          3.30,       4.55,      45.49,    149.91,         16.65
         25,          5,    5,         10.66,          3.29,       4.81,      48.07,    158.36,         16.17
         25,          5,    6,         10.97,          3.29,       5.04,      50.43,    166.14,         15.65
         25,          5,    7,         11.23,          3.29,       5.27,      52.65,    173.43,         15.22
         25,          6,    1,          8.99,          3.30,       4.00,      40.05,    131.98,         26.41
         25,          6,    2,         10.14,          3.30,       4.52,      45.22,    149.02,         21.96
         25,          6,    3,         10.82,          3.29,       4.91,      49.08,    161.71,         20.23
         25,          6,    4,         11.28,          3.29,       5.23,      52.26,    172.15,         19.16
         25,          6,    5,         11.63,          3.29,       5.51,      55.06,    181.32,         18.33
         25,          6,    6,         11.89,          3.29,       5.75,      57.51,    189.36,         17.70
         25,          6,    7,         12.11,          3.29,       5.98,      59.83,    197.00,         17.11
         25,          7,    1,         10.04,          3.30,       4.59,      45.88,    151.19,         29.44
         25,          7,    2,         11.15,          3.29,       5.19,      51.91,    171.00,         24.07
         25,          7,    3,         11.79,          3.29,       5.65,      56.43,    185.84,         21.89
         25,          7,    4,         12.22,          3.29,       6.00,      59.91,    197.27,         20.74
         25,          7,    5,         12.54,          3.29,       6.32,      63.14,    207.87,         19.72
         25,          7,    6,         12.79,          3.29,       6.60,      66.02,    217.34,         18.93
         25,          7,    7,         13.01,          3.29,       6.87,      68.66,    226.03,         18.33
         26,          1,    1,         -0.26,          3.30,       1.67,      16.76,     55.28,          7.24
         26,          1,    2,          1.80,          3.30,       1.93,      19.36,     63.84,          7.02
         26,          1,    3,          3.25,          3.30,       2.17,      21.64,     71.34,          7.28
         26,          1,    4,          4.31,          3.30,       2.36,      23.64,     77.91,          7.57
         26,          1,    5,          5.11,          3.30,       2.55,      25.55,     84.21,          7.73
         26,          1,    6,          5.75,          3.30,       2.73,      27.31,     90.03,          7.87
         26,          1,    7,          6.27,          3.30,       2.90,      28.94,     95.37,          7.98
         26,          2,    1,          1.63,          3.30,       1.93,      19.30,     63.66,         13.73
         26,          2,    2,          3.50,          3.30,       2.22,      22.20,     73.20,         11.11
         26,          2,    3,          4.80,          3.30,       2.49,      24.91,     82.13,         10.40
         26,          2,    4,          5.78,          3.30,       2.72,      27.24,     89.78,         10.31
         26,          2,    5,          6.52,          3.30,       2.94,      29.38,     96.86,         10.26
         26,          2,    6,          7.11,          3.30,       3.14,      31.40,    103.49,         10.18
         26,          2,    7,          7.59,          3.30,       3.33,      33.25,    109.59,         10.15
         26,          3,    1,          4.15,          3.30,       2.40,      23.93,     78.90,         19.57
         26,          3,    2,          5.80,          3.30,       2.76,      27.57,     90.88,         15.06
         26,          3,    3,          6.96,          3.30,       3.08,      30.79,    101.47,         13.85
         26,          3,    4,          7.76,          3.30,       3.34,      33.37,    109.99,         13.45
         26,          3,    5,          8.35,          3.30,       3.57,      35.76,    117.86,         13.10
         26,          3,    6,          8.82,          3.30,       3.78,      37.83,    124.69,         12.90
         26,          3,    7,          9.21,          3.30,       3.99,      39.89,    131.47,         12.65
         26,          4,    1,          6.05,          3.30,       2.88,      28.77,     94.84,         21.75
         26,          4,    2,          7.48,          3.30,       3.27,      32.76,    107.99,         17.67
         26,          4,    3,          8.42,          3.30,       3.61,      36.09,    118.95,         16.29
         26,          4,    4,          9.10,          3.30,       3.89,      38.91,    128.24,         15.66
         26,          4,    5,          9.61,          3.30,       4.15,      41.50,    136.79,         15.12
         26,          4,    6,         10.01,          3.30,       4.37,      43.76,    144.20,         14.78
         26,          4,    7,         10.35,          3.30,       4.59,      45.92,    151.31,         14.46
         26,          5,    1,          7.96,          3.30,       3.51,      35.10,    115.70,         23.18
         26,          5,    2,          9.27,          3.30,       4.00,      40.01,    131.86,         19.58
         26,          5,    3,         10.09,          3.30,       4.40,      43.97,    144.91,         18.18
         26,          5,    4,         10.65,          3.30,       4.71,      47.06,    155.07,         17.52
         26,          5,    5,         11.07,          3.29,       4.99,      49.86,    164.26,         16.95
         26,          5,    6,         11.39,          3.29,       5.23,      52.31,    172.29,         16.47
         26,          5,    7,         11.66,          3.29,       5.46,      54.56,    179.68,         16.11
         26,          6,    1,          9.40,          3.30,       4.16,      41.56,    136.99,         27.67
         26,          6,    2,         10.56,          3.30,       4.70,      46.98,    154.80,         23.10
         26,          6,    3,         11.25,          3.29,       5.10,      51.03,    168.11,         21.29
         26,          6,    4,         11.72,          3.29,       5.43,      54.32,    178.89,         20.25
         26,          6,    5,         12.07,          3.29,       5.73,      57.25,    188.51,         19.42
         26,          6,    6,         12.35,          3.29,       5.98,      59.78,    196.84,         18.79
         26,          6,    7,         12.58,          3.29,       6.23,      62.31,    205.17,         18.18
         26,          7,    1,         10.48,          3.30,       4.77,      47.74,    157.30,         30.96
         26,          7,    2,         11.60,          3.29,       5.41,      54.13,    178.26,         25.36
         26,          7,    3,         12.26,          3.29,       5.90,      58.97,    194.17,         23.05
         26,          7,    4,         12.69,          3.29,       6.27,      62.66,    206.28,         21.87
         26,          7,    5,         13.04,          3.29,       6.61,      66.07,    217.53,         20.91
         26,          7,    6,         13.30,          3.29,       6.90,      68.96,    227.01,         20.22
         26,          7,    7,         13.53,          3.29,       7.17,      71.67,    235.92,         19.64
         27,          1,    1,         -0.09,          3.30,       1.70,      16.94,     55.88,          7.36
         27,          1,    2,          1.97,          3.30,       1.96,      19.53,     64.39,          7.22
         27,          1,    3,          3.44,          3.30,       2.19,      21.94,     72.34,          7.41
         27,          1,    4,          4.51,          3.30,       2.40,      24.00,     79.12,          7.73
         27,          1,    5,          5.31,          3.30,       2.60,      25.97,     85.60,          7.90
         27,          1,    6,          5.97,          3.30,       2.77,      27.76,     91.50,          8.09
         27,          1,    7,          6.52,          3.30,       2.95,      29.49,     97.18,          8.21
         27,          2,    1,          1.84,          3.30,       1.97,      19.64,     64.77,         13.88
         27,          2,    2,          3.69,          3.30,       2.25,      22.50,     74.17,         11.47
         27,          2,    3,          5.01,          3.30,       2.53,      25.30,     83.39,         10.71
         27,          2,    4,          5.99,          3.30,       2.77,      27.64,     91.12,         10.64
         27,          2,    5,          6.75,          3.30,       2.99,      29.93,     98.65,         10.56
         27,          2,    6,          7.35,          3.30,       3.20,      31.97,    105.38,         10.54
         27,          2,    7,          7.85,          3.30,       3.39,      33.86,    111.60,         10.55
         27,          3,    1,          4.41,          3.30,       2.44,      24.36,     80.32,         20.27
         27,          3,    2,          6.07,          3.30,       2.82,      28.22,     93.03,         15.38
         27,          3,    3,          7.23,          3.30,       3.15,      31.53,    103.93,         14.21
         27,          3,    4,          8.03,          3.30,       3.41,      34.14,    112.51,         13.87
         27,          3,    5,          8.64,          3.30,       3.66,      36.58,    120.57,         13.59
         27,          3,    6,          9.13,          3.30,       3.88,      38.85,    128.05,         13.35
         27,          3,    7,          9.52,          3.30,       4.09,      40.90,    134.78,         13.15
         27,          4,    1,          6.36,          3.30,       2.95,      29.44,     97.05,         22.72
         27,          4,    2,          7.79,          3.30,       3.36,      33.59,    110.71,         18.40
         27,          4,    3,          8.72,          3.30,       3.70,      37.02,    122.00,         16.93
         27,          4,    4,          9.41,          3.30,       4.00,      39.99,    131.79,         16.24
         27,          4,    5,          9.93,          3.30,       4.26,      42.59,    140.35,         15.77
         27,          4,    6,         10.35,          3.30,       4.50,      45.02,    148.35,         15.41
         27,          4,    7,         10.69,          3.29,       4.73,      47.21,    155.57,         15.12
         27,          5,    1,          8.30,          3.30,       3.62,      36.19,    119.29,         24.11
         27,          5,    2,          9.60,          3.30,       4.13,      41.28,    136.07,         20.37
         27,          5,    3,         10.45,          3.30,       4.55,      45.45,    149.78,         18.94
         27,          5,    4,         11.02,          3.29,       4.87,      48.63,    160.20,         18.34
         27,          5,    5,         11.45,          3.29,       5.16,      51.54,    169.77,         17.79
         27,          5,    6,         11.78,          3.29,       5.41,      54.07,    178.09,         17.36
         27,          5,    7,         12.06,          3.29,       5.64,      56.47,    185.97,         16.98
         27,          6,    1,          9.79,          3.30,       4.30,      43.02,    141.76,         29.11
         27,          6,    2,         10.96,          3.29,       4.87,      48.73,    160.54,         24.21
         27,          6,    3,         11.65,          3.29,       5.30,      52.98,    174.49,         22.34
         27,          6,    4,         12.13,          3.29,       5.64,      56.39,    185.71,         21.32
         27,          6,    5,         12.49,          3.29,       5.94,      59.44,    195.70,         20.48
         27,          6,    6,         12.77,          3.29,       6.21,      62.14,    204.58,         19.83
         27,          6,    7,         13.02,          3.29,       6.47,      64.67,    212.89,         19.31
         27,          7,    1,         10.89,          3.29,       4.96,      49.62,    163.47,         32.29
         27,          7,    2,         12.03,          3.29,       5.63,      56.30,    185.39,         26.61
         27,          7,    3,         12.69,          3.29,       6.13,      61.30,    201.83,         24.35
         27,          7,    4,         13.15,          3.29,       6.54,      65.36,    215.15,         23.00
         27,          7,    5,         13.50,          3.29,       6.89,      68.84,    226.63,         22.13
         27,          7,    6,         13.78,          3.29,       7.19,      71.86,    236.54,         21.47
         27,          7,    7,         14.01,          3.29,       7.46,      74.56,    245.42,         20.99
         28,          1,    1,          0.07,          3.30,       1.71,      17.12,     56.46,          7.54
         28,          1,    2,          2.14,          3.30,       1.98,      19.79,     65.27,          7.35
         28,          1,    3,          3.61,          3.30,       2.22,      22.17,     73.09,          7.63
         28,          1,    4,          4.68,          3.30,       2.43,      24.35,     80.27,          7.88
         28,          1,    5,          5.50,          3.30,       2.64,      26.36,     86.91,          8.08
         28,          1,    6,          6.19,          3.30,       2.82,      28.19,     92.90,          8.32
         28,          1,    7,          6.73,          3.30,       3.00,      29.96,     98.75,          8.44
         28,          2,    1,          2.03,          3.30,       1.99,      19.91,     65.63,         14.40
         28,          2,    2,          3.89,          3.30,       2.29,      22.92,     75.55,         11.65
         28,          2,    3,          5.21,          3.30,       2.57,      25.67,     84.63,         11.02
         28,          2,    4,          6.19,          3.30,       2.82,      28.14,     92.77,         10.87
         28,          2,    5,          6.97,          3.30,       3.04,      30.39,    100.18,         10.89
         28,          2,    6,          7.58,          3.30,       3.25,      32.52,    107.20,         10.87
         28,          2,    7,          8.09,          3.30,       3.45,      34.47,    113.60,         10.92
         28,          3,    1,          4.65,          3.30,       2.49,      24.90,     82.08,         20.57
         28,          3,    2,          6.32,          3.30,       2.88,      28.77,     94.83,         15.92
         28,          3,    3,          7.49,          3.30,       3.22,      32.17,    106.02,         14.70
         28,          3,    4,          8.31,          3.30,       3.49,      34.92,    115.10,         14.34
         28,          3,    5,          8.93,          3.30,       3.75,      37.48,    123.54,         14.05
         28,          3,    6,          9.42,          3.30,       3.97,      39.75,    130.99,         13.87
         28,          3,    7,          9.82,          3.30,       4.19,      41.94,    138.23,         13.65
         28,          4,    1,          6.66,          3.30,       3.02,      30.16,     99.42,         23.61
         28,          4,    2,          8.09,          3.30,       3.44,      34.45,    113.54,         19.10
         28,          4,    3,          9.02,          3.30,       3.80,      38.02,    125.31,         17.54
         28,          4,    4,          9.72,          3.30,       4.10,      41.01,    135.17,         16.91
         28,          4,    5,         10.24,          3.30,       4.37,      43.72,    144.07,         16.45
         28,          4,    6,         10.68,          3.30,       4.62,      46.24,    152.36,         16.10
         28,          4,    7,         11.03,          3.30,       4.86,      48.52,    159.90,         15.83
         28,          5,    1,          8.64,          3.30,       3.73,      37.27,    122.84,         25.33
         28,          5,    2,          9.95,          3.30,       4.26,      42.62,    140.47,         21.25
         28,          5,    3,         10.80,          3.29,       4.69,      46.91,    154.57,         19.82
         28,          5,    4,         11.39,          3.29,       5.03,      50.28,    165.65,         19.19
         28,          5,    5,         11.83,          3.29,       5.34,      53.35,    175.72,         18.66
         28,          5,    6,         12.17,          3.29,       5.60,      55.98,    184.35,         18.24
         28,          5,    7,         12.46,          3.29,       5.85,      58.47,    192.53,         17.89
         28,          6,    1,         10.16,          3.30,       4.45,      44.54,    146.76,         30.14
         28,          6,    2,         11.35,          3.29,       5.05,      50.50,    166.39,         25.22
         28,          6,    3,         12.05,          3.29,       5.50,      55.00,    181.12,         23.31
         28,          6,    4,         12.54,          3.29,       5.86,      58.57,    192.87,         22.29
         28,          6,    5,         12.91,          3.29,       6.16,      61.68,    203.04,         21.53
         28,          6,    6,         13.20,          3.29,       6.45,      64.54,    212.48,         20.88
         28,          6,    7,         13.46,          3.29,       6.73,      67.28,    221.46,         20.31
         28,          7,    1,         11.30,          3.29,       5.16,      51.57,    169.87,         33.62
         28,          7,    2,         12.45,          3.29,       5.87,      58.68,    193.21,         27.69
         28,          7,    3,         13.13,          3.29,       6.39,      63.92,    210.43,         25.49
         28,          7,    4,         13.60,          3.29,       6.81,      68.07,    224.08,         24.26
         28,          7,    5,         13.97,          3.29,       7.17,      71.77,    236.25,         23.40
         28,          7,    6,         14.25,          3.29,       7.48,      74.82,    246.30,         22.83
         28,          7,    7,         14.49,          3.29,       7.78,      77.72,    255.83,         22.30
         29,          1,    1,          0.20,          3.30,       1.73,      17.27,     56.94,          7.65
         29,          1,    2,          2.27,          3.30,       2.00,      20.00,     65.93,          7.44
         29,          1,    3,          3.76,          3.30,       2.25,      22.45,     74.01,          7.73
         29,          1,    4,          4.83,          3.30,       2.46,      24.66,     81.29,          8.00
         29,          1,    5,          5.67,          3.30,       2.67,      26.69,     87.98,          8.26
         29,          1,    6,          6.35,          3.30,       2.86,      28.63,     94.35,          8.44
         29,          1,    7,          6.91,          3.30,       3.03,      30.32,     99.92,          8.67
         29,          2,    1,          2.22,          3.30,       2.01,      20.13,     66.37,         14.82
         29,          2,    2,          4.05,          3.30,       2.32,      23.19,     76.46,         11.90
         29,          2,    3,          5.36,          3.30,       2.59,      25.96,     85.56,         11.28
         29,          2,    4,          6.36,          3.30,       2.85,      28.53,     94.03,         11.11
         29,          2,    5,          7.13,          3.30,       3.08,      30.79,    101.49,         11.15
         29,          2,    6,          7.76,          3.30,       3.30,      32.99,    108.73,         11.15
         29,          2,    7,          8.30,          3.30,       3.50,      35.00,    115.36,         11.24
         29,          3,    1,          4.88,          3.30,       2.54,      25.36,     83.60,         21.18
         29,          3,    2,          6.55,          3.30,       2.93,      29.27,     96.47,         16.48
         29,          3,    3,          7.72,          3.30,       3.28,      32.84,    108.24,         15.11
         29,          3,    4,          8.55,          3.30,       3.57,      35.68,    117.62,         14.75
         29,          3,    5,          9.19,          3.30,       3.83,      38.29,    126.20,         14.52
         29,          3,    6,          9.69,          3.30,       4.07,      40.67,    134.06,         14.34
         29,          3,    7,         10.11,          3.30,       4.28,      42.86,    141.24,         14.21
         29,          4,    1,          6.93,          3.30,       3.09,      30.87,    101.76,         24.60
         29,          4,    2,          8.36,          3.30,       3.53,      35.32,    116.41,         19.76
         29,          4,    3,          9.31,          3.30,       3.90,      39.00,    128.55,         18.19
         29,          4,    4,         10.00,          3.30,       4.21,      42.07,    138.66,         17.55
         29,          4,    5,         10.54,          3.30,       4.48,      44.86,    147.81,         17.11
         29,          4,    6,         10.97,          3.30,       4.74,      47.39,    156.16,         16.78
         29,          4,    7,         11.34,          3.29,       4.98,      49.81,    164.08,         16.53
         29,          5,    1,          8.96,          3.30,       3.84,      38.37,    126.47,         26.18
         29,          5,    2,         10.28,          3.30,       4.39,      43.85,    144.52,         22.15
         29,          5,    3,         11.13,          3.29,       4.84,      48.35,    159.33,         20.62
         29,          5,    4,         11.72,          3.29,       5.19,      51.87,    170.83,         19.98
         29,          5,    5,         12.18,          3.29,       5.51,      55.07,    181.33,         19.45
         29,          5,    6,         12.53,          3.29,       5.78,      57.79,    190.30,         19.08
         29,          5,    7,         12.83,          3.29,       6.04,      60.42,    198.92,         18.73
         29,          6,    1,         10.52,          3.30,       4.61,      46.08,    151.84,         31.14
         29,          6,    2,         11.72,          3.29,       5.23,      52.37,    172.50,         26.13
         29,          6,    3,         12.43,          3.29,       5.70,      56.94,    187.46,         24.36
         29,          6,    4,         12.93,          3.29,       6.07,      60.70,    199.85,         23.30
         29,          6,    5,         13.30,          3.29,       6.39,      63.93,    210.48,         22.56
         29,          6,    6,         13.61,          3.29,       6.69,      66.90,    220.23,         21.95
         29,          6,    7,         13.87,          3.29,       6.98,      69.76,    229.66,         21.38
         29,          7,    1,         11.69,          3.29,       5.35,      53.53,    176.28,         34.89
         29,          7,    2,         12.85,          3.29,       6.09,      60.89,    200.46,         28.98
         29,          7,    3,         13.55,          3.29,       6.65,      66.50,    218.92,         26.62
         29,          7,    4,         14.02,          3.29,       7.08,      70.80,    233.08,         25.47
         29,          7,    5,         14.40,          3.29,       7.46,      74.56,    245.45,         24.71
         29,          7,    6,         14.69,          3.29,       7.79,      77.83,    256.19,         24.09
         29,          7,    7,         14.94,          3.29,       8.09,      80.92,    266.31,         23.54
         30,          1,    1,          0.32,          3.30,       1.75,      17.47,     57.65,          7.81
         30,          1,    2,          2.40,          3.30,       2.02,      20.21,     66.65,          7.62
         30,          1,    3,          3.90,          3.30,       2.27,      22.72,     74.89,          7.91
         30,          1,    4,          4.98,          3.30,       2.50,      25.02,     82.47,          8.16
         30,          1,    5,          5.82,          3.30,       2.71,      27.07,     89.22,          8.43
         30,          1,    6,          6.53,          3.30,       2.90,      29.02,     95.66,          8.67
         30,          1,    7,          7.09,          3.30,       3.08,      30.79,    101.50,          8.88
         30,          2,    1,          2.40,          3.30,       2.05,      20.47,     67.48,         15.04
         30,          2,    2,          4.22,          3.30,       2.36,      23.56,     77.66,         12.17
         30,          2,    3,          5.54,          3.30,       2.64,      26.40,     87.02,         11.53
         30,          2,    4,          6.54,          3.30,       2.90,      28.97,     95.48,         11.41
         30,          2,    5,          7.32,          3.30,       3.13,      31.34,    103.30,         11.40
         30,          2,    6,          7.97,          3.30,       3.35,      33.51,    110.44,         11.48
         30,          2,    7,          8.50,          3.30,       3.58,      35.77,    117.90,         11.44
         30,          3,    1,          5.13,          3.30,       2.59,      25.90,     85.37,         22.16
         30,          3,    2,          6.79,          3.30,       2.99,      29.95,     98.72,         17.03
         30,          3,    3,          7.97,          3.30,       3.36,      33.56,    110.61,         15.68
         30,          3,    4,          8.81,          3.30,       3.65,      36.52,    120.36,         15.30
         30,          3,    5,          9.45,          3.30,       3.92,      39.24,    129.31,         15.03
         30,          3,    6,          9.97,          3.30,       4.19,      41.86,    137.94,         14.76
         30,          3,    7,         10.40,          3.30,       4.39,      43.94,    144.79,         14.80
         30,          4,    1,          7.23,          3.30,       3.18,      31.76,    104.70,         25.19
         30,          4,    2,          8.66,          3.30,       3.63,      36.30,    119.67,         20.43
         30,          4,    3,          9.60,          3.30,       4.01,      40.11,    132.19,         18.84
         30,          4,    4,         10.31,          3.30,       4.33,      43.28,    142.61,         18.24
         30,          4,    5,         10.84,          3.30,       4.62,      46.16,    152.12,         17.76
         30,          4,    6,         11.29,          3.29,       4.88,      48.76,    160.64,         17.51
         30,          4,    7,         11.66,          3.29,       5.13,      51.24,    168.79,         17.25
         30,          5,    1,          9.29,          3.30,       3.96,      39.62,    130.57,         27.08
         30,          5,    2,         10.62,          3.30,       4.54,      45.42,    149.66,         22.89
         30,          5,    3,         11.48,          3.29,       5.00,      49.98,    164.64,         21.50
         30,          5,    4,         12.09,          3.29,       5.37,      53.66,    176.76,         20.84
         30,          5,    5,         12.55,          3.29,       5.70,      56.98,    187.64,         20.34
         30,          5,    6,         12.91,          3.29,       5.98,      59.82,    196.97,         20.01
         30,          5,    7,         13.23,          3.29,       6.26,      62.60,    206.09,         19.70
         30,          6,    1,         10.91,          3.29,       4.77,      47.73,    157.28,         32.65
         30,          6,    2,         12.11,          3.29,       5.44,      54.34,    178.99,         27.35
         30,          6,    3,         12.83,          3.29,       5.93,      59.28,    195.17,         25.36
         30,          6,    4,         13.34,          3.29,       6.31,      63.09,    207.71,         24.48
         30,          6,    5,         13.73,          3.29,       6.66,      66.55,    219.10,         23.70
         30,          6,    6,         14.04,          3.29,       6.96,      69.63,    229.21,         23.10
         30,          6,    7,         14.31,          3.29,       7.26,      72.63,    239.08,         22.57
         30,          7,    1,         12.10,          3.29,       5.57,      55.75,    183.62,         36.08
         30,          7,    2,         13.28,          3.29,       6.35,      63.52,    209.12,         30.18
         30,          7,    3,         13.99,          3.29,       6.95,      69.53,    228.90,         27.75
         30,          7,    4,         14.48,          3.29,       7.39,      73.96,    243.47,         26.74
         30,          7,    5,         14.86,          3.29,       7.79,      77.88,    256.38,         25.99
         30,          7,    6,         15.16,          3.29,       8.13,      81.32,    267.62,         25.43
         30,          7,    7,         15.41,          3.29,       8.45,      84.50,    278.05,         24.93
         31,          1,    1,          0.46,          3.30,       1.77,      17.72,     58.41,          8.20
         31,          1,    2,          2.52,          3.30,       2.04,      20.41,     67.32,          7.95
         31,          1,    3,          4.03,          3.30,       2.30,      23.03,     75.92,          8.13
         31,          1,    4,          5.12,          3.30,       2.53,      25.31,     83.43,          8.43
         31,          1,    5,          5.97,          3.30,       2.74,      27.39,     90.27,          8.70
         31,          1,    6,          6.69,          3.30,       2.94,      29.46,     97.09,          8.93
         31,          1,    7,          7.26,          3.30,       3.12,      31.27,    103.05,          9.14
         31,          2,    1,          2.58,          3.30,       2.08,      20.77,     68.47,         15.54
         31,          2,    2,          4.38,          3.30,       2.39,      23.88,     78.73,         12.53
         31,          2,    3,          5.70,          3.30,       2.68,      26.82,     88.41,         11.77
         31,          2,    4,          6.70,          3.30,       2.94,      29.39,     96.87,         11.68
         31,          2,    5,          7.50,          3.30,       3.18,      31.80,    104.80,         11.71
         31,          2,    6,          8.14,          3.30,       3.40,      34.02,    112.13,         11.78
         31,          2,    7,          8.70,          3.30,       3.62,      36.20,    119.33,         11.85
         31,          3,    1,          5.34,          3.30,       2.64,      26.45,     87.19,         22.46
         31,          3,    2,          7.00,          3.30,       3.06,      30.55,    100.68,         17.46
         31,          3,    3,          8.20,          3.30,       3.43,      34.25,    112.90,         16.13
         31,          3,    4,          9.04,          3.30,       3.73,      37.32,    123.01,         15.70
         31,          3,    5,          9.69,          3.30,       4.01,      40.13,    132.24,         15.45
         31,          3,    6,         10.23,          3.30,       4.27,      42.67,    140.60,         15.34
         31,          3,    7,         10.67,          3.30,       4.50,      45.02,    148.35,         15.27
         31,          4,    1,          7.51,          3.30,       3.26,      32.58,    107.39,         25.90
         31,          4,    2,          8.93,          3.30,       3.73,      37.25,    122.76,         21.06
         31,          4,    3,          9.88,          3.30,       4.11,      41.12,    135.51,         19.52
         31,          4,    4,         10.59,          3.30,       4.44,      44.40,    146.31,         18.87
         31,          4,    5,         11.14,          3.29,       4.74,      47.34,    155.99,         18.47
         31,          4,    6,         11.59,          3.29,       5.01,      50.10,    165.06,         18.17
         31,          4,    7,         11.97,          3.29,       5.27,      52.65,    173.42,         17.94
         31,          5,    1,          9.61,          3.30,       4.08,      40.80,    134.47,         28.30
         31,          5,    2,         10.95,          3.30,       4.68,      46.77,    154.12,         23.97
         31,          5,    3,         11.82,          3.29,       5.16,      51.65,    170.14,         22.39
         31,          5,    4,         12.43,          3.29,       5.55,      55.45,    182.60,         21.74
         31,          5,    5,         12.90,          3.29,       5.89,      58.89,    193.88,         21.25
         31,          5,    6,         13.27,          3.29,       6.19,      61.88,    203.70,         20.92
         31,          5,    7,         13.60,          3.29,       6.47,      64.71,    213.05,         20.65
         31,          6,    1,         11.25,          3.29,       4.94,      49.43,    162.82,         33.59
         31,          6,    2,         12.48,          3.29,       5.64,      56.34,    185.51,         28.38
         31,          6,    3,         13.21,          3.29,       6.14,      61.42,    202.21,         26.49
         31,          6,    4,         13.72,          3.29,       6.55,      65.53,    215.73,         25.42
         31,          6,    5,         14.11,          3.29,       6.91,      69.08,    227.40,         24.70
         31,          6,    6,         14.44,          3.29,       7.25,      72.45,    238.51,         24.08
         31,          6,    7,         14.72,          3.29,       7.54,      75.40,    248.21,         23.71
         31,          7,    1,         12.49,          3.29,       5.79,      57.87,    190.54,         37.30
         31,          7,    2,         13.69,          3.29,       6.62,      66.24,    218.06,         31.16
         31,          7,    3,         14.41,          3.29,       7.24,      72.37,    238.24,         28.96
         31,          7,    4,         14.91,          3.29,       7.70,      77.02,    253.55,         27.99
         31,          7,    5,         15.29,          3.29,       8.12,      81.18,    267.20,         27.24
         31,          7,    6,         15.60,          3.29,       8.47,      84.67,    278.62,         26.77
         31,          7,    7,         15.86,          3.29,       8.80,      87.96,    289.35,         26.33
         32,          1,    1,          0.57,          3.30,       1.79,      17.90,     59.01,          8.10
         32,          1,    2,          2.63,          3.30,       2.06,      20.63,     68.01,          7.95
         32,          1,    3,          4.15,          3.30,       2.33,      23.25,     76.65,          8.19
         32,          1,    4,          5.25,          3.30,       2.56,      25.59,     84.35,          8.50
         32,          1,    5,          6.11,          3.30,       2.77,      27.74,     91.43,          8.79
         32,          1,    6,          6.82,          3.30,       2.98,      29.77,     98.14,          9.05
         32,          1,    7,          7.41,          3.30,       3.17,      31.72,    104.54,          9.25
         32,          2,    1,          2.75,          3.30,       2.11,      21.10,     69.57,         15.71
         32,          2,    2,          4.55,          3.30,       2.42,      24.21,     79.80,         12.82
         32,          2,    3,          5.86,          3.30,       2.72,      27.17,     89.54,         12.06
         32,          2,    4,          6.86,          3.30,       2.98,      29.80,     98.22,         11.93
         32,          2,    5,          7.66,          3.30,       3.23,      32.27,    106.36,         11.95
         32,          2,    6,          8.31,          3.30,       3.45,      34.52,    113.80,         12.05
         32,          2,    7,          8.88,          3.30,       3.67,      36.76,    121.17,         12.15
         32,          3,    1,          5.58,          3.30,       2.70,      26.97,     88.92,         22.85
         32,          3,    2,          7.23,          3.30,       3.12,      31.18,    102.76,         17.84
         32,          3,    3,          8.43,          3.30,       3.50,      35.02,    115.44,         16.44
         32,          3,    4,          9.28,          3.30,       3.83,      38.28,    126.17,         15.98
         32,          3,    5,          9.95,          3.30,       4.10,      41.02,    135.20,         15.92
         32,          3,    6,         10.49,          3.30,       4.36,      43.62,    143.76,         15.86
         32,          3,    7,         10.95,          3.30,       4.61,      46.09,    151.89,         15.79
         32,          4,    1,          7.78,          3.30,       3.34,      33.43,    110.16,         26.88
         32,          4,    2,          9.22,          3.30,       3.83,      38.29,    126.19,         21.79
         32,          4,    3,         10.17,          3.30,       4.23,      42.28,    139.33,         20.21
         32,          4,    4,         10.89,          3.30,       4.57,      45.68,    150.52,         19.57
         32,          4,    5,         11.44,          3.29,       4.87,      48.67,    160.35,         19.19
         32,          4,    6,         11.90,          3.29,       5.15,      51.44,    169.45,         18.99
         32,          4,    7,         12.29,          3.29,       5.41,      54.13,    178.30,         18.74
         32,          5,    1,          9.93,          3.30,       4.21,      42.13,    138.84,         29.02
         32,          5,    2,         11.30,          3.29,       4.83,      48.32,    159.18,         24.83
         32,          5,    3,         12.17,          3.29,       5.34,      53.41,    175.91,         23.20
         32,          5,    4,         12.78,          3.29,       5.73,      57.32,    188.74,         22.61
         32,          5,    5,         13.26,          3.29,       6.09,      60.87,    200.41,         22.20
         32,          5,    6,         13.65,          3.29,       6.40,      64.01,    210.72,         21.88
         32,          5,    7,         13.98,          3.29,       6.70,      67.04,    220.71,         21.59
         32,          6,    1,         11.63,          3.29,       5.12,      51.22,    168.72,         34.84
         32,          6,    2,         12.87,          3.29,       5.86,      58.58,    192.88,         29.37
         32,          6,    3,         13.61,          3.29,       6.39,      63.86,    210.24,         27.55
         32,          6,    4,         14.13,          3.29,       6.81,      68.10,    224.20,         26.61
         32,          6,    5,         14.53,          3.29,       7.19,      71.85,    236.52,         25.89
         32,          6,    6,         14.86,          3.29,       7.52,      75.18,    247.48,         25.40
         32,          6,    7,         15.15,          3.29,       7.84,      78.42,    258.11,         24.97
         32,          7,    1,         12.89,          3.29,       6.02,      60.20,    198.21,         38.69
         32,          7,    2,         14.11,          3.29,       6.90,      69.01,    227.19,         32.52
         32,          7,    3,         14.85,          3.29,       7.55,      75.47,    248.42,         30.36
         32,          7,    4,         15.35,          3.29,       8.04,      80.43,    264.75,         29.32
         32,          7,    5,         15.75,          3.29,       8.48,      84.76,    278.88,         28.69
         32,          7,    6,         16.06,          3.29,       8.84,      88.38,    290.73,         28.24
         32,          7,    7,         16.32,          3.29,       9.19,      91.87,    302.16,         27.78
         33,          1,    1,          0.67,          3.30,       1.81,      18.09,     59.64,          8.22
         33,          1,    2,          2.74,          3.30,       2.08,      20.78,     68.54,          8.13
         33,          1,    3,          4.26,          3.30,       2.35,      23.46,     77.34,          8.37
         33,          1,    4,          5.37,          3.30,       2.58,      25.82,     85.12,          8.67
         33,          1,    5,          6.25,          3.30,       2.80,      28.01,     92.33,          8.99
         33,          1,    6,          6.96,          3.30,       3.01,      30.06,     99.09,          9.27
         33,          1,    7,          7.56,          3.30,       3.20,      32.02,    105.56,          9.49
         33,          2,    1,          2.92,          3.30,       2.14,      21.37,     70.45,         16.02
         33,          2,    2,          4.71,          3.30,       2.45,      24.56,     80.97,         12.99
         33,          2,    3,          6.01,          3.30,       2.75,      27.50,     90.63,         12.30
         33,          2,    4,          7.01,          3.30,       3.02,      30.14,     99.33,         12.21
         33,          2,    5,          7.80,          3.30,       3.27,      32.66,    107.63,         12.21
         33,          2,    6,          8.48,          3.30,       3.50,      34.99,    115.34,         12.34
         33,          2,    7,          9.05,          3.30,       3.72,      37.25,    122.76,         12.46
         33,          3,    1,          5.79,          3.30,       2.75,      27.44,     90.46,         23.36
         33,          3,    2,          7.45,          3.30,       3.18,      31.78,    104.76,         18.21
         33,          3,    3,          8.65,          3.30,       3.57,      35.71,    117.71,         16.87
         33,          3,    4,          9.51,          3.30,       3.89,      38.95,    128.36,         16.51
         33,          3,    5,         10.19,          3.30,       4.19,      41.92,    138.16,         16.34
         33,          3,    6,         10.74,          3.30,       4.46,      44.58,    146.92,         16.32
         33,          3,    7,         11.20,          3.30,       4.71,      47.07,    155.09,         16.30
         33,          4,    1,          8.05,          3.30,       3.42,      34.21,    112.74,         27.53
         33,          4,    2,          9.50,          3.30,       3.93,      39.27,    129.42,         22.35
         33,          4,    3,         10.45,          3.30,       4.33,      43.33,    142.78,         20.81
         33,          4,    4,         11.17,          3.29,       4.68,      46.81,    154.25,         20.22
         33,          4,    5,         11.72,          3.29,       4.99,      49.90,    164.39,         19.87
         33,          4,    6,         12.19,          3.29,       5.28,      52.84,    174.05,         19.60
         33,          4,    7,         12.58,          3.29,       5.56,      55.58,    183.03,         19.39
         33,          5,    1,         10.25,          3.30,       4.34,      43.32,    142.79,         30.24
         33,          5,    2,         11.62,          3.29,       4.98,      49.83,    164.15,         25.75
         33,          5,    3,         12.50,          3.29,       5.51,      55.13,    181.56,         24.11
         33,          5,    4,         13.12,          3.29,       5.92,      59.24,    195.07,         23.51
         33,          5,    5,         13.61,          3.29,       6.29,      62.88,    207.00,         23.11
         33,          5,    6,         13.99,          3.29,       6.62,      66.16,    217.81,         22.79
         33,          5,    7,         14.33,          3.29,       6.93,      69.30,    228.15,         22.53
         33,          6,    1,         11.99,          3.29,       5.30,      53.02,    174.65,         35.69
         33,          6,    2,         13.24,          3.29,       6.07,      60.72,    199.91,         30.34
         33,          6,    3,         13.98,          3.29,       6.63,      66.26,    218.13,         28.50
         33,          6,    4,         14.51,          3.29,       7.07,      70.67,    232.64,         27.60
         33,          6,    5,         14.92,          3.29,       7.45,      74.49,    245.22,         27.02
         33,          6,    6,         15.25,          3.29,       7.80,      78.03,    256.84,         26.50
         33,          6,    7,         15.55,          3.29,       8.14,      81.36,    267.80,         26.11
         33,          7,    1,         13.27,          3.29,       6.25,      62.45,    205.60,         39.33
         33,          7,    2,         14.52,          3.29,       7.18,      71.77,    236.28,         33.44
         33,          7,    3,         15.26,          3.29,       7.86,      78.56,    258.60,         31.39
         33,          7,    4,         15.77,          3.29,       8.38,      83.77,    275.64,         30.45
         33,          7,    5,         16.17,          3.29,       8.82,      88.22,    290.21,         29.90
         33,          7,    6,         16.48,          3.29,       9.21,      92.08,    302.84,         29.41
         33,          7,    7,         16.75,          3.29,       9.57,      95.70,    314.71,         29.03
         34,          1,    1,          0.78,          3.30,       1.82,      18.19,     60.00,          8.51
         34,          1,    2,          2.82,          3.30,       2.10,      20.96,     69.12,          8.26
         34,          1,    3,          4.35,          3.30,       2.36,      23.63,     77.89,          8.52
         34,          1,    4,          5.47,          3.30,       2.60,      26.01,     85.75,          8.86
         34,          1,    5,          6.37,          3.30,       2.83,      28.32,     93.36,          9.14
         34,          1,    6,          7.10,          3.30,       3.04,      30.36,    100.07,          9.46
         34,          1,    7,          7.71,          3.30,       3.23,      32.36,    106.67,          9.71
         34,          2,    1,          3.09,          3.30,       2.16,      21.60,     71.23,         16.51
         34,          2,    2,          4.85,          3.30,       2.50,      24.99,     82.37,         13.03
         34,          2,    3,          6.15,          3.30,       2.78,      27.80,     91.62,         12.59
         34,          2,    4,          7.16,          3.30,       3.05,      30.48,    100.47,         12.50
         34,          2,    5,          7.96,          3.30,       3.31,      33.07,    108.99,         12.49
         34,          2,    6,          8.63,          3.30,       3.54,      35.43,    116.76,         12.61
         34,          2,    7,          9.22,          3.30,       3.77,      37.71,    124.30,         12.77
         34,          3,    1,          5.99,          3.30,       2.80,      27.98,     92.23,         23.79
         34,          3,    2,          7.66,          3.30,       3.24,      32.38,    106.73,         18.70
         34,          3,    3,          8.87,          3.30,       3.64,      36.39,    119.93,         17.37
         34,          3,    4,          9.73,          3.30,       3.97,      39.69,    130.83,         16.99
         34,          3,    5,         10.42,          3.30,       4.28,      42.75,    140.90,         16.84
         34,          3,    6,         10.97,          3.30,       4.55,      45.54,    150.08,         16.77
         34,          3,    7,         11.45,          3.29,       4.81,      48.05,    158.29,         16.86
         34,          4,    1,          8.33,          3.30,       3.51,      35.07,    115.60,         27.99
         34,          4,    2,          9.77,          3.30,       4.04,      40.37,    133.04,         22.72
         34,          4,    3,         10.74,          3.30,       4.44,      44.44,    146.46,         21.47
         34,          4,    4,         11.45,          3.29,       4.80,      47.96,    158.04,         20.94
         34,          4,    5,         12.01,          3.29,       5.12,      51.23,    168.75,         20.52
         34,          4,    6,         12.48,          3.29,       5.42,      54.22,    178.57,         20.30
         34,          4,    7,         12.88,          3.29,       5.70,      57.02,    187.75,         20.13
         34,          5,    1,         10.57,          3.30,       4.47,      44.64,    147.09,         30.75
         34,          5,    2,         11.95,          3.29,       5.14,      51.43,    169.42,         26.37
         34,          5,    3,         12.84,          3.29,       5.70,      57.03,    187.78,         24.71
         34,          5,    4,         13.46,          3.29,       6.11,      61.11,    201.20,         24.35
         34,          5,    5,         13.95,          3.29,       6.50,      65.00,    213.97,         23.91
         34,          5,    6,         14.35,          3.29,       6.84,      68.41,    225.20,         23.61
         34,          5,    7,         14.69,          3.29,       7.16,      71.58,    235.63,         23.44
         34,          6,    1,         12.34,          3.29,       5.49,      54.89,    180.76,         36.58
         34,          6,    2,         13.61,          3.29,       6.30,      62.94,    207.21,         31.35
         34,          6,    3,         14.36,          3.29,       6.88,      68.82,    226.55,         29.48
         34,          6,    4,         14.90,          3.29,       7.34,      73.37,    241.52,         28.69
         34,          6,    5,         15.30,          3.29,       7.74,      77.36,    254.64,         28.09
         34,          6,    6,         15.65,          3.29,       8.11,      81.05,    266.74,         27.61
         34,          6,    7,         15.95,          3.29,       8.45,      84.51,    278.06,         27.29
         34,          7,    1,         13.65,          3.29,       6.47,      64.77,    213.21,         40.14
         34,          7,    2,         14.91,          3.29,       7.46,      74.61,    245.62,         34.41
         34,          7,    3,         15.67,          3.29,       8.18,      81.80,    269.21,         32.43
         34,          7,    4,         16.18,          3.29,       8.72,      87.21,    286.94,         31.61
         34,          7,    5,         16.59,          3.29,       9.19,      91.94,    302.40,         31.07
         34,          7,    6,         16.91,          3.29,       9.60,      95.93,    315.45,         30.66
         34,          7,    7,         17.18,          3.29,       9.97,      99.64,    327.63,         30.36
         35,          1,    1,          0.89,          3.30,       1.84,      18.36,     60.55,          8.75
         35,          1,    2,          2.92,          3.30,       2.12,      21.14,     69.71,          8.44
         35,          1,    3,          4.46,          3.30,       2.38,      23.84,     78.59,          8.70
         35,          1,    4,          5.58,          3.30,       2.63,      26.28,     86.63,          9.00
         35,          1,    5,          6.49,          3.30,       2.86,      28.57,     94.16,          9.35
         35,          1,    6,          7.23,          3.30,       3.07,      30.69,    101.15,          9.67
         35,          1,    7,          7.85,          3.30,       3.28,      32.74,    107.91,          9.93
         35,          2,    1,          3.24,          3.30,       2.19,      21.94,     72.36,         16.87
         35,          2,    2,          5.01,          3.30,       2.52,      25.19,     83.04,         13.67
         35,          2,    3,          6.32,          3.30,       2.82,      28.24,     93.09,         12.88
         35,          2,    4,          7.30,          3.30,       3.09,      30.90,    101.83,         12.80
         35,          2,    5,          8.12,          3.30,       3.35,      33.49,    110.38,         12.85
         35,          2,    6,          8.79,          3.30,       3.59,      35.89,    118.28,         12.96
         35,          2,    7,          9.39,          3.30,       3.83,      38.30,    126.24,         13.09
         35,          3,    1,          6.23,          3.30,       2.86,      28.53,     94.06,         24.28
         35,          3,    2,          7.89,          3.30,       3.31,      33.07,    109.01,         19.06
         35,          3,    3,          9.12,          3.30,       3.72,      37.24,    122.73,         17.77
         35,          3,    4,          9.98,          3.30,       4.06,      40.60,    133.81,         17.44
         35,          3,    5,         10.67,          3.30,       4.37,      43.74,    144.17,         17.32
         35,          3,    6,         11.23,          3.30,       4.66,      46.62,    153.60,         17.29
         35,          3,    7,         11.72,          3.29,       4.92,      49.25,    162.25,         17.38
         35,          4,    1,          8.63,          3.30,       3.61,      36.07,    118.89,         28.72
         35,          4,    2,         10.08,          3.30,       4.15,      41.47,    136.67,         23.57
         35,          4,    3,         11.03,          3.30,       4.58,      45.84,    151.05,         22.05
         35,          4,    4,         11.77,          3.29,       4.95,      49.49,    163.05,         21.59
         35,          4,    5,         12.33,          3.29,       5.28,      52.80,    173.92,         21.24
         35,          4,    6,         12.80,          3.29,       5.59,      55.90,    184.08,         21.03
         35,          4,    7,         13.20,          3.29,       5.88,      58.80,    193.62,         20.88
         35,          5,    1,         10.92,          3.30,       4.62,      46.21,    152.29,         31.32
         35,          5,    2,         12.31,          3.29,       5.34,      53.38,    175.81,         27.05
         35,          5,    3,         13.22,          3.29,       5.91,      59.10,    194.61,         25.64
         35,          5,    4,         13.84,          3.29,       6.37,      63.64,    209.50,         25.04
         35,          5,    5,         14.34,          3.29,       6.77,      67.65,    222.69,         24.70
         35,          5,    6,         14.73,          3.29,       7.10,      70.99,    233.71,         24.61
         35,          5,    7,         15.08,          3.29,       7.43,      74.30,    244.60,         24.47
         35,          6,    1,         12.73,          3.29,       5.70,      57.04,    187.85,         37.44
         35,          6,    2,         14.02,          3.29,       6.56,      65.68,    216.22,         32.19
         35,          6,    3,         14.78,          3.29,       7.18,      71.76,    236.22,         30.53
         35,          6,    4,         15.31,          3.29,       7.65,      76.53,    251.91,         29.75
         35,          6,    5,         15.73,          3.29,       8.07,      80.72,    265.69,         29.25
         35,          6,    6,         16.07,          3.29,       8.45,      84.52,    278.12,         28.84
         35,          6,    7,         16.38,          3.29,       8.81,      88.06,    289.71,         28.60
         35,          7,    1,         14.05,          3.29,       6.75,      67.46,    222.07,         40.73
         35,          7,    2,         15.35,          3.29,       7.80,      78.03,    256.82,         35.29
         35,          7,    3,         16.11,          3.29,       8.56,      85.60,    281.65,         33.49
         35,          7,    4,         16.64,          3.29,       9.13,      91.23,    300.06,         32.83
         35,          7,    5,         17.05,          3.29,       9.62,      96.23,    316.44,         32.33
         35,          7,    6,         17.36,          3.29,      10.04,     100.34,    329.90,         32.01
         35,          7,    7,         17.64,          3.29,      10.43,     104.25,    342.79,         31.73
         36,          1,    1,          0.98,          3.30,       1.85,      18.52,     61.08,          9.01
         36,          1,    2,          3.00,          3.30,       2.13,      21.30,     70.25,          8.64
         36,          1,    3,          4.54,          3.30,       2.40,      24.05,     79.29,          8.86
         36,          1,    4,          5.67,          3.30,       2.65,      26.52,     87.41,          9.17
         36,          1,    5,          6.59,          3.30,       2.88,      28.84,     95.05,          9.53
         36,          1,    6,          7.34,          3.30,       3.10,      30.92,    101.94,          9.90
         36,          1,    7,          7.98,          3.30,       3.31,      33.10,    109.10,         10.14
         36,          2,    1,          3.42,          3.30,       2.22,      22.19,     73.16,         17.36
         36,          2,    2,          5.16,          3.30,       2.55,      25.48,     84.01,         13.95
         36,          2,    3,          6.46,          3.30,       2.86,      28.54,     94.07,         13.19
         36,          2,    4,          7.45,          3.30,       3.13,      31.28,    103.09,         13.06
         36,          2,    5,          8.27,          3.30,       3.39,      33.89,    111.70,         13.11
         36,          2,    6,          8.96,          3.30,       3.64,      36.38,    119.92,         13.25
         36,          2,    7,          9.55,          3.30,       3.88,      38.81,    127.90,         13.38
         36,          3,    1,          6.46,          3.30,       2.91,      29.07,     95.81,         24.68
         36,          3,    2,          8.12,          3.30,       3.37,      33.71,    111.11,         19.51
         36,          3,    3,          9.35,          3.30,       3.80,      38.04,    125.36,         18.14
         36,          3,    4,         10.22,          3.30,       4.16,      41.57,    137.00,         17.77
         36,          3,    5,         10.92,          3.30,       4.48,      44.79,    147.58,         17.73
         36,          3,    6,         11.49,          3.29,       4.77,      47.68,    157.11,         17.79
         36,          3,    7,         11.97,          3.29,       5.04,      50.44,    166.16,         17.84
         36,          4,    1,          8.93,          3.30,       3.71,      37.06,    122.16,         29.20
         36,          4,    2,         10.38,          3.30,       4.27,      42.72,    140.78,         24.03
         36,          4,    3,         11.35,          3.30,       4.72,      47.18,    155.46,         22.69
         36,          4,    4,         12.07,          3.29,       5.10,      50.97,    167.90,         22.21
         36,          4,    5,         12.64,          3.29,       5.44,      54.39,    179.12,         21.94
         36,          4,    6,         13.12,          3.29,       5.76,      57.56,    189.55,         21.78
         36,          4,    7,         13.52,          3.29,       6.06,      60.54,    199.34,         21.65
         36,          5,    1,         11.24,          3.29,       4.77,      47.77,    157.38,         31.90
         36,          5,    2,         12.65,          3.29,       5.55,      55.47,    182.68,         27.44
         36,          5,    3,         13.57,          3.29,       6.13,      61.29,    201.79,         26.40
         36,          5,    4,         14.20,          3.29,       6.61,      66.02,    217.35,         25.84
         36,          5,    5,         14.70,          3.29,       7.02,      70.19,    231.08,         25.55
         36,          5,    6,         15.10,          3.29,       7.38,      73.80,    242.92,         25.42
         36,          5,    7,         15.45,          3.29,       7.73,      77.24,    254.23,         25.33
         36,          6,    1,         13.09,          3.29,       5.93,      59.26,    195.11,         37.86
         36,          6,    2,         14.40,          3.29,       6.84,      68.42,    225.22,         32.84
         36,          6,    3,         15.17,          3.29,       7.49,      74.81,    246.27,         31.31
         36,          6,    4,         15.71,          3.29,       7.99,      79.88,    262.92,         30.60
         36,          6,    5,         16.12,          3.29,       8.43,      84.27,    277.29,         30.13
         36,          6,    6,         16.47,          3.29,       8.81,      88.14,    289.97,         29.85
         36,          6,    7,         16.78,          3.29,       9.18,      91.80,    301.94,         29.69
         36,          7,    1,         14.44,          3.29,       7.02,      70.12,    230.85,         41.27
         36,          7,    2,         15.76,          3.29,       8.14,      81.40,    267.90,         36.07
         36,          7,    3,         16.54,          3.29,       8.94,      89.35,    293.92,         34.56
         36,          7,    4,         17.06,          3.29,       9.54,      95.39,    313.67,         33.88
         36,          7,    5,         17.48,          3.29,      10.05,     100.55,    330.60,         33.50
         36,          7,    6,         17.80,          3.29,      10.49,     104.86,    344.79,         33.21
         36,          7,    7,         18.08,          3.29,      10.90,     108.94,    358.20,         33.00
         37,          1,    1,          6.13,          3.30,       2.71,      27.07,     89.23,         48.88
         37,          1,    2,          6.86,          3.30,       2.89,      28.93,     95.36,         33.40
         37,          1,    3,          7.36,          3.30,       3.04,      30.42,    100.25,         28.07
         37,          1,    4,          7.63,          3.30,       3.14,      31.38,    103.43,         25.61
         37,          1,    5,          7.84,          3.30,       3.22,      32.21,    106.17,         24.01
         37,          1,    6,          7.99,          3.30,       3.29,      32.84,    108.26,         22.93
         37,          1,    7,          8.10,          3.30,       3.34,      33.36,    109.95,         22.19
         37,          2,    1,          7.82,          3.30,       3.18,      31.83,    104.92,         33.88
         37,          2,    2,          8.57,          3.30,       3.42,      34.22,    112.78,         27.92
         37,          2,    3,          8.98,          3.30,       3.58,      35.79,    117.97,         25.55
         37,          2,    4,          9.23,          3.30,       3.69,      36.86,    121.49,         24.30
         37,          2,    5,          9.43,          3.30,       3.78,      37.79,    124.57,         23.35
         37,          2,    6,          9.58,          3.30,       3.86,      38.57,    127.12,         22.63
         37,          2,    7,          9.73,          3.30,       3.94,      39.36,    129.71,         22.01
         37,          3,    1,          9.75,          3.30,       3.91,      39.12,    128.93,         30.36
         37,          3,    2,         10.68,          3.30,       4.31,      43.14,    142.17,         26.39
         37,          3,    3,         11.28,          3.29,       4.61,      46.12,    151.94,         24.82
         37,          3,    4,         11.62,          3.29,       4.80,      48.02,    158.21,         24.07
         37,          3,    5,         11.90,          3.29,       4.96,      49.60,    163.43,         23.62
         37,          3,    6,         12.09,          3.29,       5.08,      50.74,    167.14,         23.34
         37,          3,    7,         12.25,          3.29,       5.18,      51.83,    170.72,         23.05
         37,          4,    1,         11.46,          3.29,       4.75,      47.56,    156.71,         33.35
         37,          4,    2,         12.43,          3.29,       5.29,      52.95,    174.41,         29.36
         37,          4,    3,         12.99,          3.29,       5.63,      56.34,    185.52,         28.12
         37,          4,    4,         13.30,          3.29,       5.85,      58.52,    192.71,         27.40
         37,          4,    5,         13.53,          3.29,       6.02,      60.17,    198.13,         27.03
         37,          4,    6,         13.70,          3.29,       6.15,      61.42,    202.21,         26.83
         37,          4,    7,         13.85,          3.29,       6.27,      62.69,    206.40,         26.51
         37,          5,    1,         13.03,          3.29,       5.78,      57.83,    190.44,         37.01
         37,          5,    2,         14.12,          3.29,       6.55,      65.54,    215.76,         32.48
         37,          5,    3,         14.77,          3.29,       7.07,      70.67,    232.63,         31.10
         37,          5,    4,         15.14,          3.29,       7.40,      73.97,    243.49,         30.42
         37,          5,    5,         15.44,          3.29,       7.68,      76.77,    252.71,         30.06
         37,          5,    6,         15.64,          3.29,       7.88,      78.85,    259.54,         29.71
         37,          5,    7,         15.83,          3.29,       8.07,      80.73,    265.68,         29.54
         37,          6,    1,         14.33,          3.29,       6.89,      68.87,    226.73,         38.74
         37,          6,    2,         15.54,          3.29,       7.89,      78.87,    259.59,         34.85
         37,          6,    3,         16.19,          3.29,       8.50,      85.02,    279.77,         33.80
         37,          6,    4,         16.56,          3.29,       8.90,      88.96,    292.62,         33.34
         37,          6,    5,         16.83,          3.29,       9.20,      92.01,    302.62,         33.08
         37,          6,    6,         17.02,          3.29,       9.43,      94.29,    310.05,         32.87
         37,          6,    7,         17.19,          3.29,       9.62,      96.23,    316.43,         32.81
         37,          7,    1,         15.36,          3.29,       7.94,      79.39,    261.33,         39.36
         37,          7,    2,         16.68,          3.29,       9.17,      91.67,    301.49,         36.52
         37,          7,    3,         17.41,          3.29,       9.96,      99.60,    327.52,         35.86
         37,          7,    4,         17.80,          3.29,      10.45,     104.53,    343.68,         35.55
         37,          7,    5,         18.12,          3.29,      10.86,     108.63,    357.16,         35.47
         37,          7,    6,         18.33,          3.29,      11.15,     111.45,    366.44,         35.38
         37,          7,    7,         18.52,          3.29,      11.41,     114.10,    375.14,         35.39
         38,          1,    1,          6.18,          3.30,       2.71,      27.14,     89.45,         51.99
         38,          1,    2,          6.94,          3.30,       2.92,      29.18,     96.20,         33.50
         38,          1,    3,          7.45,          3.30,       3.07,      30.73,    101.29,         28.05
         38,          1,    4,          7.74,          3.30,       3.18,      31.84,    104.95,         25.29
         38,          1,    5,          7.96,          3.30,       3.27,      32.69,    107.76,         23.76
         38,          1,    6,          8.09,          3.30,       3.33,      33.35,    109.91,         22.66
         38,          1,    7,          8.22,          3.30,       3.38,      33.76,    111.27,         22.25
         38,          2,    1,          7.96,          3.30,       3.23,      32.34,    106.60,         33.19
         38,          2,    2,          8.71,          3.30,       3.47,      34.70,    114.37,         27.91
         38,          2,    3,          9.15,          3.30,       3.65,      36.52,    120.36,         25.20
         38,          2,    4,          9.39,          3.30,       3.76,      37.58,    123.88,         24.05
         38,          2,    5,          9.60,          3.30,       3.86,      38.57,    127.12,         23.16
         38,          2,    6,          9.74,          3.30,       3.92,      39.25,    129.36,         22.64
         38,          2,    7,          9.90,          3.30,       4.01,      40.07,    132.05,         22.04
         38,          3,    1,          9.94,          3.30,       4.00,      39.97,    131.73,         30.21
         38,          3,    2,         10.88,          3.30,       4.42,      44.23,    145.77,         26.24
         38,          3,    3,         11.51,          3.29,       4.74,      47.40,    156.18,         24.80
         38,          3,    4,         11.85,          3.29,       4.94,      49.39,    162.75,         24.07
         38,          3,    5,         12.16,          3.29,       5.10,      51.03,    168.09,         23.80
         38,          3,    6,         12.34,          3.29,       5.23,      52.28,    172.23,         23.42
         38,          3,    7,         12.51,          3.29,       5.36,      53.55,    176.39,         23.05
         38,          4,    1,         11.70,          3.29,       4.89,      48.83,    160.87,         33.62
         38,          4,    2,         12.69,          3.29,       5.47,      54.71,    180.19,         29.38
         38,          4,    3,         13.24,          3.29,       5.84,      58.40,    192.31,         27.99
         38,          4,    4,         13.57,          3.29,       6.06,      60.60,    199.52,         27.56
         38,          4,    5,         13.81,          3.29,       6.26,      62.54,    205.90,         27.01
         38,          4,    6,         13.98,          3.29,       6.40,      63.97,    210.61,         26.70
         38,          4,    7,         14.14,          3.29,       6.53,      65.30,    214.97,         26.45
         38,          5,    1,         13.31,          3.29,       5.97,      59.69,    196.54,         36.92
         38,          5,    2,         14.44,          3.29,       6.81,      68.13,    224.28,         32.39
         38,          5,    3,         15.09,          3.29,       7.36,      73.60,    242.27,         31.09
         38,          5,    4,         15.46,          3.29,       7.73,      77.35,    254.62,         30.28
         38,          5,    5,         15.77,          3.29,       8.04,      80.36,    264.50,         29.94
         38,          5,    6,         15.97,          3.29,       8.26,      82.64,    271.95,         29.59
         38,          5,    7,         16.16,          3.29,       8.46,      84.61,    278.41,         29.48
         38,          6,    1,         14.66,          3.29,       7.12,      71.22,    234.45,         39.16
         38,          6,    2,         15.89,          3.29,       8.21,      82.12,    270.24,         35.16
         38,          6,    3,         16.55,          3.29,       8.89,      88.91,    292.48,         34.01
         38,          6,    4,         16.92,          3.29,       9.32,      93.13,    306.28,         33.60
         38,          6,    5,         17.19,          3.29,       9.65,      96.48,    317.26,         33.27
         38,          6,    6,         17.38,          3.29,       9.91,      99.09,    325.84,         32.96
         38,          6,    7,         17.55,          3.29,      10.11,     101.05,    332.27,         32.95
         38,          7,    1,         15.71,          3.29,       8.20,      82.04,    270.01,         39.87
         38,          7,    2,         17.06,          3.29,       9.57,      95.69,    314.67,         36.81
         38,          7,    3,         17.80,          3.29,      10.40,     103.99,    341.91,         36.45
         38,          7,    4,         18.20,          3.29,      10.94,     109.37,    359.60,         36.12
         38,          7,    5,         18.53,          3.29,      11.38,     113.75,    373.99,         36.08
         38,          7,    6,         18.73,          3.29,      11.70,     116.96,    384.49,         35.88
         38,          7,    7,         18.92,          3.29,      11.99,     119.91,    394.15,         35.89
         39,          1,    1,          6.25,          3.30,       2.73,      27.25,     89.83,         50.78
         39,          1,    2,          7.01,          3.30,       2.94,      29.34,     96.71,         33.08
         39,          1,    3,          7.55,          3.30,       3.11,      31.09,    102.46,         27.17
         39,          1,    4,          7.84,          3.30,       3.20,      32.04,    105.62,         25.22
         39,          1,    5,          8.07,          3.30,       3.30,      33.04,    108.89,         23.43
         39,          1,    6,          8.23,          3.30,       3.36,      33.64,    110.90,         22.63
         39,          1,    7,          8.35,          3.30,       3.41,      34.09,    112.38,         22.16
         39,          2,    1,          8.09,          3.30,       3.26,      32.64,    107.58,         33.00
         39,          2,    2,          8.86,          3.30,       3.52,      35.23,    116.12,         27.40
         39,          2,    3,          9.31,          3.30,       3.70,      36.99,    121.93,         25.20
         39,          2,    4,          9.57,          3.30,       3.82,      38.16,    125.77,         24.02
         39,          2,    5,          9.78,          3.30,       3.93,      39.27,    129.43,         22.98
         39,          2,    6,          9.94,          3.30,       4.01,      40.11,    132.19,         22.32
         39,          2,    7,         10.10,          3.30,       4.09,      40.89,    134.77,         21.89
         39,          3,    1,         10.14,          3.30,       4.08,      40.76,    134.34,         29.60
         39,          3,    2,         11.10,          3.30,       4.55,      45.49,    149.88,         25.58
         39,          3,    3,         11.75,          3.29,       4.88,      48.80,    160.77,         24.41
         39,          3,    4,         12.10,          3.29,       5.10,      51.01,    168.01,         23.65
         39,          3,    5,         12.40,          3.29,       5.29,      52.87,    174.17,         23.26
         39,          3,    6,         12.60,          3.29,       5.42,      54.17,    178.41,         23.04
         39,          3,    7,         12.78,          3.29,       5.55,      55.46,    182.65,         22.79
         39,          4,    1,         11.97,          3.29,       5.04,      50.40,    166.04,         32.90
         39,          4,    2,         12.98,          3.29,       5.69,      56.91,    187.41,         28.75
         39,          4,    3,         13.55,          3.29,       6.09,      60.83,    200.27,         27.61
         39,          4,    4,         13.87,          3.29,       6.34,      63.41,    208.76,         26.95
         39,          4,    5,         14.11,          3.29,       6.55,      65.49,    215.60,         26.49
         39,          4,    6,         14.29,          3.29,       6.70,      66.95,    220.39,         26.30
         39,          4,    7,         14.45,          3.29,       6.84,      68.35,    225.00,         26.09
         39,          5,    1,         13.64,          3.29,       6.21,      62.08,    204.39,         36.40
         39,          5,    2,         14.80,          3.29,       7.14,      71.35,    234.88,         32.15
         39,          5,    3,         15.45,          3.29,       7.75,      77.49,    255.07,         30.71
         39,          5,    4,         15.83,          3.29,       8.15,      81.55,    268.41,         30.02
         39,          5,    5,         16.13,          3.29,       8.49,      84.86,    279.23,         29.64
         39,          5,    6,         16.34,          3.29,       8.74,      87.38,    287.45,         29.36
         39,          5,    7,         16.52,          3.29,       8.97,      89.62,    294.79,         29.15
         39,          6,    1,         15.02,          3.29,       7.41,      74.08,    243.88,         38.74
         39,          6,    2,         16.29,          3.29,       8.62,      86.15,    283.49,         35.03
         39,          6,    3,         16.93,          3.29,       9.38,      93.73,    308.24,         33.72
         39,          6,    4,         17.32,          3.29,       9.86,      98.56,    324.09,         33.25
         39,          6,    5,         17.58,          3.29,      10.22,     102.14,    335.85,         32.93
         39,          6,    6,         17.77,          3.29,      10.49,     104.96,    345.12,         32.70
         39,          6,    7,         17.93,          3.29,      10.73,     107.31,    352.85,         32.51
         39,          7,    1,         16.09,          3.29,       8.52,      85.17,    280.25,         40.09
         39,          7,    2,         17.48,          3.29,      10.01,     100.10,    329.15,         37.23
         39,          7,    3,         18.22,          3.29,      10.94,     109.38,    359.64,         36.70
         39,          7,    4,         18.63,          3.29,      11.54,     115.34,    379.21,         36.37
         39,          7,    5,         18.95,          3.29,      12.04,     120.40,    395.73,         36.17
         39,          7,    6,         19.15,          3.29,      12.37,     123.71,    406.53,         36.12
         39,          7,    7,         19.34,          3.29,      12.70,     127.00,    417.24,         36.07
         40,          1,    1,          6.30,          3.30,       2.75,      27.48,     90.59,         45.31
         40,          1,    2,          7.08,          3.30,       2.97,      29.64,     97.70,         30.88
         40,          1,    3,          7.64,          3.30,       3.14,      31.35,    103.34,         26.24
         40,          1,    4,          7.93,          3.30,       3.24,      32.41,    106.81,         24.22
         40,          1,    5,          8.18,          3.30,       3.33,      33.23,    109.52,         23.21
         40,          1,    6,          8.33,          3.30,       3.39,      33.85,    111.56,         22.43
         40,          1,    7,          8.45,          3.30,       3.44,      34.45,    113.54,         21.65
         40,          2,    1,          8.20,          3.30,       3.32,      33.18,    109.37,         31.29
         40,          2,    2,          8.98,          3.30,       3.59,      35.88,    118.25,         26.36
         40,          2,    3,          9.46,          3.30,       3.76,      37.64,    124.06,         24.65
         40,          2,    4,          9.72,          3.30,       3.90,      38.99,    128.52,         23.27
         40,          2,    5,          9.95,          3.30,       3.99,      39.95,    131.66,         22.75
         40,          2,    6,         10.11,          3.30,       4.09,      40.88,    134.74,         22.06
         40,          2,    7,         10.28,          3.30,       4.18,      41.77,    137.67,         21.57
         40,          3,    1,         10.33,          3.30,       4.18,      41.79,    137.71,         29.12
         40,          3,    2,         11.31,          3.30,       4.67,      46.74,    154.00,         25.37
         40,          3,    3,         11.97,          3.29,       5.06,      50.57,    166.59,         23.86
         40,          3,    4,         12.32,          3.29,       5.29,      52.88,    174.19,         23.21
         40,          3,    5,         12.63,          3.29,       5.51,      55.04,    181.24,         22.76
         40,          3,    6,         12.82,          3.29,       5.63,      56.34,    185.53,         22.58
         40,          3,    7,         13.00,          3.29,       5.77,      57.67,    189.90,         22.39
         40,          4,    1,         12.23,          3.29,       5.23,      52.34,    172.39,         31.93
         40,          4,    2,         13.27,          3.29,       5.92,      59.25,    195.11,         28.33
         40,          4,    3,         13.85,          3.29,       6.36,      63.68,    209.64,         27.10
         40,          4,    4,         14.17,          3.29,       6.64,      66.40,    218.58,         26.54
         40,          4,    5,         14.42,          3.29,       6.87,      68.67,    226.06,         26.10
         40,          4,    6,         14.60,          3.29,       7.05,      70.50,    232.08,         25.73
         40,          4,    7,         14.75,          3.29,       7.21,      72.08,    237.30,         25.48
         40,          5,    1,         13.96,          3.29,       6.47,      64.70,    212.99,         35.70
         40,          5,    2,         15.15,          3.29,       7.49,      74.95,    246.72,         31.66
         40,          5,    3,         15.81,          3.29,       8.18,      81.78,    269.15,         30.24
         40,          5,    4,         16.20,          3.29,       8.63,      86.27,    283.83,         29.68
         40,          5,    5,         16.51,          3.29,       9.00,      90.03,    296.13,         29.27
         40,          5,    6,         16.71,          3.29,       9.28,      92.77,    305.10,         28.97
         40,          5,    7,         16.89,          3.29,       9.53,      95.23,    313.17,         28.77
         40,          6,    1,         15.36,          3.29,       7.74,      77.35,    254.61,         37.86
         40,          6,    2,         16.68,          3.29,       9.08,      90.74,    298.48,         34.53
         40,          6,    3,         17.33,          3.29,       9.91,      99.09,    325.84,         33.35
         40,          6,    4,         17.72,          3.29,      10.45,     104.44,    343.41,         32.91
         40,          6,    5,         17.98,          3.29,      10.87,     108.73,    357.50,         32.41
         40,          6,    6,         18.17,          3.29,      11.17,     111.66,    367.10,         32.30
         40,          6,    7,         18.33,          3.29,      11.43,     114.24,    375.59,         32.12
         40,          7,    1,         16.44,          3.29,       8.83,      88.35,    290.64,         40.24
         40,          7,    2,         17.87,          3.29,      10.52,     105.15,    345.74,         37.24
         40,          7,    3,         18.61,          3.29,      11.53,     115.32,    379.14,         36.68
         40,          7,    4,         19.03,          3.29,      12.20,     122.00,    400.92,         36.37
         40,          7,    5,         19.34,          3.29,      12.75,     127.48,    418.78,         36.15
         40,          7,    6,         19.54,          3.28,      13.13,     131.21,    430.98,         36.03
         40,          7,    7,         19.73,          3.28,      13.48,     134.80,    442.71,         35.96
         41,          1,    1,          6.33,          3.30,       2.76,      27.63,     91.09,         44.63
         41,          1,    2,          7.14,          3.30,       2.98,      29.77,     98.11,         31.08
         41,          1,    3,          7.71,          3.30,       3.16,      31.53,    103.92,         26.31
         41,          1,    4,          8.02,          3.30,       3.28,      32.73,    107.88,         23.99
         41,          1,    5,          8.28,          3.30,       3.36,      33.56,    110.61,         23.11
         41,          1,    6,          8.43,          3.30,       3.43,      34.35,    113.24,         21.92
         41,          1,    7,          8.57,          3.30,       3.49,      34.87,    114.93,         21.49
         41,          2,    1,          8.31,          3.30,       3.36,      33.54,    110.55,         30.18
         41,          2,    2,          9.11,          3.30,       3.66,      36.57,    120.55,         25.11
         41,          2,    3,          9.59,          3.30,       3.86,      38.55,    127.06,         23.34
         41,          2,    4,          9.86,          3.30,       3.97,      39.72,    130.90,         22.62
         41,          2,    5,         10.10,          3.30,       4.09,      40.86,    134.65,         21.98
         41,          2,    6,         10.26,          3.30,       4.19,      41.88,    138.01,         21.29
         41,          2,    7,         10.44,          3.30,       4.27,      42.68,    140.65,         21.06
         41,          3,    1,         10.52,          3.30,       4.30,      43.02,    141.78,         27.99
         41,          3,    2,         11.53,          3.29,       4.84,      48.37,    159.37,         24.58
         41,          3,    3,         12.20,          3.29,       5.25,      52.47,    172.85,         23.25
         41,          3,    4,         12.56,          3.29,       5.50,      54.98,    181.05,         22.65
         41,          3,    5,         12.87,          3.29,       5.74,      57.43,    189.09,         22.13
         41,          3,    6,         13.07,          3.29,       5.89,      58.86,    193.79,         21.96
         41,          3,    7,         13.24,          3.29,       6.04,      60.41,    198.87,         21.68
         41,          4,    1,         12.51,          3.29,       5.44,      54.44,    179.28,         31.24
         41,          4,    2,         13.60,          3.29,       6.21,      62.13,    204.54,         27.83
         41,          4,    3,         14.17,          3.29,       6.69,      66.93,    220.33,         26.64
         41,          4,    4,         14.51,          3.29,       7.01,      70.03,    230.55,         26.10
         41,          4,    5,         14.75,          3.29,       7.27,      72.66,    239.20,         25.54
         41,          4,    6,         14.93,          3.29,       7.45,      74.51,    245.27,         25.32
         41,          4,    7,         15.09,          3.29,       7.62,      76.15,    250.69,         25.12
         41,          5,    1,         14.30,          3.29,       6.78,      67.75,    223.05,         35.06
         41,          5,    2,         15.52,          3.29,       7.87,      78.67,    258.93,         31.66
         41,          5,    3,         16.21,          3.29,       8.66,      86.62,    284.95,         30.13
         41,          5,    4,         16.60,          3.29,       9.14,      91.40,    300.62,         29.64
         41,          5,    5,         16.92,          3.29,       9.59,      95.85,    315.19,         29.15
         41,          5,    6,         17.13,          3.29,       9.87,      98.72,    324.60,         28.94
         41,          5,    7,         17.31,          3.29,      10.18,     101.75,    334.57,         28.60
         41,          6,    1,         15.74,          3.29,       8.12,      81.15,    267.08,         37.28
         41,          6,    2,         17.07,          3.29,       9.55,      95.50,    314.04,         34.55
         41,          6,    3,         17.75,          3.29,      10.53,     105.30,    346.24,         33.19
         41,          6,    4,         18.14,          3.29,      11.08,     110.77,    364.21,         32.94
         41,          6,    5,         18.42,          3.29,      11.59,     115.86,    380.89,         32.43
         41,          6,    6,         18.61,          3.29,      11.90,     118.97,    391.06,         32.35
         41,          6,    7,         18.77,          3.29,      12.22,     122.23,    401.73,         32.04
         41,          7,    1,         16.78,          3.29,       9.20,      91.98,    302.55,         39.85
         41,          7,    2,         18.27,          3.29,      11.06,     110.54,    363.44,         37.23
         41,          7,    3,         19.00,          3.29,      12.20,     121.95,    400.78,         36.51
         41,          7,    4,         19.43,          3.29,      12.96,     129.52,    425.49,         36.20
         41,          7,    5,         19.74,          3.28,      13.56,     135.59,    445.31,         35.91
         41,          7,    6,         19.95,          3.28,      14.00,     139.95,    459.62,         35.74
         41,          7,    7,         20.13,          3.28,      14.38,     143.85,    472.39,         35.62
         42,          1,    1,          6.36,          3.30,       2.77,      27.72,     91.36,         42.72
         42,          1,    2,          7.17,          3.30,       3.01,      30.05,     99.06,         29.27
         42,          1,    3,          7.78,          3.30,       3.21,      32.07,    105.70,         24.52
         42,          1,    4,          8.09,          3.30,       3.31,      33.10,    109.09,         23.12
         42,          1,    5,          8.37,          3.30,       3.41,      34.10,    112.40,         22.03
         42,          1,    6,          8.52,          3.30,       3.48,      34.81,    114.73,         21.26
         42,          1,    7,          8.67,          3.30,       3.55,      35.52,    117.09,         20.55
         42,          2,    1,          8.43,          3.30,       3.43,      34.34,    113.19,         28.67
         42,          2,    2,          9.24,          3.30,       3.74,      37.37,    123.17,         24.51
         42,          2,    3,          9.73,          3.30,       3.95,      39.51,    130.22,         22.76
         42,          2,    4,         10.01,          3.30,       4.09,      40.85,    134.65,         21.91
         42,          2,    5,         10.25,          3.30,       4.22,      42.16,    138.94,         21.17
         42,          2,    6,         10.43,          3.30,       4.31,      43.08,    141.99,         20.79
         42,          2,    7,         10.60,          3.30,       4.41,      44.11,    145.35,         20.36
         42,          3,    1,         10.77,          3.30,       4.47,      44.67,    147.21,         26.84
         42,          3,    2,         11.82,          3.29,       5.07,      50.70,    167.01,         23.67
         42,          3,    3,         12.51,          3.29,       5.53,      55.28,    182.06,         22.47
         42,          3,    4,         12.87,          3.29,       5.80,      58.01,    191.01,         21.96
         42,          3,    5,         13.19,          3.29,       6.06,      60.60,    199.52,         21.57
         42,          3,    6,         13.39,          3.29,       6.23,      62.25,    204.95,         21.34
         42,          3,    7,         13.56,          3.29,       6.40,      64.00,    210.69,         21.04
         42,          4,    1,         12.87,          3.29,       5.74,      57.37,    188.90,         30.63
         42,          4,    2,         13.99,          3.29,       6.56,      65.58,    215.90,         27.78
         42,          4,    3,         14.59,          3.29,       7.11,      71.13,    234.15,         26.54
         42,          4,    4,         14.94,          3.29,       7.47,      74.69,    245.88,         25.97
         42,          4,    5,         15.21,          3.29,       7.79,      77.86,    256.29,         25.40
         42,          4,    6,         15.39,          3.29,       8.01,      80.05,    263.48,         25.09
         42,          4,    7,         15.56,          3.29,       8.23,      82.30,    270.85,         24.75
         42,          5,    1,         14.71,          3.29,       7.13,      71.29,    234.68,         35.33
         42,          5,    2,         15.95,          3.29,       8.29,      82.95,    272.96,         32.21
         42,          5,    3,         16.62,          3.29,       9.08,      90.84,    298.80,         31.07
         42,          5,    4,         17.04,          3.29,       9.63,      96.31,    316.67,         30.51
         42,          5,    5,         17.35,          3.29,      10.10,     101.01,    332.12,         30.01
         42,          5,    6,         17.57,          3.29,      10.45,     104.49,    343.58,         29.66
         42,          5,    7,         17.76,          3.29,      10.77,     107.69,    354.08,         29.39
         42,          6,    1,         16.18,          3.29,       8.60,      86.02,    283.04,         36.69
         42,          6,    2,         17.51,          3.29,      10.10,     100.99,    332.04,         34.80
         42,          6,    3,         18.19,          3.29,      11.06,     110.58,    363.59,         34.00
         42,          6,    4,         18.59,          3.29,      11.70,     116.95,    384.47,         33.68
         42,          6,    5,         18.87,          3.29,      12.21,     122.05,    401.16,         33.33
         42,          6,    6,         19.07,          3.29,      12.59,     125.86,    413.55,         33.15
         42,          6,    7,         19.23,          3.29,      12.92,     129.17,    424.34,         32.92
         42,          7,    1,         17.18,          3.29,       9.68,      96.75,    318.15,         39.19
         42,          7,    2,         18.70,          3.29,      11.66,     116.62,    383.39,         37.33
         42,          7,    3,         19.47,          3.28,      13.02,     130.21,    427.74,         36.46
         42,          7,    4,         19.89,          3.28,      13.76,     137.56,    451.76,         36.52
         42,          7,    5,         20.21,          3.28,      14.47,     144.69,    475.17,         36.15
         42,          7,    6,         20.41,          3.28,      14.91,     149.11,    489.63,         36.09
         42,          7,    7,         20.60,          3.28,      15.39,     153.90,    505.29,         35.83
         43,          1,    1,          6.37,          3.30,       2.81,      28.10,     92.63,         39.27
         43,          1,    2,          7.22,          3.30,       3.05,      30.47,    100.45,         27.92
         43,          1,    3,          7.84,          3.30,       3.24,      32.41,    106.81,         24.08
         43,          1,    4,          8.15,          3.30,       3.36,      33.56,    110.60,         22.53
         43,          1,    5,          8.43,          3.30,       3.47,      34.74,    114.49,         21.17
         43,          1,    6,          8.60,          3.30,       3.54,      35.39,    116.66,         20.66
         43,          1,    7,          8.75,          3.30,       3.62,      36.14,    119.13,         19.97
         43,          2,    1,          8.56,          3.30,       3.52,      35.22,    116.10,         26.80
         43,          2,    2,          9.41,          3.30,       3.85,      38.52,    126.96,         23.17
         43,          2,    3,          9.89,          3.30,       4.09,      40.92,    134.87,         21.42
         43,          2,    4,         10.18,          3.30,       4.23,      42.34,    139.53,         20.76
         43,          2,    5,         10.43,          3.30,       4.37,      43.68,    143.94,         20.21
         43,          2,    6,         10.60,          3.30,       4.48,      44.82,    147.69,         19.66
         43,          2,    7,         10.77,          3.30,       4.58,      45.80,    150.94,         19.36
         43,          3,    1,         11.07,          3.30,       4.69,      46.92,    154.60,         25.79
         43,          3,    2,         12.14,          3.29,       5.32,      53.22,    175.31,         23.26
         43,          3,    3,         12.88,          3.29,       5.86,      58.64,    193.08,         22.01
         43,          3,    4,         13.25,          3.29,       6.16,      61.63,    202.89,         21.59
         43,          3,    5,         13.60,          3.29,       6.48,      64.79,    213.29,         21.13
         43,          3,    6,         13.79,          3.29,       6.67,      66.65,    219.41,         20.92
         43,          3,    7,         13.97,          3.29,       6.85,      68.52,    225.57,         20.70
         43,          4,    1,         13.17,          3.29,       5.93,      59.27,    195.14,         31.88
         43,          4,    2,         14.31,          3.29,       6.82,      68.18,    224.45,         28.59
         43,          4,    3,         14.93,          3.29,       7.39,      73.93,    243.39,         27.46
         43,          4,    4,         15.31,          3.29,       7.80,      77.97,    256.68,         26.80
         43,          4,    5,         15.58,          3.29,       8.14,      81.42,    267.96,         26.19
         43,          4,    6,         15.79,          3.29,       8.41,      84.13,    276.83,         25.84
         43,          4,    7,         15.96,          3.29,       8.65,      86.51,    284.62,         25.53
         43,          5,    1,         15.04,          3.29,       7.40,      73.97,    243.49,         36.68
         43,          5,    2,         16.31,          3.29,       8.64,      86.40,    284.28,         33.42
         43,          5,    3,         16.99,          3.29,       9.48,      94.82,    311.83,         32.16
         43,          5,    4,         17.42,          3.29,      10.08,     100.77,    331.35,         31.56
         43,          5,    5,         17.74,          3.29,      10.57,     105.66,    347.40,         31.11
         43,          5,    6,         17.97,          3.29,      10.95,     109.43,    359.81,         30.83
         43,          5,    7,         18.15,          3.29,      11.28,     112.81,    370.90,         30.48
         43,          6,    1,         16.55,          3.29,       8.94,      89.37,    294.01,         37.72
         43,          6,    2,         17.91,          3.29,      10.58,     105.75,    347.70,         35.66
         43,          6,    3,         18.59,          3.29,      11.59,     115.85,    380.88,         34.96
         43,          6,    4,         19.00,          3.29,      12.28,     122.76,    403.44,         34.67
         43,          6,    5,         19.29,          3.29,      12.80,     127.95,    420.36,         34.50
         43,          6,    6,         19.49,          3.28,      13.22,     132.17,    434.11,         34.23
         43,          6,    7,         19.66,          3.28,      13.58,     135.78,    445.96,         34.02
         43,          7,    1,         17.62,          3.29,      10.25,     102.54,    337.15,         38.52
         43,          7,    2,         19.13,          3.29,      12.32,     123.17,    404.77,         37.59
         43,          7,    3,         19.90,          3.28,      13.67,     136.67,    448.82,         37.33
         43,          7,    4,         20.33,          3.28,      14.51,     145.11,    476.54,         37.24
         43,          7,    5,         20.64,          3.28,      15.22,     152.20,    499.78,         37.09
         43,          7,    6,         20.86,          3.28,      15.73,     157.31,    516.45,         36.99
         43,          7,    7,         21.03,          3.28,      16.20,     162.03,    531.75,         36.83
         44,          1,    1,          6.42,          3.30,       2.83,      28.36,     93.49,         37.35
         44,          1,    2,          7.27,          3.30,       3.09,      30.88,    101.79,         26.63
         44,          1,    3,          7.89,          3.30,       3.31,      33.04,    108.91,         22.68
         44,          1,    4,          8.22,          3.30,       3.44,      34.38,    113.31,         21.03
         44,          1,    5,          8.50,          3.30,       3.54,      35.45,    116.84,         20.20
         44,          1,    6,          8.67,          3.30,       3.63,      36.35,    119.82,         19.35
         44,          1,    7,          8.83,          3.30,       3.69,      36.93,    121.71,         19.10
         44,          2,    1,          8.75,          3.30,       3.65,      36.49,    120.28,         24.83
         44,          2,    2,          9.64,          3.30,       4.02,      40.17,    132.40,         21.73
         44,          2,    3,         10.14,          3.30,       4.30,      42.93,    141.49,         20.08
         44,          2,    4,         10.43,          3.30,       4.44,      44.43,    146.43,         19.59
         44,          2,    5,         10.68,          3.30,       4.61,      46.12,    151.99,         18.90
         44,          2,    6,         10.86,          3.30,       4.72,      47.26,    155.74,         18.57
         44,          2,    7,         11.04,          3.29,       4.85,      48.46,    159.67,         18.26
         44,          3,    1,         11.35,          3.29,       4.84,      48.37,    159.37,         26.37
         44,          3,    2,         12.48,          3.29,       5.56,      55.61,    183.13,         23.41
         44,          3,    3,         13.21,          3.29,       6.09,      60.89,    200.49,         22.54
         44,          3,    4,         13.63,          3.29,       6.47,      64.69,    212.96,         21.89
         44,          3,    5,         13.98,          3.29,       6.80,      67.95,    223.70,         21.55
         44,          3,    6,         14.22,          3.29,       7.05,      70.44,    231.89,         21.25
         44,          3,    7,         14.42,          3.29,       7.27,      72.73,    239.40,         20.99
         44,          4,    1,         13.48,          3.29,       6.14,      61.42,    202.24,         33.62
         44,          4,    2,         14.66,          3.29,       7.09,      70.87,    233.32,         29.99
         44,          4,    3,         15.29,          3.29,       7.72,      77.16,    254.00,         28.61
         44,          4,    4,         15.68,          3.29,       8.16,      81.60,    268.58,         27.87
         44,          4,    5,         15.96,          3.29,       8.52,      85.22,    280.43,         27.31
         44,          4,    6,         16.18,          3.29,       8.82,      88.22,    290.24,         26.92
         44,          4,    7,         16.36,          3.29,       9.09,      90.92,    299.07,         26.53
         44,          5,    1,         15.40,          3.29,       7.70,      76.99,    253.41,         39.14
         44,          5,    2,         16.69,          3.29,       9.05,      90.46,    297.58,         35.21
         44,          5,    3,         17.39,          3.29,       9.95,      99.47,    327.04,         33.84
         44,          5,    4,         17.83,          3.29,      10.58,     105.76,    347.74,         33.20
         44,          5,    5,         18.16,          3.29,      11.11,     111.15,    365.45,         32.64
         44,          5,    6,         18.40,          3.29,      11.53,     115.29,    379.01,         32.27
         44,          5,    7,         18.59,          3.29,      11.89,     118.87,    390.75,         32.01
         44,          6,    1,         16.93,          3.29,       9.32,      93.21,    306.53,         39.44
         44,          6,    2,         18.33,          3.29,      11.09,     110.90,    364.64,         37.13
         44,          6,    3,         19.02,          3.29,      12.18,     121.75,    400.13,         36.50
         44,          6,    4,         19.44,          3.28,      12.91,     129.13,    424.19,         36.24
         44,          6,    5,         19.73,          3.28,      13.49,     134.91,    443.10,         35.90
         44,          6,    6,         19.95,          3.28,      13.96,     139.51,    458.14,         35.70
         44,          6,    7,         20.11,          3.28,      14.34,     143.43,    471.01,         35.41
         44,          7,    1,         18.05,          3.29,      10.75,     107.46,    353.31,         39.11
         44,          7,    2,         19.58,          3.28,      12.99,     129.86,    426.58,         38.39
         44,          7,    3,         20.34,          3.28,      14.38,     143.78,    472.16,         38.37
         44,          7,    4,         20.78,          3.28,      15.31,     153.11,    502.74,         38.30
         44,          7,    5,         21.10,          3.28,      16.06,     160.55,    526.98,         38.23
         44,          7,    6,         20.96,          3.28,      15.93,     159.24,    522.76,         37.51
         44,          7,    7,         20.88,          3.28,      15.90,     158.96,    521.85,         36.90

