[Radio] Initializing ... success!
Connected to RF power monitor: Rohde&Schwarz,FPC1500,1328.6660K03/205785,V1.80
Connected to DC power monitor: radiolib-org,DCpowerMon,070dd3d
setCurrentLimit skipped

Set [dBm/2],paDutyCycle,paSlc,Measured [dBm],Bus voltage[V],Voltage[mV],Current[mA],Power [mW],Efficiency [%]
        -18,          1,    1,        -22.24,          3.30,       0.89,       8.94,     29.51,          0.41
        -18,          1,    2,        -20.40,          3.30,       0.93,       9.29,     30.67,          0.35
        -18,          1,    3,        -19.10,          3.30,       0.96,       9.63,     31.77,          0.33
        -18,          1,    4,        -17.95,          3.30,       1.00,       9.96,     32.88,          0.33
        -18,          1,    5,        -17.10,          3.30,       1.03,      10.26,     33.85,          0.34
        -18,          1,    6,        -16.24,          3.30,       1.05,      10.52,     34.72,          0.36
        -18,          1,    7,        -15.65,          3.30,       1.08,      10.84,     35.75,          0.35
        -18,          2,    1,        -20.01,          3.30,       0.92,       9.18,     30.31,          0.75
        -18,          2,    2,        -18.33,          3.30,       0.95,       9.58,     31.60,          0.56
        -18,          2,    3,        -17.03,          3.30,       1.00,       9.94,     32.79,          0.52
        -18,          2,    4,        -16.15,          3.30,       1.03,      10.25,     33.84,          0.50
        -18,          2,    5,        -15.18,          3.30,       1.06,      10.60,     34.97,          0.51
        -18,          2,    6,        -14.60,          3.30,       1.10,      10.95,     36.13,          0.48
        -18,          2,    7,        -14.02,          3.30,       1.13,      11.28,     37.22,          0.48
        -18,          3,    1,        -17.20,          3.30,       0.96,       9.63,     31.77,          1.00
        -18,          3,    2,        -15.67,          3.30,       1.01,      10.04,     33.14,          0.83
        -18,          3,    3,        -14.72,          3.30,       1.04,      10.43,     34.43,          0.74
        -18,          3,    4,        -13.86,          3.30,       1.08,      10.84,     35.77,          0.70
        -18,          3,    5,        -13.23,          3.30,       1.12,      11.19,     36.93,          0.67
        -18,          3,    6,        -12.81,          3.30,       1.15,      11.55,     38.10,          0.64
        -18,          3,    7,        -12.29,          3.30,       1.18,      11.84,     39.07,          0.64
        -18,          4,    1,        -15.26,          3.30,       1.00,      10.04,     33.12,          1.34
        -18,          4,    2,        -14.03,          3.30,       1.05,      10.49,     34.63,          1.06
        -18,          4,    3,        -13.06,          3.30,       1.09,      10.97,     36.19,          0.93
        -18,          4,    4,        -12.39,          3.30,       1.14,      11.36,     37.48,          0.88
        -18,          4,    5,        -11.90,          3.30,       1.17,      11.71,     38.64,          0.83
        -18,          4,    6,        -11.36,          3.30,       1.20,      12.05,     39.76,          0.83
        -18,          4,    7,        -10.99,          3.30,       1.24,      12.38,     40.85,          0.80
        -18,          5,    1,        -13.22,          3.30,       1.06,      10.60,     35.00,          1.70
        -18,          5,    2,        -12.05,          3.30,       1.12,      11.20,     36.96,          1.31
        -18,          5,    3,        -11.28,          3.30,       1.16,      11.63,     38.36,          1.21
        -18,          5,    4,        -10.79,          3.30,       1.21,      12.06,     39.79,          1.10
        -18,          5,    5,        -10.29,          3.30,       1.24,      12.44,     41.05,          1.06
        -18,          5,    6,         -9.97,          3.30,       1.28,      12.80,     42.21,          1.01
        -18,          5,    7,         -9.67,          3.30,       1.31,      13.12,     43.28,          0.97
        -18,          6,    1,        -11.83,          3.30,       1.12,      11.17,     36.84,          2.12
        -18,          6,    2,        -10.86,          3.30,       1.17,      11.71,     38.63,          1.68
        -18,          6,    3,        -10.22,          3.30,       1.22,      12.17,     40.14,          1.48
        -18,          6,    4,         -9.74,          3.30,       1.26,      12.65,     41.73,          1.33
        -18,          6,    5,         -9.38,          3.30,       1.30,      13.03,     43.00,          1.25
        -18,          6,    6,         -9.03,          3.30,       1.34,      13.41,     44.23,          1.19
        -18,          6,    7,         -8.82,          3.30,       1.37,      13.71,     45.24,          1.14
        -18,          7,    1,        -10.84,          3.30,       1.17,      11.70,     38.60,          2.31
        -18,          7,    2,         -9.87,          3.30,       1.23,      12.32,     40.65,          1.84
        -18,          7,    3,         -9.21,          3.30,       1.29,      12.90,     42.55,          1.60
        -18,          7,    4,         -8.78,          3.30,       1.33,      13.34,     44.00,          1.48
        -18,          7,    5,         -8.40,          3.30,       1.37,      13.71,     45.24,          1.42
        -18,          7,    6,         -8.17,          3.30,       1.41,      14.08,     46.45,          1.33
        -18,          7,    7,         -7.97,          3.30,       1.45,      14.50,     47.83,          1.25
        -17,          1,    1,        -22.18,          3.30,       0.90,       8.97,     29.58,          0.43
        -17,          1,    2,        -20.15,          3.30,       0.94,       9.33,     30.79,          0.37
        -17,          1,    3,        -18.80,          3.30,       0.97,       9.69,     31.96,          0.35
        -17,          1,    4,        -17.61,          3.30,       1.00,      10.03,     33.10,          0.35
        -17,          1,    5,        -16.75,          3.30,       1.03,      10.32,     34.05,          0.36
        -17,          1,    6,        -15.98,          3.30,       1.06,      10.61,     35.00,          0.37
        -17,          1,    7,        -15.35,          3.30,       1.09,      10.91,     36.01,          0.37
        -17,          2,    1,        -19.59,          3.30,       0.93,       9.24,     30.49,          0.86
        -17,          2,    2,        -17.91,          3.30,       0.97,       9.65,     31.84,          0.61
        -17,          2,    3,        -16.71,          3.30,       1.00,      10.04,     33.12,          0.55
        -17,          2,    4,        -15.63,          3.30,       1.04,      10.39,     34.28,          0.54
        -17,          2,    5,        -14.79,          3.30,       1.07,      10.70,     35.32,          0.54
        -17,          2,    6,        -14.16,          3.30,       1.11,      11.10,     36.61,          0.52
        -17,          2,    7,        -13.65,          3.30,       1.14,      11.38,     37.55,          0.52
        -17,          3,    1,        -16.85,          3.30,       0.97,       9.74,     32.13,          1.02
        -17,          3,    2,        -15.31,          3.30,       1.01,      10.14,     33.45,          0.88
        -17,          3,    3,        -14.24,          3.30,       1.06,      10.54,     34.78,          0.81
        -17,          3,    4,        -13.52,          3.30,       1.09,      10.95,     36.11,          0.74
        -17,          3,    5,        -12.85,          3.30,       1.13,      11.32,     37.34,          0.72
        -17,          3,    6,        -12.36,          3.30,       1.17,      11.68,     38.53,          0.69
        -17,          3,    7,        -11.92,          3.30,       1.20,      11.97,     39.51,          0.68
        -17,          4,    1,        -14.83,          3.30,       1.02,      10.16,     33.51,          1.48
        -17,          4,    2,        -13.50,          3.30,       1.06,      10.59,     34.93,          1.23
        -17,          4,    3,        -12.63,          3.30,       1.11,      11.14,     36.74,          1.00
        -17,          4,    4,        -11.99,          3.30,       1.15,      11.51,     37.98,          0.95
        -17,          4,    5,        -11.40,          3.30,       1.19,      11.86,     39.12,          0.93
        -17,          4,    6,        -10.94,          3.30,       1.22,      12.20,     40.25,          0.90
        -17,          4,    7,        -10.60,          3.30,       1.26,      12.56,     41.45,          0.86
        -17,          5,    1,        -12.75,          3.30,       1.07,      10.76,     35.49,          1.83
        -17,          5,    2,        -11.64,          3.30,       1.14,      11.36,     37.47,          1.40
        -17,          5,    3,        -10.83,          3.30,       1.18,      11.83,     39.01,          1.29
        -17,          5,    4,        -10.38,          3.30,       1.22,      12.22,     40.31,          1.19
        -17,          5,    5,         -9.91,          3.30,       1.26,      12.64,     41.70,          1.12
        -17,          5,    6,         -9.58,          3.30,       1.30,      12.98,     42.82,          1.08
        -17,          5,    7,         -9.29,          3.30,       1.33,      13.31,     43.92,          1.04
        -17,          6,    1,        -11.42,          3.30,       1.13,      11.35,     37.46,          2.18
        -17,          6,    2,        -10.44,          3.30,       1.19,      11.93,     39.37,          1.73
        -17,          6,    3,         -9.78,          3.30,       1.24,      12.41,     40.94,          1.55
        -17,          6,    4,         -9.34,          3.30,       1.29,      12.88,     42.51,          1.39
        -17,          6,    5,         -8.96,          3.30,       1.33,      13.25,     43.72,          1.33
        -17,          6,    6,         -8.64,          3.30,       1.36,      13.60,     44.87,          1.28
        -17,          6,    7,         -8.38,          3.30,       1.40,      13.96,     46.05,          1.22
        -17,          7,    1,        -10.34,          3.30,       1.19,      11.91,     39.29,          2.57
        -17,          7,    2,         -9.36,          3.30,       1.25,      12.56,     41.44,          2.01
        -17,          7,    3,         -8.76,          3.30,       1.31,      13.10,     43.24,          1.76
        -17,          7,    4,         -8.30,          3.30,       1.36,      13.57,     44.77,          1.63
        -17,          7,    5,         -7.97,          3.30,       1.40,      14.00,     46.17,          1.52
        -17,          7,    6,         -7.74,          3.30,       1.44,      14.38,     47.43,          1.43
        -17,          7,    7,         -7.52,          3.30,       1.48,      14.78,     48.73,          1.36
        -16,          1,    1,        -21.83,          3.30,       0.90,       9.04,     29.82,          0.43
        -16,          1,    2,        -19.83,          3.30,       0.94,       9.41,     31.05,          0.38
        -16,          1,    3,        -18.37,          3.30,       0.98,       9.76,     32.20,          0.37
        -16,          1,    4,        -17.31,          3.30,       1.01,      10.09,     33.30,          0.37
        -16,          1,    5,        -16.51,          3.30,       1.04,      10.38,     34.25,          0.37
        -16,          1,    6,        -15.66,          3.30,       1.07,      10.68,     35.24,          0.39
        -16,          1,    7,        -14.95,          3.30,       1.10,      11.00,     36.29,          0.40
        -16,          2,    1,        -19.37,          3.30,       0.93,       9.32,     30.76,          0.83
        -16,          2,    2,        -17.55,          3.30,       0.97,       9.73,     32.09,          0.64
        -16,          2,    3,        -16.36,          3.30,       1.01,      10.10,     33.32,          0.58
        -16,          2,    4,        -15.35,          3.30,       1.05,      10.48,     34.58,          0.56
        -16,          2,    5,        -14.49,          3.30,       1.08,      10.81,     35.67,          0.56
        -16,          2,    6,        -13.84,          3.30,       1.12,      11.18,     36.89,          0.55
        -16,          2,    7,        -13.31,          3.30,       1.15,      11.51,     37.98,          0.54
        -16,          3,    1,        -16.35,          3.30,       0.98,       9.80,     32.33,          1.22
        -16,          3,    2,        -15.00,          3.30,       1.03,      10.26,     33.86,          0.92
        -16,          3,    3,        -13.94,          3.30,       1.07,      10.68,     35.21,          0.84
        -16,          3,    4,        -13.19,          3.30,       1.11,      11.09,     36.57,          0.78
        -16,          3,    5,        -12.45,          3.30,       1.14,      11.44,     37.75,          0.78
        -16,          3,    6,        -11.96,          3.30,       1.18,      11.76,     38.79,          0.76
        -16,          3,    7,        -11.51,          3.30,       1.21,      12.08,     39.87,          0.75
        -16,          4,    1,        -14.34,          3.30,       1.03,      10.26,     33.85,          1.58
        -16,          4,    2,        -13.19,          3.30,       1.07,      10.71,     35.35,          1.25
        -16,          4,    3,        -12.27,          3.30,       1.12,      11.24,     37.07,          1.07
        -16,          4,    4,        -11.51,          3.30,       1.16,      11.64,     38.41,          1.03
        -16,          4,    5,        -11.04,          3.30,       1.20,      12.04,     39.72,          0.96
        -16,          4,    6,        -10.64,          3.30,       1.24,      12.40,     40.92,          0.92
        -16,          4,    7,        -10.29,          3.30,       1.27,      12.74,     42.04,          0.89
        -16,          5,    1,        -12.31,          3.30,       1.09,      10.93,     36.04,          1.86
        -16,          5,    2,        -11.23,          3.30,       1.15,      11.52,     38.00,          1.47
        -16,          5,    3,        -10.46,          3.30,       1.20,      12.00,     39.58,          1.34
        -16,          5,    4,         -9.95,          3.30,       1.24,      12.43,     41.03,          1.24
        -16,          5,    5,         -9.48,          3.30,       1.28,      12.83,     42.33,          1.19
        -16,          5,    6,         -9.15,          3.30,       1.32,      13.19,     43.50,          1.15
        -16,          5,    7,         -8.86,          3.30,       1.35,      13.54,     44.67,          1.10
        -16,          6,    1,        -11.01,          3.30,       1.15,      11.54,     38.08,          2.36
        -16,          6,    2,        -10.05,          3.30,       1.21,      12.12,     39.97,          1.89
        -16,          6,    3,         -9.39,          3.30,       1.26,      12.62,     41.65,          1.66
        -16,          6,    4,         -8.91,          3.30,       1.31,      13.10,     43.21,          1.52
        -16,          6,    5,         -8.47,          3.30,       1.35,      13.48,     44.47,          1.46
        -16,          6,    6,         -8.22,          3.30,       1.38,      13.85,     45.68,          1.38
        -16,          6,    7,         -7.96,          3.30,       1.42,      14.23,     46.96,          1.31
        -16,          7,    1,         -9.93,          3.30,       1.21,      12.08,     39.86,          2.89
        -16,          7,    2,         -8.99,          3.30,       1.28,      12.82,     42.28,          2.12
        -16,          7,    3,         -8.29,          3.30,       1.34,      13.37,     44.09,          1.92
        -16,          7,    4,         -7.89,          3.30,       1.38,      13.84,     45.67,          1.74
        -16,          7,    5,         -7.57,          3.30,       1.43,      14.29,     47.12,          1.62
        -16,          7,    6,         -7.33,          3.30,       1.47,      14.70,     48.49,          1.52
        -16,          7,    7,         -7.09,          3.30,       1.51,      15.05,     49.65,          1.47
        -15,          1,    1,        -21.17,          3.30,       0.91,       9.07,     29.96,          0.53
        -15,          1,    2,        -19.24,          3.30,       0.95,       9.49,     31.32,          0.43
        -15,          1,    3,        -17.85,          3.30,       0.98,       9.88,     32.59,          0.40
        -15,          1,    4,        -16.75,          3.30,       1.02,      10.15,     33.49,          0.43
        -15,          1,    5,        -15.88,          3.30,       1.05,      10.47,     34.55,          0.43
        -15,          1,    6,        -15.16,          3.30,       1.08,      10.80,     35.63,          0.43
        -15,          1,    7,        -14.61,          3.30,       1.12,      11.15,     36.80,          0.42
        -15,          2,    1,        -18.70,          3.30,       0.94,       9.42,     31.10,          0.97
        -15,          2,    2,        -17.11,          3.30,       0.98,       9.83,     32.43,          0.72
        -15,          2,    3,        -15.77,          3.30,       1.02,      10.25,     33.81,          0.65
        -15,          2,    4,        -14.71,          3.30,       1.06,      10.59,     34.95,          0.64
        -15,          2,    5,        -14.03,          3.30,       1.09,      10.97,     36.18,          0.61
        -15,          2,    6,        -13.35,          3.30,       1.13,      11.36,     37.48,          0.60
        -15,          2,    7,        -12.88,          3.30,       1.17,      11.66,     38.47,          0.59
        -15,          3,    1,        -15.77,          3.30,       0.99,       9.94,     32.81,          1.28
        -15,          3,    2,        -14.41,          3.30,       1.04,      10.41,     34.36,          1.00
        -15,          3,    3,        -13.34,          3.30,       1.08,      10.83,     35.74,          0.93
        -15,          3,    4,        -12.53,          3.30,       1.13,      11.29,     37.24,          0.86
        -15,          3,    5,        -12.00,          3.30,       1.16,      11.64,     38.41,          0.82
        -15,          3,    6,        -11.49,          3.30,       1.20,      11.97,     39.49,          0.81
        -15,          3,    7,        -11.04,          3.30,       1.23,      12.33,     40.69,          0.79
        -15,          4,    1,        -13.71,          3.30,       1.04,      10.44,     34.44,          1.72
        -15,          4,    2,        -12.61,          3.30,       1.09,      10.94,     36.10,          1.33
        -15,          4,    3,        -11.73,          3.30,       1.14,      11.44,     37.74,          1.16
        -15,          4,    4,        -11.02,          3.30,       1.19,      11.88,     39.19,          1.10
        -15,          4,    5,        -10.50,          3.30,       1.22,      12.24,     40.39,          1.06
        -15,          4,    6,        -10.07,          3.30,       1.26,      12.64,     41.68,          1.01
        -15,          4,    7,         -9.71,          3.30,       1.30,      12.98,     42.83,          0.98
        -15,          5,    1,        -11.79,          3.30,       1.12,      11.18,     36.88,          1.91
        -15,          5,    2,        -10.69,          3.30,       1.18,      11.75,     38.75,          1.60
        -15,          5,    3,         -9.91,          3.30,       1.23,      12.26,     40.44,          1.46
        -15,          5,    4,         -9.34,          3.30,       1.27,      12.71,     41.94,          1.37
        -15,          5,    5,         -8.94,          3.30,       1.31,      13.10,     43.23,          1.30
        -15,          5,    6,         -8.62,          3.30,       1.35,      13.47,     44.45,          1.25
        -15,          5,    7,         -8.27,          3.30,       1.39,      13.83,     45.64,          1.22
        -15,          6,    1,        -10.41,          3.30,       1.18,      11.77,     38.84,          2.66
        -15,          6,    2,         -9.40,          3.30,       1.24,      12.39,     40.90,          2.10
        -15,          6,    3,         -8.74,          3.30,       1.30,      12.99,     42.86,          1.80
        -15,          6,    4,         -8.25,          3.30,       1.34,      13.44,     44.34,          1.68
        -15,          6,    5,         -7.95,          3.30,       1.38,      13.86,     45.72,          1.56
        -15,          6,    6,         -7.59,          3.30,       1.42,      14.20,     46.85,          1.52
        -15,          6,    7,         -7.32,          3.30,       1.46,      14.64,     48.30,          1.44
        -15,          7,    1,         -9.28,          3.30,       1.24,      12.44,     41.06,          3.01
        -15,          7,    2,         -8.29,          3.30,       1.32,      13.16,     43.42,          2.36
        -15,          7,    3,         -7.68,          3.30,       1.38,      13.76,     45.40,          2.07
        -15,          7,    4,         -7.26,          3.30,       1.42,      14.22,     46.92,          1.92
        -15,          7,    5,         -6.94,          3.30,       1.47,      14.72,     48.56,          1.77
        -15,          7,    6,         -6.69,          3.30,       1.51,      15.09,     49.77,          1.70
        -15,          7,    7,         -6.40,          3.30,       1.55,      15.50,     51.13,          1.64
        -14,          1,    1,        -20.61,          3.30,       0.91,       9.13,     30.13,          0.58
        -14,          1,    2,        -18.97,          3.30,       0.96,       9.58,     31.60,          0.43
        -14,          1,    3,        -17.50,          3.30,       0.99,       9.89,     32.63,          0.44
        -14,          1,    4,        -16.47,          3.30,       1.03,      10.25,     33.83,          0.43
        -14,          1,    5,        -15.50,          3.30,       1.05,      10.54,     34.78,          0.46
        -14,          1,    6,        -14.78,          3.30,       1.09,      10.88,     35.90,          0.46
        -14,          1,    7,        -14.18,          3.30,       1.13,      11.26,     37.15,          0.45
        -14,          2,    1,        -18.37,          3.30,       0.95,       9.51,     31.39,          0.97
        -14,          2,    2,        -16.73,          3.30,       0.99,       9.91,     32.69,          0.76
        -14,          2,    3,        -15.46,          3.30,       1.03,      10.33,     34.09,          0.68
        -14,          2,    4,        -14.37,          3.30,       1.07,      10.66,     35.18,          0.69
        -14,          2,    5,        -13.62,          3.30,       1.11,      11.09,     36.59,          0.65
        -14,          2,    6,        -13.05,          3.30,       1.14,      11.44,     37.73,          0.63
        -14,          2,    7,        -12.47,          3.30,       1.18,      11.74,     38.74,          0.64
        -14,          3,    1,        -15.52,          3.30,       1.00,      10.00,     33.01,          1.45
        -14,          3,    2,        -14.13,          3.30,       1.05,      10.46,     34.54,          1.12
        -14,          3,    3,        -13.01,          3.30,       1.09,      10.91,     35.99,          1.02
        -14,          3,    4,        -12.24,          3.30,       1.14,      11.40,     37.59,          0.92
        -14,          3,    5,        -11.58,          3.30,       1.17,      11.75,     38.78,          0.90
        -14,          3,    6,        -11.12,          3.30,       1.21,      12.08,     39.87,          0.88
        -14,          3,    7,        -10.68,          3.30,       1.24,      12.43,     41.00,          0.86
        -14,          4,    1,        -13.39,          3.30,       1.05,      10.54,     34.77,          1.76
        -14,          4,    2,        -12.21,          3.30,       1.11,      11.11,     36.64,          1.35
        -14,          4,    3,        -11.34,          3.30,       1.16,      11.58,     38.21,          1.22
        -14,          4,    4,        -10.70,          3.30,       1.20,      11.99,     39.57,          1.15
        -14,          4,    5,        -10.15,          3.30,       1.24,      12.35,     40.75,          1.13
        -14,          4,    6,         -9.75,          3.30,       1.28,      12.80,     42.22,          1.05
        -14,          4,    7,         -9.33,          3.30,       1.32,      13.15,     43.41,          1.04
        -14,          5,    1,        -11.36,          3.30,       1.13,      11.30,     37.29,          2.09
        -14,          5,    2,        -10.31,          3.30,       1.19,      11.91,     39.30,          1.69
        -14,          5,    3,         -9.52,          3.30,       1.24,      12.41,     40.94,          1.56
        -14,          5,    4,         -8.94,          3.30,       1.29,      12.90,     42.55,          1.46
        -14,          5,    5,         -8.54,          3.30,       1.33,      13.31,     43.92,          1.38
        -14,          5,    6,         -8.22,          3.30,       1.37,      13.67,     45.08,          1.33
        -14,          5,    7,         -7.91,          3.30,       1.41,      14.04,     46.33,          1.29
        -14,          6,    1,        -10.03,          3.30,       1.19,      11.93,     39.37,          2.83
        -14,          6,    2,         -9.01,          3.30,       1.26,      12.62,     41.63,          2.18
        -14,          6,    3,         -8.38,          3.30,       1.31,      13.15,     43.37,          1.93
        -14,          6,    4,         -7.89,          3.30,       1.36,      13.66,     45.07,          1.76
        -14,          6,    5,         -7.55,          3.30,       1.41,      14.08,     46.45,          1.66
        -14,          6,    6,         -7.21,          3.30,       1.45,      14.48,     47.78,          1.59
        -14,          6,    7,         -6.94,          3.30,       1.49,      14.85,     48.99,          1.54
        -14,          7,    1,         -8.92,          3.30,       1.26,      12.62,     41.64,          3.24
        -14,          7,    2,         -7.94,          3.30,       1.34,      13.39,     44.16,          2.48
        -14,          7,    3,         -7.29,          3.30,       1.40,      13.98,     46.12,          2.21
        -14,          7,    4,         -6.85,          3.30,       1.45,      14.52,     47.89,          2.02
        -14,          7,    5,         -6.54,          3.30,       1.50,      14.98,     49.43,          1.89
        -14,          7,    6,         -6.31,          3.30,       1.54,      15.39,     50.77,          1.79
        -14,          7,    7,         -6.08,          3.30,       1.58,      15.81,     52.17,          1.70
        -13,          1,    1,        -20.50,          3.30,       0.92,       9.24,     30.48,          0.55
        -13,          1,    2,        -18.53,          3.30,       0.97,       9.64,     31.81,          0.48
        -13,          1,    3,        -17.08,          3.30,       1.00,      10.02,     33.07,          0.47
        -13,          1,    4,        -16.02,          3.30,       1.03,      10.31,     34.03,          0.48
        -13,          1,    5,        -15.06,          3.30,       1.07,      10.67,     35.23,          0.49
        -13,          1,    6,        -14.42,          3.30,       1.11,      11.03,     36.40,          0.48
        -13,          1,    7,        -13.74,          3.30,       1.14,      11.37,     37.52,          0.49
        -13,          2,    1,        -17.74,          3.30,       0.96,       9.60,     31.68,          1.10
        -13,          2,    2,        -16.24,          3.30,       1.00,      10.03,     33.09,          0.81
        -13,          2,    3,        -14.95,          3.30,       1.04,      10.41,     34.35,          0.76
        -13,          2,    4,        -13.95,          3.30,       1.08,      10.81,     35.66,          0.73
        -13,          2,    5,        -13.22,          3.30,       1.12,      11.21,     37.01,          0.69
        -13,          2,    6,        -12.59,          3.30,       1.16,      11.58,     38.20,          0.68
        -13,          2,    7,        -12.07,          3.30,       1.19,      11.89,     39.24,          0.68
        -13,          3,    1,        -14.87,          3.30,       1.02,      10.15,     33.48,          1.59
        -13,          3,    2,        -13.57,          3.30,       1.06,      10.65,     35.15,          1.18
        -13,          3,    3,        -12.53,          3.30,       1.11,      11.11,     36.65,          1.07
        -13,          3,    4,        -11.73,          3.30,       1.15,      11.56,     38.15,          1.00
        -13,          3,    5,        -11.16,          3.30,       1.19,      11.93,     39.38,          0.96
        -13,          3,    6,        -10.62,          3.30,       1.23,      12.31,     40.61,          0.94
        -13,          3,    7,        -10.20,          3.30,       1.26,      12.63,     41.66,          0.93
        -13,          4,    1,        -12.88,          3.30,       1.07,      10.68,     35.25,          1.98
        -13,          4,    2,        -11.73,          3.30,       1.13,      11.28,     37.24,          1.46
        -13,          4,    3,        -10.79,          3.30,       1.18,      11.77,     38.85,          1.35
        -13,          4,    4,        -10.19,          3.30,       1.22,      12.19,     40.23,          1.26
        -13,          4,    5,         -9.65,          3.30,       1.26,      12.63,     41.65,          1.21
        -13,          4,    6,         -9.26,          3.30,       1.30,      13.02,     42.97,          1.15
        -13,          4,    7,         -8.86,          3.30,       1.34,      13.41,     44.23,          1.12
        -13,          5,    1,        -10.85,          3.30,       1.15,      11.52,     38.01,          2.25
        -13,          5,    2,         -9.78,          3.30,       1.21,      12.11,     39.97,          1.87
        -13,          5,    3,         -8.98,          3.30,       1.27,      12.68,     41.85,          1.68
        -13,          5,    4,         -8.43,          3.30,       1.32,      13.15,     43.37,          1.59
        -13,          5,    5,         -8.03,          3.30,       1.36,      13.60,     44.86,          1.50
        -13,          5,    6,         -7.73,          3.30,       1.40,      13.97,     46.09,          1.44
        -13,          5,    7,         -7.45,          3.30,       1.44,      14.38,     47.44,          1.37
        -13,          6,    1,         -9.48,          3.30,       1.22,      12.21,     40.28,          3.14
        -13,          6,    2,         -8.49,          3.30,       1.29,      12.93,     42.66,          2.37
        -13,          6,    3,         -7.81,          3.30,       1.35,      13.46,     44.41,          2.15
        -13,          6,    4,         -7.33,          3.30,       1.40,      13.99,     46.16,          1.95
        -13,          6,    5,         -7.01,          3.30,       1.44,      14.44,     47.65,          1.82
        -13,          6,    6,         -6.71,          3.30,       1.48,      14.84,     48.94,          1.74
        -13,          6,    7,         -6.47,          3.30,       1.52,      15.23,     50.26,          1.66
        -13,          7,    1,         -8.38,          3.30,       1.30,      13.00,     42.88,          3.27
        -13,          7,    2,         -7.40,          3.30,       1.37,      13.73,     45.29,          2.66
        -13,          7,    3,         -6.72,          3.30,       1.44,      14.38,     47.43,          2.37
        -13,          7,    4,         -6.32,          3.30,       1.49,      14.94,     49.28,          2.15
        -13,          7,    5,         -5.99,          3.30,       1.54,      15.36,     50.68,          2.06
        -13,          7,    6,         -5.75,          3.30,       1.58,      15.81,     52.16,          1.94
        -13,          7,    7,         -5.54,          3.30,       1.62,      16.24,     53.59,          1.84
        -12,          1,    1,        -19.86,          3.30,       0.93,       9.32,     30.74,          0.59
        -12,          1,    2,        -18.01,          3.30,       0.97,       9.73,     32.11,          0.51
        -12,          1,    3,        -16.73,          3.30,       1.01,      10.09,     33.29,          0.49
        -12,          1,    4,        -15.53,          3.30,       1.04,      10.43,     34.42,          0.52
        -12,          1,    5,        -14.68,          3.30,       1.08,      10.77,     35.54,          0.52
        -12,          1,    6,        -14.02,          3.30,       1.12,      11.16,     36.82,          0.51
        -12,          1,    7,        -13.35,          3.30,       1.15,      11.48,     37.89,          0.52
        -12,          2,    1,        -17.39,          3.30,       0.97,       9.69,     31.99,          1.26
        -12,          2,    2,        -15.78,          3.30,       1.01,      10.12,     33.39,          0.93
        -12,          2,    3,        -14.42,          3.30,       1.06,      10.56,     34.85,          0.84
        -12,          2,    4,        -13.56,          3.30,       1.10,      10.92,     36.05,          0.80
        -12,          2,    5,        -12.83,          3.30,       1.14,      11.33,     37.40,          0.76
        -12,          2,    6,        -12.10,          3.30,       1.17,      11.70,     38.61,          0.76
        -12,          2,    7,        -11.63,          3.30,       1.21,      12.04,     39.71,          0.75
        -12,          3,    1,        -14.42,          3.30,       1.03,      10.28,     33.92,          1.69
        -12,          3,    2,        -13.04,          3.30,       1.08,      10.76,     35.51,          1.33
        -12,          3,    3,        -12.17,          3.30,       1.13,      11.31,     37.30,          1.10
        -12,          3,    4,        -11.27,          3.30,       1.17,      11.72,     38.65,          1.09
        -12,          3,    5,        -10.67,          3.30,       1.21,      12.10,     39.93,          1.05
        -12,          3,    6,        -10.17,          3.30,       1.25,      12.49,     41.22,          1.02
        -12,          3,    7,         -9.79,          3.30,       1.29,      12.86,     42.44,          0.98
        -12,          4,    1,        -12.40,          3.30,       1.09,      10.87,     35.86,          2.01
        -12,          4,    2,        -11.22,          3.30,       1.15,      11.47,     37.85,          1.56
        -12,          4,    3,        -10.35,          3.30,       1.20,      11.98,     39.54,          1.41
        -12,          4,    4,         -9.68,          3.30,       1.24,      12.44,     41.05,          1.34
        -12,          4,    5,         -9.18,          3.30,       1.29,      12.90,     42.56,          1.26
        -12,          4,    6,         -8.77,          3.30,       1.33,      13.28,     43.83,          1.22
        -12,          4,    7,         -8.42,          3.30,       1.36,      13.64,     45.02,          1.20
        -12,          5,    1,        -10.35,          3.30,       1.18,      11.75,     38.76,          2.35
        -12,          5,    2,         -9.26,          3.30,       1.24,      12.38,     40.85,          1.97
        -12,          5,    3,         -8.49,          3.30,       1.30,      12.99,     42.86,          1.77
        -12,          5,    4,         -7.94,          3.30,       1.35,      13.45,     44.39,          1.68
        -12,          5,    5,         -7.57,          3.30,       1.39,      13.87,     45.76,          1.60
        -12,          5,    6,         -7.21,          3.30,       1.43,      14.30,     47.18,          1.54
        -12,          5,    7,         -6.90,          3.30,       1.47,      14.71,     48.53,          1.49
        -12,          6,    1,         -8.99,          3.30,       1.25,      12.49,     41.20,          3.39
        -12,          6,    2,         -7.96,          3.30,       1.32,      13.21,     43.57,          2.63
        -12,          6,    3,         -7.31,          3.30,       1.38,      13.80,     45.53,          2.31
        -12,          6,    4,         -6.83,          3.30,       1.43,      14.34,     47.30,          2.11
        -12,          6,    5,         -6.46,          3.30,       1.48,      14.81,     48.86,          1.98
        -12,          6,    6,         -6.17,          3.30,       1.52,      15.23,     50.23,          1.89
        -12,          6,    7,         -5.93,          3.30,       1.56,      15.59,     51.43,          1.83
        -12,          7,    1,         -7.79,          3.30,       1.32,      13.27,     43.79,          3.68
        -12,          7,    2,         -6.82,          3.30,       1.41,      14.03,     46.29,          2.96
        -12,          7,    3,         -6.23,          3.30,       1.48,      14.75,     48.65,          2.54
        -12,          7,    4,         -5.82,          3.30,       1.53,      15.30,     50.47,          2.34
        -12,          7,    5,         -5.49,          3.30,       1.58,      15.75,     51.95,          2.23
        -12,          7,    6,         -5.21,          3.30,       1.62,      16.21,     53.49,          2.12
        -12,          7,    7,         -5.03,          3.30,       1.67,      16.65,     54.91,          2.01
        -11,          1,    1,        -19.38,          3.30,       0.94,       9.42,     31.07,          0.63
        -11,          1,    2,        -17.65,          3.30,       0.98,       9.81,     32.36,          0.55
        -11,          1,    3,        -16.28,          3.30,       1.02,      10.16,     33.53,          0.55
        -11,          1,    4,        -15.23,          3.30,       1.05,      10.50,     34.66,          0.55
        -11,          1,    5,        -14.39,          3.30,       1.09,      10.91,     36.00,          0.54
        -11,          1,    6,        -13.59,          3.30,       1.13,      11.28,     37.22,          0.55
        -11,          1,    7,        -12.99,          3.30,       1.16,      11.59,     38.25,          0.56
        -11,          2,    1,        -16.99,          3.30,       0.98,       9.80,     32.36,          1.20
        -11,          2,    2,        -15.35,          3.30,       1.03,      10.21,     33.71,          0.97
        -11,          2,    3,        -14.11,          3.30,       1.07,      10.66,     35.17,          0.87
        -11,          2,    4,        -13.04,          3.30,       1.11,      11.10,     36.64,          0.84
        -11,          2,    5,        -12.35,          3.30,       1.15,      11.51,     37.96,          0.80
        -11,          2,    6,        -11.73,          3.30,       1.19,      11.85,     39.11,          0.80
        -11,          2,    7,        -11.22,          3.30,       1.22,      12.19,     40.22,          0.79
        -11,          3,    1,        -13.96,          3.30,       1.04,      10.39,     34.30,          1.81
        -11,          3,    2,        -12.69,          3.30,       1.09,      10.96,     36.17,          1.32
        -11,          3,    3,        -11.62,          3.30,       1.14,      11.45,     37.77,          1.21
        -11,          3,    4,        -10.85,          3.30,       1.19,      11.89,     39.24,          1.15
        -11,          3,    5,        -10.28,          3.30,       1.23,      12.27,     40.49,          1.12
        -11,          3,    6,         -9.77,          3.30,       1.27,      12.69,     41.88,          1.08
        -11,          3,    7,         -9.38,          3.30,       1.31,      13.09,     43.19,          1.04
        -11,          4,    1,        -11.94,          3.30,       1.11,      11.07,     36.53,          2.06
        -11,          4,    2,        -10.77,          3.30,       1.16,      11.66,     38.47,          1.66
        -11,          4,    3,         -9.93,          3.30,       1.22,      12.18,     40.19,          1.50
        -11,          4,    4,         -9.28,          3.30,       1.26,      12.66,     41.77,          1.41
        -11,          4,    5,         -8.81,          3.30,       1.31,      13.07,     43.13,          1.35
        -11,          4,    6,         -8.30,          3.30,       1.35,      13.50,     44.54,          1.33
        -11,          4,    7,         -7.96,          3.30,       1.39,      13.84,     45.67,          1.31
        -11,          5,    1,         -9.91,          3.30,       1.20,      11.94,     39.40,          2.54
        -11,          5,    2,         -8.80,          3.30,       1.26,      12.62,     41.64,          2.10
        -11,          5,    3,         -8.01,          3.30,       1.32,      13.21,     43.60,          1.92
        -11,          5,    4,         -7.53,          3.30,       1.37,      13.73,     45.29,          1.78
        -11,          5,    5,         -7.01,          3.30,       1.42,      14.13,     46.61,          1.77
        -11,          5,    6,         -6.72,          3.30,       1.46,      14.59,     48.12,          1.67
        -11,          5,    7,         -6.45,          3.30,       1.50,      15.00,     49.47,          1.61
        -11,          6,    1,         -8.51,          3.30,       1.27,      12.73,     42.01,          3.52
        -11,          6,    2,         -7.46,          3.30,       1.35,      13.49,     44.51,          2.76
        -11,          6,    3,         -6.83,          3.30,       1.41,      14.09,     46.49,          2.45
        -11,          6,    4,         -6.35,          3.30,       1.46,      14.65,     48.34,          2.24
        -11,          6,    5,         -5.97,          3.30,       1.51,      15.13,     49.92,          2.12
        -11,          6,    6,         -5.70,          3.30,       1.55,      15.53,     51.24,          2.04
        -11,          6,    7,         -5.48,          3.30,       1.59,      15.95,     52.61,          1.94
        -11,          7,    1,         -7.32,          3.30,       1.36,      13.58,     44.80,          3.95
        -11,          7,    2,         -6.34,          3.30,       1.44,      14.43,     47.61,          3.10
        -11,          7,    3,         -5.72,          3.30,       1.51,      15.13,     49.92,          2.73
        -11,          7,    4,         -5.32,          3.30,       1.57,      15.68,     51.72,          2.53
        -11,          7,    5,         -5.00,          3.30,       1.62,      16.19,     53.41,          2.38
        -11,          7,    6,         -4.78,          3.30,       1.66,      16.60,     54.76,          2.27
        -11,          7,    7,         -4.60,          3.30,       1.70,      17.02,     56.15,          2.16
        -10,          1,    1,        -18.94,          3.30,       0.95,       9.52,     31.41,          0.73
        -10,          1,    2,        -17.16,          3.30,       0.99,       9.93,     32.77,          0.62
        -10,          1,    3,        -15.86,          3.30,       1.03,      10.30,     33.99,          0.60
        -10,          1,    4,        -14.70,          3.30,       1.07,      10.68,     35.26,          0.61
        -10,          1,    5,        -13.85,          3.30,       1.11,      11.09,     36.60,          0.59
        -10,          1,    6,        -13.21,          3.30,       1.15,      11.45,     37.77,          0.59
        -10,          1,    7,        -12.61,          3.30,       1.18,      11.80,     38.95,          0.59
        -10,          2,    1,        -16.44,          3.30,       0.99,       9.92,     32.74,          1.66
        -10,          2,    2,        -14.84,          3.30,       1.04,      10.38,     34.23,          1.15
        -10,          2,    3,        -13.63,          3.30,       1.08,      10.85,     35.79,          0.98
        -10,          2,    4,        -12.75,          3.30,       1.13,      11.32,     37.35,          0.89
        -10,          2,    5,        -11.93,          3.30,       1.17,      11.69,     38.57,          0.89
        -10,          2,    6,        -11.33,          3.30,       1.20,      12.03,     39.69,          0.88
        -10,          2,    7,        -10.82,          3.30,       1.24,      12.43,     41.01,          0.86
        -10,          3,    1,        -13.54,          3.30,       1.06,      10.58,     34.93,          1.91
        -10,          3,    2,        -12.19,          3.30,       1.12,      11.19,     36.93,          1.40
        -10,          3,    3,        -11.19,          3.30,       1.17,      11.67,     38.51,          1.29
        -10,          3,    4,        -10.47,          3.30,       1.21,      12.13,     40.04,          1.21
        -10,          3,    5,         -9.87,          3.30,       1.25,      12.52,     41.30,          1.19
        -10,          3,    6,         -9.35,          3.30,       1.29,      12.95,     42.73,          1.15
        -10,          3,    7,         -8.98,          3.30,       1.33,      13.33,     43.99,          1.11
        -10,          4,    1,        -11.56,          3.30,       1.13,      11.31,     37.32,          2.10
        -10,          4,    2,        -10.37,          3.30,       1.19,      11.88,     39.20,          1.76
        -10,          4,    3,         -9.48,          3.30,       1.24,      12.45,     41.09,          1.59
        -10,          4,    4,         -8.85,          3.30,       1.29,      12.95,     42.74,          1.49
        -10,          4,    5,         -8.29,          3.30,       1.34,      13.35,     44.04,          1.48
        -10,          4,    6,         -7.90,          3.30,       1.38,      13.79,     45.50,          1.41
        -10,          4,    7,         -7.55,          3.30,       1.42,      14.16,     46.72,          1.38
        -10,          5,    1,         -9.46,          3.30,       1.22,      12.22,     40.32,          2.73
        -10,          5,    2,         -8.34,          3.30,       1.30,      12.96,     42.77,          2.22
        -10,          5,    3,         -7.64,          3.30,       1.35,      13.52,     44.61,          2.04
        -10,          5,    4,         -7.03,          3.30,       1.40,      14.05,     46.36,          1.95
        -10,          5,    5,         -6.64,          3.30,       1.46,      14.54,     47.97,          1.84
        -10,          5,    6,         -6.30,          3.30,       1.50,      14.96,     49.37,          1.78
        -10,          5,    7,         -6.00,          3.30,       1.53,      15.34,     50.62,          1.74
        -10,          6,    1,         -8.09,          3.30,       1.31,      13.09,     43.17,          3.68
        -10,          6,    2,         -7.02,          3.30,       1.38,      13.80,     45.53,          3.02
        -10,          6,    3,         -6.34,          3.30,       1.45,      14.49,     47.81,          2.62
        -10,          6,    4,         -5.89,          3.30,       1.50,      15.01,     49.51,          2.44
        -10,          6,    5,         -5.55,          3.30,       1.55,      15.49,     51.12,          2.29
        -10,          6,    6,         -5.28,          3.30,       1.59,      15.91,     52.47,          2.19
        -10,          6,    7,         -5.07,          3.30,       1.64,      16.39,     54.06,          2.06
        -10,          7,    1,         -6.87,          3.30,       1.40,      13.94,     46.00,          4.24
        -10,          7,    2,         -5.87,          3.30,       1.49,      14.87,     49.06,          3.27
        -10,          7,    3,         -5.25,          3.30,       1.56,      15.54,     51.27,          2.95
        -10,          7,    4,         -4.85,          3.30,       1.61,      16.09,     53.09,          2.74
        -10,          7,    5,         -4.56,          3.30,       1.66,      16.62,     54.82,          2.56
        -10,          7,    6,         -4.34,          3.30,       1.70,      17.05,     56.24,          2.44
        -10,          7,    7,         -4.10,          3.30,       1.75,      17.50,     57.73,          2.34
         -9,          1,    1,        -18.55,          3.30,       0.96,       9.59,     31.66,          0.75
         -9,          1,    2,        -16.83,          3.30,       1.00,      10.02,     33.08,          0.63
         -9,          1,    3,        -15.41,          3.30,       1.04,      10.38,     34.25,          0.64
         -9,          1,    4,        -14.30,          3.30,       1.08,      10.77,     35.55,          0.65
         -9,          1,    5,        -13.53,          3.30,       1.12,      11.19,     36.91,          0.62
         -9,          1,    6,        -12.80,          3.30,       1.16,      11.56,     38.13,          0.63
         -9,          1,    7,        -12.26,          3.30,       1.19,      11.91,     39.28,          0.63
         -9,          2,    1,        -16.11,          3.30,       1.00,      10.00,     33.02,          1.69
         -9,          2,    2,        -14.51,          3.30,       1.05,      10.44,     34.43,          1.24
         -9,          2,    3,        -13.25,          3.30,       1.10,      10.93,     36.07,          1.05
         -9,          2,    4,        -12.32,          3.30,       1.14,      11.40,     37.63,          0.97
         -9,          2,    5,        -11.57,          3.30,       1.18,      11.82,     39.02,          0.94
         -9,          2,    6,        -11.03,          3.30,       1.22,      12.22,     40.31,          0.90
         -9,          2,    7,        -10.43,          3.30,       1.26,      12.58,     41.50,          0.91
         -9,          3,    1,        -13.20,          3.30,       1.07,      10.70,     35.32,          2.04
         -9,          3,    2,        -11.76,          3.30,       1.13,      11.31,     37.32,          1.53
         -9,          3,    3,        -10.86,          3.30,       1.18,      11.84,     39.06,          1.35
         -9,          3,    4,        -10.06,          3.30,       1.23,      12.30,     40.58,          1.30
         -9,          3,    5,         -9.46,          3.30,       1.27,      12.67,     41.81,          1.28
         -9,          3,    6,         -9.00,          3.30,       1.31,      13.10,     43.22,          1.23
         -9,          3,    7,         -8.61,          3.30,       1.35,      13.49,     44.49,          1.20
         -9,          4,    1,        -11.07,          3.30,       1.15,      11.47,     37.84,          2.26
         -9,          4,    2,         -9.96,          3.30,       1.20,      12.05,     39.76,          1.87
         -9,          4,    3,         -9.09,          3.30,       1.26,      12.64,     41.71,          1.68
         -9,          4,    4,         -8.46,          3.30,       1.31,      13.13,     43.32,          1.59
         -9,          4,    5,         -7.94,          3.30,       1.36,      13.58,     44.83,          1.54
         -9,          4,    6,         -7.49,          3.30,       1.40,      14.04,     46.32,          1.49
         -9,          4,    7,         -7.12,          3.30,       1.45,      14.45,     47.69,          1.46
         -9,          5,    1,         -8.98,          3.30,       1.24,      12.44,     41.05,          2.96
         -9,          5,    2,         -7.95,          3.30,       1.32,      13.21,     43.58,          2.36
         -9,          5,    3,         -7.18,          3.30,       1.38,      13.80,     45.51,          2.19
         -9,          5,    4,         -6.63,          3.30,       1.43,      14.33,     47.29,          2.07
         -9,          5,    5,         -6.20,          3.30,       1.48,      14.83,     48.92,          1.98
         -9,          5,    6,         -5.85,          3.30,       1.53,      15.25,     50.31,          1.92
         -9,          5,    7,         -5.62,          3.30,       1.56,      15.64,     51.59,          1.85
         -9,          6,    1,         -7.60,          3.30,       1.33,      13.32,     43.94,          3.97
         -9,          6,    2,         -6.60,          3.30,       1.41,      14.08,     46.45,          3.17
         -9,          6,    3,         -5.94,          3.30,       1.48,      14.83,     48.92,          2.72
         -9,          6,    4,         -5.46,          3.30,       1.53,      15.33,     50.60,          2.58
         -9,          6,    5,         -5.11,          3.30,       1.59,      15.85,     52.31,          2.42
         -9,          6,    6,         -4.85,          3.30,       1.63,      16.31,     53.82,          2.30
         -9,          6,    7,         -4.63,          3.30,       1.67,      16.69,     55.08,          2.22
         -9,          7,    1,         -6.40,          3.30,       1.43,      14.26,     47.06,          4.40
         -9,          7,    2,         -5.44,          3.30,       1.52,      15.17,     50.04,          3.49
         -9,          7,    3,         -4.82,          3.30,       1.59,      15.94,     52.57,          3.07
         -9,          7,    4,         -4.44,          3.30,       1.65,      16.50,     54.42,          2.86
         -9,          7,    5,         -4.13,          3.30,       1.70,      17.03,     56.18,          2.69
         -9,          7,    6,         -3.89,          3.30,       1.75,      17.45,     57.56,          2.60
         -9,          7,    7,         -3.70,          3.30,       1.80,      17.98,     59.29,          2.44
         -8,          1,    1,        -18.22,          3.30,       0.97,       9.71,     32.05,          0.77
         -8,          1,    2,        -16.45,          3.30,       1.01,      10.14,     33.45,          0.68
         -8,          1,    3,        -14.95,          3.30,       1.05,      10.50,     34.64,          0.70
         -8,          1,    4,        -13.83,          3.30,       1.10,      10.96,     36.17,          0.68
         -8,          1,    5,        -13.04,          3.30,       1.13,      11.34,     37.40,          0.68
         -8,          1,    6,        -12.35,          3.30,       1.17,      11.69,     38.57,          0.69
         -8,          1,    7,        -11.81,          3.30,       1.21,      12.03,     39.69,          0.69
         -8,          2,    1,        -15.65,          3.30,       1.01,      10.15,     33.48,          1.79
         -8,          2,    2,        -13.99,          3.30,       1.06,      10.62,     35.05,          1.29
         -8,          2,    3,        -12.81,          3.30,       1.11,      11.14,     36.77,          1.09
         -8,          2,    4,        -11.82,          3.30,       1.16,      11.57,     38.17,          1.06
         -8,          2,    5,        -11.13,          3.30,       1.20,      11.99,     39.56,          1.01
         -8,          2,    6,        -10.49,          3.30,       1.24,      12.36,     40.76,          1.02
         -8,          2,    7,         -9.98,          3.30,       1.28,      12.77,     42.13,          0.99
         -8,          3,    1,        -12.64,          3.30,       1.09,      10.89,     35.92,          2.23
         -8,          3,    2,        -11.28,          3.30,       1.15,      11.49,     37.91,          1.68
         -8,          3,    3,        -10.34,          3.30,       1.20,      12.02,     39.66,          1.49
         -8,          3,    4,         -9.61,          3.30,       1.25,      12.48,     41.17,          1.42
         -8,          3,    5,         -8.98,          3.30,       1.30,      12.97,     42.79,          1.36
         -8,          3,    6,         -8.47,          3.30,       1.34,      13.37,     44.11,          1.34
         -8,          3,    7,         -8.09,          3.30,       1.38,      13.73,     45.31,          1.31
         -8,          4,    1,        -10.61,          3.30,       1.17,      11.67,     38.50,          2.59
         -8,          4,    2,         -9.40,          3.30,       1.23,      12.28,     40.53,          2.13
         -8,          4,    3,         -8.54,          3.30,       1.29,      12.92,     42.64,          1.87
         -8,          4,    4,         -7.88,          3.30,       1.34,      13.41,     44.26,          1.78
         -8,          4,    5,         -7.37,          3.30,       1.39,      13.87,     45.76,          1.73
         -8,          4,    6,         -6.96,          3.30,       1.43,      14.33,     47.29,          1.66
         -8,          4,    7,         -6.60,          3.30,       1.48,      14.75,     48.67,          1.62
         -8,          5,    1,         -8.50,          3.30,       1.27,      12.74,     42.02,          3.21
         -8,          5,    2,         -7.40,          3.30,       1.35,      13.50,     44.54,          2.63
         -8,          5,    3,         -6.61,          3.30,       1.41,      14.13,     46.61,          2.43
         -8,          5,    4,         -6.05,          3.30,       1.47,      14.72,     48.56,          2.27
         -8,          5,    5,         -5.68,          3.30,       1.52,      15.18,     50.08,          2.17
         -8,          5,    6,         -5.39,          3.30,       1.56,      15.62,     51.54,          2.08
         -8,          5,    7,         -5.09,          3.30,       1.60,      16.06,     53.00,          2.01
         -8,          6,    1,         -7.04,          3.30,       1.37,      13.69,     45.16,          4.36
         -8,          6,    2,         -6.01,          3.30,       1.45,      14.52,     47.91,          3.44
         -8,          6,    3,         -5.38,          3.30,       1.52,      15.22,     50.20,          3.02
         -8,          6,    4,         -4.95,          3.30,       1.58,      15.75,     51.97,          2.82
         -8,          6,    5,         -4.58,          3.30,       1.63,      16.31,     53.80,          2.64
         -8,          6,    6,         -4.33,          3.30,       1.67,      16.75,     55.25,          2.52
         -8,          6,    7,         -4.11,          3.30,       1.72,      17.18,     56.68,          2.42
         -8,          7,    1,         -5.84,          3.30,       1.47,      14.69,     48.48,          4.79
         -8,          7,    2,         -4.89,          3.30,       1.57,      15.62,     51.54,          3.81
         -8,          7,    3,         -4.29,          3.30,       1.64,      16.41,     54.12,          3.36
         -8,          7,    4,         -3.86,          3.30,       1.70,      16.99,     56.04,          3.16
         -8,          7,    5,         -3.56,          3.30,       1.75,      17.49,     57.69,          3.01
         -8,          7,    6,         -3.33,          3.30,       1.81,      18.07,     59.60,          2.81
         -8,          7,    7,         -3.15,          3.30,       1.86,      18.53,     61.13,          2.68
         -7,          1,    1,        -17.85,          3.30,       0.98,       9.75,     32.18,          0.83
         -7,          1,    2,        -16.05,          3.30,       1.02,      10.17,     33.55,          0.74
         -7,          1,    3,        -14.58,          3.30,       1.06,      10.60,     34.99,          0.73
         -7,          1,    4,        -13.58,          3.30,       1.10,      11.04,     36.44,          0.70
         -7,          1,    5,        -12.78,          3.30,       1.14,      11.44,     37.74,          0.70
         -7,          1,    6,        -12.02,          3.30,       1.18,      11.81,     38.98,          0.72
         -7,          1,    7,        -11.50,          3.30,       1.22,      12.15,     40.09,          0.72
         -7,          2,    1,        -15.22,          3.30,       1.02,      10.21,     33.71,          1.94
         -7,          2,    2,        -13.60,          3.30,       1.07,      10.72,     35.38,          1.36
         -7,          2,    3,        -12.44,          3.30,       1.13,      11.29,     37.27,          1.12
         -7,          2,    4,        -11.52,          3.30,       1.17,      11.70,     38.62,          1.09
         -7,          2,    5,        -10.78,          3.30,       1.21,      12.11,     39.94,          1.07
         -7,          2,    6,        -10.16,          3.30,       1.25,      12.54,     41.38,          1.05
         -7,          2,    7,         -9.63,          3.30,       1.29,      12.94,     42.68,          1.04
         -7,          3,    1,        -12.22,          3.30,       1.11,      11.03,     36.40,          2.25
         -7,          3,    2,        -10.96,          3.30,       1.17,      11.65,     38.44,          1.71
         -7,          3,    3,        -10.01,          3.30,       1.22,      12.16,     40.11,          1.57
         -7,          3,    4,         -9.24,          3.30,       1.27,      12.69,     41.88,          1.46
         -7,          3,    5,         -8.63,          3.30,       1.31,      13.17,     43.44,          1.41
         -7,          3,    6,         -8.12,          3.30,       1.35,      13.54,     44.68,          1.41
         -7,          3,    7,         -7.71,          3.30,       1.39,      13.93,     45.95,          1.39
         -7,          4,    1,        -10.26,          3.30,       1.18,      11.82,     38.99,          2.67
         -7,          4,    2,         -9.03,          3.30,       1.25,      12.47,     41.13,          2.21
         -7,          4,    3,         -8.19,          3.30,       1.31,      13.12,     43.28,          1.94
         -7,          4,    4,         -7.56,          3.30,       1.37,      13.65,     45.04,          1.83
         -7,          4,    5,         -6.98,          3.30,       1.41,      14.12,     46.58,          1.80
         -7,          4,    6,         -6.57,          3.30,       1.46,      14.60,     48.15,          1.74
         -7,          4,    7,         -6.21,          3.30,       1.50,      15.04,     49.61,          1.69
         -7,          5,    1,         -8.09,          3.30,       1.30,      12.99,     42.85,          3.29
         -7,          5,    2,         -6.99,          3.30,       1.37,      13.71,     45.25,          2.81
         -7,          5,    3,         -6.23,          3.30,       1.44,      14.43,     47.60,          2.52
         -7,          5,    4,         -5.68,          3.30,       1.50,      14.98,     49.44,          2.39
         -7,          5,    5,         -5.27,          3.30,       1.55,      15.45,     50.96,          2.31
         -7,          5,    6,         -4.98,          3.30,       1.59,      15.92,     52.50,          2.21
         -7,          5,    7,         -4.72,          3.30,       1.64,      16.38,     54.04,          2.12
         -7,          6,    1,         -6.63,          3.30,       1.39,      13.91,     45.91,          4.59
         -7,          6,    2,         -5.66,          3.30,       1.48,      14.82,     48.89,          3.52
         -7,          6,    3,         -5.01,          3.30,       1.55,      15.49,     51.12,          3.17
         -7,          6,    4,         -4.57,          3.30,       1.61,      16.14,     53.24,          2.90
         -7,          6,    5,         -4.20,          3.30,       1.66,      16.64,     54.89,          2.77
         -7,          6,    6,         -3.97,          3.30,       1.71,      17.08,     56.34,          2.64
         -7,          6,    7,         -3.73,          3.30,       1.75,      17.55,     57.91,          2.53
         -7,          7,    1,         -5.44,          3.30,       1.50,      15.01,     49.52,          4.98
         -7,          7,    2,         -4.50,          3.30,       1.60,      15.96,     52.65,          4.00
         -7,          7,    3,         -3.87,          3.30,       1.68,      16.74,     55.22,          3.59
         -7,          7,    4,         -3.46,          3.30,       1.74,      17.39,     57.37,          3.31
         -7,          7,    5,         -3.17,          3.30,       1.80,      17.96,     59.23,          3.12
         -7,          7,    6,         -2.96,          3.30,       1.85,      18.44,     60.83,          2.97
         -7,          7,    7,         -2.76,          3.30,       1.90,      18.99,     62.65,          2.81
         -6,          1,    1,        -17.35,          3.30,       0.98,       9.85,     32.51,          0.90
         -6,          1,    2,        -15.65,          3.30,       1.03,      10.32,     34.07,          0.76
         -6,          1,    3,        -14.23,          3.30,       1.07,      10.76,     35.51,          0.75
         -6,          1,    4,        -13.18,          3.30,       1.12,      11.18,     36.89,          0.75
         -6,          1,    5,        -12.40,          3.30,       1.16,      11.56,     38.15,          0.75
         -6,          1,    6,        -11.66,          3.30,       1.20,      11.93,     39.37,          0.77
         -6,          1,    7,        -11.12,          3.30,       1.23,      12.30,     40.58,          0.76
         -6,          2,    1,        -14.83,          3.30,       1.04,      10.34,     34.14,          1.96
         -6,          2,    2,        -13.21,          3.30,       1.08,      10.84,     35.76,          1.45
         -6,          2,    3,        -12.00,          3.30,       1.14,      11.39,     37.58,          1.23
         -6,          2,    4,        -11.07,          3.30,       1.19,      11.89,     39.23,          1.15
         -6,          2,    5,        -10.40,          3.30,       1.23,      12.31,     40.62,          1.12
         -6,          2,    6,         -9.70,          3.30,       1.27,      12.71,     41.94,          1.13
         -6,          2,    7,         -9.26,          3.30,       1.31,      13.13,     43.30,          1.09
         -6,          3,    1,        -11.80,          3.30,       1.12,      11.20,     36.94,          2.37
         -6,          3,    2,        -10.53,          3.30,       1.18,      11.79,     38.92,          1.86
         -6,          3,    3,         -9.57,          3.30,       1.24,      12.38,     40.84,          1.65
         -6,          3,    4,         -8.80,          3.30,       1.29,      12.91,     42.60,          1.56
         -6,          3,    5,         -8.17,          3.30,       1.33,      13.33,     43.99,          1.55
         -6,          3,    6,         -7.66,          3.30,       1.38,      13.81,     45.58,          1.50
         -6,          3,    7,         -7.30,          3.30,       1.42,      14.18,     46.79,          1.47
         -6,          4,    1,         -9.81,          3.30,       1.21,      12.06,     39.79,          2.85
         -6,          4,    2,         -8.60,          3.30,       1.28,      12.77,     42.11,          2.31
         -6,          4,    3,         -7.76,          3.30,       1.33,      13.36,     44.07,          2.11
         -6,          4,    4,         -7.05,          3.30,       1.39,      13.89,     45.82,          2.04
         -6,          4,    5,         -6.56,          3.30,       1.44,      14.40,     47.51,          1.94
         -6,          4,    6,         -6.14,          3.30,       1.49,      14.88,     49.09,          1.87
         -6,          4,    7,         -5.78,          3.30,       1.53,      15.32,     50.53,          1.83
         -6,          5,    1,         -7.64,          3.30,       1.32,      13.22,     43.61,          3.50
         -6,          5,    2,         -6.54,          3.30,       1.40,      14.01,     46.23,          2.94
         -6,          5,    3,         -5.77,          3.30,       1.47,      14.73,     48.61,          2.67
         -6,          5,    4,         -5.24,          3.30,       1.53,      15.29,     50.46,          2.54
         -6,          5,    5,         -4.85,          3.30,       1.58,      15.83,     52.23,          2.42
         -6,          5,    6,         -4.54,          3.30,       1.63,      16.30,     53.76,          2.34
         -6,          5,    7,         -4.27,          3.30,       1.67,      16.73,     55.21,          2.26
         -6,          6,    1,         -6.14,          3.30,       1.43,      14.27,     47.07,          4.95
         -6,          6,    2,         -5.19,          3.30,       1.52,      15.17,     50.07,          3.82
         -6,          6,    3,         -4.57,          3.30,       1.59,      15.89,     52.44,          3.40
         -6,          6,    4,         -4.11,          3.30,       1.65,      16.50,     54.45,          3.15
         -6,          6,    5,         -3.75,          3.30,       1.70,      16.99,     56.06,          3.03
         -6,          6,    6,         -3.48,          3.30,       1.75,      17.53,     57.81,          2.87
         -6,          6,    7,         -3.23,          3.30,       1.80,      18.04,     59.51,          2.74
         -6,          7,    1,         -4.99,          3.30,       1.53,      15.33,     50.60,          5.33
         -6,          7,    2,         -4.07,          3.30,       1.64,      16.43,     54.21,          4.10
         -6,          7,    3,         -3.43,          3.30,       1.72,      17.18,     56.68,          3.78
         -6,          7,    4,         -3.05,          3.30,       1.79,      17.86,     58.93,          3.47
         -6,          7,    5,         -2.72,          3.30,       1.85,      18.50,     61.04,          3.26
         -6,          7,    6,         -2.47,          3.30,       1.90,      18.97,     62.56,          3.16
         -6,          7,    7,         -2.30,          3.30,       1.95,      19.52,     64.37,          2.98
         -5,          1,    1,        -16.90,          3.30,       0.99,       9.96,     32.88,          1.00
         -5,          1,    2,        -15.15,          3.30,       1.04,      10.40,     34.32,          0.88
         -5,          1,    3,        -13.68,          3.30,       1.09,      10.89,     35.95,          0.84
         -5,          1,    4,        -12.62,          3.30,       1.14,      11.34,     37.44,          0.83
         -5,          1,    5,        -11.87,          3.30,       1.17,      11.74,     38.73,          0.82
         -5,          1,    6,        -11.13,          3.30,       1.21,      12.08,     39.87,          0.85
         -5,          1,    7,        -10.57,          3.30,       1.25,      12.48,     41.20,          0.85
         -5,          2,    1,        -14.21,          3.30,       1.05,      10.48,     34.58,          2.25
         -5,          2,    2,        -12.75,          3.30,       1.11,      11.08,     36.56,          1.45
         -5,          2,    3,        -11.49,          3.30,       1.16,      11.58,     38.20,          1.34
         -5,          2,    4,        -10.56,          3.30,       1.21,      12.05,     39.74,          1.28
         -5,          2,    5,         -9.88,          3.30,       1.25,      12.49,     41.22,          1.23
         -5,          2,    6,         -9.21,          3.30,       1.30,      12.96,     42.77,          1.21
         -5,          2,    7,         -8.73,          3.30,       1.34,      13.36,     44.06,          1.20
         -5,          3,    1,        -11.34,          3.30,       1.14,      11.41,     37.66,          2.50
         -5,          3,    2,        -10.03,          3.30,       1.20,      12.04,     39.72,          1.99
         -5,          3,    3,         -8.98,          3.30,       1.26,      12.66,     41.77,          1.80
         -5,          3,    4,         -8.25,          3.30,       1.32,      13.21,     43.58,          1.69
         -5,          3,    5,         -7.68,          3.30,       1.37,      13.66,     45.07,          1.65
         -5,          3,    6,         -7.16,          3.30,       1.41,      14.07,     46.43,          1.64
         -5,          3,    7,         -6.76,          3.30,       1.46,      14.54,     47.98,          1.59
         -5,          4,    1,         -9.22,          3.30,       1.23,      12.32,     40.64,          3.04
         -5,          4,    2,         -8.06,          3.30,       1.30,      13.04,     43.01,          2.48
         -5,          4,    3,         -7.15,          3.30,       1.37,      13.65,     45.06,          2.30
         -5,          4,    4,         -6.50,          3.30,       1.42,      14.25,     47.00,          2.17
         -5,          4,    5,         -6.00,          3.30,       1.48,      14.76,     48.70,          2.09
         -5,          4,    6,         -5.58,          3.30,       1.53,      15.27,     50.39,          2.02
         -5,          4,    7,         -5.22,          3.30,       1.57,      15.69,     51.75,          2.00
         -5,          5,    1,         -7.07,          3.30,       1.35,      13.54,     44.68,          3.84
         -5,          5,    2,         -5.98,          3.30,       1.44,      14.45,     47.69,          3.10
         -5,          5,    3,         -5.21,          3.30,       1.52,      15.16,     50.03,          2.88
         -5,          5,    4,         -4.71,          3.30,       1.57,      15.72,     51.85,          2.75
         -5,          5,    5,         -4.32,          3.30,       1.63,      16.32,     53.82,          2.59
         -5,          5,    6,         -4.00,          3.30,       1.68,      16.77,     55.31,          2.53
         -5,          5,    7,         -3.71,          3.30,       1.72,      17.19,     56.73,          2.48
         -5,          6,    1,         -5.58,          3.30,       1.47,      14.71,     48.55,          5.23
         -5,          6,    2,         -4.62,          3.30,       1.56,      15.65,     51.65,          4.11
         -5,          6,    3,         -3.97,          3.30,       1.64,      16.40,     54.10,          3.70
         -5,          6,    4,         -3.53,          3.30,       1.70,      16.98,     56.01,          3.48
         -5,          6,    5,         -3.21,          3.30,       1.76,      17.59,     58.04,          3.23
         -5,          6,    6,         -2.92,          3.30,       1.81,      18.16,     59.88,          3.07
         -5,          6,    7,         -2.68,          3.30,       1.86,      18.61,     61.38,          2.97
         -5,          7,    1,         -4.44,          3.30,       1.59,      15.90,     52.47,          5.63
         -5,          7,    2,         -3.48,          3.30,       1.69,      16.94,     55.89,          4.57
         -5,          7,    3,         -2.85,          3.30,       1.79,      17.83,     58.80,          4.07
         -5,          7,    4,         -2.43,          3.30,       1.85,      18.51,     61.05,          3.81
         -5,          7,    5,         -2.14,          3.30,       1.91,      19.09,     62.97,          3.61
         -5,          7,    6,         -1.91,          3.30,       1.97,      19.72,     65.04,          3.40
         -5,          7,    7,         -1.75,          3.30,       2.02,      20.22,     66.69,          3.24
         -4,          1,    1,        -16.42,          3.30,       1.01,      10.08,     33.27,          1.08
         -4,          1,    2,        -14.69,          3.30,       1.05,      10.50,     34.65,          0.97
         -4,          1,    3,        -13.34,          3.30,       1.10,      11.03,     36.39,          0.89
         -4,          1,    4,        -12.25,          3.30,       1.15,      11.48,     37.87,          0.89
         -4,          1,    5,        -11.49,          3.30,       1.19,      11.91,     39.29,          0.87
         -4,          1,    6,        -10.78,          3.30,       1.23,      12.24,     40.39,          0.90
         -4,          1,    7,        -10.26,          3.30,       1.27,      12.70,     41.89,          0.88
         -4,          2,    1,        -13.90,          3.30,       1.06,      10.62,     35.03,          2.32
         -4,          2,    2,        -12.34,          3.30,       1.12,      11.24,     37.11,          1.52
         -4,          2,    3,        -11.10,          3.30,       1.18,      11.74,     38.75,          1.42
         -4,          2,    4,        -10.20,          3.30,       1.22,      12.21,     40.28,          1.36
         -4,          2,    5,         -9.49,          3.30,       1.27,      12.69,     41.87,          1.31
         -4,          2,    6,         -8.88,          3.30,       1.32,      13.15,     43.40,          1.28
         -4,          2,    7,         -8.33,          3.30,       1.36,      13.58,     44.82,          1.27
         -4,          3,    1,        -10.93,          3.30,       1.15,      11.55,     38.12,          2.73
         -4,          3,    2,         -9.63,          3.30,       1.22,      12.22,     40.31,          2.11
         -4,          3,    3,         -8.56,          3.30,       1.28,      12.83,     42.35,          1.94
         -4,          3,    4,         -7.83,          3.30,       1.34,      13.37,     44.13,          1.84
         -4,          3,    5,         -7.25,          3.30,       1.38,      13.85,     45.70,          1.79
         -4,          3,    6,         -6.71,          3.30,       1.43,      14.34,     47.31,          1.75
         -4,          3,    7,         -6.36,          3.30,       1.48,      14.80,     48.83,          1.69
         -4,          4,    1,         -8.80,          3.30,       1.25,      12.49,     41.21,          3.36
         -4,          4,    2,         -7.66,          3.30,       1.33,      13.24,     43.70,          2.67
         -4,          4,    3,         -6.75,          3.30,       1.39,      13.91,     45.88,          2.46
         -4,          4,    4,         -6.11,          3.30,       1.45,      14.53,     47.92,          2.30
         -4,          4,    5,         -5.60,          3.30,       1.51,      15.05,     49.65,          2.23
         -4,          4,    6,         -5.21,          3.30,       1.55,      15.55,     51.29,          2.15
         -4,          4,    7,         -4.84,          3.30,       1.60,      16.01,     52.82,          2.11
         -4,          5,    1,         -6.60,          3.30,       1.38,      13.79,     45.50,          4.20
         -4,          5,    2,         -5.54,          3.30,       1.48,      14.75,     48.67,          3.34
         -4,          5,    3,         -4.79,          3.30,       1.55,      15.46,     51.02,          3.10
         -4,          5,    4,         -4.31,          3.30,       1.61,      16.09,     53.07,          2.90
         -4,          5,    5,         -3.87,          3.30,       1.67,      16.68,     55.01,          2.79
         -4,          5,    6,         -3.56,          3.30,       1.71,      17.12,     56.48,          2.72
         -4,          5,    7,         -3.28,          3.30,       1.76,      17.58,     58.00,          2.65
         -4,          6,    1,         -5.16,          3.30,       1.50,      14.98,     49.43,          5.62
         -4,          6,    2,         -4.18,          3.30,       1.60,      16.02,     52.85,          4.32
         -4,          6,    3,         -3.55,          3.30,       1.68,      16.76,     55.31,          3.91
         -4,          6,    4,         -3.10,          3.30,       1.74,      17.43,     57.49,          3.63
         -4,          6,    5,         -2.75,          3.30,       1.81,      18.07,     59.60,          3.41
         -4,          6,    6,         -2.46,          3.30,       1.86,      18.61,     61.38,          3.27
         -4,          6,    7,         -2.24,          3.30,       1.91,      19.08,     62.94,          3.15
         -4,          7,    1,         -4.00,          3.30,       1.63,      16.29,     53.73,          6.04
         -4,          7,    2,         -3.05,          3.30,       1.74,      17.35,     57.24,          4.91
         -4,          7,    3,         -2.40,          3.30,       1.84,      18.32,     60.42,          4.33
         -4,          7,    4,         -2.00,          3.30,       1.90,      19.02,     62.73,          4.05
         -4,          7,    5,         -1.70,          3.30,       1.97,      19.66,     64.85,          3.82
         -4,          7,    6,         -1.49,          3.30,       2.02,      20.22,     66.68,          3.63
         -4,          7,    7,         -1.28,          3.30,       2.07,      20.74,     68.40,          3.50
         -3,          1,    1,        -15.89,          3.30,       1.02,      10.16,     33.53,          1.21
         -3,          1,    2,        -14.23,          3.30,       1.06,      10.63,     35.08,          1.03
         -3,          1,    3,        -12.86,          3.30,       1.12,      11.18,     36.90,          0.94
         -3,          1,    4,        -11.88,          3.30,       1.17,      11.64,     38.40,          0.93
         -3,          1,    5,        -11.03,          3.30,       1.20,      12.02,     39.65,          0.96
         -3,          1,    6,        -10.35,          3.30,       1.25,      12.46,     41.09,          0.95
         -3,          1,    7,         -9.84,          3.30,       1.29,      12.87,     42.47,          0.94
         -3,          2,    1,        -13.30,          3.30,       1.08,      10.77,     35.54,          2.31
         -3,          2,    2,        -11.77,          3.30,       1.14,      11.37,     37.52,          1.66
         -3,          2,    3,        -10.61,          3.30,       1.19,      11.93,     39.37,          1.48
         -3,          2,    4,         -9.72,          3.30,       1.24,      12.43,     41.01,          1.42
         -3,          2,    5,         -9.03,          3.30,       1.29,      12.93,     42.67,          1.36
         -3,          2,    6,         -8.41,          3.30,       1.34,      13.39,     44.17,          1.35
         -3,          2,    7,         -7.84,          3.30,       1.38,      13.80,     45.52,          1.37
         -3,          3,    1,        -10.44,          3.30,       1.18,      11.74,     38.75,          3.10
         -3,          3,    2,         -9.15,          3.30,       1.24,      12.41,     40.95,          2.38
         -3,          3,    3,         -8.13,          3.30,       1.31,      13.10,     43.23,          2.08
         -3,          3,    4,         -7.37,          3.30,       1.37,      13.65,     45.06,          1.99
         -3,          3,    5,         -6.74,          3.30,       1.41,      14.12,     46.60,          1.97
         -3,          3,    6,         -6.26,          3.30,       1.47,      14.66,     48.36,          1.89
         -3,          3,    7,         -5.85,          3.30,       1.51,      15.11,     49.85,          1.85
         -3,          4,    1,         -8.36,          3.30,       1.28,      12.80,     42.24,          3.38
         -3,          4,    2,         -7.16,          3.30,       1.35,      13.57,     44.77,          2.81
         -3,          4,    3,         -6.25,          3.30,       1.42,      14.24,     46.98,          2.62
         -3,          4,    4,         -5.63,          3.30,       1.49,      14.90,     49.15,          2.44
         -3,          4,    5,         -5.11,          3.30,       1.54,      15.40,     50.83,          2.39
         -3,          4,    6,         -4.72,          3.30,       1.59,      15.93,     52.55,          2.31
         -3,          4,    7,         -4.33,          3.30,       1.65,      16.47,     54.33,          2.25
         -3,          5,    1,         -6.12,          3.30,       1.42,      14.18,     46.79,          4.32
         -3,          5,    2,         -5.04,          3.30,       1.51,      15.12,     49.85,          3.60
         -3,          5,    3,         -4.30,          3.30,       1.59,      15.88,     52.40,          3.30
         -3,          5,    4,         -3.76,          3.30,       1.65,      16.54,     54.57,          3.13
         -3,          5,    5,         -3.39,          3.30,       1.71,      17.09,     56.37,          3.01
         -3,          5,    6,         -3.06,          3.30,       1.76,      17.60,     58.07,          2.92
         -3,          5,    7,         -2.78,          3.30,       1.81,      18.14,     59.83,          2.82
         -3,          6,    1,         -4.65,          3.30,       1.54,      15.44,     50.94,          5.87
         -3,          6,    2,         -3.69,          3.30,       1.65,      16.48,     54.37,          4.61
         -3,          6,    3,         -3.05,          3.30,       1.73,      17.29,     57.04,          4.15
         -3,          6,    4,         -2.59,          3.30,       1.80,      18.01,     59.40,          3.85
         -3,          6,    5,         -2.24,          3.30,       1.86,      18.63,     61.46,          3.65
         -3,          6,    6,         -1.96,          3.30,       1.92,      19.16,     63.21,          3.51
         -3,          6,    7,         -1.77,          3.30,       1.97,      19.70,     65.00,          3.34
         -3,          7,    1,         -3.48,          3.30,       1.68,      16.76,     55.27,          6.66
         -3,          7,    2,         -2.50,          3.30,       1.80,      17.98,     59.33,          5.21
         -3,          7,    3,         -1.88,          3.30,       1.89,      18.92,     62.42,          4.67
         -3,          7,    4,         -1.50,          3.30,       1.97,      19.65,     64.82,          4.34
         -3,          7,    5,         -1.22,          3.30,       2.03,      20.27,     66.87,          4.12
         -3,          7,    6,         -0.98,          3.30,       2.09,      20.87,     68.83,          3.93
         -3,          7,    7,         -0.78,          3.30,       2.14,      21.44,     70.72,          3.77
         -2,          1,    1,        -15.42,          3.30,       1.03,      10.32,     34.04,          1.36
         -2,          1,    2,        -13.69,          3.30,       1.08,      10.84,     35.77,          1.11
         -2,          1,    3,        -12.49,          3.30,       1.14,      11.36,     37.49,          1.01
         -2,          1,    4,        -11.38,          3.30,       1.18,      11.81,     38.96,          1.03
         -2,          1,    5,        -10.66,          3.30,       1.23,      12.26,     40.46,          1.01
         -2,          1,    6,         -9.97,          3.30,       1.27,      12.67,     41.80,          1.02
         -2,          1,    7,         -9.41,          3.30,       1.31,      13.07,     43.14,          1.02
         -2,          2,    1,        -12.94,          3.30,       1.09,      10.95,     36.15,          2.53
         -2,          2,    2,        -11.41,          3.30,       1.16,      11.57,     38.18,          1.79
         -2,          2,    3,        -10.21,          3.30,       1.21,      12.17,     40.16,          1.58
         -2,          2,    4,         -9.26,          3.30,       1.27,      12.66,     41.77,          1.55
         -2,          2,    5,         -8.58,          3.30,       1.32,      13.15,     43.39,          1.50
         -2,          2,    6,         -7.93,          3.30,       1.36,      13.64,     45.02,          1.48
         -2,          2,    7,         -7.43,          3.30,       1.41,      14.09,     46.48,          1.47
         -2,          3,    1,         -9.97,          3.30,       1.20,      12.00,     39.59,          3.21
         -2,          3,    2,         -8.70,          3.30,       1.27,      12.76,     42.09,          2.39
         -2,          3,    3,         -7.65,          3.30,       1.34,      13.39,     44.16,          2.23
         -2,          3,    4,         -6.87,          3.30,       1.40,      13.96,     46.05,          2.14
         -2,          3,    5,         -6.28,          3.30,       1.45,      14.52,     47.91,          2.06
         -2,          3,    6,         -5.82,          3.30,       1.50,      14.99,     49.46,          2.01
         -2,          3,    7,         -5.42,          3.30,       1.55,      15.47,     51.04,          1.97
         -2,          4,    1,         -7.86,          3.30,       1.31,      13.08,     43.15,          3.67
         -2,          4,    2,         -6.70,          3.30,       1.39,      13.86,     45.71,          3.04
         -2,          4,    3,         -5.79,          3.30,       1.46,      14.65,     48.33,          2.74
         -2,          4,    4,         -5.15,          3.30,       1.52,      15.26,     50.37,          2.61
         -2,          4,    5,         -4.66,          3.30,       1.58,      15.83,     52.21,          2.53
         -2,          4,    6,         -4.24,          3.30,       1.64,      16.37,     54.00,          2.46
         -2,          4,    7,         -3.91,          3.30,       1.68,      16.82,     55.48,          2.42
         -2,          5,    1,         -5.63,          3.30,       1.46,      14.59,     48.15,          4.58
         -2,          5,    2,         -4.58,          3.30,       1.55,      15.52,     51.19,          3.86
         -2,          5,    3,         -3.84,          3.30,       1.64,      16.38,     54.04,          3.48
         -2,          5,    4,         -3.30,          3.30,       1.70,      16.99,     56.04,          3.37
         -2,          5,    5,         -2.92,          3.30,       1.76,      17.58,     58.00,          3.23
         -2,          5,    6,         -2.58,          3.30,       1.82,      18.20,     60.02,          3.09
         -2,          5,    7,         -2.34,          3.30,       1.87,      18.67,     61.58,          3.01
         -2,          6,    1,         -4.18,          3.30,       1.59,      15.88,     52.38,          6.40
         -2,          6,    2,         -3.22,          3.30,       1.70,      16.96,     55.95,          5.00
         -2,          6,    3,         -2.55,          3.30,       1.79,      17.87,     58.95,          4.43
         -2,          6,    4,         -2.09,          3.30,       1.86,      18.58,     61.28,          4.16
         -2,          6,    5,         -1.77,          3.30,       1.92,      19.22,     63.40,          3.92
         -2,          6,    6,         -1.49,          3.30,       1.98,      19.76,     65.16,          3.78
         -2,          6,    7,         -1.28,          3.30,       2.03,      20.27,     66.85,          3.64
         -2,          7,    1,         -2.97,          3.30,       1.73,      17.30,     57.06,          7.12
         -2,          7,    2,         -2.01,          3.30,       1.86,      18.56,     61.21,          5.60
         -2,          7,    3,         -1.42,          3.30,       1.96,      19.60,     64.64,          4.92
         -2,          7,    4,         -1.02,          3.30,       2.03,      20.28,     66.90,          4.67
         -2,          7,    5,         -0.72,          3.30,       2.10,      20.99,     69.22,          4.40
         -2,          7,    6,         -0.48,          3.30,       2.16,      21.64,     71.38,          4.18
         -2,          7,    7,         -0.31,          3.30,       2.22,      22.14,     73.00,          4.05
         -1,          1,    1,        -14.98,          3.30,       1.04,      10.39,     34.30,          1.51
         -1,          1,    2,        -13.37,          3.30,       1.09,      10.95,     36.13,          1.17
         -1,          1,    3,        -12.06,          3.30,       1.15,      11.50,     37.95,          1.08
         -1,          1,    4,        -11.04,          3.30,       1.20,      11.96,     39.48,          1.08
         -1,          1,    5,        -10.18,          3.30,       1.24,      12.40,     40.93,          1.10
         -1,          1,    6,         -9.52,          3.30,       1.29,      12.88,     42.48,          1.09
         -1,          1,    7,         -8.98,          3.30,       1.32,      13.24,     43.69,          1.10
         -1,          2,    1,        -12.46,          3.30,       1.11,      11.11,     36.64,          2.72
         -1,          2,    2,        -11.04,          3.30,       1.17,      11.71,     38.64,          1.92
         -1,          2,    3,         -9.80,          3.30,       1.23,      12.32,     40.65,          1.72
         -1,          2,    4,         -8.89,          3.30,       1.29,      12.91,     42.60,          1.60
         -1,          2,    5,         -8.13,          3.30,       1.34,      13.40,     44.21,          1.59
         -1,          2,    6,         -7.49,          3.30,       1.39,      13.89,     45.82,          1.58
         -1,          2,    7,         -7.01,          3.30,       1.43,      14.34,     47.33,          1.56
         -1,          3,    1,         -9.52,          3.30,       1.22,      12.20,     40.26,          3.47
         -1,          3,    2,         -8.23,          3.30,       1.30,      12.95,     42.72,          2.64
         -1,          3,    3,         -7.21,          3.30,       1.36,      13.63,     44.97,          2.40
         -1,          3,    4,         -6.41,          3.30,       1.42,      14.21,     46.88,          2.32
         -1,          3,    5,         -5.89,          3.30,       1.48,      14.82,     48.90,          2.17
         -1,          3,    6,         -5.38,          3.30,       1.53,      15.32,     50.55,          2.15
         -1,          3,    7,         -4.98,          3.30,       1.57,      15.75,     51.98,          2.13
         -1,          4,    1,         -7.45,          3.30,       1.33,      13.32,     43.96,          3.95
         -1,          4,    2,         -6.23,          3.30,       1.42,      14.18,     46.78,          3.23
         -1,          4,    3,         -5.33,          3.30,       1.50,      14.94,     49.30,          2.96
         -1,          4,    4,         -4.73,          3.30,       1.56,      15.60,     51.45,          2.79
         -1,          4,    5,         -4.20,          3.30,       1.62,      16.16,     53.32,          2.73
         -1,          4,    6,         -3.79,          3.30,       1.67,      16.71,     55.12,          2.66
         -1,          4,    7,         -3.45,          3.30,       1.72,      17.21,     56.78,          2.60
         -1,          5,    1,         -5.19,          3.30,       1.50,      14.93,     49.28,          4.86
         -1,          5,    2,         -4.12,          3.30,       1.59,      15.92,     52.50,          4.10
         -1,          5,    3,         -3.37,          3.30,       1.67,      16.74,     55.22,          3.78
         -1,          5,    4,         -2.86,          3.30,       1.74,      17.43,     57.50,          3.58
         -1,          5,    5,         -2.42,          3.30,       1.81,      18.12,     59.76,          3.43
         -1,          5,    6,         -2.13,          3.30,       1.86,      18.65,     61.51,          3.31
         -1,          5,    7,         -1.89,          3.30,       1.92,      19.16,     63.21,          3.21
         -1,          6,    1,         -3.72,          3.30,       1.63,      16.34,     53.90,          6.68
         -1,          6,    2,         -2.73,          3.30,       1.74,      17.41,     57.42,          5.40
         -1,          6,    3,         -2.09,          3.30,       1.84,      18.38,     60.64,          4.73
         -1,          6,    4,         -1.65,          3.30,       1.91,      19.11,     63.03,          4.42
         -1,          6,    5,         -1.31,          3.30,       1.98,      19.75,     65.14,          4.21
         -1,          6,    6,         -1.04,          3.30,       2.03,      20.30,     66.96,          4.06
         -1,          6,    7,         -0.83,          3.30,       2.08,      20.85,     68.75,          3.90
         -1,          7,    1,         -2.51,          3.30,       1.78,      17.80,     58.74,          7.43
         -1,          7,    2,         -1.57,          3.30,       1.91,      19.09,     62.98,          5.92
         -1,          7,    3,         -0.95,          3.30,       2.01,      20.14,     66.41,          5.28
         -1,          7,    4,         -0.56,          3.30,       2.09,      20.89,     68.89,          4.97
         -1,          7,    5,         -0.26,          3.30,       2.16,      21.63,     71.31,          4.69
         -1,          7,    6,         -0.03,          3.30,       2.22,      22.22,     73.30,          4.49
         -1,          7,    7,          0.17,          3.30,       2.28,      22.84,     75.31,          4.31
          0,          1,    1,        -14.56,          3.30,       1.05,      10.52,     34.73,          1.57
          0,          1,    2,        -12.90,          3.30,       1.12,      11.16,     36.81,          1.19
          0,          1,    3,        -11.63,          3.30,       1.16,      11.64,     38.42,          1.16
          0,          1,    4,        -10.55,          3.30,       1.21,      12.14,     40.05,          1.17
          0,          1,    5,         -9.75,          3.30,       1.26,      12.59,     41.53,          1.18
          0,          1,    6,         -9.08,          3.30,       1.31,      13.07,     43.11,          1.16
          0,          1,    7,         -8.53,          3.30,       1.35,      13.46,     44.42,          1.18
          0,          2,    1,        -12.01,          3.30,       1.13,      11.30,     37.29,          2.65
          0,          2,    2,        -10.52,          3.30,       1.19,      11.90,     39.25,          2.05
          0,          2,    3,         -9.30,          3.30,       1.25,      12.52,     41.33,          1.83
          0,          2,    4,         -8.38,          3.30,       1.31,      13.12,     43.28,          1.74
          0,          2,    5,         -7.65,          3.30,       1.37,      13.67,     45.11,          1.69
          0,          2,    6,         -6.99,          3.30,       1.41,      14.16,     46.72,          1.69
          0,          2,    7,         -6.50,          3.30,       1.46,      14.65,     48.33,          1.67
          0,          3,    1,         -9.11,          3.30,       1.24,      12.45,     41.09,          3.68
          0,          3,    2,         -7.72,          3.30,       1.32,      13.22,     43.62,          2.88
          0,          3,    3,         -6.71,          3.30,       1.39,      13.93,     45.95,          2.60
          0,          3,    4,         -5.94,          3.30,       1.46,      14.59,     48.14,          2.45
          0,          3,    5,         -5.38,          3.30,       1.51,      15.13,     49.94,          2.38
          0,          3,    6,         -4.89,          3.30,       1.56,      15.64,     51.60,          2.34
          0,          3,    7,         -4.50,          3.30,       1.62,      16.12,     53.18,          2.30
          0,          4,    1,         -6.93,          3.30,       1.36,      13.62,     44.95,          4.24
          0,          4,    2,         -5.70,          3.30,       1.46,      14.53,     47.95,          3.46
          0,          4,    3,         -4.84,          3.30,       1.53,      15.32,     50.56,          3.16
          0,          4,    4,         -4.22,          3.30,       1.60,      16.01,     52.83,          2.99
          0,          4,    5,         -3.74,          3.30,       1.66,      16.60,     54.75,          2.90
          0,          4,    6,         -3.31,          3.30,       1.72,      17.15,     56.58,          2.85
          0,          4,    7,         -2.94,          3.30,       1.77,      17.65,     58.23,          2.81
          0,          5,    1,         -4.70,          3.30,       1.53,      15.29,     50.45,          5.27
          0,          5,    2,         -3.62,          3.30,       1.64,      16.37,     54.01,          4.35
          0,          5,    3,         -2.87,          3.30,       1.72,      17.22,     56.82,          4.03
          0,          5,    4,         -2.35,          3.30,       1.80,      18.03,     59.49,          3.77
          0,          5,    5,         -1.95,          3.30,       1.86,      18.62,     61.40,          3.68
          0,          5,    6,         -1.64,          3.30,       1.92,      19.19,     63.30,          3.55
          0,          5,    7,         -1.37,          3.30,       1.97,      19.76,     65.16,          3.45
          0,          6,    1,         -3.23,          3.30,       1.68,      16.79,     55.40,          7.22
          0,          6,    2,         -2.21,          3.30,       1.81,      18.07,     59.60,          5.57
          0,          6,    3,         -1.58,          3.30,       1.89,      18.93,     62.45,          5.10
          0,          6,    4,         -1.12,          3.30,       1.98,      19.74,     65.09,          4.74
          0,          6,    5,         -0.80,          3.30,       2.03,      20.35,     67.11,          4.54
          0,          6,    6,         -0.51,          3.30,       2.10,      21.00,     69.28,          4.34
          0,          6,    7,         -0.29,          3.30,       2.15,      21.56,     71.10,          4.19
          0,          7,    1,         -2.00,          3.30,       1.84,      18.43,     60.80,          7.80
          0,          7,    2,         -1.05,          3.30,       1.98,      19.77,     65.23,          6.27
          0,          7,    3,         -0.43,          3.30,       2.08,      20.80,     68.59,          5.70
          0,          7,    4,         -0.03,          3.30,       2.16,      21.63,     71.34,          5.33
          0,          7,    5,          0.26,          3.30,       2.24,      22.38,     73.80,          5.04
          0,          7,    6,          0.51,          3.30,       2.30,      23.04,     75.98,          4.83
          0,          7,    7,          0.67,          3.30,       2.36,      23.62,     77.88,          4.64
          1,          1,    1,        -14.10,          3.30,       0.97,       9.67,     31.92,          1.59
          1,          1,    2,        -12.41,          3.30,       1.02,      10.24,     33.78,          1.34
          1,          1,    3,        -11.09,          3.30,       1.08,      10.78,     35.58,          1.28
          1,          1,    4,        -10.14,          3.30,       1.13,      11.34,     37.43,          1.22
          1,          1,    5,         -9.31,          3.30,       1.18,      11.78,     38.87,          1.25
          1,          1,    6,         -8.63,          3.30,       1.23,      12.24,     40.39,          1.26
          1,          1,    7,         -8.06,          3.30,       1.27,      12.65,     41.76,          1.27
          1,          2,    1,        -11.55,          3.30,       1.04,      10.40,     34.33,          3.38
          1,          2,    2,        -10.08,          3.30,       1.11,      11.08,     36.57,          2.28
          1,          2,    3,         -8.87,          3.30,       1.18,      11.76,     38.81,          1.98
          1,          2,    4,         -7.94,          3.30,       1.23,      12.32,     40.63,          1.92
          1,          2,    5,         -7.22,          3.30,       1.29,      12.90,     42.56,          1.84
          1,          2,    6,         -6.60,          3.30,       1.34,      13.41,     44.25,          1.82
          1,          2,    7,         -6.04,          3.30,       1.39,      13.89,     45.82,          1.84
          1,          3,    1,         -8.63,          3.30,       1.17,      11.67,     38.51,          3.81
          1,          3,    2,         -7.29,          3.30,       1.24,      12.47,     41.13,          3.00
          1,          3,    3,         -6.23,          3.30,       1.32,      13.20,     43.56,          2.75
          1,          3,    4,         -5.48,          3.30,       1.39,      13.87,     45.76,          2.61
          1,          3,    5,         -4.95,          3.30,       1.45,      14.47,     47.74,          2.49
          1,          3,    6,         -4.44,          3.30,       1.50,      15.02,     49.57,          2.46
          1,          3,    7,         -4.07,          3.30,       1.55,      15.49,     51.11,          2.42
          1,          4,    1,         -6.46,          3.30,       1.29,      12.92,     42.62,          4.62
          1,          4,    2,         -5.30,          3.30,       1.38,      13.86,     45.72,          3.69
          1,          4,    3,         -4.40,          3.30,       1.47,      14.71,     48.52,          3.36
          1,          4,    4,         -3.75,          3.30,       1.54,      15.34,     50.61,          3.28
          1,          4,    5,         -3.24,          3.30,       1.60,      16.02,     52.87,          3.14
          1,          4,    6,         -2.84,          3.30,       1.66,      16.61,     54.78,          3.05
          1,          4,    7,         -2.51,          3.30,       1.71,      17.14,     56.54,          2.98
          1,          5,    1,         -4.22,          3.30,       1.47,      14.72,     48.57,          5.43
          1,          5,    2,         -3.13,          3.30,       1.58,      15.82,     52.19,          4.59
          1,          5,    3,         -2.37,          3.30,       1.67,      16.75,     55.27,          4.24
          1,          5,    4,         -1.87,          3.30,       1.75,      17.48,     57.64,          4.06
          1,          5,    5,         -1.49,          3.30,       1.82,      18.16,     59.90,          3.88
          1,          5,    6,         -1.16,          3.30,       1.88,      18.77,     61.92,          3.77
          1,          5,    7,         -0.90,          3.30,       1.93,      19.30,     63.67,          3.69
          1,          6,    1,         -2.72,          3.30,       1.63,      16.32,     53.83,          7.43
          1,          6,    2,         -1.72,          3.30,       1.75,      17.50,     57.74,          6.06
          1,          6,    3,         -1.09,          3.30,       1.85,      18.51,     61.08,          5.39
          1,          6,    4,         -0.64,          3.30,       1.93,      19.30,     63.66,          5.07
          1,          6,    5,         -0.32,          3.30,       2.00,      20.02,     66.02,          4.80
          1,          6,    6,         -0.05,          3.30,       2.06,      20.60,     67.95,          4.64
          1,          6,    7,          0.17,          3.30,       2.13,      21.26,     70.11,          4.43
          1,          7,    1,         -1.51,          3.30,       1.80,      17.95,     59.23,          8.41
          1,          7,    2,         -0.55,          3.30,       1.94,      19.38,     63.93,          6.72
          1,          7,    3,          0.05,          3.30,       2.05,      20.50,     67.60,          6.03
          1,          7,    4,          0.45,          3.30,       2.14,      21.40,     70.56,          5.62
          1,          7,    5,          0.74,          3.30,       2.21,      22.13,     72.97,          5.36
          1,          7,    6,          0.97,          3.30,       2.29,      22.84,     75.33,          5.10
          1,          7,    7,          1.16,          3.30,       2.35,      23.45,     77.34,          4.93
          2,          1,    1,        -13.73,          3.30,       0.98,       9.81,     32.37,          1.59
          2,          1,    2,        -12.04,          3.30,       1.03,      10.34,     34.11,          1.42
          2,          1,    3,        -10.72,          3.30,       1.09,      10.91,     36.00,          1.35
          2,          1,    4,         -9.68,          3.30,       1.15,      11.48,     37.88,          1.32
          2,          1,    5,         -8.94,          3.30,       1.20,      12.04,     39.71,          1.28
          2,          1,    6,         -8.21,          3.30,       1.24,      12.38,     40.85,          1.36
          2,          1,    7,         -7.67,          3.30,       1.29,      12.93,     42.66,          1.32
          2,          2,    1,        -11.18,          3.30,       1.05,      10.54,     34.76,          3.61
          2,          2,    2,         -9.69,          3.30,       1.13,      11.25,     37.12,          2.40
          2,          2,    3,         -8.45,          3.30,       1.19,      11.95,     39.43,          2.11
          2,          2,    4,         -7.49,          3.30,       1.26,      12.58,     41.51,          2.01
          2,          2,    5,         -6.78,          3.30,       1.31,      13.12,     43.29,          1.97
          2,          2,    6,         -6.14,          3.30,       1.36,      13.63,     45.00,          1.97
          2,          2,    7,         -5.62,          3.30,       1.41,      14.13,     46.61,          1.96
          2,          3,    1,         -8.22,          3.30,       1.18,      11.85,     39.09,          3.98
          2,          3,    2,         -6.84,          3.30,       1.27,      12.68,     41.86,          3.16
          2,          3,    3,         -5.82,          3.30,       1.35,      13.48,     44.48,          2.85
          2,          3,    4,         -5.08,          3.30,       1.42,      14.20,     46.83,          2.69
          2,          3,    5,         -4.49,          3.30,       1.48,      14.75,     48.68,          2.66
          2,          3,    6,         -3.97,          3.30,       1.53,      15.31,     50.52,          2.64
          2,          3,    7,         -3.60,          3.30,       1.58,      15.83,     52.24,          2.58
          2,          4,    1,         -5.95,          3.30,       1.32,      13.19,     43.53,          4.86
          2,          4,    2,         -4.80,          3.30,       1.42,      14.17,     46.76,          3.92
          2,          4,    3,         -3.96,          3.30,       1.50,      15.02,     49.57,          3.57
          2,          4,    4,         -3.31,          3.30,       1.58,      15.77,     52.01,          3.41
          2,          4,    5,         -2.80,          3.30,       1.64,      16.42,     54.19,          3.31
          2,          4,    6,         -2.36,          3.30,       1.70,      17.02,     56.15,          3.25
          2,          4,    7,         -2.04,          3.30,       1.76,      17.56,     57.94,          3.18
          2,          5,    1,         -3.77,          3.30,       1.51,      15.09,     49.77,          5.81
          2,          5,    2,         -2.67,          3.30,       1.63,      16.25,     53.61,          4.88
          2,          5,    3,         -1.92,          3.30,       1.72,      17.17,     56.65,          4.56
          2,          5,    4,         -1.42,          3.30,       1.80,      17.97,     59.27,          4.31
          2,          5,    5,         -1.02,          3.30,       1.87,      18.67,     61.58,          4.15
          2,          5,    6,         -0.71,          3.30,       1.93,      19.30,     63.65,          4.03
          2,          5,    7,         -0.45,          3.30,       1.99,      19.90,     65.63,          3.91
          2,          6,    1,         -2.26,          3.30,       1.67,      16.72,     55.18,          8.18
          2,          6,    2,         -1.28,          3.30,       1.81,      18.04,     59.51,          6.43
          2,          6,    3,         -0.64,          3.30,       1.91,      19.09,     62.98,          5.72
          2,          6,    4,         -0.19,          3.30,       1.99,      19.91,     65.66,          5.40
          2,          6,    5,          0.16,          3.30,       2.06,      20.60,     67.92,          5.18
          2,          6,    6,          0.42,          3.30,       2.13,      21.32,     70.30,          4.92
          2,          6,    7,          0.65,          3.30,       2.19,      21.90,     72.22,          4.77
          2,          7,    1,         -1.06,          3.30,       1.85,      18.49,     60.99,          8.87
          2,          7,    2,         -0.10,          3.30,       2.00,      20.03,     66.04,          7.03
          2,          7,    3,          0.51,          3.30,       2.12,      21.19,     69.89,          6.35
          2,          7,    4,          0.91,          3.30,       2.21,      22.10,     72.87,          5.95
          2,          7,    5,          1.22,          3.30,       2.29,      22.90,     75.51,          5.67
          2,          7,    6,          1.45,          3.30,       2.36,      23.57,     77.74,          5.46
          2,          7,    7,          1.63,          3.30,       2.42,      24.23,     79.88,          5.24
          3,          1,    1,        -13.33,          3.30,       0.99,       9.91,     32.69,          1.60
          3,          1,    2,        -11.59,          3.30,       1.05,      10.49,     34.62,          1.44
          3,          1,    3,        -10.25,          3.30,       1.11,      11.10,     36.61,          1.39
          3,          1,    4,         -9.21,          3.30,       1.16,      11.63,     38.37,          1.40
          3,          1,    5,         -8.45,          3.30,       1.21,      12.13,     40.02,          1.40
          3,          1,    6,         -7.77,          3.30,       1.26,      12.60,     41.55,          1.42
          3,          1,    7,         -7.22,          3.30,       1.31,      13.06,     43.08,          1.43
          3,          2,    1,        -10.73,          3.30,       1.07,      10.68,     35.23,          3.82
          3,          2,    2,         -9.18,          3.30,       1.15,      11.44,     37.76,          2.55
          3,          2,    3,         -7.97,          3.30,       1.21,      12.13,     40.01,          2.28
          3,          2,    4,         -7.02,          3.30,       1.28,      12.75,     42.07,          2.20
          3,          2,    5,         -6.29,          3.30,       1.33,      13.34,     44.02,          2.14
          3,          2,    6,         -5.67,          3.30,       1.39,      13.89,     45.84,          2.11
          3,          2,    7,         -5.14,          3.30,       1.44,      14.41,     47.54,          2.11
          3,          3,    1,         -7.72,          3.30,       1.21,      12.08,     39.87,          4.16
          3,          3,    2,         -6.35,          3.30,       1.30,      12.96,     42.75,          3.34
          3,          3,    3,         -5.31,          3.30,       1.38,      13.77,     45.45,          3.05
          3,          3,    4,         -4.60,          3.30,       1.45,      14.49,     47.82,          2.89
          3,          3,    5,         -4.01,          3.30,       1.51,      15.08,     49.76,          2.85
          3,          3,    6,         -3.51,          3.30,       1.57,      15.65,     51.64,          2.81
          3,          3,    7,         -3.12,          3.30,       1.63,      16.26,     53.64,          2.73
          3,          4,    1,         -5.53,          3.30,       1.35,      13.47,     44.44,          5.15
          3,          4,    2,         -4.34,          3.30,       1.45,      14.48,     47.78,          4.20
          3,          4,    3,         -3.44,          3.30,       1.54,      15.37,     50.71,          3.87
          3,          4,    4,         -2.82,          3.30,       1.62,      16.15,     53.26,          3.66
          3,          4,    5,         -2.31,          3.30,       1.68,      16.81,     55.46,          3.57
          3,          4,    6,         -1.90,          3.30,       1.74,      17.47,     57.61,          3.47
          3,          4,    7,         -1.55,          3.30,       1.81,      18.09,     59.68,          3.38
          3,          5,    1,         -3.28,          3.30,       1.55,      15.46,     51.02,          6.42
          3,          5,    2,         -2.20,          3.30,       1.67,      16.68,     55.03,          5.32
          3,          5,    3,         -1.45,          3.30,       1.77,      17.69,     58.34,          4.89
          3,          5,    4,         -0.92,          3.30,       1.85,      18.53,     61.11,          4.65
          3,          5,    5,         -0.52,          3.30,       1.92,      19.25,     63.50,          4.48
          3,          5,    6,         -0.21,          3.30,       1.99,      19.90,     65.63,          4.34
          3,          5,    7,          0.05,          3.30,       2.05,      20.47,     67.51,          4.25
          3,          6,    1,         -1.77,          3.30,       1.72,      17.24,     56.89,          8.63
          3,          6,    2,         -0.78,          3.30,       1.86,      18.63,     61.45,          6.82
          3,          6,    3,         -0.14,          3.30,       1.98,      19.79,     65.26,          6.03
          3,          6,    4,          0.31,          3.30,       2.05,      20.54,     67.74,          5.79
          3,          6,    5,          0.66,          3.30,       2.14,      21.35,     70.42,          5.49
          3,          6,    6,          0.91,          3.30,       2.20,      22.04,     72.69,          5.25
          3,          6,    7,          1.13,          3.30,       2.27,      22.67,     74.75,          5.07
          3,          7,    1,         -0.55,          3.30,       1.91,      19.10,     62.99,          9.61
          3,          7,    2,          0.42,          3.30,       2.07,      20.70,     68.26,          7.63
          3,          7,    3,          1.02,          3.30,       2.19,      21.96,     72.43,          6.79
          3,          7,    4,          1.43,          3.30,       2.29,      22.92,     75.57,          6.39
          3,          7,    5,          1.74,          3.30,       2.37,      23.75,     78.30,          6.09
          3,          7,    6,          1.96,          3.30,       2.45,      24.48,     80.72,          5.83
          3,          7,    7,          2.15,          3.30,       2.52,      25.18,     83.03,          5.62
          4,          1,    1,        -12.86,          3.30,       1.00,      10.02,     33.08,          1.74
          4,          1,    2,        -11.14,          3.30,       1.06,      10.58,     34.91,          1.60
          4,          1,    3,         -9.86,          3.30,       1.13,      11.27,     37.20,          1.45
          4,          1,    4,         -8.82,          3.30,       1.18,      11.82,     38.99,          1.48
          4,          1,    5,         -8.01,          3.30,       1.23,      12.27,     40.50,          1.52
          4,          1,    6,         -7.31,          3.30,       1.28,      12.80,     42.25,          1.53
          4,          1,    7,         -6.75,          3.30,       1.33,      13.29,     43.84,          1.54
          4,          2,    1,        -10.24,          3.30,       1.09,      10.85,     35.79,          3.91
          4,          2,    2,         -8.72,          3.30,       1.16,      11.63,     38.37,          2.68
          4,          2,    3,         -7.49,          3.30,       1.23,      12.33,     40.67,          2.44
          4,          2,    4,         -6.58,          3.30,       1.30,      13.01,     42.91,          2.30
          4,          2,    5,         -5.84,          3.30,       1.36,      13.59,     44.85,          2.27
          4,          2,    6,         -5.24,          3.30,       1.42,      14.16,     46.71,          2.24
          4,          2,    7,         -4.74,          3.30,       1.47,      14.77,     48.72,          2.19
          4,          3,    1,         -7.25,          3.30,       1.23,      12.31,     40.60,          4.53
          4,          3,    2,         -5.86,          3.30,       1.32,      13.25,     43.72,          3.56
          4,          3,    3,         -4.87,          3.30,       1.40,      14.02,     46.25,          3.32
          4,          3,    4,         -4.13,          3.30,       1.48,      14.82,     48.89,          3.10
          4,          3,    5,         -3.57,          3.30,       1.54,      15.43,     50.93,          3.04
          4,          3,    6,         -3.07,          3.30,       1.61,      16.12,     53.19,          2.95
          4,          3,    7,         -2.67,          3.30,       1.66,      16.63,     54.84,          2.94
          4,          4,    1,         -5.06,          3.30,       1.38,      13.77,     45.44,          5.44
          4,          4,    2,         -3.89,          3.30,       1.49,      14.92,     49.23,          4.29
          4,          4,    3,         -3.00,          3.30,       1.58,      15.78,     52.05,          4.06
          4,          4,    4,         -2.35,          3.30,       1.66,      16.59,     54.74,          3.87
          4,          4,    5,         -1.83,          3.30,       1.73,      17.26,     56.95,          3.80
          4,          4,    6,         -1.44,          3.30,       1.80,      17.96,     59.24,          3.68
          4,          4,    7,         -1.08,          3.30,       1.86,      18.54,     61.17,          3.63
          4,          5,    1,         -2.82,          3.30,       1.59,      15.88,     52.38,          6.61
          4,          5,    2,         -1.73,          3.30,       1.71,      17.13,     56.51,          5.58
          4,          5,    3,         -0.96,          3.30,       1.82,      18.27,     60.28,          5.07
          4,          5,    4,         -0.44,          3.30,       1.91,      19.12,     63.07,          4.86
          4,          5,    5,         -0.05,          3.30,       1.99,      19.86,     65.51,          4.70
          4,          5,    6,          0.28,          3.30,       2.05,      20.49,     67.56,          4.62
          4,          5,    7,          0.54,          3.30,       2.11,      21.15,     69.77,          4.47
          4,          6,    1,         -1.29,          3.30,       1.78,      17.75,     58.57,          9.16
          4,          6,    2,         -0.31,          3.30,       1.92,      19.21,     63.37,          7.22
          4,          6,    3,          0.34,          3.30,       2.03,      20.32,     67.00,          6.53
          4,          6,    4,          0.79,          3.30,       2.13,      21.24,     70.05,          6.12
          4,          6,    5,          1.11,          3.30,       2.20,      22.02,     72.61,          5.83
          4,          6,    6,          1.39,          3.30,       2.28,      22.76,     75.05,          5.60
          4,          6,    7,          1.61,          3.30,       2.34,      23.44,     77.27,          5.40
          4,          7,    1,         -0.06,          3.30,       1.98,      19.78,     65.24,          9.90
          4,          7,    2,          0.89,          3.30,       2.14,      21.43,     70.69,          7.98
          4,          7,    3,          1.51,          3.30,       2.27,      22.70,     74.87,          7.23
          4,          7,    4,          1.92,          3.30,       2.37,      23.70,     78.15,          6.81
          4,          7,    5,          2.23,          3.30,       2.46,      24.65,     81.27,          6.43
          4,          7,    6,          2.45,          3.30,       2.54,      25.36,     83.62,          6.21
          4,          7,    7,          2.64,          3.30,       2.61,      26.09,     85.99,          5.98
          5,          1,    1,        -12.41,          3.30,       1.01,      10.07,     33.24,          1.98
          5,          1,    2,        -10.79,          3.30,       1.07,      10.69,     35.29,          1.69
          5,          1,    3,         -9.43,          3.30,       1.14,      11.39,     37.60,          1.57
          5,          1,    4,         -8.41,          3.30,       1.20,      11.95,     39.44,          1.59
          5,          1,    5,         -7.63,          3.30,       1.25,      12.47,     41.15,          1.60
          5,          1,    6,         -6.89,          3.30,       1.30,      13.03,     42.98,          1.62
          5,          1,    7,         -6.37,          3.30,       1.35,      13.48,     44.50,          1.63
          5,          2,    1,         -9.88,          3.30,       1.10,      10.97,     36.20,          4.16
          5,          2,    2,         -8.36,          3.30,       1.18,      11.78,     38.86,          2.84
          5,          2,    3,         -7.10,          3.30,       1.25,      12.51,     41.30,          2.57
          5,          2,    4,         -6.18,          3.30,       1.32,      13.21,     43.58,          2.45
          5,          2,    5,         -5.43,          3.30,       1.38,      13.81,     45.58,          2.42
          5,          2,    6,         -4.85,          3.30,       1.44,      14.40,     47.52,          2.38
          5,          2,    7,         -4.32,          3.30,       1.50,      14.98,     49.43,          2.36
          5,          3,    1,         -6.81,          3.30,       1.25,      12.48,     41.18,          5.10
          5,          3,    2,         -5.52,          3.30,       1.35,      13.44,     44.35,          3.87
          5,          3,    3,         -4.49,          3.30,       1.43,      14.33,     47.29,          3.49
          5,          3,    4,         -3.74,          3.30,       1.51,      15.10,     49.81,          3.32
          5,          3,    5,         -3.17,          3.30,       1.57,      15.74,     51.91,          3.25
          5,          3,    6,         -2.66,          3.30,       1.64,      16.42,     54.16,          3.18
          5,          3,    7,         -2.25,          3.30,       1.69,      16.93,     55.85,          3.18
          5,          4,    1,         -4.68,          3.30,       1.41,      14.06,     46.38,          5.59
          5,          4,    2,         -3.47,          3.30,       1.52,      15.17,     50.04,          4.61
          5,          4,    3,         -2.57,          3.30,       1.62,      16.19,     53.41,          4.21
          5,          4,    4,         -1.94,          3.30,       1.70,      16.93,     55.86,          4.11
          5,          4,    5,         -1.45,          3.30,       1.77,      17.66,     58.26,          3.98
          5,          4,    6,         -1.03,          3.30,       1.84,      18.41,     60.74,          3.86
          5,          4,    7,         -0.67,          3.30,       1.90,      19.03,     62.76,          3.81
          5,          5,    1,         -2.40,          3.30,       1.63,      16.31,     53.83,          6.73
          5,          5,    2,         -1.30,          3.30,       1.76,      17.58,     58.00,          5.82
          5,          5,    3,         -0.54,          3.30,       1.87,      18.70,     61.69,          5.38
          5,          5,    4,         -0.04,          3.30,       1.96,      19.62,     64.71,          5.10
          5,          5,    5,          0.38,          3.30,       2.04,      20.35,     67.13,          5.00
          5,          5,    6,          0.70,          3.30,       2.11,      21.09,     69.55,          4.84
          5,          5,    7,          0.93,          3.30,       2.17,      21.69,     71.54,          4.72
          5,          6,    1,         -0.88,          3.30,       1.83,      18.27,     60.24,          9.80
          5,          6,    2,          0.11,          3.30,       1.98,      19.80,     65.32,          7.64
          5,          6,    3,          0.75,          3.30,       2.09,      20.91,     68.95,          6.98
          5,          6,    4,          1.22,          3.30,       2.19,      21.87,     72.12,          6.55
          5,          6,    5,          1.56,          3.30,       2.27,      22.70,     74.86,          6.23
          5,          6,    6,          1.82,          3.30,       2.34,      23.41,     77.18,          6.02
          5,          6,    7,          2.05,          3.30,       2.41,      24.12,     79.52,          5.81
          5,          7,    1,          0.34,          3.30,       2.03,      20.32,     67.00,         10.57
          5,          7,    2,          1.33,          3.30,       2.21,      22.09,     72.83,          8.45
          5,          7,    3,          1.93,          3.30,       2.35,      23.50,     77.47,          7.54
          5,          7,    4,          2.34,          3.30,       2.45,      24.45,     80.62,          7.19
          5,          7,    5,          2.65,          3.30,       2.54,      25.40,     83.74,          6.82
          5,          7,    6,          2.87,          3.30,       2.62,      26.20,     86.37,          6.54
          5,          7,    7,          3.06,          3.30,       2.69,      26.92,     88.75,          6.32
          6,          1,    1,        -11.95,          3.30,       1.02,      10.25,     33.82,          2.30
          6,          1,    2,        -10.32,          3.30,       1.10,      10.97,     36.19,          1.81
          6,          1,    3,         -9.01,          3.30,       1.16,      11.63,     38.38,          1.71
          6,          1,    4,         -7.97,          3.30,       1.22,      12.23,     40.34,          1.72
          6,          1,    5,         -7.18,          3.30,       1.28,      12.77,     42.12,          1.73
          6,          1,    6,         -6.47,          3.30,       1.33,      13.28,     43.81,          1.77
          6,          1,    7,         -5.91,          3.30,       1.38,      13.80,     45.53,          1.77
          6,          2,    1,         -9.51,          3.30,       1.13,      11.30,     37.28,          3.72
          6,          2,    2,         -7.90,          3.30,       1.20,      12.02,     39.65,          3.01
          6,          2,    3,         -6.67,          3.30,       1.28,      12.82,     42.29,          2.68
          6,          2,    4,         -5.70,          3.30,       1.35,      13.51,     44.57,          2.61
          6,          2,    5,         -5.00,          3.30,       1.42,      14.21,     46.86,          2.51
          6,          2,    6,         -4.39,          3.30,       1.49,      14.85,     49.00,          2.47
          6,          2,    7,         -3.86,          3.30,       1.54,      15.37,     50.68,          2.50
          6,          3,    1,         -6.38,          3.30,       1.29,      12.86,     42.42,          5.22
          6,          3,    2,         -5.04,          3.30,       1.38,      13.84,     45.66,          4.10
          6,          3,    3,         -4.02,          3.30,       1.47,      14.77,     48.72,          3.70
          6,          3,    4,         -3.26,          3.30,       1.55,      15.50,     51.15,          3.59
          6,          3,    5,         -2.67,          3.30,       1.63,      16.29,     53.73,          3.44
          6,          3,    6,         -2.16,          3.30,       1.69,      16.90,     55.74,          3.43
          6,          3,    7,         -1.77,          3.30,       1.75,      17.48,     57.68,          3.38
          6,          4,    1,         -4.19,          3.30,       1.45,      14.49,     47.81,          5.89
          6,          4,    2,         -3.00,          3.30,       1.57,      15.66,     51.69,          4.85
          6,          4,    3,         -2.12,          3.30,       1.67,      16.68,     55.04,          4.48
          6,          4,    4,         -1.47,          3.30,       1.75,      17.49,     57.70,          4.35
          6,          4,    5,         -0.96,          3.30,       1.84,      18.35,     60.51,          4.18
          6,          4,    6,         -0.55,          3.30,       1.90,      18.98,     62.62,          4.14
          6,          4,    7,         -0.20,          3.30,       1.97,      19.69,     64.95,          4.04
          6,          5,    1,         -1.91,          3.30,       1.68,      16.80,     55.41,          7.48
          6,          5,    2,         -0.85,          3.30,       1.83,      18.26,     60.22,          6.13
          6,          5,    3,         -0.07,          3.30,       1.94,      19.36,     63.85,          5.76
          6,          5,    4,          0.45,          3.30,       2.03,      20.28,     66.87,          5.53
          6,          5,    5,          0.85,          3.30,       2.12,      21.18,     69.85,          5.28
          6,          5,    6,          1.17,          3.30,       2.18,      21.81,     71.93,          5.21
          6,          5,    7,          1.43,          3.30,       2.25,      22.47,     74.10,          5.09
          6,          6,    1,         -0.40,          3.30,       1.89,      18.98,     62.60,         10.06
          6,          6,    2,          0.59,          3.30,       2.05,      20.50,     67.61,          8.14
          6,          6,    3,          1.24,          3.30,       2.17,      21.70,     71.56,          7.39
          6,          6,    4,          1.69,          3.30,       2.27,      22.70,     74.86,          6.92
          6,          6,    5,          2.03,          3.30,       2.36,      23.57,     77.71,          6.61
          6,          6,    6,          2.33,          3.30,       2.44,      24.39,     80.41,          6.36
          6,          6,    7,          2.53,          3.30,       2.51,      25.12,     82.82,          6.12
          6,          7,    1,          0.82,          3.30,       2.12,      21.16,     69.79,         11.11
          6,          7,    2,          1.81,          3.30,       2.30,      23.02,     75.89,          8.94
          6,          7,    3,          2.44,          3.30,       2.43,      24.37,     80.34,          8.19
          6,          7,    4,          2.84,          3.30,       2.55,      25.51,     84.09,          7.63
          6,          7,    5,          3.15,          3.30,       2.65,      26.47,     87.26,          7.29
          6,          7,    6,          3.37,          3.30,       2.73,      27.30,     89.99,          6.99
          6,          7,    7,          3.55,          3.30,       2.81,      28.04,     92.43,          6.76
          7,          1,    1,        -11.59,          3.30,       1.03,      10.36,     34.17,          2.27
          7,          1,    2,         -9.93,          3.30,       1.11,      11.10,     36.62,          1.85
          7,          1,    3,         -8.56,          3.30,       1.18,      11.82,     39.01,          1.77
          7,          1,    4,         -7.55,          3.30,       1.24,      12.41,     40.95,          1.79
          7,          1,    5,         -6.75,          3.30,       1.30,      13.00,     42.90,          1.79
          7,          1,    6,         -6.04,          3.30,       1.36,      13.55,     44.71,          1.83
          7,          1,    7,         -5.46,          3.30,       1.41,      14.04,     46.31,          1.87
          7,          2,    1,         -9.09,          3.30,       1.14,      11.39,     37.60,          4.53
          7,          2,    2,         -7.50,          3.30,       1.23,      12.28,     40.51,          3.16
          7,          2,    3,         -6.22,          3.30,       1.31,      13.10,     43.21,          2.87
          7,          2,    4,         -5.28,          3.30,       1.38,      13.76,     45.39,          2.82
          7,          2,    5,         -4.55,          3.30,       1.45,      14.49,     47.80,          2.72
          7,          2,    6,         -3.96,          3.30,       1.51,      15.08,     49.76,          2.70
          7,          2,    7,         -3.42,          3.30,       1.57,      15.67,     51.70,          2.70
          7,          3,    1,         -5.94,          3.30,       1.31,      13.08,     43.17,          5.55
          7,          3,    2,         -4.59,          3.30,       1.41,      14.10,     46.54,          4.37
          7,          3,    3,         -3.54,          3.30,       1.51,      15.09,     49.79,          3.94
          7,          3,    4,         -2.80,          3.30,       1.59,      15.91,     52.47,          3.78
          7,          3,    5,         -2.23,          3.30,       1.66,      16.66,     54.95,          3.66
          7,          3,    6,         -1.75,          3.30,       1.72,      17.26,     56.95,          3.64
          7,          3,    7,         -1.36,          3.30,       1.79,      17.90,     59.05,          3.58
          7,          4,    1,         -3.74,          3.30,       1.48,      14.84,     48.95,          6.44
          7,          4,    2,         -2.54,          3.30,       1.60,      16.03,     52.88,          5.31
          7,          4,    3,         -1.66,          3.30,       1.71,      17.09,     56.38,          4.87
          7,          4,    4,         -1.00,          3.30,       1.80,      18.04,     59.52,          4.64
          7,          4,    5,         -0.51,          3.30,       1.88,      18.82,     62.08,          4.51
          7,          4,    6,         -0.09,          3.30,       1.96,      19.56,     64.54,          4.42
          7,          4,    7,          0.24,          3.30,       2.02,      20.19,     66.58,          4.37
          7,          5,    1,         -1.48,          3.30,       1.72,      17.24,     56.88,          8.00
          7,          5,    2,         -0.37,          3.30,       1.88,      18.79,     62.00,          6.55
          7,          5,    3,          0.39,          3.30,       2.00,      20.02,     66.02,          6.07
          7,          5,    4,          0.90,          3.30,       2.09,      20.94,     69.07,          5.83
          7,          5,    5,          1.30,          3.30,       2.18,      21.81,     71.93,          5.64
          7,          5,    6,          1.63,          3.30,       2.26,      22.54,     74.33,          5.53
          7,          5,    7,          1.88,          3.30,       2.33,      23.25,     76.69,          5.37
          7,          6,    1,          0.07,          3.30,       1.95,      19.52,     64.37,         10.64
          7,          6,    2,          1.04,          3.30,       2.12,      21.22,     69.98,          8.39
          7,          6,    3,          1.71,          3.30,       2.24,      22.41,     73.90,          7.78
          7,          6,    4,          2.16,          3.30,       2.35,      23.50,     77.49,          7.26
          7,          6,    5,          2.52,          3.30,       2.44,      24.34,     80.26,          7.02
          7,          6,    6,          2.77,          3.30,       2.52,      25.20,     83.09,          6.70
          7,          6,    7,          3.00,          3.30,       2.60,      25.99,     85.67,          6.47
          7,          7,    1,          1.27,          3.30,       2.18,      21.83,     71.99,         11.89
          7,          7,    2,          2.28,          3.30,       2.38,      23.78,     78.41,          9.57
          7,          7,    3,          2.91,          3.30,       2.53,      25.34,     83.54,          8.57
          7,          7,    4,          3.30,          3.30,       2.65,      26.49,     87.34,          8.03
          7,          7,    5,          3.61,          3.30,       2.74,      27.41,     90.36,          7.74
          7,          7,    6,          3.83,          3.30,       2.83,      28.29,     93.26,          7.43
          7,          7,    7,          4.01,          3.30,       2.91,      29.07,     95.84,          7.18
          8,          1,    1,        -11.17,          3.30,       1.05,      10.49,     34.61,          2.42
          8,          1,    2,         -9.52,          3.30,       1.13,      11.32,     37.34,          1.90
          8,          1,    3,         -8.17,          3.30,       1.20,      12.00,     39.58,          1.88
          8,          1,    4,         -7.09,          3.30,       1.27,      12.64,     41.73,          1.90
          8,          1,    5,         -6.28,          3.30,       1.33,      13.25,     43.72,          1.92
          8,          1,    6,         -5.58,          3.30,       1.37,      13.75,     45.36,          1.99
          8,          1,    7,         -5.05,          3.30,       1.43,      14.28,     47.13,          1.99
          8,          2,    1,         -8.58,          3.30,       1.16,      11.63,     38.36,          4.73
          8,          2,    2,         -7.02,          3.30,       1.25,      12.50,     41.23,          3.42
          8,          2,    3,         -5.75,          3.30,       1.34,      13.36,     44.08,          3.07
          8,          2,    4,         -4.84,          3.30,       1.41,      14.10,     46.53,          2.96
          8,          2,    5,         -4.10,          3.30,       1.48,      14.84,     48.97,          2.87
          8,          2,    6,         -3.48,          3.30,       1.54,      15.43,     50.90,          2.90
          8,          2,    7,         -2.97,          3.30,       1.61,      16.04,     52.93,          2.89
          8,          3,    1,         -5.47,          3.30,       1.33,      13.32,     43.96,          6.00
          8,          3,    2,         -4.14,          3.30,       1.45,      14.50,     47.85,          4.48
          8,          3,    3,         -3.11,          3.30,       1.54,      15.42,     50.89,          4.19
          8,          3,    4,         -2.32,          3.30,       1.63,      16.30,     53.78,          4.03
          8,          3,    5,         -1.76,          3.30,       1.71,      17.07,     56.32,          3.90
          8,          3,    6,         -1.27,          3.30,       1.77,      17.72,     58.47,          3.88
          8,          3,    7,         -0.88,          3.30,       1.85,      18.44,     60.83,          3.78
          8,          4,    1,         -3.28,          3.30,       1.52,      15.24,     50.29,          6.60
          8,          4,    2,         -2.09,          3.30,       1.65,      16.51,     54.48,          5.46
          8,          4,    3,         -1.20,          3.30,       1.76,      17.57,     57.96,          5.12
          8,          4,    4,         -0.57,          3.30,       1.85,      18.52,     61.09,          4.89
          8,          4,    5,         -0.02,          3.30,       1.94,      19.34,     63.79,          4.83
          8,          4,    6,          0.38,          3.30,       2.01,      20.11,     66.32,          4.71
          8,          4,    7,          0.72,          3.30,       2.08,      20.79,     68.58,          4.64
          8,          5,    1,         -0.99,          3.30,       1.78,      17.79,     58.66,          8.42
          8,          5,    2,          0.10,          3.30,       1.94,      19.38,     63.91,          6.96
          8,          5,    3,          0.85,          3.30,       2.06,      20.62,     68.02,          6.46
          8,          5,    4,          1.39,          3.30,       2.16,      21.63,     71.34,          6.22
          8,          5,    5,          1.79,          3.30,       2.25,      22.48,     74.15,          6.05
          8,          5,    6,          2.12,          3.30,       2.34,      23.36,     77.02,          5.86
          8,          5,    7,          2.37,          3.30,       2.40,      24.01,     79.17,          5.76
          8,          6,    1,          0.53,          3.30,       2.02,      20.14,     66.43,         11.50
          8,          6,    2,          1.55,          3.30,       2.19,      21.87,     72.15,          9.19
          8,          6,    3,          2.19,          3.30,       2.32,      23.23,     76.58,          8.28
          8,          6,    4,          2.66,          3.30,       2.44,      24.36,     80.33,          7.78
          8,          6,    5,          3.00,          3.30,       2.53,      25.31,     83.44,          7.44
          8,          6,    6,          3.28,          3.30,       2.62,      26.15,     86.24,          7.18
          8,          6,    7,          3.49,          3.30,       2.70,      26.97,     88.91,          6.91
          8,          7,    1,          1.76,          3.30,       2.26,      22.58,     74.46,         12.72
          8,          7,    2,          2.78,          3.30,       2.47,      24.72,     81.52,         10.05
          8,          7,    3,          3.40,          3.30,       2.63,      26.32,     86.78,          9.06
          8,          7,    4,          3.79,          3.30,       2.75,      27.50,     90.67,          8.55
          8,          7,    5,          4.09,          3.30,       2.86,      28.58,     94.21,          8.12
          8,          7,    6,          4.33,          3.30,       2.94,      29.47,     97.14,          7.86
          8,          7,    7,          4.52,          3.30,       3.03,      30.30,     99.88,          7.61
          9,          1,    1,        -10.69,          3.30,       1.07,      10.67,     35.21,          2.59
          9,          1,    2,         -9.05,          3.30,       1.14,      11.42,     37.68,          2.16
          9,          1,    3,         -7.72,          3.30,       1.21,      12.14,     40.05,          2.08
          9,          1,    4,         -6.62,          3.30,       1.28,      12.82,     42.29,          2.10
          9,          1,    5,         -5.80,          3.30,       1.35,      13.48,     44.47,          2.09
          9,          1,    6,         -5.16,          3.30,       1.40,      14.03,     46.29,          2.12
          9,          1,    7,         -4.61,          3.30,       1.46,      14.56,     48.04,          2.15
          9,          2,    1,         -8.16,          3.30,       1.18,      11.80,     38.93,          4.83
          9,          2,    2,         -6.59,          3.30,       1.27,      12.70,     41.90,          3.58
          9,          2,    3,         -5.36,          3.30,       1.35,      13.54,     44.70,          3.26
          9,          2,    4,         -4.40,          3.30,       1.44,      14.36,     47.37,          3.13
          9,          2,    5,         -3.65,          3.30,       1.52,      15.15,     50.00,          3.03
          9,          2,    6,         -3.04,          3.30,       1.57,      15.75,     51.94,          3.07
          9,          2,    7,         -2.52,          3.30,       1.65,      16.47,     54.34,          3.02
          9,          3,    1,         -5.06,          3.30,       1.37,      13.66,     45.06,          5.97
          9,          3,    2,         -3.70,          3.30,       1.48,      14.77,     48.76,          4.79
          9,          3,    3,         -2.66,          3.30,       1.59,      15.85,     52.29,          4.36
          9,          3,    4,         -1.92,          3.30,       1.67,      16.73,     55.17,          4.19
          9,          3,    5,         -1.32,          3.30,       1.75,      17.45,     57.58,          4.16
          9,          3,    6,         -0.81,          3.30,       1.82,      18.22,     60.09,          4.10
          9,          3,    7,         -0.42,          3.30,       1.89,      18.87,     62.25,          4.05
          9,          4,    1,         -2.86,          3.30,       1.56,      15.59,     51.44,          7.00
          9,          4,    2,         -1.64,          3.30,       1.68,      16.87,     55.66,          5.90
          9,          4,    3,         -0.74,          3.30,       1.81,      18.08,     59.65,          5.41
          9,          4,    4,         -0.09,          3.30,       1.91,      19.09,     62.97,          5.18
          9,          4,    5,          0.41,          3.30,       1.99,      19.94,     65.76,          5.07
          9,          4,    6,          0.82,          3.30,       2.07,      20.65,     68.11,          5.02
          9,          4,    7,          1.19,          3.30,       2.15,      21.47,     70.82,          4.91
          9,          5,    1,         -0.56,          3.30,       1.83,      18.35,     60.54,          8.53
          9,          5,    2,          0.55,          3.30,       1.99,      19.95,     65.81,          7.28
          9,          5,    3,          1.30,          3.30,       2.13,      21.27,     70.15,          6.77
          9,          5,    4,          1.86,          3.30,       2.24,      22.35,     73.71,          6.54
          9,          5,    5,          2.26,          3.30,       2.33,      23.30,     76.84,          6.32
          9,          5,    6,          2.58,          3.30,       2.41,      24.10,     79.47,          6.20
          9,          5,    7,          2.85,          3.30,       2.49,      24.89,     82.08,          6.06
          9,          6,    1,          0.97,          3.30,       2.08,      20.75,     68.44,         11.94
          9,          6,    2,          2.02,          3.30,       2.26,      22.58,     74.47,          9.66
          9,          6,    3,          2.68,          3.30,       2.40,      24.03,     79.24,          8.71
          9,          6,    4,          3.11,          3.30,       2.53,      25.24,     83.21,          8.12
          9,          6,    5,          3.46,          3.30,       2.62,      26.25,     86.56,          7.76
          9,          6,    6,          3.73,          3.30,       2.71,      27.10,     89.34,          7.53
          9,          6,    7,          3.97,          3.30,       2.79,      27.88,     91.91,          7.35
          9,          7,    1,          2.24,          3.30,       2.34,      23.42,     77.22,         13.19
          9,          7,    2,          3.24,          3.30,       2.56,      25.58,     84.35,         10.63
          9,          7,    3,          3.86,          3.30,       2.73,      27.26,     89.85,          9.60
          9,          7,    4,          4.27,          3.30,       2.86,      28.56,     94.15,          9.02
          9,          7,    5,          4.57,          3.30,       2.97,      29.65,     97.73,          8.62
          9,          7,    6,          4.80,          3.30,       3.06,      30.56,    100.73,          8.33
          9,          7,    7,          4.99,          3.30,       3.14,      31.42,    103.56,          8.08
         10,          1,    1,        -10.29,          3.30,       1.08,      10.77,     35.53,          2.65
         10,          1,    2,         -8.63,          3.30,       1.16,      11.59,     38.24,          2.20
         10,          1,    3,         -7.24,          3.30,       1.24,      12.39,     40.89,          2.12
         10,          1,    4,         -6.16,          3.30,       1.31,      13.05,     43.06,          2.19
         10,          1,    5,         -5.39,          3.30,       1.37,      13.66,     45.06,          2.21
         10,          1,    6,         -4.72,          3.30,       1.43,      14.36,     47.39,          2.19
         10,          1,    7,         -4.13,          3.30,       1.49,      14.87,     49.04,          2.27
         10,          2,    1,         -7.69,          3.30,       1.20,      12.01,     39.62,          5.30
         10,          2,    2,         -6.15,          3.30,       1.30,      12.97,     42.80,          3.80
         10,          2,    3,         -4.86,          3.30,       1.39,      13.88,     45.80,          3.48
         10,          2,    4,         -3.96,          3.30,       1.47,      14.68,     48.44,          3.34
         10,          2,    5,         -3.20,          3.30,       1.54,      15.42,     50.89,          3.30
         10,          2,    6,         -2.57,          3.30,       1.62,      16.22,     53.52,          3.24
         10,          2,    7,         -2.06,          3.30,       1.68,      16.79,     55.38,          3.28
         10,          3,    1,         -4.61,          3.30,       1.39,      13.95,     46.03,          6.31
         10,          3,    2,         -3.22,          3.30,       1.52,      15.17,     50.04,          5.02
         10,          3,    3,         -2.19,          3.30,       1.62,      16.25,     53.63,          4.62
         10,          3,    4,         -1.42,          3.30,       1.72,      17.17,     56.66,          4.47
         10,          3,    5,         -0.84,          3.30,       1.80,      18.00,     59.37,          4.37
         10,          3,    6,         -0.34,          3.30,       1.88,      18.79,     61.98,          4.31
         10,          3,    7,          0.04,          3.30,       1.94,      19.44,     64.12,          4.28
         10,          4,    1,         -2.37,          3.30,       1.60,      16.04,     52.93,          7.20
         10,          4,    2,         -1.17,          3.30,       1.73,      17.36,     57.26,          6.17
         10,          4,    3,         -0.28,          3.30,       1.86,      18.66,     61.55,          5.62
         10,          4,    4,          0.37,          3.30,       1.97,      19.65,     64.81,          5.47
         10,          4,    5,          0.89,          3.30,       2.05,      20.51,     67.64,          5.39
         10,          4,    6,          1.30,          3.30,       2.14,      21.38,     70.51,          5.27
         10,          4,    7,          1.66,          3.30,       2.22,      22.16,     73.08,          5.20
         10,          5,    1,         -0.08,          3.30,       1.89,      18.88,     62.29,          9.18
         10,          5,    2,          1.03,          3.30,       2.06,      20.55,     67.80,          7.82
         10,          5,    3,          1.79,          3.30,       2.20,      22.00,     72.56,          7.21
         10,          5,    4,          2.34,          3.30,       2.31,      23.14,     76.30,          6.94
         10,          5,    5,          2.73,          3.30,       2.41,      24.12,     79.51,          6.72
         10,          5,    6,          3.07,          3.30,       2.50,      24.96,     82.29,          6.60
         10,          5,    7,          3.33,          3.30,       2.58,      25.74,     84.86,          6.47
         10,          6,    1,          1.48,          3.30,       2.15,      21.49,     70.86,         12.85
         10,          6,    2,          2.49,          3.30,       2.34,      23.42,     77.22,         10.25
         10,          6,    3,          3.15,          3.30,       2.50,      25.01,     82.48,          9.15
         10,          6,    4,          3.61,          3.30,       2.62,      26.20,     86.39,          8.67
         10,          6,    5,          3.95,          3.30,       2.72,      27.25,     89.81,          8.31
         10,          6,    6,          4.23,          3.30,       2.81,      28.14,     92.76,          8.06
         10,          6,    7,          4.45,          3.30,       2.90,      29.01,     95.62,          7.80
         10,          7,    1,          2.72,          3.30,       2.43,      24.27,     80.03,         13.88
         10,          7,    2,          3.73,          3.30,       2.66,      26.58,     87.62,         11.20
         10,          7,    3,          4.34,          3.30,       2.84,      28.38,     93.54,         10.07
         10,          7,    4,          4.76,          3.30,       2.97,      29.70,     97.89,          9.54
         10,          7,    5,          5.06,          3.30,       3.08,      30.82,    101.58,          9.15
         10,          7,    6,          5.29,          3.30,       3.18,      31.85,    104.97,          8.80
         10,          7,    7,          5.48,          3.30,       3.27,      32.70,    107.79,          8.56
         11,          1,    1,         -9.83,          3.30,       1.09,      10.91,     36.01,          2.90
         11,          1,    2,         -8.13,          3.30,       1.18,      11.78,     38.88,          2.38
         11,          1,    3,         -6.77,          3.30,       1.26,      12.60,     41.59,          2.29
         11,          1,    4,         -5.67,          3.30,       1.33,      13.30,     43.88,          2.37
         11,          1,    5,         -4.90,          3.30,       1.40,      14.00,     46.18,          2.35
         11,          1,    6,         -4.23,          3.30,       1.47,      14.66,     48.38,          2.37
         11,          1,    7,         -3.68,          3.30,       1.52,      15.20,     50.13,          2.42
         11,          2,    1,         -7.25,          3.30,       1.22,      12.19,     40.20,          5.98
         11,          2,    2,         -5.65,          3.30,       1.32,      13.20,     43.54,          4.19
         11,          2,    3,         -4.45,          3.30,       1.42,      14.20,     46.84,          3.67
         11,          2,    4,         -3.47,          3.30,       1.51,      15.07,     49.72,          3.55
         11,          2,    5,         -2.73,          3.30,       1.58,      15.81,     52.16,          3.53
         11,          2,    6,         -2.10,          3.30,       1.65,      16.55,     54.58,          3.52
         11,          2,    7,         -1.61,          3.30,       1.73,      17.25,     56.92,          3.48
         11,          3,    1,         -4.15,          3.30,       1.43,      14.32,     47.26,          6.41
         11,          3,    2,         -2.76,          3.30,       1.55,      15.53,     51.25,          5.30
         11,          3,    3,         -1.74,          3.30,       1.67,      16.66,     54.96,          4.89
         11,          3,    4,         -0.94,          3.30,       1.77,      17.67,     58.29,          4.73
         11,          3,    5,         -0.35,          3.30,       1.85,      18.51,     61.05,          4.67
         11,          3,    6,          0.13,          3.30,       1.93,      19.30,     63.68,          4.60
         11,          3,    7,          0.53,          3.30,       2.01,      20.08,     66.23,          4.53
         11,          4,    1,         -1.90,          3.30,       1.64,      16.46,     54.30,          7.76
         11,          4,    2,         -0.68,          3.30,       1.79,      17.91,     59.06,          6.54
         11,          4,    3,          0.20,          3.30,       1.92,      19.18,     63.25,          6.07
         11,          4,    4,          0.87,          3.30,       2.03,      20.23,     66.73,          5.89
         11,          4,    5,          1.37,          3.30,       2.13,      21.30,     70.24,          5.66
         11,          4,    6,          1.80,          3.30,       2.21,      22.07,     72.79,          5.65
         11,          4,    7,          2.17,          3.30,       2.30,      22.93,     75.62,          5.56
         11,          5,    1,          0.39,          3.30,       1.95,      19.48,     64.25,          9.89
         11,          5,    2,          1.51,          3.30,       2.13,      21.33,     70.34,          8.26
         11,          5,    3,          2.31,          3.30,       2.28,      22.76,     75.07,          7.78
         11,          5,    4,          2.84,          3.30,       2.40,      23.97,     79.04,          7.44
         11,          5,    5,          3.25,          3.30,       2.50,      24.99,     82.41,          7.23
         11,          5,    6,          3.58,          3.30,       2.59,      25.89,     85.37,          7.08
         11,          5,    7,          3.83,          3.30,       2.67,      26.75,     88.19,          6.91
         11,          6,    1,          1.96,          3.30,       2.23,      22.31,     73.57,         13.50
         11,          6,    2,          3.00,          3.30,       2.44,      24.36,     80.32,         10.84
         11,          6,    3,          3.65,          3.30,       2.60,      25.96,     85.59,          9.79
         11,          6,    4,          4.12,          3.30,       2.72,      27.23,     89.76,          9.28
         11,          6,    5,          4.44,          3.30,       2.83,      28.33,     93.39,          8.84
         11,          6,    6,          4.73,          3.30,       2.93,      29.27,     96.47,          8.61
         11,          6,    7,          4.96,          3.30,       3.02,      30.16,     99.42,          8.35
         11,          7,    1,          3.21,          3.30,       2.52,      25.17,     83.01,         14.95
         11,          7,    2,          4.23,          3.30,       2.77,      27.68,     91.25,         11.91
         11,          7,    3,          4.85,          3.30,       2.95,      29.52,     97.33,         10.77
         11,          7,    4,          5.26,          3.30,       3.09,      30.88,    101.79,         10.24
         11,          7,    5,          5.57,          3.30,       3.22,      32.15,    105.97,          9.75
         11,          7,    6,          5.80,          3.30,       3.32,      33.19,    109.39,          9.41
         11,          7,    7,          5.99,          3.30,       3.41,      34.15,    112.55,          9.11
         12,          1,    1,         -9.53,          3.30,       1.11,      11.06,     36.48,          2.85
         12,          1,    2,         -7.78,          3.30,       1.19,      11.94,     39.39,          2.44
         12,          1,    3,         -6.40,          3.30,       1.29,      12.77,     42.15,          2.39
         12,          1,    4,         -5.34,          3.30,       1.35,      13.48,     44.49,          2.45
         12,          1,    5,         -4.56,          3.30,       1.42,      14.17,     46.74,          2.47
         12,          1,    6,         -3.86,          3.30,       1.48,      14.87,     49.06,          2.49
         12,          1,    7,         -3.31,          3.30,       1.54,      15.44,     50.96,          2.53
         12,          2,    1,         -6.88,          3.30,       1.24,      12.36,     40.79,          6.49
         12,          2,    2,         -5.28,          3.30,       1.34,      13.42,     44.30,          4.45
         12,          2,    3,         -4.05,          3.30,       1.44,      14.43,     47.63,          3.94
         12,          2,    4,         -3.11,          3.30,       1.53,      15.35,     50.63,          3.76
         12,          2,    5,         -2.36,          3.30,       1.61,      16.13,     53.19,          3.73
         12,          2,    6,         -1.76,          3.30,       1.69,      16.89,     55.72,          3.69
         12,          2,    7,         -1.22,          3.30,       1.76,      17.61,     58.10,          3.69
         12,          3,    1,         -3.78,          3.30,       1.46,      14.60,     48.20,          6.75
         12,          3,    2,         -2.40,          3.30,       1.58,      15.84,     52.25,          5.61
         12,          3,    3,         -1.36,          3.30,       1.71,      17.05,     56.25,          5.13
         12,          3,    4,         -0.57,          3.30,       1.81,      18.05,     59.53,          5.00
         12,          3,    5,          0.02,          3.30,       1.90,      18.99,     62.63,          4.87
         12,          3,    6,          0.52,          3.30,       1.98,      19.82,     65.37,          4.83
         12,          3,    7,          0.91,          3.30,       2.05,      20.54,     67.74,          4.80
         12,          4,    1,         -1.55,          3.30,       1.68,      16.82,     55.48,          8.25
         12,          4,    2,         -0.31,          3.30,       1.83,      18.33,     60.46,          6.91
         12,          4,    3,          0.58,          3.30,       1.97,      19.73,     65.09,          6.31
         12,          4,    4,          1.25,          3.30,       2.08,      20.74,     68.39,          6.23
         12,          4,    5,          1.75,          3.30,       2.17,      21.75,     71.75,          6.05
         12,          4,    6,          2.19,          3.30,       2.27,      22.68,     74.80,          5.95
         12,          4,    7,          2.55,          3.30,       2.35,      23.53,     77.58,          5.88
         12,          5,    1,          0.76,          3.30,       2.00,      19.99,     65.93,         10.33
         12,          5,    2,          1.89,          3.30,       2.18,      21.84,     72.01,          8.78
         12,          5,    3,          2.69,          3.30,       2.35,      23.47,     77.38,          8.08
         12,          5,    4,          3.22,          3.30,       2.47,      24.65,     81.28,          7.80
         12,          5,    5,          3.62,          3.30,       2.58,      25.76,     84.92,          7.55
         12,          5,    6,          3.95,          3.30,       2.67,      26.68,     87.95,          7.41
         12,          5,    7,          4.22,          3.30,       2.75,      27.52,     90.72,          7.28
         12,          6,    1,          2.33,          3.30,       2.29,      22.94,     75.65,         13.90
         12,          6,    2,          3.37,          3.30,       2.51,      25.06,     82.61,         11.27
         12,          6,    3,          4.04,          3.30,       2.68,      26.78,     88.29,         10.16
         12,          6,    4,          4.51,          3.30,       2.81,      28.10,     92.63,          9.64
         12,          6,    5,          4.85,          3.30,       2.92,      29.16,     96.14,          9.31
         12,          6,    6,          5.11,          3.30,       3.02,      30.18,     99.48,          8.98
         12,          6,    7,          5.35,          3.30,       3.11,      31.07,    102.40,          8.78
         12,          7,    1,          3.59,          3.30,       2.60,      25.96,     85.59,         15.40
         12,          7,    2,          4.61,          3.30,       2.85,      28.53,     94.04,         12.41
         12,          7,    3,          5.24,          3.30,       3.05,      30.48,    100.48,         11.24
         12,          7,    4,          5.65,          3.30,       3.19,      31.92,    105.21,         10.67
         12,          7,    5,          5.96,          3.30,       3.32,      33.19,    109.39,         10.20
         12,          7,    6,          6.20,          3.30,       3.42,      34.20,    112.72,          9.93
         12,          7,    7,          6.38,          3.30,       3.52,      35.23,    116.12,          9.58
         13,          1,    1,         -9.02,          3.30,       1.12,      11.23,     37.04,          3.18
         13,          1,    2,         -7.33,          3.30,       1.21,      12.08,     39.88,          2.73
         13,          1,    3,         -5.96,          3.30,       1.30,      12.99,     42.87,          2.60
         13,          1,    4,         -4.89,          3.30,       1.37,      13.74,     45.34,          2.65
         13,          1,    5,         -4.09,          3.30,       1.45,      14.53,     47.95,          2.63
         13,          1,    6,         -3.40,          3.30,       1.52,      15.15,     49.98,          2.71
         13,          1,    7,         -2.83,          3.30,       1.58,      15.79,     52.08,          2.74
         13,          2,    1,         -6.42,          3.30,       1.26,      12.57,     41.48,          6.60
         13,          2,    2,         -4.84,          3.30,       1.37,      13.69,     45.17,          4.58
         13,          2,    3,         -3.60,          3.30,       1.48,      14.75,     48.68,          4.09
         13,          2,    4,         -2.65,          3.30,       1.57,      15.66,     51.66,          3.98
         13,          2,    5,         -1.91,          3.30,       1.65,      16.55,     54.60,          3.88
         13,          2,    6,         -1.26,          3.30,       1.73,      17.26,     56.95,          3.95
         13,          2,    7,         -0.79,          3.30,       1.81,      18.09,     59.68,          3.85
         13,          3,    1,         -3.32,          3.30,       1.49,      14.91,     49.18,          7.60
         13,          3,    2,         -1.92,          3.30,       1.63,      16.25,     53.62,          6.08
         13,          3,    3,         -0.88,          3.30,       1.75,      17.51,     57.75,          5.56
         13,          3,    4,         -0.12,          3.30,       1.86,      18.62,     61.42,          5.29
         13,          3,    5,          0.48,          3.30,       1.95,      19.50,     64.32,          5.25
         13,          3,    6,          0.97,          3.30,       2.03,      20.33,     67.08,          5.21
         13,          3,    7,          1.38,          3.30,       2.12,      21.18,     69.85,          5.13
         13,          4,    1,         -1.10,          3.30,       1.72,      17.24,     56.88,          8.97
         13,          4,    2,          0.14,          3.30,       1.89,      18.92,     62.41,          7.28
         13,          4,    3,          1.04,          3.30,       2.02,      20.25,     66.77,          6.86
         13,          4,    4,          1.71,          3.30,       2.15,      21.49,     70.88,          6.55
         13,          4,    5,          2.24,          3.30,       2.25,      22.47,     74.10,          6.47
         13,          4,    6,          2.67,          3.30,       2.35,      23.45,     77.34,          6.34
         13,          4,    7,          3.01,          3.30,       2.43,      24.33,     80.22,          6.25
         13,          5,    1,          1.22,          3.30,       2.06,      20.60,     67.94,         10.71
         13,          5,    2,          2.38,          3.30,       2.26,      22.65,     74.69,          9.06
         13,          5,    3,          3.15,          3.30,       2.43,      24.29,     80.10,          8.43
         13,          5,    4,          3.69,          3.30,       2.56,      25.60,     84.41,          8.12
         13,          5,    5,          4.11,          3.30,       2.67,      26.72,     88.10,          7.92
         13,          5,    6,          4.44,          3.30,       2.77,      27.73,     91.44,          7.76
         13,          5,    7,          4.70,          3.30,       2.86,      28.59,     94.24,          7.64
         13,          6,    1,          2.82,          3.30,       2.37,      23.70,     78.16,         15.12
         13,          6,    2,          3.86,          3.30,       2.61,      26.07,     85.95,         11.89
         13,          6,    3,          4.52,          3.30,       2.77,      27.73,     91.40,         10.93
         13,          6,    4,          4.99,          3.30,       2.92,      29.16,     96.11,         10.32
         13,          6,    5,          5.33,          3.30,       3.03,      30.34,    100.01,          9.90
         13,          6,    6,          5.60,          3.30,       3.14,      31.40,    103.50,          9.57
         13,          6,    7,          5.83,          3.30,       3.24,      32.43,    106.88,          9.26
         13,          7,    1,          4.06,          3.30,       2.69,      26.95,     88.85,         16.29
         13,          7,    2,          5.08,          3.30,       2.97,      29.67,     97.81,         13.11
         13,          7,    3,          5.72,          3.30,       3.17,      31.71,    104.53,         11.92
         13,          7,    4,          6.15,          3.30,       3.32,      33.26,    109.64,         11.30
         13,          7,    5,          6.45,          3.30,       3.46,      34.55,    113.88,         10.86
         13,          7,    6,          6.68,          3.30,       3.57,      35.73,    117.77,         10.45
         13,          7,    7,          6.87,          3.30,       3.68,      36.75,    121.15,         10.15
         14,          1,    1,         -8.69,          3.30,       1.15,      11.51,     37.97,          3.09
         14,          1,    2,         -6.91,          3.30,       1.24,      12.37,     40.81,          2.82
         14,          1,    3,         -5.51,          3.30,       1.33,      13.31,     43.92,          2.72
         14,          1,    4,         -4.46,          3.30,       1.41,      14.09,     46.49,          2.77
         14,          1,    5,         -3.67,          3.30,       1.49,      14.89,     49.13,          2.76
         14,          1,    6,         -2.96,          3.30,       1.56,      15.54,     51.25,          2.86
         14,          1,    7,         -2.40,          3.30,       1.62,      16.19,     53.41,          2.90
         14,          2,    1,         -6.00,          3.30,       1.29,      12.89,     42.54,          6.65
         14,          2,    2,         -4.39,          3.30,       1.40,      14.02,     46.26,          4.85
         14,          2,    3,         -3.16,          3.30,       1.52,      15.13,     49.93,          4.32
         14,          2,    4,         -2.21,          3.30,       1.61,      16.06,     52.99,          4.22
         14,          2,    5,         -1.47,          3.30,       1.69,      16.96,     55.94,          4.15
         14,          2,    6,         -0.83,          3.30,       1.78,      17.75,     58.54,          4.17
         14,          2,    7,         -0.34,          3.30,       1.86,      18.60,     61.35,          4.09
         14,          3,    1,         -2.91,          3.30,       1.53,      15.28,     50.40,          8.03
         14,          3,    2,         -1.52,          3.30,       1.67,      16.76,     55.27,          6.27
         14,          3,    3,         -0.45,          3.30,       1.80,      18.05,     59.53,          5.82
         14,          3,    4,          0.34,          3.30,       1.92,      19.13,     63.12,          5.67
         14,          3,    5,          0.93,          3.30,       2.01,      20.17,     66.52,          5.51
         14,          3,    6,          1.42,          3.30,       2.10,      21.03,     69.37,          5.48
         14,          3,    7,          1.83,          3.30,       2.18,      21.83,     71.97,          5.46
         14,          4,    1,         -0.65,          3.30,       1.78,      17.83,     58.81,          9.28
         14,          4,    2,          0.60,          3.30,       1.96,      19.54,     64.45,          7.71
         14,          4,    3,          1.50,          3.30,       2.09,      20.92,     69.00,          7.25
         14,          4,    4,          2.18,          3.30,       2.21,      22.18,     73.15,          7.00
         14,          4,    5,          2.69,          3.30,       2.33,      23.26,     76.72,          6.84
         14,          4,    6,          3.12,          3.30,       2.43,      24.27,     80.03,          6.72
         14,          4,    7,          3.46,          3.30,       2.52,      25.24,     83.21,          6.59
         14,          5,    1,          1.66,          3.30,       2.13,      21.35,     70.42,         11.26
         14,          5,    2,          2.82,          3.30,       2.35,      23.45,     77.31,          9.61
         14,          5,    3,          3.61,          3.30,       2.52,      25.22,     83.15,          8.92
         14,          5,    4,          4.15,          3.30,       2.66,      26.58,     87.63,          8.60
         14,          5,    5,          4.57,          3.30,       2.77,      27.75,     91.46,          8.41
         14,          5,    6,          4.90,          3.30,       2.88,      28.80,     94.93,          8.23
         14,          5,    7,          5.16,          3.30,       2.97,      29.72,     97.98,          8.09
         14,          6,    1,          3.25,          3.30,       2.47,      24.64,     81.27,         15.43
         14,          6,    2,          4.31,          3.30,       2.71,      27.07,     89.24,         12.44
         14,          6,    3,          4.97,          3.30,       2.89,      28.92,     95.35,         11.31
         14,          6,    4,          5.43,          3.30,       3.04,      30.35,    100.04,         10.75
         14,          6,    5,          5.79,          3.30,       3.16,      31.58,    104.11,         10.37
         14,          6,    6,          6.06,          3.30,       3.27,      32.74,    107.91,         10.01
         14,          6,    7,          6.30,          3.30,       3.37,      33.70,    111.09,          9.80
         14,          7,    1,          4.52,          3.30,       2.81,      28.07,     92.54,         16.82
         14,          7,    2,          5.54,          3.30,       3.08,      30.85,    101.69,         13.79
         14,          7,    3,          6.18,          3.30,       3.30,      33.03,    108.85,         12.53
         14,          7,    4,          6.61,          3.30,       3.46,      34.60,    114.06,         11.94
         14,          7,    5,          6.91,          3.30,       3.60,      36.00,    118.67,         11.43
         14,          7,    6,          7.14,          3.30,       3.72,      37.19,    122.59,         11.04
         14,          7,    7,          7.33,          3.30,       3.83,      38.29,    126.19,         10.71
         15,          1,    1,         -4.07,          3.30,       1.37,      13.66,     45.07,          4.57
         15,          1,    2,         -2.18,          3.30,       1.53,      15.32,     50.55,          4.31
         15,          1,    3,         -0.90,          3.30,       1.67,      16.76,     55.28,          4.32
         15,          1,    4,          0.03,          3.30,       1.80,      18.03,     59.47,          4.38
         15,          1,    5,          0.69,          3.30,       1.91,      19.16,     63.18,          4.39
         15,          1,    6,          1.25,          3.30,       2.01,      20.16,     66.50,          4.44
         15,          1,    7,          1.68,          3.30,       2.12,      21.18,     69.86,          4.41
         15,          2,    1,         -2.16,          3.30,       1.54,      15.35,     50.64,          8.62
         15,          2,    2,         -0.42,          3.30,       1.73,      17.26,     56.95,          6.80
         15,          2,    3,          0.73,          3.30,       1.90,      18.96,     62.53,          6.25
         15,          2,    4,          1.57,          3.30,       2.04,      20.39,     67.24,          6.08
         15,          2,    5,          2.21,          3.30,       2.17,      21.70,     71.56,          5.95
         15,          2,    6,          2.70,          3.30,       2.28,      22.85,     75.35,          5.87
         15,          2,    7,          3.10,          3.30,       2.40,      24.01,     79.17,          5.74
         15,          3,    1,          0.16,          3.30,       1.82,      18.16,     59.90,         11.90
         15,          3,    2,          1.66,          3.30,       2.04,      20.36,     67.16,          9.16
         15,          3,    3,          2.66,          3.30,       2.23,      22.28,     73.48,          8.28
         15,          3,    4,          3.34,          3.30,       2.38,      23.82,     78.55,          7.88
         15,          3,    5,          3.85,          3.30,       2.53,      25.27,     83.31,          7.55
         15,          3,    6,          4.25,          3.30,       2.66,      26.62,     87.74,          7.27
         15,          3,    7,          4.57,          3.30,       2.78,      27.85,     91.81,          7.05
         15,          4,    1,          1.82,          3.30,       2.08,      20.85,     68.78,         13.14
         15,          4,    2,          3.16,          3.30,       2.33,      23.32,     76.90,         10.51
         15,          4,    3,          4.01,          3.30,       2.54,      25.38,     83.67,          9.51
         15,          4,    4,          4.60,          3.30,       2.71,      27.16,     89.54,          8.92
         15,          4,    5,          5.04,          3.30,       2.87,      28.77,     94.82,          8.48
         15,          4,    6,          5.38,          3.30,       3.01,      30.10,     99.22,          8.22
         15,          4,    7,          5.66,          3.30,       3.15,      31.57,    104.04,          7.85
         15,          5,    1,          3.49,          3.30,       2.44,      24.38,     80.39,         13.73
         15,          5,    2,          4.69,          3.30,       2.73,      27.29,     89.95,         11.38
         15,          5,    3,          5.40,          3.30,       2.96,      29.63,     97.69,         10.33
         15,          5,    4,          5.91,          3.30,       3.15,      31.49,    103.80,          9.82
         15,          5,    5,          6.25,          3.30,       3.32,      33.20,    109.43,          9.31
         15,          5,    6,          6.54,          3.30,       3.47,      34.69,    114.34,          8.97
         15,          5,    7,          6.76,          3.30,       3.63,      36.24,    119.43,          8.57
         15,          6,    1,          4.67,          3.30,       2.77,      27.67,     91.24,         16.05
         15,          6,    2,          5.75,          3.30,       3.09,      30.85,    101.68,         13.08
         15,          6,    3,          6.38,          3.30,       3.33,      33.33,    109.86,         11.78
         15,          6,    4,          6.81,          3.30,       3.54,      35.42,    116.74,         10.96
         15,          6,    5,          7.11,          3.30,       3.73,      37.22,    122.67,         10.35
         15,          6,    6,          7.35,          3.30,       3.90,      39.03,    128.65,          9.76
         15,          6,    7,          7.54,          3.30,       4.07,      40.65,    133.99,          9.30
         15,          7,    1,          5.58,          3.30,       3.09,      30.91,    101.90,         17.70
         15,          7,    2,          6.62,          3.30,       3.45,      34.51,    113.73,         14.23
         15,          7,    3,          7.20,          3.30,       3.74,      37.42,    123.35,         12.52
         15,          7,    4,          7.58,          3.30,       3.98,      39.77,    131.08,         11.55
         15,          7,    5,          7.87,          3.30,       4.20,      41.94,    138.24,         10.78
         15,          7,    6,          8.08,          3.30,       4.39,      43.92,    144.77,         10.16
         15,          7,    7,          8.25,          3.30,       4.59,      45.89,    151.26,          9.58
         16,          1,    1,         -3.62,          3.30,       1.40,      13.98,     46.12,          4.75
         16,          1,    2,         -1.72,          3.30,       1.57,      15.70,     51.79,          4.55
         16,          1,    3,         -0.44,          3.30,       1.72,      17.17,     56.63,          4.60
         16,          1,    4,          0.49,          3.30,       1.85,      18.48,     60.94,          4.67
         16,          1,    5,          1.17,          3.30,       1.97,      19.72,     65.04,          4.67
         16,          1,    6,          1.73,          3.30,       2.08,      20.78,     68.54,          4.72
         16,          1,    7,          2.17,          3.30,       2.18,      21.87,     72.11,          4.69
         16,          2,    1,         -1.73,          3.30,       1.57,      15.77,     52.02,          8.75
         16,          2,    2,         -0.00,          3.30,       1.77,      17.69,     58.36,          7.13
         16,          2,    3,          1.18,          3.30,       1.95,      19.53,     64.42,          6.54
         16,          2,    4,          2.04,          3.30,       2.10,      21.01,     69.30,          6.41
         16,          2,    5,          2.66,          3.30,       2.23,      22.32,     73.61,          6.31
         16,          2,    6,          3.18,          3.30,       2.36,      23.62,     77.88,          6.19
         16,          2,    7,          3.57,          3.30,       2.49,      24.88,     82.02,          6.03
         16,          3,    1,          0.59,          3.30,       1.87,      18.66,     61.57,         12.50
         16,          3,    2,          2.13,          3.30,       2.10,      20.99,     69.25,          9.70
         16,          3,    3,          3.12,          3.30,       2.31,      23.06,     76.03,          8.68
         16,          3,    4,          3.81,          3.30,       2.47,      24.73,     81.53,          8.26
         16,          3,    5,          4.32,          3.30,       2.62,      26.16,     86.25,          7.99
         16,          3,    6,          4.72,          3.30,       2.76,      27.57,     90.88,          7.71
         16,          3,    7,          5.04,          3.30,       2.89,      28.87,     95.17,          7.46
         16,          4,    1,          2.26,          3.30,       2.15,      21.53,     70.99,         13.83
         16,          4,    2,          3.61,          3.30,       2.41,      24.10,     79.47,         11.12
         16,          4,    3,          4.47,          3.30,       2.63,      26.31,     86.73,         10.02
         16,          4,    4,          5.07,          3.30,       2.82,      28.19,     92.93,          9.42
         16,          4,    5,          5.51,          3.30,       2.98,      29.85,     98.40,          8.98
         16,          4,    6,          5.85,          3.30,       3.13,      31.25,    103.02,          8.70
         16,          4,    7,          6.12,          3.30,       3.27,      32.71,    107.81,          8.36
         16,          5,    1,          3.93,          3.30,       2.53,      25.25,     83.27,         14.40
         16,          5,    2,          5.13,          3.30,       2.83,      28.32,     93.35,         11.95
         16,          5,    3,          5.88,          3.30,       3.07,      30.74,    101.32,         10.99
         16,          5,    4,          6.39,          3.30,       3.28,      32.73,    107.89,         10.41
         16,          5,    5,          6.74,          3.30,       3.45,      34.48,    113.64,          9.92
         16,          5,    6,          7.01,          3.30,       3.61,      36.12,    119.04,          9.49
         16,          5,    7,          7.23,          3.30,       3.77,      37.68,    124.20,          9.10
         16,          6,    1,          5.14,          3.30,       2.87,      28.75,     94.79,         16.85
         16,          6,    2,          6.22,          3.30,       3.21,      32.08,    105.73,         13.83
         16,          6,    3,          6.86,          3.30,       3.47,      34.61,    114.07,         12.54
         16,          6,    4,          7.28,          3.30,       3.69,      36.85,    121.47,         11.60
         16,          6,    5,          7.58,          3.30,       3.88,      38.83,    127.99,         10.91
         16,          6,    6,          7.83,          3.30,       4.07,      40.66,    134.00,         10.35
         16,          6,    7,          8.02,          3.30,       4.24,      42.41,    139.78,          9.86
         16,          7,    1,          6.04,          3.30,       3.22,      32.21,    106.17,         18.46
         16,          7,    2,          7.09,          3.30,       3.60,      36.03,    118.75,         14.89
         16,          7,    3,          7.68,          3.30,       3.90,      39.01,    128.59,         13.27
         16,          7,    4,          8.07,          3.30,       4.15,      41.48,    136.74,         12.25
         16,          7,    5,          8.35,          3.30,       4.38,      43.73,    144.14,         11.45
         16,          7,    6,          8.56,          3.30,       4.59,      45.90,    151.26,         10.74
         16,          7,    7,          8.73,          3.30,       4.78,      47.83,    157.62,         10.20
         17,          1,    1,         -3.19,          3.30,       1.43,      14.25,     47.02,          5.00
         17,          1,    2,         -1.30,          3.30,       1.61,      16.09,     53.10,          4.73
         17,          1,    3,         -0.00,          3.30,       1.76,      17.61,     58.11,          4.83
         17,          1,    4,          0.91,          3.30,       1.90,      19.02,     62.75,          4.87
         17,          1,    5,          1.61,          3.30,       2.02,      20.21,     66.64,          4.96
         17,          1,    6,          2.18,          3.30,       2.14,      21.43,     70.65,          4.97
         17,          1,    7,          2.61,          3.30,       2.24,      22.43,     73.97,          4.99
         17,          2,    1,         -1.33,          3.30,       1.62,      16.14,     53.24,          9.19
         17,          2,    2,          0.42,          3.30,       1.82,      18.17,     59.95,          7.50
         17,          2,    3,          1.60,          3.30,       2.00,      20.01,     66.01,          6.96
         17,          2,    4,          2.47,          3.30,       2.16,      21.62,     71.30,          6.78
         17,          2,    5,          3.12,          3.30,       2.30,      23.05,     76.00,          6.66
         17,          2,    6,          3.62,          3.30,       2.44,      24.37,     80.34,          6.55
         17,          2,    7,          4.02,          3.30,       2.57,      25.68,     84.67,          6.40
         17,          3,    1,          0.99,          3.30,       1.91,      19.15,     63.16,         13.21
         17,          3,    2,          2.53,          3.30,       2.16,      21.64,     71.36,         10.11
         17,          3,    3,          3.55,          3.30,       2.37,      23.72,     78.21,          9.21
         17,          3,    4,          4.25,          3.30,       2.55,      25.46,     83.94,          8.79
         17,          3,    5,          4.77,          3.30,       2.71,      27.11,     89.37,          8.40
         17,          3,    6,          5.17,          3.30,       2.85,      28.48,     93.88,          8.18
         17,          3,    7,          5.48,          3.30,       2.99,      29.88,     98.51,          7.87
         17,          4,    1,          2.68,          3.30,       2.21,      22.13,     72.99,         14.83
         17,          4,    2,          4.03,          3.30,       2.49,      24.93,     82.22,         11.63
         17,          4,    3,          4.90,          3.30,       2.72,      27.21,     89.70,         10.57
         17,          4,    4,          5.49,          3.30,       2.91,      29.10,     95.94,          9.99
         17,          4,    5,          5.95,          3.30,       3.09,      30.85,    101.68,          9.55
         17,          4,    6,          6.31,          3.30,       3.24,      32.43,    106.89,          9.21
         17,          4,    7,          6.57,          3.30,       3.39,      33.89,    111.69,          8.87
         17,          5,    1,          4.36,          3.30,       2.61,      26.07,     85.96,         15.04
         17,          5,    2,          5.57,          3.30,       2.93,      29.29,     96.56,         12.54
         17,          5,    3,          6.33,          3.30,       3.19,      31.90,    105.14,         11.50
         17,          5,    4,          6.81,          3.30,       3.40,      33.98,    112.00,         10.86
         17,          5,    5,          7.18,          3.30,       3.59,      35.82,    118.06,         10.40
         17,          5,    6,          7.46,          3.30,       3.76,      37.56,    123.79,          9.95
         17,          5,    7,          7.68,          3.30,       3.92,      39.25,    129.36,          9.52
         17,          6,    1,          5.57,          3.30,       2.98,      29.77,     98.12,         17.71
         17,          6,    2,          6.67,          3.30,       3.33,      33.34,    109.89,         14.45
         17,          6,    3,          7.29,          3.30,       3.60,      35.96,    118.54,         13.14
         17,          6,    4,          7.73,          3.30,       3.83,      38.31,    126.27,         12.23
         17,          6,    5,          8.05,          3.30,       4.04,      40.40,    133.16,         11.51
         17,          6,    6,          8.28,          3.30,       4.23,      42.28,    139.35,         10.92
         17,          6,    7,          8.47,          3.30,       4.41,      44.08,    145.30,         10.42
         17,          7,    1,          6.50,          3.30,       3.34,      33.40,    110.08,         19.90
         17,          7,    2,          7.54,          3.30,       3.74,      37.41,    123.30,         15.91
         17,          7,    3,          8.13,          3.30,       4.06,      40.60,    133.81,         14.08
         17,          7,    4,          8.52,          3.30,       4.32,      43.17,    142.29,         13.01
         17,          7,    5,          8.81,          3.30,       4.56,      45.57,    150.17,         12.15
         17,          7,    6,          9.02,          3.30,       4.77,      47.64,    156.99,         11.51
         17,          7,    7,          9.19,          3.30,       4.98,      49.83,    164.21,         10.84
         18,          1,    1,         -2.81,          3.30,       1.46,      14.60,     48.16,          5.24
         18,          1,    2,         -0.85,          3.30,       1.65,      16.47,     54.33,          5.08
         18,          1,    3,          0.45,          3.30,       1.81,      18.11,     59.75,          5.14
         18,          1,    4,          1.38,          3.30,       1.96,      19.55,     64.46,          5.23
         18,          1,    5,          2.08,          3.30,       2.08,      20.80,     68.62,          5.30
         18,          1,    6,          2.64,          3.30,       2.21,      22.08,     72.84,          5.30
         18,          1,    7,          3.10,          3.30,       2.32,      23.19,     76.47,          5.33
         18,          2,    1,         -0.91,          3.30,       1.65,      16.48,     54.38,          9.92
         18,          2,    2,          0.84,          3.30,       1.87,      18.69,     61.67,          7.85
         18,          2,    3,          2.06,          3.30,       2.06,      20.56,     67.82,          7.44
         18,          2,    4,          2.93,          3.30,       2.23,      22.27,     73.43,          7.20
         18,          2,    5,          3.58,          3.30,       2.38,      23.80,     78.50,          7.05
         18,          2,    6,          4.09,          3.30,       2.52,      25.20,     83.10,          6.95
         18,          2,    7,          4.48,          3.30,       2.66,      26.58,     87.63,          6.78
         18,          3,    1,          1.42,          3.30,       1.97,      19.76,     65.17,         13.55
         18,          3,    2,          2.97,          3.30,       2.23,      22.31,     73.57,         10.64
         18,          3,    3,          4.01,          3.30,       2.45,      24.52,     80.84,          9.72
         18,          3,    4,          4.72,          3.30,       2.64,      26.39,     87.02,          9.24
         18,          3,    5,          5.24,          3.30,       2.81,      28.06,     92.52,          8.89
         18,          3,    6,          5.64,          3.30,       2.96,      29.60,     97.58,          8.59
         18,          3,    7,          5.97,          3.30,       3.09,      30.95,    102.02,          8.39
         18,          4,    1,          3.11,          3.30,       2.28,      22.86,     75.39,         15.31
         18,          4,    2,          4.48,          3.30,       2.58,      25.78,     85.01,         12.22
         18,          4,    3,          5.35,          3.30,       2.82,      28.16,     92.83,         11.13
         18,          4,    4,          5.97,          3.30,       3.02,      30.19,     99.52,         10.55
         18,          4,    5,          6.42,          3.30,       3.20,      32.02,    105.54,         10.08
         18,          4,    6,          6.76,          3.30,       3.36,      33.65,    110.91,          9.71
         18,          4,    7,          7.05,          3.30,       3.53,      35.29,    116.32,          9.33
         18,          5,    1,          4.81,          3.30,       2.71,      27.02,     89.08,         16.04
         18,          5,    2,          6.02,          3.30,       3.04,      30.38,    100.14,         13.37
         18,          5,    3,          6.79,          3.30,       3.31,      33.11,    109.14,         12.27
         18,          5,    4,          7.29,          3.30,       3.53,      35.30,    116.34,         11.62
         18,          5,    5,          7.65,          3.30,       3.73,      37.25,    122.79,         11.08
         18,          5,    6,          7.94,          3.30,       3.91,      39.14,    129.02,         10.57
         18,          5,    7,          8.17,          3.30,       4.09,      40.86,    134.66,         10.17
         18,          6,    1,          6.03,          3.30,       3.09,      30.93,    101.94,         18.72
         18,          6,    2,          7.14,          3.30,       3.46,      34.63,    114.15,         15.37
         18,          6,    3,          7.78,          3.30,       3.76,      37.52,    123.68,         13.88
         18,          6,    4,          8.21,          3.30,       3.99,      39.93,    131.60,         12.96
         18,          6,    5,          8.52,          3.30,       4.21,      42.13,    138.87,         12.19
         18,          6,    6,          8.76,          3.30,       4.41,      44.05,    145.19,         11.62
         18,          6,    7,          8.96,          3.30,       4.60,      46.00,    151.60,         11.06
         18,          7,    1,          6.98,          3.30,       3.48,      34.81,    114.73,         20.85
         18,          7,    2,          8.03,          3.30,       3.91,      39.07,    128.76,         16.73
         18,          7,    3,          8.62,          3.30,       4.24,      42.43,    139.85,         14.83
         18,          7,    4,          9.01,          3.30,       4.51,      45.15,    148.81,         13.72
         18,          7,    5,          9.29,          3.30,       4.75,      47.54,    156.68,         12.89
         18,          7,    6,          9.51,          3.30,       4.98,      49.77,    164.02,         12.19
         18,          7,    7,          9.67,          3.30,       5.20,      52.02,    171.41,         11.51
         19,          1,    1,         -2.35,          3.30,       1.49,      14.92,     49.21,          5.50
         19,          1,    2,         -0.42,          3.30,       1.69,      16.87,     55.66,          5.32
         19,          1,    3,          0.91,          3.30,       1.86,      18.59,     61.33,          5.43
         19,          1,    4,          1.87,          3.30,       2.02,      20.18,     66.56,          5.50
         19,          1,    5,          2.57,          3.30,       2.15,      21.55,     71.05,          5.57
         19,          1,    6,          3.15,          3.30,       2.28,      22.81,     75.21,          5.64
         19,          1,    7,          3.59,          3.30,       2.40,      24.03,     79.23,          5.62
         19,          2,    1,         -0.48,          3.30,       1.69,      16.88,     55.68,         10.69
         19,          2,    2,          1.30,          3.30,       1.92,      19.17,     63.23,          8.47
         19,          2,    3,          2.52,          3.30,       2.13,      21.26,     70.13,          7.83
         19,          2,    4,          3.40,          3.30,       2.30,      22.99,     75.81,          7.67
         19,          2,    5,          4.05,          3.30,       2.47,      24.66,     81.31,          7.48
         19,          2,    6,          4.58,          3.30,       2.61,      26.06,     85.93,          7.43
         19,          2,    7,          4.98,          3.30,       2.75,      27.47,     90.56,          7.27
         19,          3,    1,          1.86,          3.30,       2.03,      20.29,     66.92,         14.33
         19,          3,    2,          3.44,          3.30,       2.30,      23.06,     76.05,         11.14
         19,          3,    3,          4.48,          3.30,       2.54,      25.37,     83.65,         10.23
         19,          3,    4,          5.18,          3.30,       2.73,      27.33,     90.08,          9.74
         19,          3,    5,          5.72,          3.30,       2.92,      29.14,     96.07,          9.37
         19,          3,    6,          6.14,          3.30,       3.07,      30.73,    101.30,          9.12
         19,          3,    7,          6.46,          3.30,       3.22,      32.19,    106.10,          8.88
         19,          4,    1,          3.56,          3.30,       2.36,      23.58,     77.75,         16.31
         19,          4,    2,          4.94,          3.30,       2.67,      26.71,     88.07,         12.88
         19,          4,    3,          5.82,          3.30,       2.92,      29.18,     96.19,         11.81
         19,          4,    4,          6.44,          3.30,       3.13,      31.34,    103.29,         11.18
         19,          4,    5,          6.89,          3.30,       3.33,      33.28,    109.70,         10.66
         19,          4,    6,          7.26,          3.30,       3.50,      35.05,    115.52,         10.29
         19,          4,    7,          7.55,          3.30,       3.67,      36.72,    121.01,          9.94
         19,          5,    1,          5.29,          3.30,       2.80,      28.01,     92.36,         16.89
         19,          5,    2,          6.51,          3.30,       3.16,      31.56,    104.04,         14.11
         19,          5,    3,          7.27,          3.30,       3.44,      34.42,    113.45,         12.98
         19,          5,    4,          7.79,          3.30,       3.68,      36.80,    121.30,         12.27
         19,          5,    5,          8.15,          3.30,       3.89,      38.89,    128.18,         11.70
         19,          5,    6,          8.44,          3.30,       4.08,      40.79,    134.44,         11.24
         19,          5,    7,          8.67,          3.30,       4.27,      42.64,    140.52,         10.80
         19,          6,    1,          6.53,          3.30,       3.22,      32.20,    106.13,         19.89
         19,          6,    2,          7.63,          3.30,       3.61,      36.09,    118.94,         16.37
         19,          6,    3,          8.27,          3.30,       3.92,      39.19,    129.17,         14.70
         19,          6,    4,          8.71,          3.30,       4.17,      41.75,    137.60,         13.74
         19,          6,    5,          9.02,          3.30,       4.40,      43.95,    144.85,         13.02
         19,          6,    6,          9.27,          3.30,       4.60,      46.04,    151.72,         12.39
         19,          6,    7,          9.46,          3.30,       4.80,      47.96,    158.04,         11.86
         19,          7,    1,          7.47,          3.30,       3.63,      36.32,    119.71,         22.24
         19,          7,    2,          8.52,          3.30,       4.08,      40.81,    134.52,         17.83
         19,          7,    3,          9.12,          3.30,       4.43,      44.29,    145.98,         15.91
         19,          7,    4,          9.51,          3.30,       4.71,      47.14,    155.36,         14.71
         19,          7,    5,          9.80,          3.30,       4.97,      49.66,    163.66,         13.83
         19,          7,    6,         10.01,          3.30,       5.20,      52.03,    171.44,         13.04
         19,          7,    7,         10.18,          3.29,       5.43,      54.26,    178.77,         12.39
         20,          1,    1,         -1.95,          3.30,       1.52,      15.20,     50.16,          5.82
         20,          1,    2,          0.01,          3.30,       1.73,      17.26,     56.92,          5.66
         20,          1,    3,          1.33,          3.30,       1.91,      19.15,     63.16,          5.67
         20,          1,    4,          2.30,          3.30,       2.07,      20.71,     68.31,          5.83
         20,          1,    5,          3.02,          3.30,       2.22,      22.19,     73.19,          5.90
         20,          1,    6,          3.60,          3.30,       2.35,      23.50,     77.49,          5.98
         20,          1,    7,          4.06,          3.30,       2.48,      24.83,     81.87,          5.97
         20,          2,    1,         -0.09,          3.30,       1.73,      17.28,     57.02,         11.04
         20,          2,    2,          1.71,          3.30,       1.97,      19.69,     64.92,          8.83
         20,          2,    3,          2.92,          3.30,       2.18,      21.80,     71.91,          8.25
         20,          2,    4,          3.81,          3.30,       2.36,      23.62,     77.90,          8.08
         20,          2,    5,          4.48,          3.30,       2.54,      25.40,     83.77,          7.88
         20,          2,    6,          5.01,          3.30,       2.69,      26.94,     88.83,          7.79
         20,          2,    7,          5.42,          3.30,       2.85,      28.46,     93.83,          7.63
         20,          3,    1,          2.28,          3.30,       2.08,      20.83,     68.68,         15.24
         20,          3,    2,          3.85,          3.30,       2.37,      23.66,     78.02,         11.89
         20,          3,    3,          4.90,          3.30,       2.62,      26.23,     86.48,         10.70
         20,          3,    4,          5.63,          3.30,       2.83,      28.28,     93.22,         10.25
         20,          3,    5,          6.17,          3.30,       3.02,      30.13,     99.32,          9.92
         20,          3,    6,          6.59,          3.30,       3.19,      31.86,    105.01,          9.61
         20,          3,    7,          6.92,          3.30,       3.34,      33.40,    110.09,          9.37
         20,          4,    1,          3.99,          3.30,       2.43,      24.29,     80.09,         17.52
         20,          4,    2,          5.37,          3.30,       2.76,      27.55,     90.82,         13.77
         20,          4,    3,          6.26,          3.30,       3.02,      30.18,     99.49,         12.53
         20,          4,    4,          6.89,          3.30,       3.24,      32.43,    106.88,         11.89
         20,          4,    5,          7.34,          3.30,       3.44,      34.38,    113.34,         11.40
         20,          4,    6,          7.70,          3.30,       3.63,      36.31,    119.68,         10.93
         20,          4,    7,          7.99,          3.30,       3.80,      38.04,    125.38,         10.57
         20,          5,    1,          5.71,          3.30,       2.91,      29.04,     95.74,         17.71
         20,          5,    2,          6.95,          3.30,       3.27,      32.75,    107.94,         14.90
         20,          5,    3,          7.73,          3.30,       3.58,      35.79,    117.97,         13.69
         20,          5,    4,          8.24,          3.30,       3.82,      38.21,    125.93,         13.01
         20,          5,    5,          8.61,          3.30,       4.04,      40.46,    133.35,         12.39
         20,          5,    6,          8.89,          3.30,       4.24,      42.43,    139.85,         11.89
         20,          5,    7,          9.13,          3.30,       4.43,      44.26,    145.86,         11.50
         20,          6,    1,          6.97,          3.30,       3.35,      33.46,    110.29,         21.07
         20,          6,    2,          8.08,          3.30,       3.76,      37.55,    123.77,         17.33
         20,          6,    3,          8.74,          3.30,       4.08,      40.79,    134.44,         15.64
         20,          6,    4,          9.17,          3.30,       4.34,      43.40,    143.07,         14.66
         20,          6,    5,          9.49,          3.30,       4.57,      45.72,    150.68,         13.89
         20,          6,    6,          9.73,          3.30,       4.79,      47.82,    157.58,         13.25
         20,          6,    7,          9.92,          3.30,       4.99,      49.88,    164.38,         12.64
         20,          7,    1,          7.94,          3.30,       3.78,      37.82,    124.65,         23.34
         20,          7,    2,          8.99,          3.30,       4.26,      42.61,    140.45,         18.69
         20,          7,    3,          9.59,          3.30,       4.62,      46.21,    152.27,         16.75
         20,          7,    4,          9.99,          3.30,       4.92,      49.15,    161.97,         15.61
         20,          7,    5,         10.28,          3.30,       5.19,      51.83,    170.79,         14.65
         20,          7,    6,         10.49,          3.29,       5.42,      54.20,    178.56,         13.91
         20,          7,    7,         10.67,          3.29,       5.64,      56.43,    185.88,         13.27
         21,          1,    1,         -1.61,          3.30,       1.55,      15.50,     51.17,          6.02
         21,          1,    2,          0.35,          3.30,       1.76,      17.62,     58.13,          5.88
         21,          1,    3,          1.71,          3.30,       1.96,      19.58,     64.58,          5.95
         21,          1,    4,          2.69,          3.30,       2.12,      21.22,     70.00,          6.13
         21,          1,    5,          3.40,          3.30,       2.28,      22.80,     75.18,          6.17
         21,          1,    6,          3.99,          3.30,       2.42,      24.17,     79.71,          6.26
         21,          1,    7,          4.46,          3.30,       2.56,      25.55,     84.24,          6.26
         21,          2,    1,          0.22,          3.30,       1.76,      17.62,     58.12,         11.31
         21,          2,    2,          2.05,          3.30,       2.01,      20.10,     66.30,          9.16
         21,          2,    3,          3.30,          3.30,       2.23,      22.32,     73.62,          8.61
         21,          2,    4,          4.18,          3.30,       2.43,      24.24,     79.95,          8.41
         21,          2,    5,          4.86,          3.30,       2.61,      26.05,     85.88,          8.27
         21,          2,    6,          5.40,          3.30,       2.76,      27.66,     91.17,          8.18
         21,          2,    7,          5.81,          3.30,       2.93,      29.28,     96.50,          7.99
         21,          3,    1,          2.61,          3.30,       2.13,      21.32,     70.32,         16.04
         21,          3,    2,          4.21,          3.30,       2.43,      24.26,     79.99,         12.53
         21,          3,    3,          5.28,          3.30,       2.69,      26.94,     88.80,         11.29
         21,          3,    4,          6.01,          3.30,       2.91,      29.08,     95.87,         10.81
         21,          3,    5,          6.55,          3.30,       3.10,      31.02,    102.26,         10.44
         21,          3,    6,          6.97,          3.30,       3.28,      32.79,    108.08,         10.13
         21,          3,    7,          7.31,          3.30,       3.44,      34.40,    113.38,          9.89
         21,          4,    1,          4.35,          3.30,       2.50,      25.02,     82.48,         17.81
         21,          4,    2,          5.73,          3.30,       2.84,      28.39,     93.59,         14.18
         21,          4,    3,          6.63,          3.30,       3.11,      31.05,    102.37,         13.09
         21,          4,    4,          7.27,          3.30,       3.34,      33.42,    110.14,         12.40
         21,          4,    5,          7.74,          3.30,       3.56,      35.53,    117.12,         11.89
         21,          4,    6,          8.09,          3.30,       3.74,      37.42,    123.33,         11.46
         21,          4,    7,          8.39,          3.30,       3.93,      39.27,    129.44,         11.09
         21,          5,    1,          6.10,          3.30,       2.99,      29.93,     98.64,         18.42
         21,          5,    2,          7.34,          3.30,       3.38,      33.80,    111.40,         15.55
         21,          5,    3,          8.12,          3.30,       3.70,      36.95,    121.79,         14.33
         21,          5,    4,          8.63,          3.30,       3.95,      39.49,    130.16,         13.62
         21,          5,    5,          9.02,          3.30,       4.18,      41.82,    137.83,         13.01
         21,          5,    6,          9.31,          3.30,       4.38,      43.82,    144.41,         12.56
         21,          5,    7,          9.54,          3.30,       4.58,      45.83,    151.04,         12.06
         21,          6,    1,          7.38,          3.30,       3.46,      34.58,    113.99,         22.19
         21,          6,    2,          8.49,          3.30,       3.89,      38.92,    128.30,         18.11
         21,          6,    3,          9.14,          3.30,       4.23,      42.27,    139.32,         16.42
         21,          6,    4,          9.58,          3.30,       4.50,      44.97,    148.23,         15.41
         21,          6,    5,          9.90,          3.30,       4.74,      47.35,    156.07,         14.64
         21,          6,    6,         10.14,          3.30,       4.95,      49.50,    163.12,         14.01
         21,          6,    7,         10.34,          3.30,       5.17,      51.63,    170.12,         13.37
         21,          7,    1,          8.34,          3.30,       3.92,      39.21,    129.22,         24.54
         21,          7,    2,          9.41,          3.30,       4.42,      44.18,    145.61,         19.74
         21,          7,    3,         10.01,          3.30,       4.79,      47.90,    157.86,         17.77
         21,          7,    4,         10.41,          3.29,       5.10,      50.97,    167.93,         16.53
         21,          7,    5,         10.70,          3.29,       5.38,      53.73,    177.03,         15.52
         21,          7,    6,         10.91,          3.29,       5.62,      56.17,    185.05,         14.75
         21,          7,    7,         11.10,          3.29,       5.86,      58.55,    192.82,         14.08
         22,          1,    1,         -1.24,          3.30,       1.58,      15.80,     52.12,          6.34
         22,          1,    2,          0.73,          3.30,       1.81,      18.10,     59.70,          6.10
         22,          1,    3,          2.12,          3.30,       2.01,      20.09,     66.28,          6.26
         22,          1,    4,          3.08,          3.30,       2.18,      21.79,     71.87,          6.44
         22,          1,    5,          3.82,          3.30,       2.34,      23.44,     77.30,          6.52
         22,          1,    6,          4.41,          3.30,       2.50,      24.93,     82.19,          6.59
         22,          1,    7,          4.87,          3.30,       2.64,      26.34,     86.84,          6.59
         22,          2,    1,          0.60,          3.30,       1.81,      18.09,     59.69,         11.74
         22,          2,    2,          2.42,          3.30,       2.06,      20.59,     67.90,          9.70
         22,          2,    3,          3.65,          3.30,       2.30,      22.98,     75.78,          8.97
         22,          2,    4,          4.56,          3.30,       2.49,      24.97,     82.33,          8.82
         22,          2,    5,          5.24,          3.30,       2.68,      26.83,     88.47,          8.67
         22,          2,    6,          5.78,          3.30,       2.86,      28.58,     94.24,          8.53
         22,          2,    7,          6.22,          3.30,       3.02,      30.14,     99.35,          8.47
         22,          3,    1,          2.99,          3.30,       2.19,      21.89,     72.19,         16.96
         22,          3,    2,          4.59,          3.30,       2.50,      25.05,     82.60,         12.99
         22,          3,    3,          5.67,          3.30,       2.78,      27.79,     91.62,         11.84
         22,          3,    4,          6.42,          3.30,       3.00,      30.04,     99.01,         11.37
         22,          3,    5,          6.97,          3.30,       3.21,      32.07,    105.71,         10.99
         22,          3,    6,          7.39,          3.30,       3.39,      33.85,    111.59,         10.73
         22,          3,    7,          7.73,          3.30,       3.56,      35.58,    117.26,         10.45
         22,          4,    1,          4.73,          3.30,       2.58,      25.79,     85.02,         18.70
         22,          4,    2,          6.15,          3.30,       2.93,      29.28,     96.54,         15.01
         22,          4,    3,          7.05,          3.30,       3.22,      32.19,    106.11,         13.71
         22,          4,    4,          7.68,          3.30,       3.45,      34.54,    113.85,         13.10
         22,          4,    5,          8.15,          3.30,       3.67,      36.72,    121.05,         12.57
         22,          4,    6,          8.52,          3.30,       3.88,      38.79,    127.84,         12.11
         22,          4,    7,          8.81,          3.30,       4.06,      40.63,    133.93,         11.73
         22,          5,    1,          6.52,          3.30,       3.10,      30.97,    102.07,         19.48
         22,          5,    2,          7.75,          3.30,       3.50,      35.05,    115.53,         16.33
         22,          5,    3,          8.55,          3.30,       3.84,      38.38,    126.52,         15.08
         22,          5,    4,          9.07,          3.30,       4.10,      41.03,    135.25,         14.36
         22,          5,    5,          9.46,          3.30,       4.34,      43.44,    143.18,         13.76
         22,          5,    6,          9.75,          3.30,       4.55,      45.52,    150.03,         13.30
         22,          5,    7,          9.98,          3.30,       4.75,      47.53,    156.65,         12.82
         22,          6,    1,          7.81,          3.30,       3.60,      35.92,    118.41,         23.52
         22,          6,    2,          8.92,          3.30,       4.05,      40.47,    133.39,         19.19
         22,          6,    3,          9.59,          3.30,       4.40,      43.94,    144.85,         17.47
         22,          6,    4,         10.03,          3.30,       4.68,      46.73,    154.00,         16.43
         22,          6,    5,         10.35,          3.30,       4.92,      49.22,    162.20,         15.59
         22,          6,    6,         10.59,          3.30,       5.15,      51.48,    169.63,         14.90
         22,          6,    7,         10.80,          3.29,       5.37,      53.67,    176.83,         14.29
         22,          7,    1,          8.79,          3.30,       4.09,      40.85,    134.65,         25.86
         22,          7,    2,          9.87,          3.30,       4.61,      46.07,    151.84,         20.89
         22,          7,    3,         10.48,          3.30,       5.00,      50.03,    164.88,         18.76
         22,          7,    4,         10.88,          3.29,       5.32,      53.16,    175.17,         17.54
         22,          7,    5,         11.17,          3.29,       5.60,      56.01,    184.52,         16.54
         22,          7,    6,         11.39,          3.29,       5.85,      58.54,    192.81,         15.74
         22,          7,    7,         11.57,          3.29,       6.09,      60.87,    200.46,         15.10
         23,          1,    1,         -0.93,          3.30,       1.62,      16.17,     53.33,          6.48
         23,          1,    2,          1.08,          3.30,       1.84,      18.45,     60.84,          6.41
         23,          1,    3,          2.49,          3.30,       2.05,      20.53,     67.71,          6.61
         23,          1,    4,          3.47,          3.30,       2.24,      22.36,     73.74,          6.76
         23,          1,    5,          4.22,          3.30,       2.41,      24.06,     79.32,          6.87
         23,          1,    6,          4.82,          3.30,       2.56,      25.61,     84.44,          6.96
         23,          1,    7,          5.29,          3.30,       2.71,      27.13,     89.47,          6.95
         23,          2,    1,          0.92,          3.30,       1.84,      18.42,     60.76,         12.38
         23,          2,    2,          2.76,          3.30,       2.11,      21.14,     69.74,          9.95
         23,          2,    3,          4.02,          3.30,       2.35,      23.48,     77.42,          9.48
         23,          2,    4,          4.95,          3.30,       2.56,      25.63,     84.51,          9.27
         23,          2,    5,          5.63,          3.30,       2.75,      27.53,     90.76,          9.14
         23,          2,    6,          6.18,          3.30,       2.93,      29.34,     96.70,          9.04
         23,          2,    7,          6.62,          3.30,       3.10,      30.98,    102.12,          8.94
         23,          3,    1,          3.33,          3.30,       2.25,      22.47,     74.12,         17.70
         23,          3,    2,          4.95,          3.30,       2.57,      25.72,     84.81,         13.68
         23,          3,    3,          6.06,          3.30,       2.86,      28.61,     94.31,         12.49
         23,          3,    4,          6.82,          3.30,       3.09,      30.92,    101.91,         12.03
         23,          3,    5,          7.38,          3.30,       3.31,      33.08,    109.05,         11.61
         23,          3,    6,          7.81,          3.30,       3.49,      34.94,    115.16,         11.35
         23,          3,    7,          8.17,          3.30,       3.68,      36.76,    121.16,         11.07
         23,          4,    1,          5.12,          3.30,       2.66,      26.58,     87.62,         19.61
         23,          4,    2,          6.53,          3.30,       3.02,      30.21,     99.58,         15.78
         23,          4,    3,          7.45,          3.30,       3.33,      33.22,    109.50,         14.46
         23,          4,    4,          8.09,          3.30,       3.57,      35.73,    117.76,         13.79
         23,          4,    5,          8.57,          3.30,       3.80,      38.06,    125.43,         13.23
         23,          4,    6,          8.95,          3.30,       4.01,      40.13,    132.25,         12.83
         23,          4,    7,          9.24,          3.30,       4.21,      42.03,    138.54,         12.43
         23,          5,    1,          6.92,          3.30,       3.21,      32.08,    105.73,         20.52
         23,          5,    2,          8.18,          3.30,       3.63,      36.32,    119.72,         17.33
         23,          5,    3,          8.99,          3.30,       3.99,      39.89,    131.48,         15.92
         23,          5,    4,          9.52,          3.30,       4.26,      42.60,    140.40,         15.25
         23,          5,    5,          9.90,          3.30,       4.51,      45.08,    148.57,         14.63
         23,          5,    6,         10.20,          3.30,       4.72,      47.19,    155.52,         14.20
         23,          5,    7,         10.44,          3.30,       4.93,      49.29,    162.45,         13.72
         23,          6,    1,          8.25,          3.30,       3.74,      37.35,    123.11,         24.50
         23,          6,    2,          9.38,          3.30,       4.22,      42.16,    138.95,         20.08
         23,          6,    3,         10.04,          3.30,       4.58,      45.72,    150.68,         18.39
         23,          6,    4,         10.49,          3.30,       4.86,      48.66,    160.35,         17.35
         23,          6,    5,         10.81,          3.30,       5.12,      51.22,    168.80,         16.53
         23,          6,    6,         11.07,          3.29,       5.36,      53.57,    176.49,         15.84
         23,          6,    7,         11.27,          3.29,       5.58,      55.81,    183.85,         15.23
         23,          7,    1,          9.25,          3.30,       4.26,      42.61,    140.43,         27.22
         23,          7,    2,         10.33,          3.30,       4.80,      47.99,    158.16,         22.19
         23,          7,    3,         10.95,          3.30,       5.22,      52.22,    172.09,         19.89
         23,          7,    4,         11.36,          3.29,       5.55,      55.50,    182.83,         18.66
         23,          7,    5,         11.66,          3.29,       5.85,      58.47,    192.61,         17.66
         23,          7,    6,         11.89,          3.29,       6.10,      60.97,    200.77,         16.94
         23,          7,    7,         12.08,          3.29,       6.35,      63.49,    209.07,         16.22
         24,          1,    1,         -0.67,          3.30,       1.64,      16.38,     54.04,          6.71
         24,          1,    2,          1.37,          3.30,       1.88,      18.76,     61.88,          6.65
         24,          1,    3,          2.81,          3.30,       2.10,      20.99,     69.24,          6.83
         24,          1,    4,          3.82,          3.30,       2.29,      22.84,     75.32,          7.07
         24,          1,    5,          4.56,          3.30,       2.46,      24.59,     81.08,          7.18
         24,          1,    6,          5.17,          3.30,       2.62,      26.22,     86.44,          7.28
         24,          1,    7,          5.65,          3.30,       2.77,      27.75,     91.50,          7.31
         24,          2,    1,          1.18,          3.30,       1.88,      18.77,     61.91,         12.85
         24,          2,    2,          3.06,          3.30,       2.15,      21.55,     71.06,         10.45
         24,          2,    3,          4.34,          3.30,       2.40,      23.98,     79.06,          9.93
         24,          2,    4,          5.28,          3.30,       2.62,      26.20,     86.37,          9.72
         24,          2,    5,          5.97,          3.30,       2.83,      28.26,     93.14,          9.54
         24,          2,    6,          6.53,          3.30,       3.01,      30.07,     99.13,          9.49
         24,          2,    7,          6.99,          3.30,       3.19,      31.86,    105.02,          9.37
         24,          3,    1,          3.63,          3.30,       2.30,      22.98,     75.77,         18.21
         24,          3,    2,          5.27,          3.30,       2.64,      26.43,     87.13,         14.02
         24,          3,    3,          6.40,          3.30,       2.94,      29.34,     96.73,         12.99
         24,          3,    4,          7.17,          3.30,       3.19,      31.86,    105.01,         12.43
         24,          3,    5,          7.74,          3.30,       3.40,      33.96,    111.94,         12.16
         24,          3,    6,          8.19,          3.30,       3.60,      35.98,    118.60,         11.88
         24,          3,    7,          8.54,          3.30,       3.78,      37.80,    124.61,         11.63
         24,          4,    1,          5.46,          3.30,       2.73,      27.31,     90.03,         20.36
         24,          4,    2,          6.87,          3.30,       3.10,      31.02,    102.26,         16.50
         24,          4,    3,          7.80,          3.30,       3.42,      34.16,    112.61,         15.12
         24,          4,    4,          8.46,          3.30,       3.68,      36.82,    121.34,         14.45
         24,          4,    5,          8.95,          3.30,       3.92,      39.17,    129.10,         13.94
         24,          4,    6,          9.33,          3.30,       4.13,      41.30,    136.13,         13.54
         24,          4,    7,          9.64,          3.30,       4.34,      43.38,    142.97,         13.11
         24,          5,    1,          7.29,          3.30,       3.31,      33.12,    109.17,         21.32
         24,          5,    2,          8.56,          3.30,       3.75,      37.51,    123.65,         18.14
         24,          5,    3,          9.37,          3.30,       4.12,      41.19,    135.77,         16.74
         24,          5,    4,          9.91,          3.30,       4.41,      44.03,    145.13,         16.04
         24,          5,    5,         10.32,          3.30,       4.66,      46.62,    153.66,         15.45
         24,          5,    6,         10.61,          3.30,       4.89,      48.86,    161.02,         14.97
         24,          5,    7,         10.86,          3.30,       5.10,      50.96,    167.93,         14.53
         24,          6,    1,          8.65,          3.30,       3.87,      38.73,    127.64,         25.64
         24,          6,    2,          9.79,          3.30,       4.37,      43.68,    143.97,         21.23
         24,          6,    3,         10.46,          3.30,       4.74,      47.41,    156.26,         19.45
         24,          6,    4,         10.92,          3.30,       5.05,      50.47,    166.32,         18.37
         24,          6,    5,         11.19,          3.29,       5.32,      53.14,    175.10,         17.29
         24,          6,    6,         11.51,          3.29,       5.56,      55.58,    183.07,         16.83
         24,          6,    7,         11.72,          3.29,       5.78,      57.86,    190.61,         16.23
         24,          7,    1,          9.68,          3.30,       4.43,      44.27,    145.90,         28.44
         24,          7,    2,         10.77,          3.30,       5.00,      50.00,    164.80,         23.18
         24,          7,    3,         11.41,          3.29,       5.44,      54.36,    179.11,         20.99
         24,          7,    4,         11.82,          3.29,       5.78,      57.79,    190.35,         19.72
         24,          7,    5,         12.13,          3.29,       6.08,      60.83,    200.31,         18.75
         24,          7,    6,         12.37,          3.29,       6.35,      63.54,    209.23,         17.97
         24,          7,    7,         12.57,          3.29,       6.62,      66.15,    217.79,         17.30
         25,          1,    1,         -0.45,          3.30,       1.66,      16.60,     54.76,          6.89
         25,          1,    2,          1.59,          3.30,       1.90,      19.05,     62.84,          6.82
         25,          1,    3,          3.04,          3.30,       2.13,      21.33,     70.36,          7.02
         25,          1,    4,          4.08,          3.30,       2.33,      23.25,     76.68,          7.31
         25,          1,    5,          4.87,          3.30,       2.51,      25.10,     82.75,          7.46
         25,          1,    6,          5.48,          3.30,       2.68,      26.76,     88.23,          7.58
         25,          1,    7,          5.97,          3.30,       2.84,      28.40,     93.62,          7.61
         25,          2,    1,          1.41,          3.30,       1.91,      19.07,     62.90,         13.03
         25,          2,    2,          3.29,          3.30,       2.18,      21.84,     72.05,         10.79
         25,          2,    3,          4.59,          3.30,       2.45,      24.46,     80.64,         10.14
         25,          2,    4,          5.54,          3.30,       2.67,      26.73,     88.12,          9.99
         25,          2,    5,          6.27,          3.30,       2.89,      28.84,     95.07,          9.90
         25,          2,    6,          6.84,          3.30,       3.07,      30.69,    101.16,          9.87
         25,          2,    7,          7.31,          3.30,       3.25,      32.53,    107.23,          9.79
         25,          3,    1,          3.91,          3.30,       2.34,      23.43,     77.28,         19.07
         25,          3,    2,          5.55,          3.30,       2.69,      26.93,     88.78,         14.71
         25,          3,    3,          6.69,          3.30,       3.01,      30.02,     98.96,         13.50
         25,          3,    4,          7.47,          3.30,       3.26,      32.58,    107.41,         12.99
         25,          3,    5,          8.06,          3.30,       3.48,      34.79,    114.68,         12.71
         25,          3,    6,          8.52,          3.30,       3.69,      36.86,    121.49,         12.45
         25,          3,    7,          8.88,          3.30,       3.88,      38.81,    127.93,         12.16
         25,          4,    1,          5.75,          3.30,       2.80,      27.98,     92.25,         21.00
         25,          4,    2,          7.18,          3.30,       3.19,      31.88,    105.07,         17.00
         25,          4,    3,          8.05,          3.30,       3.51,      35.07,    115.59,         15.46
         25,          4,    4,          8.78,          3.30,       3.78,      37.81,    124.62,         15.02
         25,          4,    5,          9.29,          3.30,       4.03,      40.25,    132.65,         14.57
         25,          4,    6,          9.68,          3.30,       4.25,      42.52,    140.14,         14.11
         25,          4,    7,         10.00,          3.30,       4.45,      44.52,    146.73,         13.81
         25,          5,    1,          7.63,          3.30,       3.40,      34.04,    112.19,         22.44
         25,          5,    2,          8.91,          3.30,       3.87,      38.71,    127.59,         18.87
         25,          5,    3,          9.73,          3.30,       4.25,      42.52,    140.16,         17.47
         25,          5,    4,         10.28,          3.30,       4.55,      45.50,    149.98,         16.78
         25,          5,    5,         10.68,          3.30,       4.81,      48.11,    158.58,         16.20
         25,          5,    6,         11.00,          3.30,       5.04,      50.45,    166.24,         15.75
         25,          5,    7,         11.26,          3.29,       5.27,      52.71,    173.69,         15.29
         25,          6,    1,          9.03,          3.30,       4.01,      40.07,    132.08,         26.68
         25,          6,    2,         10.18,          3.30,       4.53,      45.27,    149.22,         22.11
         25,          6,    3,         10.79,          3.30,       4.92,      49.19,    162.09,         19.99
         25,          6,    4,         11.32,          3.30,       5.23,      52.33,    172.42,         19.26
         25,          6,    5,         11.65,          3.29,       5.51,      55.11,    181.57,         18.42
         25,          6,    6,         11.92,          3.29,       5.76,      57.56,    189.58,         17.78
         25,          6,    7,         12.14,          3.29,       5.99,      59.92,    197.34,         17.19
         25,          7,    1,         10.02,          3.30,       4.60,      45.97,    151.51,         29.17
         25,          7,    2,         11.18,          3.30,       5.20,      51.97,    171.24,         24.24
         25,          7,    3,         11.82,          3.29,       5.65,      56.49,    186.11,         22.04
         25,          7,    4,         12.25,          3.29,       6.01,      60.05,    197.78,         20.81
         25,          7,    5,         12.58,          3.29,       6.32,      63.24,    208.23,         19.86
         25,          7,    6,         12.82,          3.29,       6.61,      66.06,    217.49,         19.08
         25,          7,    7,         13.04,          3.29,       6.88,      68.73,    226.26,         18.43
         26,          1,    1,         -0.23,          3.30,       1.68,      16.78,     55.36,          7.13
         26,          1,    2,          1.82,          3.30,       1.93,      19.35,     63.83,          6.98
         26,          1,    3,          3.28,          3.30,       2.16,      21.62,     71.28,          7.29
         26,          1,    4,          4.33,          3.30,       2.37,      23.64,     77.96,          7.56
         26,          1,    5,          5.14,          3.30,       2.56,      25.56,     84.28,          7.73
         26,          1,    6,          5.77,          3.30,       2.73,      27.30,     90.01,          7.88
         26,          1,    7,          6.30,          3.30,       2.90,      28.96,     95.47,          7.98
         26,          2,    1,          1.65,          3.30,       1.93,      19.34,     63.79,         13.72
         26,          2,    2,          3.52,          3.30,       2.22,      22.23,     73.31,         11.16
         26,          2,    3,          4.83,          3.30,       2.49,      24.89,     82.06,         10.52
         26,          2,    4,          5.80,          3.30,       2.72,      27.21,     89.71,         10.39
         26,          2,    5,          6.49,          3.30,       2.94,      29.43,     97.03,         10.14
         26,          2,    6,          7.14,          3.30,       3.14,      31.41,    103.53,         10.27
         26,          2,    7,          7.61,          3.30,       3.33,      33.30,    109.75,         10.19
         26,          3,    1,          4.12,          3.30,       2.39,      23.92,     78.86,         19.62
         26,          3,    2,          5.84,          3.30,       2.75,      27.52,     90.73,         15.31
         26,          3,    3,          6.99,          3.30,       3.07,      30.75,    101.35,         14.02
         26,          3,    4,          7.78,          3.30,       3.34,      33.41,    110.13,         13.50
         26,          3,    5,          8.38,          3.30,       3.57,      35.73,    117.79,         13.21
         26,          3,    6,          8.85,          3.30,       3.79,      37.86,    124.78,         12.98
         26,          3,    7,          9.24,          3.30,       3.99,      39.91,    131.57,         12.73
         26,          4,    1,          6.09,          3.30,       2.88,      28.74,     94.76,         22.08
         26,          4,    2,          7.51,          3.30,       3.28,      32.76,    107.99,         17.82
         26,          4,    3,          8.44,          3.30,       3.61,      36.05,    118.81,         16.45
         26,          4,    4,          9.12,          3.30,       3.89,      38.93,    128.32,         15.72
         26,          4,    5,          9.57,          3.30,       4.15,      41.51,    136.81,         14.99
         26,          4,    6,         10.04,          3.30,       4.38,      43.75,    144.21,         14.88
         26,          4,    7,         10.37,          3.30,       4.59,      45.92,    151.34,         14.52
         26,          5,    1,          8.00,          3.30,       3.51,      35.14,    115.82,         23.53
         26,          5,    2,          9.29,          3.30,       4.01,      40.06,    132.04,         19.74
         26,          5,    3,         10.12,          3.30,       4.40,      44.00,    145.01,         18.35
         26,          5,    4,         10.68,          3.30,       4.71,      47.13,    155.31,         17.64
         26,          5,    5,         11.10,          3.30,       4.99,      49.88,    164.38,         17.11
         26,          5,    6,         11.42,          3.29,       5.24,      52.35,    172.48,         16.62
         26,          5,    7,         11.69,          3.29,       5.46,      54.61,    179.93,         16.21
         26,          6,    1,          9.44,          3.30,       4.16,      41.60,    137.11,         28.04
         26,          6,    2,         10.60,          3.30,       4.70,      46.99,    154.87,         23.38
         26,          6,    3,         11.28,          3.30,       5.11,      51.11,    168.40,         21.47
         26,          6,    4,         11.76,          3.29,       5.44,      54.38,    179.18,         20.41
         26,          6,    5,         12.04,          3.29,       5.73,      57.27,    188.66,         19.30
         26,          6,    6,         12.38,          3.29,       5.99,      59.88,    197.23,         18.93
         26,          6,    7,         12.61,          3.29,       6.24,      62.34,    205.27,         18.35
         26,          7,    1,         10.52,          3.30,       4.78,      47.81,    157.56,         31.34
         26,          7,    2,         11.64,          3.29,       5.42,      54.20,    178.57,         25.59
         26,          7,    3,         12.29,          3.29,       5.90,      59.00,    194.36,         23.26
         26,          7,    4,         12.73,          3.29,       6.27,      62.74,    206.59,         22.07
         26,          7,    5,         13.07,          3.29,       6.62,      66.15,    217.80,         21.05
         26,          7,    6,         13.33,          3.29,       6.91,      69.06,    227.38,         20.36
         26,          7,    7,         13.56,          3.29,       7.17,      71.71,    236.07,         19.83
         27,          1,    1,         -0.05,          3.30,       1.69,      16.93,     55.85,          7.40
         27,          1,    2,          1.99,          3.30,       1.95,      19.54,     64.43,          7.20
         27,          1,    3,          3.47,          3.30,       2.19,      21.95,     72.40,          7.44
         27,          1,    4,          4.54,          3.30,       2.40,      23.98,     79.08,          7.78
         27,          1,    5,          5.35,          3.30,       2.60,      25.99,     85.69,          7.93
         27,          1,    6,          6.00,          3.30,       2.77,      27.76,     91.51,          8.13
         27,          1,    7,          6.54,          3.30,       2.95,      29.45,     97.08,          8.27
         27,          2,    1,          1.86,          3.30,       1.96,      19.64,     64.77,         13.98
         27,          2,    2,          3.73,          3.30,       2.25,      22.51,     74.24,         11.56
         27,          2,    3,          5.03,          3.30,       2.53,      25.26,     83.30,         10.80
         27,          2,    4,          6.01,          3.30,       2.77,      27.72,     91.35,         10.64
         27,          2,    5,          6.78,          3.30,       2.99,      29.93,     98.67,         10.62
         27,          2,    6,          7.38,          3.30,       3.19,      31.95,    105.31,         10.63
         27,          2,    7,          7.81,          3.30,       3.39,      33.89,    111.71,         10.44
         27,          3,    1,          4.44,          3.30,       2.44,      24.43,     80.57,         20.25
         27,          3,    2,          6.09,          3.30,       2.82,      28.16,     92.83,         15.67
         27,          3,    3,          7.26,          3.30,       3.15,      31.52,    103.89,         14.37
         27,          3,    4,          8.06,          3.30,       3.42,      34.16,    112.60,         13.99
         27,          3,    5,          8.67,          3.30,       3.66,      36.59,    120.59,         13.71
         27,          3,    6,          9.15,          3.30,       3.88,      38.81,    127.92,         13.48
         27,          3,    7,          9.54,          3.30,       4.08,      40.85,    134.61,         13.27
         27,          4,    1,          6.39,          3.30,       2.95,      29.48,     97.17,         22.71
         27,          4,    2,          7.82,          3.30,       3.36,      33.62,    110.80,         18.43
         27,          4,    3,          8.75,          3.30,       3.71,      37.04,    122.08,         16.99
         27,          4,    4,          9.43,          3.30,       4.00,      39.99,    131.82,         16.28
         27,          4,    5,          9.96,          3.30,       4.26,      42.59,    140.38,         15.87
         27,          4,    6,         10.38,          3.30,       4.50,      45.03,    148.40,         15.49
         27,          4,    7,         10.72,          3.30,       4.72,      47.21,    155.59,         15.22
         27,          5,    1,          8.34,          3.30,       3.62,      36.17,    119.23,         24.45
         27,          5,    2,          9.58,          3.30,       4.13,      41.31,    136.13,         20.28
         27,          5,    3,         10.48,          3.30,       4.55,      45.48,    149.90,         19.06
         27,          5,    4,         11.05,          3.30,       4.87,      48.70,    160.50,         18.42
         27,          5,    5,         11.48,          3.29,       5.16,      51.61,    170.04,         17.86
         27,          5,    6,         11.82,          3.29,       5.42,      54.13,    178.35,         17.47
         27,          5,    7,         12.09,          3.29,       5.65,      56.48,    186.04,         17.08
         27,          6,    1,          9.77,          3.30,       4.30,      43.05,    141.89,         29.12
         27,          6,    2,         10.99,          3.30,       4.88,      48.76,    160.67,         24.49
         27,          6,    3,         11.68,          3.29,       5.31,      53.05,    174.81,         22.50
         27,          6,    4,         12.10,          3.29,       5.64,      56.45,    185.97,         21.19
         27,          6,    5,         12.52,          3.29,       5.95,      59.48,    195.91,         20.63
         27,          6,    6,         12.81,          3.29,       6.22,      62.19,    204.79,         19.99
         27,          6,    7,         13.05,          3.29,       6.48,      64.74,    213.14,         19.45
         27,          7,    1,         10.94,          3.30,       4.97,      49.70,    163.79,         32.73
         27,          7,    2,         12.00,          3.29,       5.64,      56.36,    185.64,         26.54
         27,          7,    3,         12.73,          3.29,       6.14,      61.37,    202.10,         24.59
         27,          7,    4,         13.18,          3.29,       6.54,      65.43,    215.43,         23.23
         27,          7,    5,         13.54,          3.29,       6.89,      68.95,    226.98,         22.34
         27,          7,    6,         13.81,          3.29,       7.20,      71.97,    236.93,         21.65
         27,          7,    7,         14.04,          3.29,       7.47,      74.64,    245.73,         21.18
         28,          1,    1,          0.03,          3.30,       1.71,      17.12,     56.47,          7.41
         28,          1,    2,          2.16,          3.30,       1.98,      19.76,     65.18,          7.38
         28,          1,    3,          3.64,          3.30,       2.22,      22.17,     73.12,          7.65
         28,          1,    4,          4.71,          3.30,       2.43,      24.36,     80.30,          7.90
         28,          1,    5,          5.53,          3.30,       2.64,      26.33,     86.81,          8.12
         28,          1,    6,          6.21,          3.30,       2.82,      28.23,     93.05,          8.33
         28,          1,    7,          6.75,          3.30,       2.99,      29.96,     98.77,          8.46
         28,          2,    1,          2.07,          3.30,       1.99,      19.89,     65.59,         14.75
         28,          2,    2,          3.90,          3.30,       2.29,      22.92,     75.60,         11.73
         28,          2,    3,          5.21,          3.30,       2.56,      25.61,     84.45,         11.15
         28,          2,    4,          6.22,          3.30,       2.81,      28.14,     92.77,         10.98
         28,          2,    5,          6.98,          3.30,       3.04,      30.37,    100.12,         10.98
         28,          2,    6,          7.61,          3.30,       3.25,      32.49,    107.10,         10.99
         28,          2,    7,          8.12,          3.30,       3.44,      34.43,    113.48,         11.02
         28,          3,    1,          4.68,          3.30,       2.49,      24.91,     82.14,         20.73
         28,          3,    2,          6.34,          3.30,       2.88,      28.74,     94.73,         16.11
         28,          3,    3,          7.52,          3.30,       3.22,      32.18,    106.08,         14.82
         28,          3,    4,          8.33,          3.30,       3.49,      34.95,    115.20,         14.41
         28,          3,    5,          8.95,          3.30,       3.75,      37.44,    123.42,         14.17
         28,          3,    6,          9.45,          3.30,       3.98,      39.78,    131.11,         13.95
         28,          3,    7,          9.85,          3.30,       4.20,      41.94,    138.22,         13.76
         28,          4,    1,          6.63,          3.30,       3.02,      30.18,     99.48,         23.49
         28,          4,    2,          8.06,          3.30,       3.45,      34.45,    113.55,         19.00
         28,          4,    3,          9.05,          3.30,       3.80,      38.00,    125.24,         17.73
         28,          4,    4,          9.74,          3.30,       4.11,      41.02,    135.22,         17.02
         28,          4,    5,         10.27,          3.30,       4.38,      43.76,    144.22,         16.54
         28,          4,    6,         10.71,          3.30,       4.63,      46.27,    152.49,         16.21
         28,          4,    7,         10.99,          3.30,       4.86,      48.58,    160.10,         15.68
         28,          5,    1,          8.67,          3.30,       3.73,      37.30,    122.94,         25.48
         28,          5,    2,          9.99,          3.30,       4.27,      42.67,    140.63,         21.40
         28,          5,    3,         10.84,          3.30,       4.69,      46.91,    154.62,         20.00
         28,          5,    4,         11.41,          3.30,       5.03,      50.29,    165.73,         19.30
         28,          5,    5,         11.86,          3.29,       5.34,      53.39,    175.91,         18.74
         28,          5,    6,         12.21,          3.29,       5.60,      56.00,    184.47,         18.37
         28,          5,    7,         12.49,          3.29,       5.86,      58.53,    192.78,         17.99
         28,          6,    1,         10.20,          3.30,       4.46,      44.60,    147.00,         30.38
         28,          6,    2,         11.39,          3.30,       5.06,      50.58,    166.70,         25.42
         28,          6,    3,         12.09,          3.29,       5.51,      55.07,    181.42,         23.47
         28,          6,    4,         12.58,          3.29,       5.87,      58.65,    193.16,         22.45
         28,          6,    5,         12.94,          3.29,       6.17,      61.73,    203.29,         21.70
         28,          6,    6,         13.24,          3.29,       6.46,      64.59,    212.65,         21.04
         28,          6,    7,         13.49,          3.29,       6.73,      67.32,    221.63,         20.50
         28,          7,    1,         11.29,          3.29,       5.17,      51.69,    170.34,         33.48
         28,          7,    2,         12.49,          3.29,       5.88,      58.78,    193.61,         27.99
         28,          7,    3,         13.10,          3.29,       6.40,      64.01,    210.76,         25.36
         28,          7,    4,         13.58,          3.29,       6.82,      68.17,    224.44,         24.17
         28,          7,    5,         13.94,          3.29,       7.19,      71.87,    236.61,         23.28
         28,          7,    6,         14.22,          3.29,       7.49,      74.89,    246.53,         22.73
         28,          7,    7,         14.46,          3.29,       7.78,      77.83,    256.23,         22.17
         29,          1,    1,          0.23,          3.30,       1.73,      17.28,     57.02,          7.61
         29,          1,    2,          2.30,          3.30,       2.00,      19.97,     65.87,          7.48
         29,          1,    3,          3.72,          3.30,       2.24,      22.40,     73.90,          7.66
         29,          1,    4,          4.80,          3.30,       2.46,      24.65,     81.28,          7.93
         29,          1,    5,          5.63,          3.30,       2.67,      26.72,     88.09,          8.13
         29,          1,    6,          6.39,          3.30,       2.86,      28.55,     94.11,          8.54
         29,          1,    7,          6.93,          3.30,       3.04,      30.35,    100.04,          8.67
         29,          2,    1,          2.18,          3.30,       2.02,      20.17,     66.55,         14.41
         29,          2,    2,          4.07,          3.30,       2.32,      23.17,     76.41,         11.98
         29,          2,    3,          5.34,          3.30,       2.60,      25.96,     85.60,         11.21
         29,          2,    4,          6.33,          3.30,       2.85,      28.54,     94.10,         11.01
         29,          2,    5,          7.09,          3.30,       3.08,      30.79,    101.52,         11.03
         29,          2,    6,          7.80,          3.30,       3.31,      33.00,    108.79,         11.21
         29,          2,    7,          8.27,          3.30,       3.51,      35.06,    115.57,         11.10
         29,          3,    1,          4.85,          3.30,       2.54,      25.39,     83.70,         21.19
         29,          3,    2,          6.51,          3.30,       2.93,      29.34,     96.70,         16.32
         29,          3,    3,          7.75,          3.30,       3.29,      32.81,    108.15,         15.32
         29,          3,    4,          8.58,          3.30,       3.57,      35.68,    117.60,         14.92
         29,          3,    5,          9.21,          3.30,       3.84,      38.35,    126.41,         14.60
         29,          3,    6,          9.72,          3.30,       4.07,      40.65,    133.98,         14.48
         29,          3,    7,         10.07,          3.30,       4.28,      42.85,    141.24,         14.13
         29,          4,    1,          6.95,          3.30,       3.09,      30.91,    101.89,         24.65
         29,          4,    2,          8.39,          3.30,       3.53,      35.32,    116.43,         19.91
         29,          4,    3,          9.33,          3.30,       3.90,      38.99,    128.51,         18.34
         29,          4,    4,         10.03,          3.30,       4.21,      42.13,    138.85,         17.64
         29,          4,    5,         10.50,          3.30,       4.49,      44.90,    147.97,         16.97
         29,          4,    6,         10.94,          3.30,       4.74,      47.43,    156.30,         16.68
         29,          4,    7,         11.36,          3.30,       4.98,      49.79,    164.08,         16.64
         29,          5,    1,          8.99,          3.30,       3.85,      38.45,    126.73,         26.29
         29,          5,    2,         10.25,          3.30,       4.40,      43.96,    144.88,         21.93
         29,          5,    3,         11.16,          3.30,       4.84,      48.36,    159.36,         20.81
         29,          5,    4,         11.69,          3.30,       5.19,      51.89,    170.96,         19.85
         29,          5,    5,         12.21,          3.29,       5.51,      55.06,    181.42,         19.61
         29,          5,    6,         12.57,          3.29,       5.78,      57.80,    190.38,         19.28
         29,          5,    7,         12.87,          3.29,       6.04,      60.42,    198.97,         18.91
         29,          6,    1,         10.50,          3.30,       4.61,      46.14,    152.09,         30.95
         29,          6,    2,         11.70,          3.30,       5.24,      52.37,    172.57,         26.07
         29,          6,    3,         12.46,          3.29,       5.71,      57.04,    187.94,         24.46
         29,          6,    4,         12.96,          3.29,       6.07,      60.75,    200.05,         23.49
         29,          6,    5,         13.27,          3.29,       6.40,      64.00,    210.71,         22.40
         29,          6,    6,         13.64,          3.29,       6.70,      66.97,    220.51,         22.10
         29,          6,    7,         13.84,          3.29,       6.99,      69.86,    229.99,         21.22
         29,          7,    1,         11.74,          3.29,       5.36,      53.63,    176.71,         35.13
         29,          7,    2,         12.89,          3.29,       6.10,      60.98,    200.84,         29.23
         29,          7,    3,         13.52,          3.29,       6.66,      66.59,    219.25,         26.49
         29,          7,    4,         14.06,          3.29,       7.09,      70.91,    233.43,         25.65
         29,          7,    5,         14.37,          3.29,       7.47,      74.66,    245.78,         24.54
         29,          7,    6,         14.66,          3.29,       7.80,      77.92,    256.49,         23.94
         29,          7,    7,         14.98,          3.29,       8.10,      80.95,    266.48,         23.78
         30,          1,    1,          0.37,          3.30,       1.75,      17.51,     57.76,          7.85
         30,          1,    2,          2.38,          3.30,       2.02,      20.22,     66.71,          7.57
         30,          1,    3,          3.86,          3.30,       2.27,      22.71,     74.90,          7.84
         30,          1,    4,          4.96,          3.30,       2.50,      25.00,     82.42,          8.12
         30,          1,    5,          5.84,          3.30,       2.70,      27.07,     89.25,          8.47
         30,          1,    6,          6.49,          3.30,       2.90,      29.02,     95.66,          8.60
         30,          1,    7,          7.06,          3.30,       3.08,      30.80,    101.51,          8.82
         30,          2,    1,          2.43,          3.30,       2.04,      20.45,     67.46,         15.23
         30,          2,    2,          4.26,          3.30,       2.35,      23.53,     77.60,         12.33
         30,          2,    3,          5.50,          3.30,       2.64,      26.44,     87.15,         11.40
         30,          2,    4,          6.50,          3.30,       2.90,      28.94,     95.42,         11.33
         30,          2,    5,          7.34,          3.30,       3.13,      31.35,    103.31,         11.44
         30,          2,    6,          7.99,          3.30,       3.35,      33.57,    110.65,         11.52
         30,          2,    7,          8.47,          3.30,       3.57,      35.64,    117.48,         11.44
         30,          3,    1,          5.15,          3.30,       2.59,      25.92,     85.45,         22.12
         30,          3,    2,          6.82,          3.30,       2.99,      29.94,     98.70,         17.12
         30,          3,    3,          8.00,          3.30,       3.35,      33.56,    110.62,         15.78
         30,          3,    4,          8.83,          3.30,       3.66,      36.56,    120.50,         15.32
         30,          3,    5,          9.48,          3.30,       3.93,      39.26,    129.41,         15.09
         30,          3,    6,         10.00,          3.30,       4.17,      41.70,    137.45,         14.97
         30,          3,    7,         10.42,          3.30,       4.40,      43.93,    144.81,         14.86
         30,          4,    1,          7.26,          3.30,       3.18,      31.81,    104.87,         25.32
         30,          4,    2,          8.63,          3.30,       3.64,      36.45,    120.14,         20.08
         30,          4,    3,          9.63,          3.30,       4.01,      40.09,    132.14,         19.01
         30,          4,    4,         10.28,          3.30,       4.33,      43.32,    142.76,         18.10
         30,          4,    5,         10.81,          3.30,       4.62,      46.16,    152.16,         17.64
         30,          4,    6,         11.32,          3.30,       4.88,      48.80,    160.81,         17.62
         30,          4,    7,         11.64,          3.30,       5.13,      51.23,    168.83,         17.17
         30,          5,    1,          9.27,          3.30,       3.97,      39.67,    130.77,         26.80
         30,          5,    2,         10.66,          3.30,       4.56,      45.52,    150.01,         22.92
         30,          5,    3,         11.52,          3.30,       5.00,      50.03,    164.86,         21.63
         30,          5,    4,         12.06,          3.29,       5.38,      53.74,    177.07,         20.67
         30,          5,    5,         12.58,          3.29,       5.70,      57.02,    187.82,         20.45
         30,          5,    6,         12.89,          3.29,       5.99,      59.89,    197.25,         19.87
         30,          5,    7,         13.26,          3.29,       6.26,      62.63,    206.20,         19.82
         30,          6,    1,         10.88,          3.30,       4.78,      47.80,    157.54,         32.41
         30,          6,    2,         12.09,          3.29,       5.44,      54.43,    179.32,         27.16
         30,          6,    3,         12.80,          3.29,       5.93,      59.34,    195.42,         25.22
         30,          6,    4,         13.31,          3.29,       6.32,      63.16,    207.98,         24.30
         30,          6,    5,         13.76,          3.29,       6.67,      66.72,    219.68,         23.78
         30,          6,    6,         14.07,          3.29,       6.97,      69.65,    229.31,         23.30
         30,          6,    7,         14.35,          3.29,       7.27,      72.70,    239.32,         22.77
         30,          7,    1,         12.15,          3.29,       5.59,      55.85,    184.00,         36.40
         30,          7,    2,         13.32,          3.29,       6.37,      63.64,    209.57,         30.45
         30,          7,    3,         13.97,          3.29,       6.96,      69.63,    229.21,         27.62
         30,          7,    4,         14.51,          3.29,       7.41,      74.04,    243.74,         26.98
         30,          7,    5,         14.89,          3.29,       7.80,      78.02,    256.83,         26.18
         30,          7,    6,         15.14,          3.29,       8.14,      81.43,    268.04,         25.28
         30,          7,    7,         15.39,          3.29,       8.46,      84.59,    278.42,         24.79
         31,          1,    1,          0.43,          3.30,       1.78,      17.83,     58.82,          7.65
         31,          1,    2,          2.55,          3.30,       2.04,      20.41,     67.31,          7.84
         31,          1,    3,          4.06,          3.30,       2.30,      23.02,     75.94,          8.07
         31,          1,    4,          5.15,          3.30,       2.53,      25.34,     83.56,          8.36
         31,          1,    5,          6.00,          3.30,       2.74,      27.38,     90.29,          8.67
         31,          1,    6,          6.65,          3.30,       2.94,      29.45,     97.09,          8.78
         31,          1,    7,          7.22,          3.30,       3.12,      31.24,    102.98,          9.01
         31,          2,    1,          2.61,          3.30,       2.07,      20.75,     68.45,         15.64
         31,          2,    2,          4.41,          3.30,       2.39,      23.88,     78.75,         12.56
         31,          2,    3,          5.72,          3.30,       2.68,      26.79,     88.31,         11.84
         31,          2,    4,          6.66,          3.30,       2.94,      29.38,     96.85,         11.58
         31,          2,    5,          7.45,          3.30,       3.18,      31.81,    104.87,         11.56
         31,          2,    6,          8.11,          3.30,       3.40,      34.04,    112.21,         11.67
         31,          2,    7,          8.72,          3.30,       3.62,      36.21,    119.34,         11.91
         31,          3,    1,          5.32,          3.30,       2.65,      26.47,     87.29,         22.20
         31,          3,    2,          6.98,          3.30,       3.06,      30.56,    100.75,         17.34
         31,          3,    3,          8.16,          3.30,       3.43,      34.27,    112.95,         15.98
         31,          3,    4,          9.01,          3.30,       3.73,      37.29,    122.92,         15.64
         31,          3,    5,          9.67,          3.30,       4.02,      40.14,    132.31,         15.36
         31,          3,    6,         10.20,          3.30,       4.27,      42.68,    140.68,         15.24
         31,          3,    7,         10.64,          3.30,       4.51,      45.08,    148.56,         15.12
         31,          4,    1,          7.53,          3.30,       3.26,      32.62,    107.52,         26.09
         31,          4,    2,          8.90,          3.30,       3.72,      37.26,    122.83,         21.00
         31,          4,    3,          9.86,          3.30,       4.11,      41.12,    135.53,         19.48
         31,          4,    4,         10.56,          3.30,       4.44,      44.41,    146.37,         18.80
         31,          4,    5,         11.11,          3.30,       4.74,      47.39,    156.18,         18.34
         31,          4,    6,         11.56,          3.30,       5.01,      50.12,    165.14,         18.05
         31,          4,    7,         11.94,          3.29,       5.27,      52.67,    173.56,         17.83
         31,          5,    1,          9.58,          3.30,       4.09,      40.85,    134.65,         27.82
         31,          5,    2,         10.92,          3.30,       4.68,      46.85,    154.43,         23.59
         31,          5,    3,         11.85,          3.30,       5.17,      51.70,    170.38,         22.38
         31,          5,    4,         12.40,          3.29,       5.56,      55.55,    183.00,         21.45
         31,          5,    5,         12.87,          3.29,       5.89,      58.94,    194.12,         21.01
         31,          5,    6,         13.24,          3.29,       6.19,      61.93,    203.94,         20.70
         31,          5,    7,         13.57,          3.29,       6.48,      64.77,    213.25,         20.45
         31,          6,    1,         11.24,          3.30,       4.95,      49.50,    163.14,         33.45
         31,          6,    2,         12.47,          3.29,       5.64,      56.44,    185.92,         28.21
         31,          6,    3,         13.19,          3.29,       6.15,      61.46,    202.40,         26.35
         31,          6,    4,         13.70,          3.29,       6.57,      65.70,    216.31,         25.21
         31,          6,    5,         14.09,          3.29,       6.92,      69.13,    227.59,         24.60
         31,          6,    6,         14.41,          3.29,       7.24,      72.39,    238.30,         24.03
         31,          6,    7,         14.76,          3.29,       7.55,      75.51,    248.58,         23.89
         31,          7,    1,         12.53,          3.29,       5.80,      57.98,    190.98,         37.57
         31,          7,    2,         13.67,          3.29,       6.63,      66.27,    218.17,         31.10
         31,          7,    3,         14.38,          3.29,       7.25,      72.45,    238.51,         28.81
         31,          7,    4,         14.94,          3.29,       7.71,      77.12,    253.88,         28.20
         31,          7,    5,         15.27,          3.29,       8.13,      81.29,    267.60,         27.07
         31,          7,    6,         15.57,          3.29,       8.48,      84.81,    279.16,         26.57
         31,          7,    7,         15.83,          3.29,       8.81,      88.07,    289.83,         26.15
         32,          1,    1,          0.56,          3.30,       1.80,      18.04,     59.51,          7.80
         32,          1,    2,          2.59,          3.30,       2.06,      20.61,     67.97,          7.89
         32,          1,    3,          4.12,          3.30,       2.33,      23.28,     76.76,          8.11
         32,          1,    4,          5.22,          3.30,       2.56,      25.60,     84.42,          8.42
         32,          1,    5,          6.09,          3.30,       2.77,      27.72,     91.38,          8.76
         32,          1,    6,          6.80,          3.30,       2.98,      29.79,     98.20,          8.98
         32,          1,    7,          7.39,          3.30,       3.18,      31.82,    104.88,          9.15
         32,          2,    1,          2.72,          3.30,       2.11,      21.10,     69.59,         15.51
         32,          2,    2,          4.52,          3.30,       2.42,      24.22,     79.85,         12.70
         32,          2,    3,          5.82,          3.30,       2.71,      27.14,     89.48,         11.96
         32,          2,    4,          6.83,          3.30,       2.98,      29.83,     98.33,         11.80
         32,          2,    5,          7.63,          3.30,       3.23,      32.26,    106.33,         11.86
         32,          2,    6,          8.29,          3.30,       3.45,      34.55,    113.86,         11.97
         32,          2,    7,          8.85,          3.30,       3.69,      36.91,    121.66,         11.98
         32,          3,    1,          5.55,          3.30,       2.71,      27.09,     89.30,         22.28
         32,          3,    2,          7.20,          3.30,       3.12,      31.14,    102.65,         17.84
         32,          3,    3,          8.41,          3.30,       3.50,      35.01,    115.39,         16.43
         32,          3,    4,          9.25,          3.30,       3.82,      38.19,    125.86,         15.97
         32,          3,    5,          9.92,          3.30,       4.10,      41.00,    135.15,         15.86
         32,          3,    6,         10.47,          3.30,       4.37,      43.66,    143.89,         15.75
         32,          3,    7,         10.91,          3.30,       4.61,      46.09,    151.93,         15.68
         32,          4,    1,          7.76,          3.30,       3.34,      33.45,    110.26,         26.87
         32,          4,    2,          9.19,          3.30,       3.83,      38.28,    126.16,         21.76
         32,          4,    3,         10.14,          3.30,       4.23,      42.28,    139.34,         20.12
         32,          4,    4,         10.86,          3.30,       4.57,      45.70,    150.61,         19.46
         32,          4,    5,         11.41,          3.30,       4.87,      48.72,    160.55,         19.08
         32,          4,    6,         11.88,          3.30,       5.15,      51.49,    169.68,         18.86
         32,          4,    7,         12.26,          3.29,       5.42,      54.20,    178.57,         18.59
         32,          5,    1,          9.91,          3.30,       4.22,      42.19,    139.05,         28.75
         32,          5,    2,         11.27,          3.30,       4.84,      48.40,    159.50,         24.58
         32,          5,    3,         12.14,          3.29,       5.36,      53.57,    176.50,         22.90
         32,          5,    4,         12.76,          3.29,       5.74,      57.38,    189.03,         22.43
         32,          5,    5,         13.23,          3.29,       6.09,      60.92,    200.63,         22.01
         32,          5,    6,         13.62,          3.29,       6.41,      64.06,    210.93,         21.72
         32,          5,    7,         13.95,          3.29,       6.71,      67.08,    220.84,         21.45
         32,          6,    1,         11.61,          3.29,       5.14,      51.44,    169.47,         34.63
         32,          6,    2,         12.85,          3.29,       5.87,      58.67,    193.23,         29.38
         32,          6,    3,         13.59,          3.29,       6.40,      63.92,    210.47,         27.55
         32,          6,    4,         14.10,          3.29,       6.82,      68.16,    224.39,         26.57
         32,          6,    5,         14.50,          3.29,       7.19,      71.93,    236.80,         25.83
         32,          6,    6,         14.83,          3.29,       7.53,      75.29,    247.85,         25.29
         32,          6,    7,         15.12,          3.29,       7.85,      78.49,    258.38,         24.88
         32,          7,    1,         12.88,          3.29,       6.03,      60.31,    198.61,         38.25
         32,          7,    2,         14.10,          3.29,       6.91,      69.15,    227.65,         32.23
         32,          7,    3,         14.82,          3.29,       7.56,      75.60,    248.87,         30.08
         32,          7,    4,         15.33,          3.29,       8.06,      80.56,    265.17,         29.10
         32,          7,    5,         15.73,          3.29,       8.49,      84.88,    279.38,         28.46
         32,          7,    6,         16.03,          3.29,       8.85,      88.53,    291.30,         27.98
         32,          7,    7,         16.30,          3.29,       9.20,      91.99,    302.66,         27.57
         33,          1,    1,          0.65,          3.30,       1.81,      18.06,     59.59,          8.16
         33,          1,    2,          2.69,          3.30,       2.08,      20.80,     68.59,          7.99
         33,          1,    3,          4.22,          3.30,       2.36,      23.56,     77.69,          8.18
         33,          1,    4,          5.34,          3.30,       2.59,      25.95,     85.56,          8.50
         33,          1,    5,          6.22,          3.30,       2.80,      28.06,     92.49,          8.89
         33,          1,    6,          6.94,          3.30,       3.01,      30.05,     99.05,          9.20
         33,          1,    7,          7.53,          3.30,       3.20,      32.03,    105.58,          9.41
         33,          2,    1,          2.88,          3.30,       2.14,      21.37,     70.49,         15.79
         33,          2,    2,          4.68,          3.30,       2.46,      24.56,     80.98,         12.88
         33,          2,    3,          5.98,          3.30,       2.75,      27.48,     90.58,         12.22
         33,          2,    4,          6.98,          3.30,       3.01,      30.13,     99.32,         12.12
         33,          2,    5,          7.77,          3.30,       3.27,      32.66,    107.65,         12.11
         33,          2,    6,          8.45,          3.30,       3.50,      34.98,    115.31,         12.25
         33,          2,    7,          9.02,          3.30,       3.73,      37.26,    122.79,         12.35
         33,          3,    1,          5.76,          3.30,       2.74,      27.43,     90.43,         23.34
         33,          3,    2,          7.42,          3.30,       3.18,      31.81,    104.84,         18.07
         33,          3,    3,          8.63,          3.30,       3.57,      35.69,    117.64,         16.82
         33,          3,    4,          9.48,          3.30,       3.89,      38.93,    128.33,         16.43
         33,          3,    5,         10.15,          3.30,       4.19,      41.96,    138.29,         16.18
         33,          3,    6,         10.70,          3.30,       4.47,      44.70,    147.32,         16.11
         33,          3,    7,         11.17,          3.30,       4.71,      47.08,    155.14,         16.20
         33,          4,    1,          8.03,          3.30,       3.42,      34.24,    112.89,         27.45
         33,          4,    2,          9.46,          3.30,       3.93,      39.26,    129.39,         22.30
         33,          4,    3,         10.43,          3.30,       4.33,      43.36,    142.89,         20.76
         33,          4,    4,         11.14,          3.30,       4.69,      46.83,    154.35,         20.12
         33,          4,    5,         11.69,          3.30,       4.99,      49.94,    164.57,         19.75
         33,          4,    6,         12.16,          3.29,       5.29,      52.84,    174.10,         19.51
         33,          4,    7,         12.56,          3.29,       5.57,      55.65,    183.32,         19.25
         33,          5,    1,         10.23,          3.30,       4.34,      43.39,    143.02,         29.76
         33,          5,    2,         11.60,          3.30,       4.99,      49.92,    164.48,         25.38
         33,          5,    3,         12.48,          3.29,       5.52,      55.17,    181.75,         23.87
         33,          5,    4,         13.10,          3.29,       5.93,      59.30,    195.30,         23.27
         33,          5,    5,         13.58,          3.29,       6.29,      62.92,    207.18,         22.89
         33,          5,    6,         13.97,          3.29,       6.62,      66.22,    218.01,         22.60
         33,          5,    7,         14.31,          3.29,       6.93,      69.33,    228.24,         22.36
         33,          6,    1,         11.96,          3.30,       5.31,      53.10,    174.95,         35.58
         33,          6,    2,         13.22,          3.29,       6.08,      60.79,    200.17,         30.26
         33,          6,    3,         13.97,          3.29,       6.63,      66.34,    218.45,         28.44
         33,          6,    4,         14.48,          3.29,       7.07,      70.72,    232.83,         27.52
         33,          6,    5,         14.89,          3.29,       7.46,      74.52,    245.32,         26.93
         33,          6,    6,         15.23,          3.29,       7.81,      78.11,    257.12,         26.38
         33,          6,    7,         15.53,          3.29,       8.15,      81.43,    268.04,         26.00
         33,          7,    1,         13.26,          3.29,       6.26,      62.58,    206.08,         39.17
         33,          7,    2,         14.50,          3.29,       7.19,      71.92,    236.78,         33.24
         33,          7,    3,         15.24,          3.29,       7.87,      78.71,    259.11,         31.19
         33,          7,    4,         15.75,          3.29,       8.39,      83.86,    276.02,         30.29
         33,          7,    5,         16.15,          3.29,       8.84,      88.36,    290.79,         29.70
         33,          7,    6,         16.46,          3.29,       9.23,      92.21,    303.39,         29.24
         33,          7,    7,         16.73,          3.29,       9.59,      95.81,    315.17,         28.86
         34,          1,    1,          0.76,          3.30,       1.82,      18.20,     60.04,          8.42
         34,          1,    2,          2.80,          3.30,       2.10,      20.96,     69.14,          8.18
         34,          1,    3,          4.33,          3.30,       2.36,      23.63,     77.93,          8.46
         34,          1,    4,          5.44,          3.30,       2.60,      26.03,     85.82,          8.77
         34,          1,    5,          6.34,          3.30,       2.83,      28.29,     93.25,          9.09
         34,          1,    6,          7.07,          3.30,       3.04,      30.34,    100.01,          9.40
         34,          1,    7,          7.67,          3.30,       3.24,      32.35,    106.62,          9.64
         34,          2,    1,          3.06,          3.30,       2.16,      21.62,     71.28,         16.35
         34,          2,    2,          4.82,          3.30,       2.49,      24.85,     81.95,         13.18
         34,          2,    3,          6.13,          3.30,       2.78,      27.80,     91.63,         12.53
         34,          2,    4,          7.12,          3.30,       3.05,      30.50,    100.53,         12.39
         34,          2,    5,          7.93,          3.30,       3.31,      33.07,    109.00,         12.39
         34,          2,    6,          8.61,          3.30,       3.54,      35.42,    116.75,         12.55
         34,          2,    7,          9.20,          3.30,       3.77,      37.71,    124.29,         12.71
         34,          3,    1,          5.98,          3.30,       2.79,      27.98,     92.21,         23.84
         34,          3,    2,          7.63,          3.30,       3.24,      32.38,    106.72,         18.63
         34,          3,    3,          8.85,          3.30,       3.64,      36.44,    120.10,         17.23
         34,          3,    4,          9.71,          3.30,       3.97,      39.75,    131.01,         16.87
         34,          3,    5,         10.39,          3.30,       4.28,      42.82,    141.12,         16.68
         34,          3,    6,         10.94,          3.30,       4.56,      45.60,    150.30,         16.64
         34,          3,    7,         11.42,          3.30,       4.81,      48.07,    158.42,         16.75
         34,          4,    1,          8.30,          3.30,       3.51,      35.11,    115.73,         27.96
         34,          4,    2,          9.74,          3.30,       4.03,      40.28,    132.75,         22.88
         34,          4,    3,         10.70,          3.30,       4.44,      44.47,    146.55,         21.36
         34,          4,    4,         11.42,          3.30,       4.80,      48.01,    158.22,         20.82
         34,          4,    5,         11.98,          3.30,       5.13,      51.24,    168.84,         20.41
         34,          4,    6,         12.45,          3.29,       5.42,      54.24,    178.70,         20.18
         34,          4,    7,         12.85,          3.29,       5.71,      57.04,    187.90,         20.02
         34,          5,    1,         10.55,          3.30,       4.47,      44.68,    147.25,         30.57
         34,          5,    2,         11.93,          3.30,       5.15,      51.48,    169.66,         26.19
         34,          5,    3,         12.82,          3.29,       5.70,      56.99,    187.74,         24.67
         34,          5,    4,         13.44,          3.29,       6.12,      61.19,    201.50,         24.16
         34,          5,    5,         13.93,          3.29,       6.51,      65.06,    214.24,         23.71
         34,          5,    6,         14.32,          3.29,       6.85,      68.47,    225.41,         23.48
         34,          5,    7,         14.67,          3.29,       7.17,      71.67,    235.95,         23.27
         34,          6,    1,         12.32,          3.29,       5.50,      54.96,    181.05,         36.34
         34,          6,    2,         13.59,          3.29,       6.31,      63.05,    207.63,         31.08
         34,          6,    3,         14.34,          3.29,       6.89,      68.87,    226.71,         29.36
         34,          6,    4,         14.87,          3.29,       7.34,      73.44,    241.77,         28.51
         34,          6,    5,         15.28,          3.29,       7.75,      77.44,    254.94,         27.92
         34,          6,    6,         15.62,          3.29,       8.12,      81.16,    267.18,         27.43
         34,          6,    7,         15.92,          3.29,       8.45,      84.57,    278.34,         27.11
         34,          7,    1,         13.64,          3.29,       6.49,      64.91,    213.72,         39.90
         34,          7,    2,         14.90,          3.29,       7.47,      74.73,    246.02,         34.27
         34,          7,    3,         15.65,          3.29,       8.20,      81.95,    269.76,         32.24
         34,          7,    4,         16.17,          3.29,       8.74,      87.33,    287.44,         31.44
         34,          7,    5,         16.58,          3.29,       9.21,      92.09,    302.99,         30.91
         34,          7,    6,         16.89,          3.29,       9.61,      96.04,    315.92,         30.49
         34,          7,    7,         17.16,          3.29,       9.98,      99.79,    328.16,         30.17
         35,          1,    1,          0.86,          3.30,       1.84,      18.37,     60.59,          8.66
         35,          1,    2,          2.88,          3.30,       2.11,      21.12,     69.67,          8.38
         35,          1,    3,          4.43,          3.30,       2.39,      23.85,     78.64,          8.63
         35,          1,    4,          5.55,          3.30,       2.63,      26.28,     86.64,          8.94
         35,          1,    5,          6.46,          3.30,       2.86,      28.55,     94.11,          9.29
         35,          1,    6,          7.20,          3.30,       3.07,      30.65,    101.02,          9.64
         35,          1,    7,          7.83,          3.30,       3.27,      32.72,    107.84,          9.89
         35,          2,    1,          3.22,          3.30,       2.19,      21.92,     72.30,         16.79
         35,          2,    2,          4.98,          3.30,       2.52,      25.19,     83.05,         13.53
         35,          2,    3,          6.29,          3.30,       2.82,      28.20,     92.98,         12.81
         35,          2,    4,          7.28,          3.30,       3.09,      30.87,    101.75,         12.74
         35,          2,    5,          8.10,          3.30,       3.35,      33.52,    110.48,         12.73
         35,          2,    6,          8.77,          3.30,       3.59,      35.91,    118.37,         12.87
         35,          2,    7,          9.37,          3.30,       3.84,      38.34,    126.36,         12.98
         35,          3,    1,          6.20,          3.30,       2.85,      28.52,     94.01,         24.39
         35,          3,    2,          7.86,          3.30,       3.31,      33.07,    109.01,         19.04
         35,          3,    3,          9.09,          3.30,       3.73,      37.24,    122.76,         17.69
         35,          3,    4,          9.95,          3.30,       4.07,      40.65,    133.98,         17.33
         35,          3,    5,         10.65,          3.30,       4.38,      43.76,    144.23,         17.24
         35,          3,    6,         11.21,          3.30,       4.66,      46.63,    153.69,         17.20
         35,          3,    7,         11.69,          3.30,       4.93,      49.30,    162.45,         17.24
         35,          4,    1,          8.61,          3.30,       3.61,      36.10,    118.98,         28.68
         35,          4,    2,         10.06,          3.30,       4.15,      41.51,    136.82,         23.49
         35,          4,    3,         11.01,          3.30,       4.59,      45.86,    151.14,         21.97
         35,          4,    4,         11.74,          3.30,       4.95,      49.50,    163.13,         21.52
         35,          4,    5,         12.31,          3.29,       5.28,      52.81,    174.01,         21.17
         35,          4,    6,         12.78,          3.29,       5.59,      55.92,    184.23,         20.92
         35,          4,    7,         13.18,          3.29,       5.88,      58.83,    193.76,         20.78
         35,          5,    1,         10.90,          3.30,       4.63,      46.26,    152.46,         31.14
         35,          5,    2,         12.29,          3.29,       5.35,      53.45,    176.11,         26.81
         35,          5,    3,         13.20,          3.29,       5.92,      59.18,    194.93,         25.46
         35,          5,    4,         13.82,          3.29,       6.36,      63.58,    209.36,         25.00
         35,          5,    5,         14.31,          3.29,       6.76,      67.60,    222.57,         24.62
         35,          5,    6,         14.71,          3.29,       7.11,      71.09,    234.02,         24.44
         35,          5,    7,         15.06,          3.29,       7.44,      74.38,    244.84,         24.28
         35,          6,    1,         12.71,          3.29,       5.71,      57.14,    188.22,         37.22
         35,          6,    2,         14.00,          3.29,       6.58,      65.76,    216.51,         32.01
         35,          6,    3,         14.76,          3.29,       7.19,      71.90,    236.68,         30.35
         35,          6,    4,         15.29,          3.29,       7.66,      76.62,    252.24,         29.61
         35,          6,    5,         15.71,          3.29,       8.08,      80.85,    266.14,         29.07
         35,          6,    6,         16.05,          3.29,       8.47,      84.62,    278.53,         28.69
         35,          6,    7,         16.36,          3.29,       8.82,      88.13,    290.00,         28.46
         35,          7,    1,         14.04,          3.29,       6.77,      67.62,    222.65,         40.62
         35,          7,    2,         15.34,          3.29,       7.81,      78.14,    257.22,         35.24
         35,          7,    3,         16.10,          3.29,       8.58,      85.76,    282.27,         33.40
         35,          7,    4,         16.62,          3.29,       9.14,      91.40,    300.73,         32.68
         35,          7,    5,         17.03,          3.29,       9.64,      96.35,    316.91,         32.23
         35,          7,    6,         17.34,          3.29,      10.06,     100.57,    330.72,         31.81
         35,          7,    7,         17.62,          3.29,      10.44,     104.38,    343.22,         31.62
         36,          1,    1,          0.95,          3.30,       1.85,      18.51,     61.07,          8.91
         36,          1,    2,          2.96,          3.30,       2.13,      21.30,     70.26,          8.54
         36,          1,    3,          4.51,          3.30,       2.40,      24.04,     79.29,          8.77
         36,          1,    4,          5.64,          3.30,       2.65,      26.48,     87.31,          9.11
         36,          1,    5,          6.56,          3.30,       2.88,      28.79,     94.90,          9.47
         36,          1,    6,          7.32,          3.30,       3.09,      30.93,    101.95,          9.83
         36,          1,    7,          7.95,          3.30,       3.31,      33.05,    108.94,         10.08
         36,          2,    1,          3.40,          3.30,       2.22,      22.18,     73.15,         17.31
         36,          2,    2,          5.13,          3.30,       2.55,      25.49,     84.04,         13.86
         36,          2,    3,          6.44,          3.30,       2.86,      28.56,     94.13,         13.10
         36,          2,    4,          7.43,          3.30,       3.13,      31.29,    103.13,         12.98
         36,          2,    5,          8.25,          3.30,       3.39,      33.92,    111.79,         13.02
         36,          2,    6,          8.93,          3.30,       3.64,      36.41,    120.00,         13.15
         36,          2,    7,          9.52,          3.30,       3.88,      38.81,    127.92,         13.30
         36,          3,    1,          6.44,          3.30,       2.91,      29.09,     95.90,         24.56
         36,          3,    2,          8.09,          3.30,       3.37,      33.71,    111.12,         19.42
         36,          3,    3,          9.33,          3.30,       3.80,      38.06,    125.44,         18.06
         36,          3,    4,         10.20,          3.30,       4.16,      41.57,    137.02,         17.75
         36,          3,    5,         10.89,          3.30,       4.48,      44.82,    147.72,         17.61
         36,          3,    6,         11.47,          3.30,       4.77,      47.72,    157.25,         17.68
         36,          3,    7,         11.95,          3.30,       5.05,      50.45,    166.25,         17.75
         36,          4,    1,          8.90,          3.30,       3.71,      37.13,    122.39,         28.94
         36,          4,    2,         10.35,          3.30,       4.27,      42.71,    140.76,         23.99
         36,          4,    3,         11.33,          3.30,       4.72,      47.20,    155.58,         22.61
         36,          4,    4,         12.05,          3.30,       5.10,      51.02,    168.12,         22.07
         36,          4,    5,         12.61,          3.29,       5.44,      54.41,    179.27,         21.79
         36,          4,    6,         13.09,          3.29,       5.76,      57.63,    189.84,         21.62
         36,          4,    7,         13.50,          3.29,       6.06,      60.55,    199.41,         21.55
         36,          5,    1,         11.24,          3.30,       4.78,      47.81,    157.57,         31.91
         36,          5,    2,         12.64,          3.29,       5.54,      55.44,    182.64,         27.49
         36,          5,    3,         13.55,          3.29,       6.14,      61.37,    202.11,         26.27
         36,          5,    4,         14.17,          3.29,       6.61,      66.10,    217.61,         25.70
         36,          5,    5,         14.68,          3.29,       7.03,      70.25,    231.28,         25.42
         36,          5,    6,         15.08,          3.29,       7.39,      73.88,    243.20,         25.29
         36,          5,    7,         15.44,          3.29,       7.73,      77.31,    254.51,         25.22
         36,          6,    1,         13.08,          3.29,       5.94,      59.36,    195.51,         37.73
         36,          6,    2,         14.39,          3.29,       6.86,      68.52,    225.59,         32.70
         36,          6,    3,         15.15,          3.29,       7.49,      74.90,    246.57,         31.19
         36,          6,    4,         15.69,          3.29,       8.01,      80.11,    263.72,         30.34
         36,          6,    5,         16.11,          3.29,       8.44,      84.34,    277.60,         30.01
         36,          6,    6,         16.46,          3.29,       8.82,      88.22,    290.29,         29.75
         36,          6,    7,         16.77,          3.29,       9.19,      91.92,    302.43,         29.54
         36,          7,    1,         14.43,          3.29,       7.03,      70.33,    231.51,         40.99
         36,          7,    2,         15.74,          3.29,       8.16,      81.58,    268.52,         35.86
         36,          7,    3,         16.52,          3.29,       8.95,      89.52,    294.56,         34.35
         36,          7,    4,         17.05,          3.29,       9.56,      95.59,    314.43,         33.66
         36,          7,    5,         17.47,          3.29,      10.07,     100.72,    331.23,         33.33
         36,          7,    6,         17.78,          3.29,      10.50,     105.01,    345.28,         33.06
         36,          7,    7,         18.06,          3.29,      10.91,     109.06,    358.58,         32.86
         37,          1,    1,          6.11,          3.30,       2.70,      26.96,     88.90,         50.38
         37,          1,    2,          6.83,          3.30,       2.89,      28.92,     95.35,         33.13
         37,          1,    3,          7.35,          3.30,       3.05,      30.46,    100.39,         27.69
         37,          1,    4,          7.61,          3.30,       3.14,      31.39,    103.47,         25.43
         37,          1,    5,          7.84,          3.30,       3.22,      32.24,    106.28,         23.84
         37,          1,    6,          7.96,          3.30,       3.28,      32.82,    108.21,         22.80
         37,          1,    7,          8.08,          3.30,       3.34,      33.36,    109.95,         22.05
         37,          2,    1,          7.81,          3.30,       3.19,      31.87,    105.06,         33.81
         37,          2,    2,          8.55,          3.30,       3.42,      34.22,    112.78,         27.97
         37,          2,    3,          8.96,          3.30,       3.58,      35.83,    118.08,         25.51
         37,          2,    4,          9.21,          3.30,       3.69,      36.87,    121.53,         24.27
         37,          2,    5,          9.40,          3.30,       3.78,      37.80,    124.59,         23.31
         37,          2,    6,          9.55,          3.30,       3.86,      38.60,    127.24,         22.50
         37,          2,    7,          9.70,          3.30,       3.94,      39.35,    129.71,         21.96
         37,          3,    1,          9.74,          3.30,       3.92,      39.14,    129.01,         30.41
         37,          3,    2,         10.67,          3.30,       4.32,      43.18,    142.32,         26.36
         37,          3,    3,         11.27,          3.30,       4.62,      46.18,    152.18,         24.75
         37,          3,    4,         11.61,          3.30,       4.80,      47.96,    158.06,         24.12
         37,          3,    5,         11.89,          3.30,       4.96,      49.64,    163.59,         23.56
         37,          3,    6,         12.07,          3.30,       5.07,      50.74,    167.21,         23.27
         37,          3,    7,         12.23,          3.29,       5.19,      51.89,    170.97,         22.91
         37,          4,    1,         11.44,          3.30,       4.76,      47.63,    156.99,         33.16
         37,          4,    2,         12.41,          3.30,       5.30,      53.03,    174.74,         29.17
         37,          4,    3,         12.97,          3.29,       5.63,      56.33,    185.58,         28.04
         37,          4,    4,         13.27,          3.29,       5.86,      58.56,    192.87,         27.27
         37,          4,    5,         13.51,          3.29,       6.02,      60.21,    198.27,         26.96
         37,          4,    6,         13.68,          3.29,       6.15,      61.48,    202.44,         26.66
         37,          4,    7,         13.84,          3.29,       6.27,      62.69,    206.44,         26.45
         37,          5,    1,         13.01,          3.29,       5.79,      57.94,    190.86,         36.87
         37,          5,    2,         14.11,          3.29,       6.56,      65.62,    216.06,         32.43
         37,          5,    3,         14.75,          3.29,       7.08,      70.73,    232.84,         31.05
         37,          5,    4,         15.12,          3.29,       7.40,      74.04,    243.73,         30.36
         37,          5,    5,         15.43,          3.29,       7.69,      76.89,    253.10,         29.94
         37,          5,    6,         15.62,          3.29,       7.89,      78.92,    259.81,         29.60
         37,          5,    7,         15.81,          3.29,       8.08,      80.82,    266.04,         29.41
         37,          6,    1,         14.32,          3.29,       6.91,      69.12,    227.56,         38.46
         37,          6,    2,         15.53,          3.29,       7.91,      79.09,    260.34,         34.67
         37,          6,    3,         16.18,          3.29,       8.52,      85.14,    280.25,         33.75
         37,          6,    4,         16.54,          3.29,       8.91,      89.07,    293.11,         33.19
         37,          6,    5,         16.82,          3.29,       9.21,      92.10,    302.99,         32.98
         37,          6,    6,         17.01,          3.29,       9.44,      94.38,    310.46,         32.80
         37,          6,    7,         17.17,          3.29,       9.63,      96.37,    316.96,         32.64
         37,          7,    1,         15.36,          3.29,       7.95,      79.51,    261.75,         39.44
         37,          7,    2,         16.67,          3.29,       9.19,      91.90,    302.38,         36.36
         37,          7,    3,         17.39,          3.29,       9.98,      99.81,    328.20,         35.75
         37,          7,    4,         17.79,          3.29,      10.47,     104.65,    344.10,         35.47
         37,          7,    5,         18.11,          3.29,      10.88,     108.74,    357.55,         35.39
         37,          7,    6,         18.31,          3.29,      11.16,     111.58,    366.89,         35.27
         37,          7,    7,         18.50,          3.29,      11.43,     114.27,    375.71,         35.24
         38,          1,    1,          6.17,          3.30,       2.72,      27.16,     89.55,         51.99
         38,          1,    2,          6.92,          3.30,       2.93,      29.28,     96.52,         32.92
         38,          1,    3,          7.44,          3.30,       3.08,      30.82,    101.60,         27.72
         38,          1,    4,          7.70,          3.30,       3.17,      31.74,    104.62,         25.58
         38,          1,    5,          7.93,          3.30,       3.26,      32.60,    107.46,         23.99
         38,          1,    6,          8.07,          3.30,       3.32,      33.20,    109.44,         23.04
         38,          1,    7,          8.19,          3.30,       3.38,      33.85,    111.57,         22.00
         38,          2,    1,          7.94,          3.30,       3.24,      32.36,    106.68,         32.52
         38,          2,    2,          8.69,          3.30,       3.47,      34.71,    114.41,         27.52
         38,          2,    3,          9.12,          3.30,       3.65,      36.49,    120.26,         24.95
         38,          2,    4,          9.37,          3.30,       3.75,      37.57,    123.83,         23.84
         38,          2,    5,          9.57,          3.30,       3.85,      38.46,    126.76,         23.12
         38,          2,    6,          9.72,          3.30,       3.93,      39.33,    129.63,         22.27
         38,          2,    7,          9.87,          3.30,       4.02,      40.18,    132.42,         21.65
         38,          3,    1,          9.93,          3.30,       3.99,      39.95,    131.65,         30.23
         38,          3,    2,         10.87,          3.30,       4.42,      44.16,    145.57,         26.25
         38,          3,    3,         11.49,          3.30,       4.74,      47.37,    156.13,         24.70
         38,          3,    4,         11.84,          3.30,       4.94,      49.43,    162.88,         23.92
         38,          3,    5,         12.13,          3.30,       5.12,      51.19,    168.70,         23.47
         38,          3,    6,         12.32,          3.30,       5.25,      52.45,    172.85,         23.12
         38,          3,    7,         12.49,          3.29,       5.35,      53.49,    176.23,         23.00
         38,          4,    1,         11.69,          3.30,       4.89,      48.92,    161.21,         33.41
         38,          4,    2,         12.68,          3.29,       5.47,      54.70,    180.23,         29.34
         38,          4,    3,         13.23,          3.29,       5.84,      58.37,    192.28,         28.00
         38,          4,    4,         13.55,          3.29,       6.06,      60.63,    199.66,         27.42
         38,          4,    5,         13.79,          3.29,       6.25,      62.49,    205.78,         26.99
         38,          4,    6,         13.97,          3.29,       6.39,      63.92,    210.47,         26.69
         38,          4,    7,         14.12,          3.29,       6.53,      65.25,    214.83,         26.44
         38,          5,    1,         13.31,          3.29,       5.98,      59.78,    196.89,         36.91
         38,          5,    2,         14.43,          3.29,       6.81,      68.15,    224.34,         32.44
         38,          5,    3,         15.07,          3.29,       7.38,      73.82,    243.04,         30.86
         38,          5,    4,         15.45,          3.29,       7.74,      77.43,    254.90,         30.21
         38,          5,    5,         15.75,          3.29,       8.05,      80.48,    264.93,         29.80
         38,          5,    6,         15.95,          3.29,       8.27,      82.73,    272.33,         29.48
         38,          5,    7,         16.14,          3.29,       8.48,      84.78,    279.08,         29.31
         38,          6,    1,         14.65,          3.29,       7.14,      71.39,    235.02,         38.99
         38,          6,    2,         15.88,          3.29,       8.24,      82.38,    271.20,         34.89
         38,          6,    3,         16.53,          3.29,       8.91,      89.09,    293.16,         33.81
         38,          6,    4,         16.90,          3.29,       9.34,      93.37,    307.19,         33.33
         38,          6,    5,         17.17,          3.29,       9.66,      96.61,    317.75,         33.09
         38,          6,    6,         17.36,          3.29,       9.92,      99.22,    326.30,         32.78
         38,          6,    7,         17.52,          3.29,      10.12,     101.16,    332.65,         32.77
         38,          7,    1,         15.71,          3.29,       8.23,      82.25,    270.78,         39.74
         38,          7,    2,         17.05,          3.29,       9.58,      95.79,    315.12,         36.77
         38,          7,    3,         17.79,          3.29,      10.43,     104.22,    342.71,         36.31
         38,          7,    4,         18.19,          3.29,      10.97,     109.64,    360.50,         35.94
         38,          7,    5,         18.51,          3.29,      11.40,     113.96,    374.70,         35.95
         38,          7,    6,         18.72,          3.29,      11.70,     117.03,    384.81,         35.83
         38,          7,    7,         18.91,          3.29,      12.00,     119.99,    394.50,         35.80
         39,          1,    1,          6.22,          3.30,       2.73,      27.26,     89.88,         48.24
         39,          1,    2,          6.99,          3.30,       2.95,      29.45,     97.10,         31.44
         39,          1,    3,          7.53,          3.30,       3.11,      31.09,    102.50,         26.58
         39,          1,    4,          7.82,          3.30,       3.20,      32.05,    105.65,         24.74
         39,          1,    5,          8.05,          3.30,       3.29,      32.95,    108.60,         23.29
         39,          1,    6,          8.20,          3.30,       3.35,      33.53,    110.51,         22.55
         39,          1,    7,          8.31,          3.30,       3.41,      34.09,    112.36,         21.76
         39,          2,    1,          8.07,          3.30,       3.26,      32.63,    107.57,         32.41
         39,          2,    2,          8.83,          3.30,       3.53,      35.25,    116.18,         26.89
         39,          2,    3,          9.28,          3.30,       3.70,      36.97,    121.83,         24.89
         39,          2,    4,          9.54,          3.30,       3.82,      38.16,    125.79,         23.67
         39,          2,    5,          9.76,          3.30,       3.93,      39.25,    129.37,         22.74
         39,          2,    6,          9.92,          3.30,       4.00,      40.00,    131.82,         22.27
         39,          2,    7,         10.06,          3.30,       4.08,      40.80,    134.48,         21.73
         39,          3,    1,         10.12,          3.30,       4.08,      40.80,    134.49,         29.74
         39,          3,    2,         11.09,          3.30,       4.54,      45.43,    149.72,         25.79
         39,          3,    3,         11.73,          3.30,       4.88,      48.82,    160.87,         24.43
         39,          3,    4,         12.08,          3.30,       5.10,      50.95,    167.89,         23.74
         39,          3,    5,         12.38,          3.30,       5.29,      52.90,    174.32,         23.26
         39,          3,    6,         12.58,          3.30,       5.42,      54.23,    178.67,         22.99
         39,          3,    7,         12.75,          3.29,       5.55,      55.48,    182.78,         22.72
         39,          4,    1,         11.95,          3.30,       5.06,      50.60,    166.75,         32.62
         39,          4,    2,         12.97,          3.29,       5.68,      56.82,    187.20,         28.94
         39,          4,    3,         13.53,          3.29,       6.08,      60.81,    200.25,         27.65
         39,          4,    4,         13.85,          3.29,       6.35,      63.43,    208.87,         26.94
         39,          4,    5,         14.09,          3.29,       6.54,      65.40,    215.32,         26.58
         39,          4,    6,         14.27,          3.29,       6.71,      67.09,    220.87,         26.18
         39,          4,    7,         14.42,          3.29,       6.84,      68.42,    225.25,         26.01
         39,          5,    1,         13.63,          3.29,       6.21,      62.12,    204.56,         36.50
         39,          5,    2,         14.78,          3.29,       7.14,      71.46,    235.25,         32.06
         39,          5,    3,         15.43,          3.29,       7.76,      77.58,    255.40,         30.62
         39,          5,    4,         15.81,          3.29,       8.15,      81.53,    268.37,         30.03
         39,          5,    5,         16.11,          3.29,       8.50,      84.96,    279.66,         29.55
         39,          5,    6,         16.32,          3.29,       8.74,      87.36,    287.51,         29.32
         39,          5,    7,         16.50,          3.29,       8.96,      89.62,    294.90,         29.09
         39,          6,    1,         15.01,          3.29,       7.43,      74.27,    244.49,         38.50
         39,          6,    2,         16.28,          3.29,       8.63,      86.32,    284.11,         34.77
         39,          6,    3,         16.92,          3.29,       9.39,      93.94,    309.02,         33.49
         39,          6,    4,         17.30,          3.29,       9.88,      98.74,    324.76,         33.03
         39,          6,    5,         17.56,          3.29,      10.25,     102.45,    336.92,         32.62
         39,          6,    6,         17.76,          3.29,      10.52,     105.17,    345.84,         32.47
         39,          6,    7,         17.91,          3.29,      10.75,     107.47,    353.38,         32.32
         39,          7,    1,         16.09,          3.29,       8.56,      85.56,    281.58,         39.92
         39,          7,    2,         17.47,          3.29,      10.04,     100.36,    330.02,         37.20
         39,          7,    3,         18.21,          3.29,      10.97,     109.74,    360.83,         36.53
         39,          7,    4,         18.62,          3.29,      11.56,     115.56,    379.96,         36.32
         39,          7,    5,         18.93,          3.29,      12.05,     120.49,    396.15,         36.13
         39,          7,    6,         19.14,          3.29,      12.39,     123.88,    407.24,         36.07
         39,          7,    7,         19.33,          3.29,      12.72,     127.19,    417.98,         35.97
         40,          1,    1,          6.28,          3.30,       2.75,      27.51,     90.70,         45.01
         40,          1,    2,          7.05,          3.30,       2.96,      29.54,     97.39,         31.44
         40,          1,    3,          7.62,          3.30,       3.14,      31.38,    103.45,         26.06
         40,          1,    4,          7.91,          3.30,       3.23,      32.30,    106.49,         24.48
         40,          1,    5,          8.17,          3.30,       3.34,      33.36,    109.95,         22.86
         40,          1,    6,          8.31,          3.30,       3.40,      33.97,    111.98,         22.06
         40,          1,    7,          8.43,          3.30,       3.45,      34.53,    113.81,         21.41
         40,          2,    1,          8.19,          3.30,       3.32,      33.21,    109.46,         31.16
         40,          2,    2,          8.96,          3.30,       3.59,      35.91,    118.38,         26.17
         40,          2,    3,          9.44,          3.30,       3.77,      37.65,    124.09,         24.54
         40,          2,    4,          9.69,          3.30,       3.90,      39.01,    128.59,         23.13
         40,          2,    5,          9.92,          3.30,       4.01,      40.06,    132.04,         22.47
         40,          2,    6,         10.08,          3.30,       4.08,      40.75,    134.32,         22.12
         40,          2,    7,         10.26,          3.30,       4.18,      41.78,    137.70,         21.47
         40,          3,    1,         10.31,          3.30,       4.20,      41.95,    138.28,         28.61
         40,          3,    2,         11.29,          3.30,       4.68,      46.76,    154.10,         25.23
         40,          3,    3,         11.95,          3.30,       5.06,      50.60,    166.74,         23.72
         40,          3,    4,         12.30,          3.30,       5.29,      52.93,    174.43,         23.07
         40,          3,    5,         12.61,          3.29,       5.51,      55.06,    181.39,         22.60
         40,          3,    6,         12.81,          3.29,       5.63,      56.35,    185.62,         22.49
         40,          3,    7,         12.99,          3.29,       5.77,      57.67,    189.99,         22.28
         40,          4,    1,         12.22,          3.30,       5.23,      52.27,    172.25,         32.28
         40,          4,    2,         13.26,          3.29,       5.93,      59.29,    195.28,         28.36
         40,          4,    3,         13.83,          3.29,       6.37,      63.69,    209.72,         27.10
         40,          4,    4,         14.15,          3.29,       6.66,      66.56,    219.16,         26.41
         40,          4,    5,         14.40,          3.29,       6.88,      68.72,    226.25,         26.09
         40,          4,    6,         14.58,          3.29,       7.05,      70.52,    232.17,         25.72
         40,          4,    7,         14.73,          3.29,       7.21,      72.13,    237.47,         25.44
         40,          5,    1,         13.95,          3.29,       6.49,      64.84,    213.47,         35.51
         40,          5,    2,         15.14,          3.29,       7.50,      74.94,    246.70,         31.68
         40,          5,    3,         15.80,          3.29,       8.18,      81.80,    269.26,         30.21
         40,          5,    4,         16.18,          3.29,       8.62,      86.26,    283.89,         29.60
         40,          5,    5,         16.49,          3.29,       9.01,      90.13,    296.57,         29.11
         40,          5,    6,         16.69,          3.29,       9.29,      92.84,    305.43,         28.85
         40,          5,    7,         16.87,          3.29,       9.53,      95.34,    313.64,         28.59
         40,          6,    1,         15.36,          3.29,       7.75,      77.49,    255.07,         37.85
         40,          6,    2,         16.67,          3.29,       9.11,      91.04,    299.55,         34.33
         40,          6,    3,         17.31,          3.29,       9.92,      99.22,    326.31,         33.20
         40,          6,    4,         17.70,          3.29,      10.47,     104.70,    344.29,         32.69
         40,          6,    5,         17.97,          3.29,      10.89,     108.85,    357.91,         32.34
         40,          6,    6,         18.15,          3.29,      11.19,     111.91,    367.95,         32.10
         40,          6,    7,         18.31,          3.29,      11.45,     114.48,    376.41,         31.94
         40,          7,    1,         16.44,          3.29,       8.86,      88.59,    291.56,         40.00
         40,          7,    2,         17.87,          3.29,      10.54,     105.43,    346.69,         37.04
         40,          7,    3,         18.60,          3.29,      11.55,     115.46,    379.63,         36.52
         40,          7,    4,         19.01,          3.29,      12.22,     122.21,    401.78,         36.15
         40,          7,    5,         19.33,          3.29,      12.77,     127.72,    419.74,         35.94
         40,          7,    6,         19.53,          3.29,      13.15,     131.43,    431.80,         35.84
         40,          7,    7,         19.72,          3.28,      13.51,     135.12,    443.84,         35.69
         41,          1,    1,          6.31,          3.30,       2.76,      27.62,     91.06,         44.14
         41,          1,    2,          7.11,          3.30,       2.98,      29.79,     98.21,         30.53
         41,          1,    3,          7.69,          3.30,       3.16,      31.55,    104.00,         25.98
         41,          1,    4,          7.99,          3.30,       3.27,      32.74,    107.92,         23.73
         41,          1,    5,          8.25,          3.30,       3.37,      33.69,    111.06,         22.52
         41,          1,    6,          8.41,          3.30,       3.43,      34.26,    112.93,         21.98
         41,          1,    7,          8.55,          3.30,       3.50,      34.98,    115.31,         21.08
         41,          2,    1,          8.29,          3.30,       3.36,      33.55,    110.58,         30.29
         41,          2,    2,          9.09,          3.30,       3.66,      36.59,    120.60,         25.09
         41,          2,    3,          9.56,          3.30,       3.86,      38.58,    127.16,         23.27
         41,          2,    4,          9.83,          3.30,       3.99,      39.86,    131.38,         22.34
         41,          2,    5,         10.07,          3.30,       4.08,      40.86,    134.67,         21.94
         41,          2,    6,         10.24,          3.30,       4.18,      41.81,    137.80,         21.34
         41,          2,    7,         10.42,          3.30,       4.28,      42.81,    141.08,         20.85
         41,          3,    1,         10.50,          3.30,       4.31,      43.06,    141.93,         27.72
         41,          3,    2,         11.52,          3.30,       4.86,      48.51,    159.86,         24.27
         41,          3,    3,         12.18,          3.29,       5.26,      52.66,    173.52,         22.94
         41,          3,    4,         12.54,          3.29,       5.51,      55.07,    181.46,         22.41
         41,          3,    5,         12.85,          3.29,       5.73,      57.33,    188.86,         22.03
         41,          3,    6,         13.04,          3.29,       5.89,      58.88,    193.93,         21.79
         41,          3,    7,         13.22,          3.29,       6.04,      60.41,    198.96,         21.51
         41,          4,    1,         12.49,          3.29,       5.45,      54.53,    179.65,         31.06
         41,          4,    2,         13.58,          3.29,       6.22,      62.20,    204.82,         27.68
         41,          4,    3,         14.15,          3.29,       6.70,      66.99,    220.54,         26.52
         41,          4,    4,         14.49,          3.29,       7.01,      70.09,    230.74,         25.98
         41,          4,    5,         14.73,          3.29,       7.27,      72.72,    239.42,         25.44
         41,          4,    6,         14.91,          3.29,       7.44,      74.43,    245.04,         25.28
         41,          4,    7,         15.07,          3.29,       7.63,      76.29,    251.15,         24.96
         41,          5,    1,         14.30,          3.29,       6.80,      68.01,    223.91,         34.93
         41,          5,    2,         15.51,          3.29,       7.88,      78.83,    259.50,         31.61
         41,          5,    3,         16.20,          3.29,       8.67,      86.72,    285.42,         30.07
         41,          5,    4,         16.59,          3.29,       9.14,      91.41,    300.73,         29.66
         41,          5,    5,         16.91,          3.29,       9.61,      96.10,    316.06,         28.99
         41,          5,    6,         17.11,          3.29,       9.89,      98.94,    325.40,         28.78
         41,          5,    7,         17.29,          3.29,      10.19,     101.83,    334.87,         28.52
         41,          6,    1,         15.73,          3.29,       8.13,      81.28,    267.56,         37.22
         41,          6,    2,         17.06,          3.29,       9.56,      95.62,    314.52,         34.44
         41,          6,    3,         17.74,          3.29,      10.54,     105.34,    346.37,         33.15
         41,          6,    4,         18.12,          3.29,      11.09,     110.85,    364.47,         32.86
         41,          6,    5,         18.41,          3.29,      11.60,     116.00,    381.39,         32.32
         41,          6,    6,         18.59,          3.29,      11.90,     119.05,    391.40,         32.23
         41,          6,    7,         18.75,          3.29,      12.25,     122.53,    402.81,         31.82
         41,          7,    1,         16.77,          3.29,       9.23,      92.29,    303.63,         39.64
         41,          7,    2,         18.26,          3.29,      11.09,     110.89,    364.59,         37.00
         41,          7,    3,         18.99,          3.29,      12.23,     122.29,    402.00,         36.32
         41,          7,    4,         19.42,          3.29,      12.97,     129.66,    426.01,         36.08
         41,          7,    5,         19.73,          3.28,      13.59,     135.86,    446.29,         35.75
         41,          7,    6,         19.93,          3.28,      14.01,     140.07,    460.06,         35.62
         41,          7,    7,         20.11,          3.28,      14.40,     144.01,    472.95,         35.47
         42,          1,    1,          6.34,          3.30,       2.79,      27.84,     91.81,         40.90
         42,          1,    2,          7.15,          3.30,       3.01,      30.08,     99.15,         29.07
         42,          1,    3,          7.76,          3.30,       3.21,      32.07,    105.70,         24.45
         42,          1,    4,          8.07,          3.30,       3.31,      33.10,    109.10,         23.04
         42,          1,    5,          8.34,          3.30,       3.42,      34.19,    112.71,         21.73
         42,          1,    6,          8.50,          3.30,       3.48,      34.77,    114.61,         21.27
         42,          1,    7,          8.65,          3.30,       3.54,      35.43,    116.77,         20.64
         42,          2,    1,          8.41,          3.30,       3.42,      34.25,    112.90,         29.03
         42,          2,    2,          9.21,          3.30,       3.75,      37.50,    123.61,         24.13
         42,          2,    3,          9.71,          3.30,       3.95,      39.52,    130.26,         22.68
         42,          2,    4,          9.99,          3.30,       4.10,      40.97,    135.04,         21.68
         42,          2,    5,         10.23,          3.30,       4.23,      42.25,    139.25,         20.99
         42,          2,    6,         10.40,          3.30,       4.32,      43.17,    142.30,         20.60
         42,          2,    7,         10.58,          3.30,       4.41,      44.06,    145.23,         20.33
         42,          3,    1,         10.75,          3.30,       4.48,      44.77,    147.56,         26.85
         42,          3,    2,         11.80,          3.30,       5.08,      50.84,    167.53,         23.55
         42,          3,    3,         12.48,          3.29,       5.53,      55.27,    182.08,         22.49
         42,          3,    4,         12.85,          3.29,       5.81,      58.14,    191.51,         21.86
         42,          3,    5,         13.17,          3.29,       6.07,      60.72,    199.97,         21.47
         42,          3,    6,         13.36,          3.29,       6.24,      62.42,    205.53,         21.20
         42,          3,    7,         13.54,          3.29,       6.40,      64.01,    210.78,         21.02
         42,          4,    1,         12.87,          3.29,       5.74,      57.35,    188.90,         30.92
         42,          4,    2,         13.97,          3.29,       6.57,      65.73,    216.41,         27.69
         42,          4,    3,         14.57,          3.29,       7.11,      71.11,    234.12,         26.59
         42,          4,    4,         14.92,          3.29,       7.47,      74.68,    245.84,         25.96
         42,          4,    5,         15.19,          3.29,       7.78,      77.82,    256.17,         25.42
         42,          4,    6,         15.37,          3.29,       8.01,      80.09,    263.63,         25.06
         42,          4,    7,         15.53,          3.29,       8.22,      82.20,    270.57,         24.76
         42,          5,    1,         14.70,          3.29,       7.15,      71.50,    235.39,         34.96
         42,          5,    2,         15.94,          3.29,       8.31,      83.09,    273.50,         32.03
         42,          5,    3,         16.61,          3.29,       9.10,      90.96,    299.28,         30.87
         42,          5,    4,         17.02,          3.29,       9.65,      96.52,    317.44,         30.26
         42,          5,    5,         17.34,          3.29,      10.11,     101.04,    332.26,         29.87
         42,          5,    6,         17.55,          3.29,      10.45,     104.52,    343.68,         29.54
         42,          5,    7,         17.74,          3.29,      10.78,     107.81,    354.49,         29.21
         42,          6,    1,         16.18,          3.29,       8.62,      86.18,    283.66,         36.62
         42,          6,    2,         17.51,          3.29,      10.12,     101.15,    332.59,         34.74
         42,          6,    3,         18.18,          3.29,      11.09,     110.89,    364.60,         33.84
         42,          6,    4,         18.58,          3.29,      11.71,     117.10,    384.99,         33.59
         42,          6,    5,         18.85,          3.29,      12.21,     122.10,    401.39,         33.26
         42,          6,    6,         19.05,          3.29,      12.62,     126.13,    414.60,         32.94
         42,          6,    7,         19.21,          3.29,      12.94,     129.36,    425.08,         32.77
         42,          7,    1,         17.18,          3.29,       9.70,      96.99,    319.01,         39.08
         42,          7,    2,         18.69,          3.29,      11.68,     116.79,    384.00,         37.25
         42,          7,    3,         19.46,          3.29,      13.05,     130.47,    428.70,         36.33
         42,          7,    4,         19.88,          3.28,      13.79,     137.82,    452.67,         36.36
         42,          7,    5,         20.20,          3.28,      14.50,     144.94,    475.96,         36.03
         42,          7,    6,         20.40,          3.28,      14.95,     149.46,    490.82,         35.88
         42,          7,    7,         20.59,          3.28,      15.42,     154.11,    506.05,         35.69
         43,          1,    1,          6.36,          3.30,       2.80,      27.99,     92.29,         39.65
         43,          1,    2,          7.20,          3.30,       3.04,      30.40,    100.22,         27.82
         43,          1,    3,          7.81,          3.30,       3.24,      32.41,    106.85,         23.68
         43,          1,    4,          8.13,          3.30,       3.36,      33.56,    110.63,         22.23
         43,          1,    5,          8.41,          3.30,       3.48,      34.75,    114.54,         20.89
         43,          1,    6,          8.58,          3.30,       3.54,      35.40,    116.69,         20.39
         43,          1,    7,          8.72,          3.30,       3.61,      36.05,    118.84,         19.88
         43,          2,    1,          8.53,          3.30,       3.51,      35.12,    115.77,         27.15
         43,          2,    2,          9.38,          3.30,       3.86,      38.62,    127.30,         22.92
         43,          2,    3,          9.87,          3.30,       4.09,      40.91,    134.85,         21.40
         43,          2,    4,         10.16,          3.30,       4.23,      42.30,    139.42,         20.79
         43,          2,    5,         10.40,          3.30,       4.38,      43.78,    144.28,         20.00
         43,          2,    6,         10.57,          3.30,       4.47,      44.68,    147.25,         19.73
         43,          2,    7,         10.75,          3.30,       4.59,      45.92,    151.34,         19.21
         43,          3,    1,         11.05,          3.30,       4.68,      46.85,    154.41,         25.75
         43,          3,    2,         12.12,          3.29,       5.33,      53.27,    175.53,         23.06
         43,          3,    3,         12.85,          3.29,       5.85,      58.57,    192.88,         21.93
         43,          3,    4,         13.24,          3.29,       6.17,      61.69,    203.15,         21.45
         43,          3,    5,         13.57,          3.29,       6.48,      64.78,    213.30,         20.99
         43,          3,    6,         13.77,          3.29,       6.66,      66.60,    219.27,         20.83
         43,          3,    7,         13.95,          3.29,       6.87,      68.67,    226.08,         20.51
         43,          4,    1,         13.16,          3.29,       5.95,      59.45,    195.80,         31.56
         43,          4,    2,         14.30,          3.29,       6.83,      68.29,    224.81,         28.45
         43,          4,    3,         14.91,          3.29,       7.40,      73.98,    243.54,         27.35
         43,          4,    4,         15.29,          3.29,       7.80,      78.02,    256.82,         26.68
         43,          4,    5,         15.56,          3.29,       8.14,      81.37,    267.84,         26.15
         43,          4,    6,         15.77,          3.29,       8.41,      84.08,    276.73,         25.77
         43,          4,    7,         15.94,          3.29,       8.66,      86.58,    284.95,         25.38
         43,          5,    1,         15.03,          3.29,       7.41,      74.04,    243.74,         36.54
         43,          5,    2,         16.30,          3.29,       8.66,      86.55,    284.84,         33.20
         43,          5,    3,         16.98,          3.29,       9.50,      94.98,    312.44,         31.99
         43,          5,    4,         17.40,          3.29,      10.09,     100.90,    331.82,         31.36
         43,          5,    5,         17.72,          3.29,      10.58,     105.81,    347.91,         30.93
         43,          5,    6,         17.95,          3.29,      10.96,     109.54,    360.18,         30.63
         43,          5,    7,         18.14,          3.29,      11.30,     113.02,    371.60,         30.31
         43,          6,    1,         16.54,          3.29,       8.97,      89.66,    295.03,         37.58
         43,          6,    2,         17.90,          3.29,      10.58,     105.84,    348.03,         35.68
         43,          6,    3,         18.58,          3.29,      11.59,     115.91,    381.09,         34.99
         43,          6,    4,         18.98,          3.29,      12.28,     122.82,    403.79,         34.61
         43,          6,    5,         19.27,          3.29,      12.82,     128.15,    421.15,         34.36
         43,          6,    6,         19.48,          3.29,      13.24,     132.37,    434.92,         34.14
         43,          6,    7,         19.64,          3.28,      13.60,     135.99,    446.71,         33.91
         43,          7,    1,         17.62,          3.29,      10.28,     102.77,    337.94,         38.54
         43,          7,    2,         19.12,          3.29,      12.34,     123.39,    405.61,         37.49
         43,          7,    3,         19.89,          3.28,      13.70,     136.95,    449.88,         37.18
         43,          7,    4,         20.32,          3.28,      14.55,     145.51,    477.84,         37.08
         43,          7,    5,         20.63,          3.28,      15.24,     152.35,    500.30,         36.98
         43,          7,    6,         20.84,          3.28,      15.77,     157.65,    517.65,         36.77
         43,          7,    7,         21.02,          3.28,      16.24,     162.40,    533.18,         36.62
         44,          1,    1,          6.40,          3.30,       2.84,      28.37,     93.52,         37.66
         44,          1,    2,          7.25,          3.30,       3.09,      30.90,    101.88,         26.57
         44,          1,    3,          7.87,          3.30,       3.32,      33.14,    109.25,         22.43
         44,          1,    4,          8.20,          3.30,       3.44,      34.37,    113.27,         21.09
         44,          1,    5,          8.48,          3.30,       3.54,      35.43,    116.78,         20.19
         44,          1,    6,          8.65,          3.30,       3.62,      36.22,    119.39,         19.58
         44,          1,    7,          8.80,          3.30,       3.70,      37.04,    122.08,         18.91
         44,          2,    1,          8.74,          3.30,       3.64,      36.40,    119.98,         25.35
         44,          2,    2,          9.62,          3.30,       4.02,      40.18,    132.43,         21.84
         44,          2,    3,         10.11,          3.30,       4.29,      42.93,    141.48,         20.12
         44,          2,    4,         10.41,          3.30,       4.45,      44.53,    146.77,         19.54
         44,          2,    5,         10.66,          3.30,       4.61,      46.13,    152.04,         18.93
         44,          2,    6,         10.83,          3.30,       4.71,      47.13,    155.34,         18.67
         44,          2,    7,         11.01,          3.30,       4.84,      48.42,    159.58,         18.28
         44,          3,    1,         11.34,          3.30,       4.84,      48.43,    159.60,         26.42
         44,          3,    2,         12.46,          3.29,       5.56,      55.63,    183.26,         23.43
         44,          3,    3,         13.19,          3.29,       6.10,      61.03,    200.99,         22.46
         44,          3,    4,         13.61,          3.29,       6.47,      64.72,    213.10,         21.87
         44,          3,    5,         13.97,          3.29,       6.80,      68.00,    223.88,         21.53
         44,          3,    6,         14.20,          3.29,       7.06,      70.54,    232.23,         21.17
         44,          3,    7,         14.40,          3.29,       7.28,      72.75,    239.51,         20.95
         44,          4,    1,         13.48,          3.29,       6.15,      61.49,    202.49,         33.48
         44,          4,    2,         14.64,          3.29,       7.11,      71.04,    233.88,         29.71
         44,          4,    3,         15.27,          3.29,       7.73,      77.31,    254.48,         28.40
         44,          4,    4,         15.66,          3.29,       8.17,      81.64,    268.76,         27.73
         44,          4,    5,         15.94,          3.29,       8.53,      85.30,    280.77,         27.16
         44,          4,    6,         16.17,          3.29,       8.83,      88.29,    290.57,         26.76
         44,          4,    7,         16.34,          3.29,       9.09,      90.86,    298.96,         26.42
         44,          5,    1,         15.39,          3.29,       7.71,      77.06,    253.68,         39.06
         44,          5,    2,         16.68,          3.29,       9.06,      90.63,    298.22,         35.00
         44,          5,    3,         17.38,          3.29,       9.96,      99.62,    327.63,         33.67
         44,          5,    4,         17.82,          3.29,      10.60,     106.02,    348.62,         32.95
         44,          5,    5,         18.15,          3.29,      11.13,     111.25,    365.80,         32.52
         44,          5,    6,         18.38,          3.29,      11.53,     115.28,    379.04,         32.21
         44,          5,    7,         18.57,          3.29,      11.92,     119.13,    391.66,         31.76
         44,          6,    1,         16.93,          3.29,       9.34,      93.43,    307.39,         39.22
         44,          6,    2,         18.32,          3.29,      11.12,     111.13,    365.39,         36.99
         44,          6,    3,         19.01,          3.29,      12.20,     121.93,    400.86,         36.34
         44,          6,    4,         19.43,          3.29,      12.93,     129.32,    425.01,         36.02
         44,          6,    5,         19.72,          3.28,      13.51,     135.09,    443.73,         35.75
         44,          6,    6,         19.93,          3.28,      13.97,     139.72,    458.88,         35.48
         44,          6,    7,         20.09,          3.28,      14.37,     143.67,    471.83,         35.24
         44,          7,    1,         18.04,          3.29,      10.78,     107.84,    354.59,         38.99
         44,          7,    2,         19.58,          3.29,      13.02,     130.21,    427.91,         38.34
         44,          7,    3,         20.33,          3.28,      14.40,     144.01,    472.94,         38.33
         44,          7,    4,         20.77,          3.28,      15.34,     153.37,    503.66,         38.23
         44,          7,    5,         21.09,          3.28,      16.09,     160.87,    528.13,         38.12
         44,          7,    6,         21.00,          3.28,      16.07,     160.71,    527.64,         37.39
         44,          7,    7,         20.86,          3.28,      15.94,     159.38,    523.35,         36.71

